-- phpMyAdmin SQL Dump
-- version 4.6.5.2
-- https://www.phpmyadmin.net/
--
-- Host: 127.0.0.1
-- Generation Time: May 02, 2018 at 09:02 PM
-- Server version: 10.1.21-MariaDB
-- PHP Version: 5.6.30

SET SQL_MODE = "NO_AUTO_VALUE_ON_ZERO";
SET time_zone = "+00:00";


/*!40101 SET @OLD_CHARACTER_SET_CLIENT=@@CHARACTER_SET_CLIENT */;
/*!40101 SET @OLD_CHARACTER_SET_RESULTS=@@CHARACTER_SET_RESULTS */;
/*!40101 SET @OLD_COLLATION_CONNECTION=@@COLLATION_CONNECTION */;
/*!40101 SET NAMES utf8mb4 */;

--
-- Database: `schoolapp`
--

-- --------------------------------------------------------

--
-- Table structure for table `accounts`
--

CREATE TABLE `accounts` (
  `accounts_id` int(10) NOT NULL,
  `numeric_code` int(10) NOT NULL,
  `name` varchar(20) NOT NULL,
  `opening_balance` decimal(10,2) NOT NULL,
  `opening_date` date DEFAULT NULL
) ENGINE=InnoDB DEFAULT CHARSET=latin1;

--
-- Dumping data for table `accounts`
--

INSERT INTO `accounts` (`accounts_id`, `numeric_code`, `name`, `opening_balance`, `opening_date`) VALUES
(1, 1, 'cash', '65000.00', '2017-03-01'),
(2, 2, 'bank', '342870.23', '2017-03-01');

-- --------------------------------------------------------

--
-- Table structure for table `activity`
--

CREATE TABLE `activity` (
  `activity_id` int(100) NOT NULL,
  `name` varchar(20) NOT NULL,
  `description` varchar(100) NOT NULL,
  `start_date` date NOT NULL,
  `end_date` date NOT NULL,
  `stmp` timestamp NOT NULL DEFAULT CURRENT_TIMESTAMP ON UPDATE CURRENT_TIMESTAMP
) ENGINE=InnoDB DEFAULT CHARSET=latin1;

--
-- Dumping data for table `activity`
--

INSERT INTO `activity` (`activity_id`, `name`, `description`, `start_date`, `end_date`, `stmp`) VALUES
(5, 'Parents Meeting', 'For all parents and classes', '2017-11-12', '2017-11-12', '2017-11-12 12:33:04'),
(6, 'Prize Giving Day', 'Academic Day', '2018-04-30', '2018-04-30', '2018-04-04 13:43:07');

-- --------------------------------------------------------

--
-- Table structure for table `activity_attendance`
--

CREATE TABLE `activity_attendance` (
  `activity_attendance_id` int(100) NOT NULL,
  `activity_id` int(100) NOT NULL,
  `parent_id` int(100) NOT NULL,
  `attendance` int(5) NOT NULL COMMENT '0=Absent,1=Not Attending, 2=Attended'
) ENGINE=InnoDB DEFAULT CHARSET=latin1;

--
-- Dumping data for table `activity_attendance`
--

INSERT INTO `activity_attendance` (`activity_attendance_id`, `activity_id`, `parent_id`, `attendance`) VALUES
(1, 5, 1, 0),
(2, 5, 2, 0),
(3, 5, 3, 2),
(4, 6, 1, 1),
(5, 6, 2, 2),
(6, 6, 3, 0);

-- --------------------------------------------------------

--
-- Table structure for table `admin`
--

CREATE TABLE `admin` (
  `admin_id` int(11) NOT NULL,
  `name` longtext COLLATE utf8_unicode_ci NOT NULL,
  `email` longtext COLLATE utf8_unicode_ci NOT NULL,
  `password` longtext COLLATE utf8_unicode_ci NOT NULL,
  `level` longtext COLLATE utf8_unicode_ci NOT NULL,
  `authentication_key` longtext COLLATE utf8_unicode_ci NOT NULL
) ENGINE=InnoDB DEFAULT CHARSET=utf8 COLLATE=utf8_unicode_ci;

--
-- Dumping data for table `admin`
--

INSERT INTO `admin` (`admin_id`, `name`, `email`, `password`, `level`, `authentication_key`) VALUES
(1, 'Nicodemus Karisa', 'mwambirekarisa2017@gmail.com', '@Compassion12', '1', '');

-- --------------------------------------------------------

--
-- Table structure for table `attendance`
--

CREATE TABLE `attendance` (
  `attendance_id` int(11) NOT NULL,
  `status` int(11) NOT NULL COMMENT '0 undefined , 1 present , 2  absent',
  `student_id` int(11) NOT NULL,
  `date` date NOT NULL
) ENGINE=InnoDB DEFAULT CHARSET=latin1;

--
-- Dumping data for table `attendance`
--

INSERT INTO `attendance` (`attendance_id`, `status`, `student_id`, `date`) VALUES
(1, 1, 4, '2018-04-04'),
(2, 0, 4, '2018-04-05'),
(3, 1, 1, '2018-04-20'),
(4, 1, 2, '2018-04-20'),
(5, 2, 3, '2018-04-20');

-- --------------------------------------------------------

--
-- Table structure for table `book`
--

CREATE TABLE `book` (
  `book_id` int(11) NOT NULL,
  `name` longtext COLLATE utf8_unicode_ci NOT NULL,
  `description` longtext COLLATE utf8_unicode_ci NOT NULL,
  `author` longtext COLLATE utf8_unicode_ci NOT NULL,
  `class_id` longtext COLLATE utf8_unicode_ci NOT NULL,
  `status` longtext COLLATE utf8_unicode_ci NOT NULL,
  `price` longtext COLLATE utf8_unicode_ci NOT NULL
) ENGINE=InnoDB DEFAULT CHARSET=utf8 COLLATE=utf8_unicode_ci;

-- --------------------------------------------------------

--
-- Table structure for table `budget`
--

CREATE TABLE `budget` (
  `budget_id` int(100) NOT NULL,
  `expense_category_id` int(100) NOT NULL,
  `description` varchar(200) NOT NULL,
  `fy` int(5) NOT NULL,
  `qty` decimal(10,2) NOT NULL,
  `unitcost` decimal(10,2) NOT NULL,
  `often` int(10) NOT NULL,
  `total` decimal(10,2) NOT NULL,
  `smtp` timestamp NOT NULL DEFAULT CURRENT_TIMESTAMP ON UPDATE CURRENT_TIMESTAMP
) ENGINE=InnoDB DEFAULT CHARSET=latin1;

--
-- Dumping data for table `budget`
--

INSERT INTO `budget` (`budget_id`, `expense_category_id`, `description`, `fy`, `qty`, `unitcost`, `often`, `total`, `smtp`) VALUES
(3, 1, 'Kinder', 2017, '3.00', '7500.00', 12, '270000.00', '2017-02-26 05:42:58'),
(4, 1, 'Primary School Teachers', 2017, '7.00', '9400.00', 12, '789600.00', '2017-02-26 05:46:29'),
(5, 2, 'Electricity', 2017, '1.00', '4800.00', 12, '57600.00', '2017-02-26 06:03:43'),
(6, 2, 'Fuel', 2017, '2.00', '8000.00', 12, '192000.00', '2017-02-26 06:04:44'),
(7, 3, 'Lower Primary Examination', 2017, '89.00', '120.00', 3, '32040.00', '2017-03-12 22:55:16'),
(8, 3, 'Term 1 Exams', 2018, '1.00', '5600.00', 3, '16800.00', '2018-04-04 14:24:26');

-- --------------------------------------------------------

--
-- Table structure for table `budget_schedule`
--

CREATE TABLE `budget_schedule` (
  `budget_schedule_id` int(100) NOT NULL,
  `budget_id` int(100) NOT NULL,
  `month` int(10) NOT NULL,
  `amount` decimal(10,2) NOT NULL,
  `stmp` timestamp NOT NULL DEFAULT CURRENT_TIMESTAMP ON UPDATE CURRENT_TIMESTAMP
) ENGINE=InnoDB DEFAULT CHARSET=latin1;

--
-- Dumping data for table `budget_schedule`
--

INSERT INTO `budget_schedule` (`budget_schedule_id`, `budget_id`, `month`, `amount`, `stmp`) VALUES
(25, 3, 1, '22500.00', '2017-02-26 05:42:58'),
(26, 3, 2, '22500.00', '2017-02-26 05:42:58'),
(27, 3, 3, '22500.00', '2017-02-26 05:42:58'),
(28, 3, 4, '22500.00', '2017-02-26 05:42:58'),
(29, 3, 5, '22500.00', '2017-02-26 05:42:58'),
(30, 3, 6, '22500.00', '2017-02-26 05:42:58'),
(31, 3, 7, '22500.00', '2017-02-26 05:42:58'),
(32, 3, 8, '22500.00', '2017-02-26 05:42:58'),
(33, 3, 9, '22500.00', '2017-02-26 05:42:58'),
(34, 3, 10, '22500.00', '2017-02-26 05:42:58'),
(35, 3, 11, '22500.00', '2017-02-26 05:42:58'),
(36, 3, 12, '22500.00', '2017-02-26 05:42:58'),
(37, 4, 1, '65800.00', '2017-02-26 05:46:29'),
(38, 4, 2, '65800.00', '2017-02-26 05:46:29'),
(39, 4, 3, '65800.00', '2017-02-26 05:46:29'),
(40, 4, 4, '65800.00', '2017-02-26 05:46:29'),
(41, 4, 5, '65800.00', '2017-02-26 05:46:29'),
(42, 4, 6, '65800.00', '2017-02-26 05:46:29'),
(43, 4, 7, '65800.00', '2017-02-26 05:46:29'),
(44, 4, 8, '65800.00', '2017-02-26 05:46:29'),
(45, 4, 9, '65800.00', '2017-02-26 05:46:29'),
(46, 4, 10, '65800.00', '2017-02-26 05:46:29'),
(47, 4, 11, '65800.00', '2017-02-26 05:46:29'),
(48, 4, 12, '65800.00', '2017-02-26 05:46:29'),
(49, 5, 1, '4800.00', '2017-02-26 06:03:43'),
(50, 5, 2, '4800.00', '2017-02-26 06:03:43'),
(51, 5, 3, '4800.00', '2017-02-26 06:03:43'),
(52, 5, 4, '4800.00', '2017-02-26 06:03:43'),
(53, 5, 5, '4800.00', '2017-02-26 06:03:43'),
(54, 5, 6, '4800.00', '2017-02-26 06:03:43'),
(55, 5, 7, '4800.00', '2017-02-26 06:03:43'),
(56, 5, 8, '4800.00', '2017-02-26 06:03:43'),
(57, 5, 9, '4800.00', '2017-02-26 06:03:43'),
(58, 5, 10, '4800.00', '2017-02-26 06:03:43'),
(59, 5, 11, '4800.00', '2017-02-26 06:03:43'),
(60, 5, 12, '4800.00', '2017-02-26 06:03:43'),
(61, 6, 1, '16000.00', '2017-02-26 06:04:44'),
(62, 6, 2, '16000.00', '2017-02-26 06:04:44'),
(63, 6, 3, '16000.00', '2017-02-26 06:04:44'),
(64, 6, 4, '16000.00', '2017-02-26 06:04:44'),
(65, 6, 5, '16000.00', '2017-02-26 06:04:44'),
(66, 6, 6, '16000.00', '2017-02-26 06:04:44'),
(67, 6, 7, '16000.00', '2017-02-26 06:04:44'),
(68, 6, 8, '16000.00', '2017-02-26 06:04:44'),
(69, 6, 9, '16000.00', '2017-02-26 06:04:44'),
(70, 6, 10, '16000.00', '2017-02-26 06:04:44'),
(71, 6, 11, '16000.00', '2017-02-26 06:04:44'),
(72, 6, 12, '16000.00', '2017-02-26 06:04:44'),
(73, 7, 1, '0.00', '2017-03-12 22:55:16'),
(74, 7, 2, '0.00', '2017-03-12 22:55:16'),
(75, 7, 3, '10680.00', '2017-03-12 22:55:16'),
(76, 7, 4, '0.00', '2017-03-12 22:55:16'),
(77, 7, 5, '0.00', '2017-03-12 22:55:16'),
(78, 7, 6, '0.00', '2017-03-12 22:55:16'),
(79, 7, 7, '10680.00', '2017-03-12 22:55:16'),
(80, 7, 8, '0.00', '2017-03-12 22:55:16'),
(81, 7, 9, '0.00', '2017-03-12 22:55:16'),
(82, 7, 10, '0.00', '2017-03-12 22:55:16'),
(83, 7, 11, '10680.00', '2017-03-12 22:55:16'),
(84, 7, 12, '0.00', '2017-03-12 22:55:16'),
(85, 8, 1, '1400.00', '2018-04-04 14:24:26'),
(86, 8, 2, '1400.00', '2018-04-04 14:24:26'),
(87, 8, 3, '1400.00', '2018-04-04 14:24:26'),
(88, 8, 4, '1400.00', '2018-04-04 14:24:26'),
(89, 8, 5, '1400.00', '2018-04-04 14:24:26'),
(90, 8, 6, '1400.00', '2018-04-04 14:24:26'),
(91, 8, 7, '1400.00', '2018-04-04 14:24:26'),
(92, 8, 8, '1400.00', '2018-04-04 14:24:26'),
(93, 8, 9, '1400.00', '2018-04-04 14:24:26'),
(94, 8, 10, '1400.00', '2018-04-04 14:24:26'),
(95, 8, 11, '1400.00', '2018-04-04 14:24:27'),
(96, 8, 12, '1400.00', '2018-04-04 14:24:27');

-- --------------------------------------------------------

--
-- Table structure for table `cashbook`
--

CREATE TABLE `cashbook` (
  `cashbook_id` int(200) NOT NULL,
  `batch_number` int(200) NOT NULL,
  `t_date` date NOT NULL,
  `description` varchar(100) NOT NULL,
  `transaction_type` int(10) NOT NULL COMMENT '1=income,2=expense,3=to_bank,4=to_cash',
  `account` int(10) NOT NULL COMMENT '1=cash,2=bank',
  `amount` decimal(10,2) NOT NULL,
  `timestamp` timestamp NOT NULL DEFAULT CURRENT_TIMESTAMP ON UPDATE CURRENT_TIMESTAMP
) ENGINE=InnoDB DEFAULT CHARSET=latin1;

--
-- Dumping data for table `cashbook`
--

INSERT INTO `cashbook` (`cashbook_id`, `batch_number`, `t_date`, `description`, `transaction_type`, `account`, `amount`, `timestamp`) VALUES
(17, 170301, '2017-03-06', 'Student Payment - James Mulandi', 1, 1, '1500.00', '2017-03-06 20:07:55'),
(18, 170302, '2017-03-06', 'School Bus Fuel', 2, 2, '1710.00', '2017-03-06 20:13:11'),
(19, 170303, '2017-03-06', 'February Salaries', 2, 1, '25500.00', '2017-03-06 20:23:28'),
(20, 170304, '2017-03-06', 'February Salary for Primary School', 2, 2, '68000.00', '2017-03-06 20:27:39'),
(21, 170305, '2017-03-06', 'Student Payment - James Mulandi', 1, 2, '2600.00', '2017-03-06 20:30:45'),
(22, 170306, '2017-03-06', 'Deposit cash to bank', 3, 0, '35000.00', '2017-03-06 20:33:11'),
(23, 170307, '2017-03-06', 'Reversal: Batch - 170303', 2, 1, '-25500.00', '2017-03-06 20:39:46'),
(24, 170308, '2017-03-06', 'Reversal: Batch - 170302', 2, 2, '-1710.00', '2017-03-06 20:50:53'),
(25, 171009, '2017-10-06', 'Testing', 2, 1, '1200.00', '2017-10-06 19:26:26'),
(26, 171110, '2017-11-09', 'Testing', 2, 2, '12000.00', '2017-11-09 21:42:30'),
(27, 171111, '2017-11-09', 'Test 3', 2, 2, '2500.00', '2017-11-09 22:00:30'),
(28, 180412, '2018-04-04', 'Student Payment - Beatrice Maina', 1, 1, '7500.00', '2018-04-04 14:14:21'),
(29, 180413, '2018-04-04', 'Salary', 2, 1, '25000.00', '2018-04-04 14:19:33'),
(30, 180414, '2018-04-04', 'Reversal: Batch - 180413', 2, 1, '-25000.00', '2018-04-04 14:19:44'),
(31, 180415, '2018-04-04', 'Banking', 3, 0, '7500.00', '2018-04-04 14:21:37'),
(32, 180416, '2018-04-04', 'Bankin', 3, 0, '30300.00', '2018-04-04 14:22:46'),
(33, 180417, '2018-04-04', 'To Petty Cash', 4, 0, '8000.00', '2018-04-04 14:23:17');

-- --------------------------------------------------------

--
-- Table structure for table `ci_sessions`
--

CREATE TABLE `ci_sessions` (
  `id` varchar(40) COLLATE utf8_unicode_ci NOT NULL,
  `ip_address` varchar(45) COLLATE utf8_unicode_ci NOT NULL,
  `timestamp` int(10) UNSIGNED NOT NULL DEFAULT '0',
  `data` blob NOT NULL
) ENGINE=InnoDB DEFAULT CHARSET=utf8 COLLATE=utf8_unicode_ci;

--
-- Dumping data for table `ci_sessions`
--

INSERT INTO `ci_sessions` (`id`, `ip_address`, `timestamp`, `data`) VALUES
('0058f5daa86a8bc2deeb7faf6617038f55883ec6', '::1', 1507318028, 0x5f5f63695f6c6173745f726567656e65726174657c693a313530373331373835343b61646d696e5f6c6f67696e7c733a313a2231223b61646d696e5f69647c733a313a2231223b6c6f67696e5f757365725f69647c733a313a2231223b6e616d657c733a31363a224e69636f64656d7573204b6172697361223b6c6f67696e5f747970657c733a353a2261646d696e223b),
('012f742359af1dfa26b72bb3f96bbe59b13731ab', '::1', 1489091790, 0x5f5f63695f6c6173745f726567656e65726174657c693a313438393039313538323b61646d696e5f6c6f67696e7c733a313a2231223b61646d696e5f69647c733a313a2231223b6c6f67696e5f757365725f69647c733a313a2231223b6e616d657c733a31363a224e69636f64656d7573204b6172697361223b6c6f67696e5f747970657c733a353a2261646d696e223b),
('0166156c0875f8a29df0e7b4061fb29126b56f9a', '::1', 1489078289, 0x5f5f63695f6c6173745f726567656e65726174657c693a313438393037383236393b61646d696e5f6c6f67696e7c733a313a2231223b61646d696e5f69647c733a313a2231223b6c6f67696e5f757365725f69647c733a313a2231223b6e616d657c733a31363a224e69636f64656d7573204b6172697361223b6c6f67696e5f747970657c733a353a2261646d696e223b),
('02262449ec7d087e00afdd25bf7470f7cd0bb915', '::1', 1524821179, 0x5f5f63695f6c6173745f726567656e65726174657c693a313532343832303930343b61646d696e5f6c6f67696e7c733a313a2231223b61646d696e5f69647c733a313a2231223b6c6f67696e5f757365725f69647c733a313a2231223b6e616d657c733a31363a224e69636f64656d7573204b6172697361223b6c6f67696e5f747970657c733a353a2261646d696e223b),
('02434c421f9dcb4220eeb5cde523acd6feef5564', '::1', 1525067223, 0x5f5f63695f6c6173745f726567656e65726174657c693a313532353036373139353b61646d696e5f6c6f67696e7c733a313a2231223b61646d696e5f69647c733a313a2231223b6c6f67696e5f757365725f69647c733a313a2231223b6e616d657c733a31363a224e69636f64656d7573204b6172697361223b6c6f67696e5f747970657c733a353a2261646d696e223b),
('03159e89a18d1e097c06e0e1329c19d4d85811e5', '::1', 1510492763, 0x5f5f63695f6c6173745f726567656e65726174657c693a313531303439323530313b61646d696e5f6c6f67696e7c733a313a2231223b61646d696e5f69647c733a313a2231223b6c6f67696e5f757365725f69647c733a313a2231223b6e616d657c733a31363a224e69636f64656d7573204b6172697361223b6c6f67696e5f747970657c733a353a2261646d696e223b),
('06bbaa57d00d1e4da1daea8c1d512fc390103a8a', '::1', 1524835353, 0x5f5f63695f6c6173745f726567656e65726174657c693a313532343833343938353b61646d696e5f6c6f67696e7c733a313a2231223b61646d696e5f69647c733a313a2231223b6c6f67696e5f757365725f69647c733a313a2231223b6e616d657c733a31363a224e69636f64656d7573204b6172697361223b6c6f67696e5f747970657c733a353a2261646d696e223b),
('06bcd4137eb99ca3f896d3fe03687d0e174e1599', '::1', 1524825476, 0x5f5f63695f6c6173745f726567656e65726174657c693a313532343832353231373b61646d696e5f6c6f67696e7c733a313a2231223b61646d696e5f69647c733a313a2231223b6c6f67696e5f757365725f69647c733a313a2231223b6e616d657c733a31363a224e69636f64656d7573204b6172697361223b6c6f67696e5f747970657c733a353a2261646d696e223b),
('07e16206ea5848c71ed991accf2b33c4075fa883', '::1', 1510254793, 0x5f5f63695f6c6173745f726567656e65726174657c693a313531303235343638353b61646d696e5f6c6f67696e7c733a313a2231223b61646d696e5f69647c733a313a2231223b6c6f67696e5f757365725f69647c733a313a2231223b6e616d657c733a31363a224e69636f64656d7573204b6172697361223b6c6f67696e5f747970657c733a353a2261646d696e223b),
('099c8bcd8994806604ac23fa2d703c6c10cd9b96', '::1', 1489075279, 0x5f5f63695f6c6173745f726567656e65726174657c693a313438393037343938393b61646d696e5f6c6f67696e7c733a313a2231223b61646d696e5f69647c733a313a2231223b6c6f67696e5f757365725f69647c733a313a2231223b6e616d657c733a31363a224e69636f64656d7573204b6172697361223b6c6f67696e5f747970657c733a353a2261646d696e223b),
('09ef40e7f205d06425adecf26497e2d884e3da72', '::1', 1510494699, 0x5f5f63695f6c6173745f726567656e65726174657c693a313531303439343431303b61646d696e5f6c6f67696e7c733a313a2231223b61646d696e5f69647c733a313a2231223b6c6f67696e5f757365725f69647c733a313a2231223b6e616d657c733a31363a224e69636f64656d7573204b6172697361223b6c6f67696e5f747970657c733a353a2261646d696e223b),
('0aa59d87b58266f16af29cb2ccc6b69280c59bc0', '::1', 1489350773, 0x5f5f63695f6c6173745f726567656e65726174657c693a313438393335303438333b61646d696e5f6c6f67696e7c733a313a2231223b61646d696e5f69647c733a313a2231223b6c6f67696e5f757365725f69647c733a313a2231223b6e616d657c733a31363a224e69636f64656d7573204b6172697361223b6c6f67696e5f747970657c733a353a2261646d696e223b),
('0b413036cff4251be772af8c8b73307957286a5b', '::1', 1524224007, 0x5f5f63695f6c6173745f726567656e65726174657c693a313532343232333733393b61646d696e5f6c6f67696e7c733a313a2231223b61646d696e5f69647c733a313a2231223b6c6f67696e5f757365725f69647c733a313a2231223b6e616d657c733a31363a224e69636f64656d7573204b6172697361223b6c6f67696e5f747970657c733a353a2261646d696e223b),
('0bc5574422352ca0c4383526209c76f1655e694b', '::1', 1524829717, 0x5f5f63695f6c6173745f726567656e65726174657c693a313532343832393436343b61646d696e5f6c6f67696e7c733a313a2231223b61646d696e5f69647c733a313a2231223b6c6f67696e5f757365725f69647c733a313a2231223b6e616d657c733a31363a224e69636f64656d7573204b6172697361223b6c6f67696e5f747970657c733a353a2261646d696e223b),
('0bfaa91e928aefdf4a65ecfb093c3a1a3f03a159', '::1', 1524836406, 0x5f5f63695f6c6173745f726567656e65726174657c693a313532343833363232353b61646d696e5f6c6f67696e7c733a313a2231223b61646d696e5f69647c733a313a2231223b6c6f67696e5f757365725f69647c733a313a2231223b6e616d657c733a31363a224e69636f64656d7573204b6172697361223b6c6f67696e5f747970657c733a353a2261646d696e223b),
('0cc04da8217c7486ffabab67a95afc37cb952d2e', '::1', 1510485523, 0x5f5f63695f6c6173745f726567656e65726174657c693a313531303438353234393b61646d696e5f6c6f67696e7c733a313a2231223b61646d696e5f69647c733a313a2231223b6c6f67696e5f757365725f69647c733a313a2231223b6e616d657c733a31363a224e69636f64656d7573204b6172697361223b6c6f67696e5f747970657c733a353a2261646d696e223b),
('0d77f204cc1e7ec6ec6c74fab78d5b9e7c309901', '::1', 1489071355, 0x5f5f63695f6c6173745f726567656e65726174657c693a313438393037313130373b61646d696e5f6c6f67696e7c733a313a2231223b61646d696e5f69647c733a313a2231223b6c6f67696e5f757365725f69647c733a313a2231223b6e616d657c733a31363a224e69636f64656d7573204b6172697361223b6c6f67696e5f747970657c733a353a2261646d696e223b),
('0e7c639e4f122d702bc10616cd9ca4ae59d46172', '::1', 1525008984, 0x5f5f63695f6c6173745f726567656e65726174657c693a313532353030383733363b61646d696e5f6c6f67696e7c733a313a2231223b61646d696e5f69647c733a313a2231223b6c6f67696e5f757365725f69647c733a313a2231223b6e616d657c733a31363a224e69636f64656d7573204b6172697361223b6c6f67696e5f747970657c733a353a2261646d696e223b),
('0ef6008dd1ddc6b30071212225e3f0035c5f77f9', '::1', 1489349296, 0x5f5f63695f6c6173745f726567656e65726174657c693a313438393334393039383b61646d696e5f6c6f67696e7c733a313a2231223b61646d696e5f69647c733a313a2231223b6c6f67696e5f757365725f69647c733a313a2231223b6e616d657c733a31363a224e69636f64656d7573204b6172697361223b6c6f67696e5f747970657c733a353a2261646d696e223b),
('0f1c019f9f7a0591c25dccf6fd38186156bb2d24', '::1', 1489083842, 0x5f5f63695f6c6173745f726567656e65726174657c693a313438393038333734323b61646d696e5f6c6f67696e7c733a313a2231223b61646d696e5f69647c733a313a2231223b6c6f67696e5f757365725f69647c733a313a2231223b6e616d657c733a31363a224e69636f64656d7573204b6172697361223b6c6f67696e5f747970657c733a353a2261646d696e223b),
('10ac1ed100fffceaf6e5d19b9914f534ded74add', '::1', 1525037069, 0x5f5f63695f6c6173745f726567656e65726174657c693a313532353033363737313b61646d696e5f6c6f67696e7c733a313a2231223b61646d696e5f69647c733a313a2231223b6c6f67696e5f757365725f69647c733a313a2231223b6e616d657c733a31363a224e69636f64656d7573204b6172697361223b6c6f67696e5f747970657c733a353a2261646d696e223b),
('116f63f47c996d7fb793d786d11a2f230877d0f9', '::1', 1524823060, 0x5f5f63695f6c6173745f726567656e65726174657c693a313532343832323738303b61646d696e5f6c6f67696e7c733a313a2231223b61646d696e5f69647c733a313a2231223b6c6f67696e5f757365725f69647c733a313a2231223b6e616d657c733a31363a224e69636f64656d7573204b6172697361223b6c6f67696e5f747970657c733a353a2261646d696e223b666c6173685f6d6573736167657c733a31383a22417474656e64616e63652043726561746564223b5f5f63695f766172737c613a313a7b733a31333a22666c6173685f6d657373616765223b733a333a226f6c64223b7d),
('14424b842bb80c3e7ece8ed2f8926020faf2b54a', '::1', 1525004574, 0x5f5f63695f6c6173745f726567656e65726174657c693a313532353030343439343b61646d696e5f6c6f67696e7c733a313a2231223b61646d696e5f69647c733a313a2231223b6c6f67696e5f757365725f69647c733a313a2231223b6e616d657c733a31363a224e69636f64656d7573204b6172697361223b6c6f67696e5f747970657c733a353a2261646d696e223b),
('14e055cbf855f9bca3f7ce3bfeb2bf67f1f13e6f', '::1', 1522850858, 0x5f5f63695f6c6173745f726567656e65726174657c693a313532323835303537303b61646d696e5f6c6f67696e7c733a313a2231223b61646d696e5f69647c733a313a2231223b6c6f67696e5f757365725f69647c733a313a2231223b6e616d657c733a31363a224e69636f64656d7573204b6172697361223b6c6f67696e5f747970657c733a353a2261646d696e223b),
('1797fabf1a2985bbe691ad468c2560f24fd2c119', '::1', 1525031988, 0x5f5f63695f6c6173745f726567656e65726174657c693a313532353033313938383b61646d696e5f6c6f67696e7c733a313a2231223b61646d696e5f69647c733a313a2231223b6c6f67696e5f757365725f69647c733a313a2231223b6e616d657c733a31363a224e69636f64656d7573204b6172697361223b6c6f67696e5f747970657c733a353a2261646d696e223b),
('17b8780aed45b2e6c361690a11d1c3d81a7a9680', '::1', 1524836222, 0x5f5f63695f6c6173745f726567656e65726174657c693a313532343833353838323b61646d696e5f6c6f67696e7c733a313a2231223b61646d696e5f69647c733a313a2231223b6c6f67696e5f757365725f69647c733a313a2231223b6e616d657c733a31363a224e69636f64656d7573204b6172697361223b6c6f67696e5f747970657c733a353a2261646d696e223b),
('18a0ccb828e3b525653f2a9f465532c9ff6922ec', '::1', 1524833773, 0x5f5f63695f6c6173745f726567656e65726174657c693a313532343833333336393b61646d696e5f6c6f67696e7c733a313a2231223b61646d696e5f69647c733a313a2231223b6c6f67696e5f757365725f69647c733a313a2231223b6e616d657c733a31363a224e69636f64656d7573204b6172697361223b6c6f67696e5f747970657c733a353a2261646d696e223b),
('1963fe980ca2c2c451a20de8eb6a93aaabd95a56', '::1', 1489083609, 0x5f5f63695f6c6173745f726567656e65726174657c693a313438393038333332323b61646d696e5f6c6f67696e7c733a313a2231223b61646d696e5f69647c733a313a2231223b6c6f67696e5f757365725f69647c733a313a2231223b6e616d657c733a31363a224e69636f64656d7573204b6172697361223b6c6f67696e5f747970657c733a353a2261646d696e223b),
('1a9075f10d7c71b2954ee7a03162f65e71f5c0af', '::1', 1524237380, 0x5f5f63695f6c6173745f726567656e65726174657c693a313532343233373333323b706172656e745f6c6f67696e7c733a313a2231223b706172656e745f69647c733a313a2231223b6c6f67696e5f757365725f69647c733a313a2231223b6e616d657c733a31333a224d756c616e6469204b79616c6f223b6c6f67696e5f747970657c733a363a22706172656e74223b),
('1b9ce080117cfcf7903dcf84e7e8f9a067799395', '::1', 1525033958, 0x5f5f63695f6c6173745f726567656e65726174657c693a313532353033333836393b61646d696e5f6c6f67696e7c733a313a2231223b61646d696e5f69647c733a313a2231223b6c6f67696e5f757365725f69647c733a313a2231223b6e616d657c733a31363a224e69636f64656d7573204b6172697361223b6c6f67696e5f747970657c733a353a2261646d696e223b),
('1dfba9473ce00393e0133f0b892a036d1bd8e91f', '::1', 1489351602, 0x5f5f63695f6c6173745f726567656e65726174657c693a313438393335313334383b61646d696e5f6c6f67696e7c733a313a2231223b61646d696e5f69647c733a313a2231223b6c6f67696e5f757365725f69647c733a313a2231223b6e616d657c733a31363a224e69636f64656d7573204b6172697361223b6c6f67696e5f747970657c733a353a2261646d696e223b),
('1dfc12334ec972adefc16b2b051ae86ad652d4d0', '::1', 1510255666, 0x5f5f63695f6c6173745f726567656e65726174657c693a313531303235353435333b61646d696e5f6c6f67696e7c733a313a2231223b61646d696e5f69647c733a313a2231223b6c6f67696e5f757365725f69647c733a313a2231223b6e616d657c733a31363a224e69636f64656d7573204b6172697361223b6c6f67696e5f747970657c733a353a2261646d696e223b),
('1e7c79de425855461fe32a4afd74a2cafef1534b', '::1', 1510485777, 0x5f5f63695f6c6173745f726567656e65726174657c693a313531303438353539383b61646d696e5f6c6f67696e7c733a313a2231223b61646d696e5f69647c733a313a2231223b6c6f67696e5f757365725f69647c733a313a2231223b6e616d657c733a31363a224e69636f64656d7573204b6172697361223b6c6f67696e5f747970657c733a353a2261646d696e223b),
('1f78515bfef299e9194fd11732038d2a0045663e', '::1', 1524829139, 0x5f5f63695f6c6173745f726567656e65726174657c693a313532343832393130323b61646d696e5f6c6f67696e7c733a313a2231223b61646d696e5f69647c733a313a2231223b6c6f67696e5f757365725f69647c733a313a2231223b6e616d657c733a31363a224e69636f64656d7573204b6172697361223b6c6f67696e5f747970657c733a353a2261646d696e223b),
('203aa87e25bb293d2b7cd309f5d852ff30605f2f', '::1', 1524834606, 0x5f5f63695f6c6173745f726567656e65726174657c693a313532343833343538333b61646d696e5f6c6f67696e7c733a313a2231223b61646d696e5f69647c733a313a2231223b6c6f67696e5f757365725f69647c733a313a2231223b6e616d657c733a31363a224e69636f64656d7573204b6172697361223b6c6f67696e5f747970657c733a353a2261646d696e223b),
('20a7e31a77ffd7f305767ca2751d0741d67608f1', '::1', 1525037326, 0x5f5f63695f6c6173745f726567656e65726174657c693a313532353033373037323b61646d696e5f6c6f67696e7c733a313a2231223b61646d696e5f69647c733a313a2231223b6c6f67696e5f757365725f69647c733a313a2231223b6e616d657c733a31363a224e69636f64656d7573204b6172697361223b6c6f67696e5f747970657c733a353a2261646d696e223b),
('21c33a7f6713b5d6f9786a3ea18e901173d4a3a9', '::1', 1524821795, 0x5f5f63695f6c6173745f726567656e65726174657c693a313532343832313538353b61646d696e5f6c6f67696e7c733a313a2231223b61646d696e5f69647c733a313a2231223b6c6f67696e5f757365725f69647c733a313a2231223b6e616d657c733a31363a224e69636f64656d7573204b6172697361223b6c6f67696e5f747970657c733a353a2261646d696e223b),
('2283594fefc19104e826a99efe25fe6d1d399de3', '::1', 1524230425, 0x5f5f63695f6c6173745f726567656e65726174657c693a313532343233303136303b61646d696e5f6c6f67696e7c733a313a2231223b61646d696e5f69647c733a313a2231223b6c6f67696e5f757365725f69647c733a313a2231223b6e616d657c733a31363a224e69636f64656d7573204b6172697361223b6c6f67696e5f747970657c733a353a2261646d696e223b),
('22ca4e6231c4614e57fd95650af6d1d92ab30027', '::1', 1489089772, 0x5f5f63695f6c6173745f726567656e65726174657c693a313438393038393437373b61646d696e5f6c6f67696e7c733a313a2231223b61646d696e5f69647c733a313a2231223b6c6f67696e5f757365725f69647c733a313a2231223b6e616d657c733a31363a224e69636f64656d7573204b6172697361223b6c6f67696e5f747970657c733a353a2261646d696e223b),
('23274f9d3894d249c399290ffc680e36c87a0d82', '::1', 1524826219, 0x5f5f63695f6c6173745f726567656e65726174657c693a313532343832363039373b61646d696e5f6c6f67696e7c733a313a2231223b61646d696e5f69647c733a313a2231223b6c6f67696e5f757365725f69647c733a313a2231223b6e616d657c733a31363a224e69636f64656d7573204b6172697361223b6c6f67696e5f747970657c733a353a2261646d696e223b),
('243e481e22b2f977cb5604be1560aa7786c26d53', '::1', 1510259869, 0x5f5f63695f6c6173745f726567656e65726174657c693a313531303235393539383b61646d696e5f6c6f67696e7c733a313a2231223b61646d696e5f69647c733a313a2231223b6c6f67696e5f757365725f69647c733a313a2231223b6e616d657c733a31363a224e69636f64656d7573204b6172697361223b6c6f67696e5f747970657c733a353a2261646d696e223b),
('2514163e61a24f964b4d9734d37ff80b23ef47aa', '::1', 1489069944, 0x5f5f63695f6c6173745f726567656e65726174657c693a313438393036393932373b61646d696e5f6c6f67696e7c733a313a2231223b61646d696e5f69647c733a313a2231223b6c6f67696e5f757365725f69647c733a313a2231223b6e616d657c733a31363a224e69636f64656d7573204b6172697361223b6c6f67696e5f747970657c733a353a2261646d696e223b),
('25ad0d5375a990ae3608edebe6b740c129d1d9e9', '::1', 1510335620, 0x5f5f63695f6c6173745f726567656e65726174657c693a313531303333353538393b61646d696e5f6c6f67696e7c733a313a2231223b61646d696e5f69647c733a313a2231223b6c6f67696e5f757365725f69647c733a313a2231223b6e616d657c733a31363a224e69636f64656d7573204b6172697361223b6c6f67696e5f747970657c733a353a2261646d696e223b),
('26e83034687d4f0e8a15aa3ab7ef40ac9df5738b', '::1', 1510257301, 0x5f5f63695f6c6173745f726567656e65726174657c693a313531303235373033323b61646d696e5f6c6f67696e7c733a313a2231223b61646d696e5f69647c733a313a2231223b6c6f67696e5f757365725f69647c733a313a2231223b6e616d657c733a31363a224e69636f64656d7573204b6172697361223b6c6f67696e5f747970657c733a353a2261646d696e223b),
('26f64f9cbf03714f7722107c37a1c494f43faf20', '::1', 1525033863, 0x5f5f63695f6c6173745f726567656e65726174657c693a313532353033333532303b61646d696e5f6c6f67696e7c733a313a2231223b61646d696e5f69647c733a313a2231223b6c6f67696e5f757365725f69647c733a313a2231223b6e616d657c733a31363a224e69636f64656d7573204b6172697361223b6c6f67696e5f747970657c733a353a2261646d696e223b),
('27f3f6b2b53bba67d8c7baa76e6f49acc966407b', '::1', 1489076264, 0x5f5f63695f6c6173745f726567656e65726174657c693a313438393037353833353b61646d696e5f6c6f67696e7c733a313a2231223b61646d696e5f69647c733a313a2231223b6c6f67696e5f757365725f69647c733a313a2231223b6e616d657c733a31363a224e69636f64656d7573204b6172697361223b6c6f67696e5f747970657c733a353a2261646d696e223b),
('2889afd75ddc8bf96179514ff75f37e5ae76f94b', '::1', 1525031095, 0x5f5f63695f6c6173745f726567656e65726174657c693a313532353033313038383b61646d696e5f6c6f67696e7c733a313a2231223b61646d696e5f69647c733a313a2231223b6c6f67696e5f757365725f69647c733a313a2231223b6e616d657c733a31363a224e69636f64656d7573204b6172697361223b6c6f67696e5f747970657c733a353a2261646d696e223b),
('28ac08ff8ed5c1637dd26e56b7dabb6f2b5b9189', '::1', 1522851867, 0x5f5f63695f6c6173745f726567656e65726174657c693a313532323835313537323b61646d696e5f6c6f67696e7c733a313a2231223b61646d696e5f69647c733a313a2231223b6c6f67696e5f757365725f69647c733a313a2231223b6e616d657c733a31363a224e69636f64656d7573204b6172697361223b6c6f67696e5f747970657c733a353a2261646d696e223b666c6173685f6d6573736167657c733a31343a225265636f72642043726561746564223b5f5f63695f766172737c613a313a7b733a31333a22666c6173685f6d657373616765223b733a333a226f6c64223b7d),
('28cefc6d9d85b38c67c97da59bcd8bf2756b50a7', '::1', 1489093344, 0x5f5f63695f6c6173745f726567656e65726174657c693a313438393039333036313b61646d696e5f6c6f67696e7c733a313a2231223b61646d696e5f69647c733a313a2231223b6c6f67696e5f757365725f69647c733a313a2231223b6e616d657c733a31363a224e69636f64656d7573204b6172697361223b6c6f67696e5f747970657c733a353a2261646d696e223b),
('290b6962eaee870df06cdd1d671f7a4bfa46102c', '::1', 1525035239, 0x5f5f63695f6c6173745f726567656e65726174657c693a313532353033343934393b61646d696e5f6c6f67696e7c733a313a2231223b61646d696e5f69647c733a313a2231223b6c6f67696e5f757365725f69647c733a313a2231223b6e616d657c733a31363a224e69636f64656d7573204b6172697361223b6c6f67696e5f747970657c733a353a2261646d696e223b),
('296530c1c2c8a306712d8ea34115e73421612587', '::1', 1524228029, 0x5f5f63695f6c6173745f726567656e65726174657c693a313532343232373137303b61646d696e5f6c6f67696e7c733a313a2231223b61646d696e5f69647c733a313a2231223b6c6f67696e5f757365725f69647c733a313a2231223b6e616d657c733a31363a224e69636f64656d7573204b6172697361223b6c6f67696e5f747970657c733a353a2261646d696e223b),
('2b77d9968fbfeaf48263aa69ca7f8d268292987f', '::1', 1524225994, 0x5f5f63695f6c6173745f726567656e65726174657c693a313532343232353938343b61646d696e5f6c6f67696e7c733a313a2231223b61646d696e5f69647c733a313a2231223b6c6f67696e5f757365725f69647c733a313a2231223b6e616d657c733a31363a224e69636f64656d7573204b6172697361223b6c6f67696e5f747970657c733a353a2261646d696e223b),
('2b943954f85a5d77bbb97b2dd54c23d16f1f4dfd', '::1', 1489084564, 0x5f5f63695f6c6173745f726567656e65726174657c693a313438393038343335373b61646d696e5f6c6f67696e7c733a313a2231223b61646d696e5f69647c733a313a2231223b6c6f67696e5f757365725f69647c733a313a2231223b6e616d657c733a31363a224e69636f64656d7573204b6172697361223b6c6f67696e5f747970657c733a353a2261646d696e223b),
('2cef9628121ec21879f89a0f7af5ededf22bc020', '::1', 1489069078, 0x5f5f63695f6c6173745f726567656e65726174657c693a313438393036383931393b61646d696e5f6c6f67696e7c733a313a2231223b61646d696e5f69647c733a313a2231223b6c6f67696e5f757365725f69647c733a313a2231223b6e616d657c733a31363a224e69636f64656d7573204b6172697361223b6c6f67696e5f747970657c733a353a2261646d696e223b),
('2efed9626195ba1d6f01b707fa22edfeb7069c0e', '::1', 1489087013, 0x5f5f63695f6c6173745f726567656e65726174657c693a313438393038363930393b61646d696e5f6c6f67696e7c733a313a2231223b61646d696e5f69647c733a313a2231223b6c6f67696e5f757365725f69647c733a313a2231223b6e616d657c733a31363a224e69636f64656d7573204b6172697361223b6c6f67696e5f747970657c733a353a2261646d696e223b),
('30c1a34c2bbc6b7609991d498e55793a9afbe5ad', '::1', 1510249532, 0x5f5f63695f6c6173745f726567656e65726174657c693a313531303234393331323b61646d696e5f6c6f67696e7c733a313a2231223b61646d696e5f69647c733a313a2231223b6c6f67696e5f757365725f69647c733a313a2231223b6e616d657c733a31363a224e69636f64656d7573204b6172697361223b6c6f67696e5f747970657c733a353a2261646d696e223b),
('31579ccfe32ff0eabdec1196b65903fdb8bac0ac', '::1', 1524234998, 0x5f5f63695f6c6173745f726567656e65726174657c693a313532343233343837383b746561636865725f6c6f67696e7c733a313a2231223b746561636865725f69647c733a313a2231223b6c6f67696e5f757365725f69647c733a313a2231223b6e616d657c733a31313a225061747479204b616d6175223b6c6f67696e5f747970657c733a373a2274656163686572223b),
('315d9ba74720a34b1765bc1206fd04e6807263d3', '::1', 1510260631, 0x5f5f63695f6c6173745f726567656e65726174657c693a313531303236303431393b61646d696e5f6c6f67696e7c733a313a2231223b61646d696e5f69647c733a313a2231223b6c6f67696e5f757365725f69647c733a313a2231223b6e616d657c733a31363a224e69636f64656d7573204b6172697361223b6c6f67696e5f747970657c733a353a2261646d696e223b),
('31dd62e741db6fa6eb713d07014552d3412da408', '::1', 1489077630, 0x5f5f63695f6c6173745f726567656e65726174657c693a313438393037373537373b61646d696e5f6c6f67696e7c733a313a2231223b61646d696e5f69647c733a313a2231223b6c6f67696e5f757365725f69647c733a313a2231223b6e616d657c733a31363a224e69636f64656d7573204b6172697361223b6c6f67696e5f747970657c733a353a2261646d696e223b),
('31fc47acdb1980975f04285da09ec71d34e24181', '::1', 1489076301, 0x5f5f63695f6c6173745f726567656e65726174657c693a313438393037363239363b61646d696e5f6c6f67696e7c733a313a2231223b61646d696e5f69647c733a313a2231223b6c6f67696e5f757365725f69647c733a313a2231223b6e616d657c733a31363a224e69636f64656d7573204b6172697361223b6c6f67696e5f747970657c733a353a2261646d696e223b),
('3240471db963f75ee31a137848b478af1843e355', '::1', 1510264907, 0x5f5f63695f6c6173745f726567656e65726174657c693a313531303236343739313b61646d696e5f6c6f67696e7c733a313a2231223b61646d696e5f69647c733a313a2231223b6c6f67696e5f757365725f69647c733a313a2231223b6e616d657c733a31363a224e69636f64656d7573204b6172697361223b6c6f67696e5f747970657c733a353a2261646d696e223b),
('328d3ff95f6e878759f6d5f131cdc9a5af904d20', '::1', 1525034894, 0x5f5f63695f6c6173745f726567656e65726174657c693a313532353033343336303b61646d696e5f6c6f67696e7c733a313a2231223b61646d696e5f69647c733a313a2231223b6c6f67696e5f757365725f69647c733a313a2231223b6e616d657c733a31363a224e69636f64656d7573204b6172697361223b6c6f67696e5f747970657c733a353a2261646d696e223b),
('333fc781474e3e02e95ae973b9cc815fdc66cde3', '::1', 1524221221, 0x5f5f63695f6c6173745f726567656e65726174657c693a313532343232313137353b61646d696e5f6c6f67696e7c733a313a2231223b61646d696e5f69647c733a313a2231223b6c6f67696e5f757365725f69647c733a313a2231223b6e616d657c733a31363a224e69636f64656d7573204b6172697361223b6c6f67696e5f747970657c733a353a2261646d696e223b),
('33893097af06b905f8fe42e6474632bd9f36b429', '::1', 1524236279, 0x5f5f63695f6c6173745f726567656e65726174657c693a313532343233363237303b746561636865725f6c6f67696e7c733a313a2231223b746561636865725f69647c733a313a2231223b6c6f67696e5f757365725f69647c733a313a2231223b6e616d657c733a31313a225061747479204b616d6175223b6c6f67696e5f747970657c733a373a2274656163686572223b),
('33a6d698ab6dc6b7c69146f4f5b217c85c690831', '::1', 1489344879, 0x5f5f63695f6c6173745f726567656e65726174657c693a313438393334343830313b61646d696e5f6c6f67696e7c733a313a2231223b61646d696e5f69647c733a313a2231223b6c6f67696e5f757365725f69647c733a313a2231223b6e616d657c733a31363a224e69636f64656d7573204b6172697361223b6c6f67696e5f747970657c733a353a2261646d696e223b),
('3416286de0114ad7965a581cc338a689ded63b55', '::1', 1489075562, 0x5f5f63695f6c6173745f726567656e65726174657c693a313438393037353433363b61646d696e5f6c6f67696e7c733a313a2231223b61646d696e5f69647c733a313a2231223b6c6f67696e5f757365725f69647c733a313a2231223b6e616d657c733a31363a224e69636f64656d7573204b6172697361223b6c6f67696e5f747970657c733a353a2261646d696e223b),
('34c1de22e5d087fc60bcd97d67a878e16fa5ef69', '::1', 1489353405, 0x5f5f63695f6c6173745f726567656e65726174657c693a313438393335333339303b61646d696e5f6c6f67696e7c733a313a2231223b61646d696e5f69647c733a313a2231223b6c6f67696e5f757365725f69647c733a313a2231223b6e616d657c733a31363a224e69636f64656d7573204b6172697361223b6c6f67696e5f747970657c733a353a2261646d696e223b),
('354813d22498e31e1229e09b3d554c331498015e', '::1', 1524235507, 0x5f5f63695f6c6173745f726567656e65726174657c693a313532343233353233353b746561636865725f6c6f67696e7c733a313a2231223b746561636865725f69647c733a313a2231223b6c6f67696e5f757365725f69647c733a313a2231223b6e616d657c733a31313a225061747479204b616d6175223b6c6f67696e5f747970657c733a373a2274656163686572223b),
('35f4993b70e071a4057983fae636046a72475dc9', '::1', 1489343956, 0x5f5f63695f6c6173745f726567656e65726174657c693a313438393334333731343b61646d696e5f6c6f67696e7c733a313a2231223b61646d696e5f69647c733a313a2231223b6c6f67696e5f757365725f69647c733a313a2231223b6e616d657c733a31363a224e69636f64656d7573204b6172697361223b6c6f67696e5f747970657c733a353a2261646d696e223b),
('36ebf415f8eb17060fd0c18a6183a34f345021a9', '::1', 1510487295, 0x5f5f63695f6c6173745f726567656e65726174657c693a313531303438373033363b61646d696e5f6c6f67696e7c733a313a2231223b61646d696e5f69647c733a313a2231223b6c6f67696e5f757365725f69647c733a313a2231223b6e616d657c733a31363a224e69636f64656d7573204b6172697361223b6c6f67696e5f747970657c733a353a2261646d696e223b),
('36f462b53419970b06133c4d69eebd751cf03daa', '::1', 1507317732, 0x5f5f63695f6c6173745f726567656e65726174657c693a313530373331373438323b61646d696e5f6c6f67696e7c733a313a2231223b61646d696e5f69647c733a313a2231223b6c6f67696e5f757365725f69647c733a313a2231223b6e616d657c733a31363a224e69636f64656d7573204b6172697361223b6c6f67696e5f747970657c733a353a2261646d696e223b),
('398e702f9c1eafc5a8c1d82381897f3c6a1b3fb0', '::1', 1525036729, 0x5f5f63695f6c6173745f726567656e65726174657c693a313532353033363433363b61646d696e5f6c6f67696e7c733a313a2231223b61646d696e5f69647c733a313a2231223b6c6f67696e5f757365725f69647c733a313a2231223b6e616d657c733a31363a224e69636f64656d7573204b6172697361223b6c6f67696e5f747970657c733a353a2261646d696e223b),
('3be36af6ae855ce6607a6af96d2c91126934e512', '::1', 1489359317, 0x5f5f63695f6c6173745f726567656e65726174657c693a313438393335393138383b61646d696e5f6c6f67696e7c733a313a2231223b61646d696e5f69647c733a313a2231223b6c6f67696e5f757365725f69647c733a313a2231223b6e616d657c733a31363a224e69636f64656d7573204b6172697361223b6c6f67696e5f747970657c733a353a2261646d696e223b666c6173685f6d6573736167657c733a31343a225265636f72642043726561746564223b5f5f63695f766172737c613a313a7b733a31333a22666c6173685f6d657373616765223b733a333a226f6c64223b7d),
('3cdeff3971fb488afb18d537ad0be78283239725', '::1', 1489094538, 0x5f5f63695f6c6173745f726567656e65726174657c693a313438393039343533383b),
('3db27a99aa2fe61fd476b86d0ffaf6371f088f99', '::1', 1524834489, 0x5f5f63695f6c6173745f726567656e65726174657c693a313532343833343232313b61646d696e5f6c6f67696e7c733a313a2231223b61646d696e5f69647c733a313a2231223b6c6f67696e5f757365725f69647c733a313a2231223b6e616d657c733a31363a224e69636f64656d7573204b6172697361223b6c6f67696e5f747970657c733a353a2261646d696e223b),
('3e24760807f8bc4b2c161a99ec7914bbcbf20297', '::1', 1489357773, 0x5f5f63695f6c6173745f726567656e65726174657c693a313438393335373534393b61646d696e5f6c6f67696e7c733a313a2231223b61646d696e5f69647c733a313a2231223b6c6f67696e5f757365725f69647c733a313a2231223b6e616d657c733a31363a224e69636f64656d7573204b6172697361223b6c6f67696e5f747970657c733a353a2261646d696e223b),
('3e69394655a36f7d3ede68e95d4c637a452e49f3', '::1', 1525031087, 0x5f5f63695f6c6173745f726567656e65726174657c693a313532353033303735363b61646d696e5f6c6f67696e7c733a313a2231223b61646d696e5f69647c733a313a2231223b6c6f67696e5f757365725f69647c733a313a2231223b6e616d657c733a31363a224e69636f64656d7573204b6172697361223b6c6f67696e5f747970657c733a353a2261646d696e223b),
('404aa2a1c0e96b876a39b6228b52ffff775d835c', '::1', 1510254646, 0x5f5f63695f6c6173745f726567656e65726174657c693a313531303235343336373b61646d696e5f6c6f67696e7c733a313a2231223b61646d696e5f69647c733a313a2231223b6c6f67696e5f757365725f69647c733a313a2231223b6e616d657c733a31363a224e69636f64656d7573204b6172697361223b6c6f67696e5f747970657c733a353a2261646d696e223b),
('41dd4802e4bb5571c6bdba5cbedd94760be026f5', '::1', 1499969643, 0x5f5f63695f6c6173745f726567656e65726174657c693a313439393936393634333b),
('42562d9ad6b2ae8952b4cd24db3b12f9fee9d52f', '::1', 1525009919, 0x5f5f63695f6c6173745f726567656e65726174657c693a313532353030393337393b61646d696e5f6c6f67696e7c733a313a2231223b61646d696e5f69647c733a313a2231223b6c6f67696e5f757365725f69647c733a313a2231223b6e616d657c733a31363a224e69636f64656d7573204b6172697361223b6c6f67696e5f747970657c733a353a2261646d696e223b),
('432a6f84be66fd1d7dd6edbf7a1c5cf8b419386f', '::1', 1489354151, 0x5f5f63695f6c6173745f726567656e65726174657c693a313438393335333835353b61646d696e5f6c6f67696e7c733a313a2231223b61646d696e5f69647c733a313a2231223b6c6f67696e5f757365725f69647c733a313a2231223b6e616d657c733a31363a224e69636f64656d7573204b6172697361223b6c6f67696e5f747970657c733a353a2261646d696e223b),
('43bd1d70cf161d43f2b66842ac165f350f839132', '::1', 1524236925, 0x5f5f63695f6c6173745f726567656e65726174657c693a313532343233363635383b746561636865725f6c6f67696e7c733a313a2231223b746561636865725f69647c733a313a2231223b6c6f67696e5f757365725f69647c733a313a2231223b6e616d657c733a31313a225061747479204b616d6175223b6c6f67696e5f747970657c733a373a2274656163686572223b),
('43d3dfeb97f0d2dbc0c2bbe2050f97e075d04bbe', '::1', 1524818562, 0x5f5f63695f6c6173745f726567656e65726174657c693a313532343831383337323b61646d696e5f6c6f67696e7c733a313a2231223b61646d696e5f69647c733a313a2231223b6c6f67696e5f757365725f69647c733a313a2231223b6e616d657c733a31363a224e69636f64656d7573204b6172697361223b6c6f67696e5f747970657c733a353a2261646d696e223b),
('46160b8b2ee8a7a5f4bfc96b3d3a8b40a422240f', '::1', 1525031925, 0x5f5f63695f6c6173745f726567656e65726174657c693a313532353033313633353b61646d696e5f6c6f67696e7c733a313a2231223b61646d696e5f69647c733a313a2231223b6c6f67696e5f757365725f69647c733a313a2231223b6e616d657c733a31363a224e69636f64656d7573204b6172697361223b6c6f67696e5f747970657c733a353a2261646d696e223b),
('477bcf973402030254400cbae8427025f08fcebd', '::1', 1524827926, 0x5f5f63695f6c6173745f726567656e65726174657c693a313532343832363836313b61646d696e5f6c6f67696e7c733a313a2231223b61646d696e5f69647c733a313a2231223b6c6f67696e5f757365725f69647c733a313a2231223b6e616d657c733a31363a224e69636f64656d7573204b6172697361223b6c6f67696e5f747970657c733a353a2261646d696e223b),
('480b9cc1d51734195a87ff109791b8dc47ed791d', '::1', 1510248786, 0x5f5f63695f6c6173745f726567656e65726174657c693a313531303234383631373b61646d696e5f6c6f67696e7c733a313a2231223b61646d696e5f69647c733a313a2231223b6c6f67696e5f757365725f69647c733a313a2231223b6e616d657c733a31363a224e69636f64656d7573204b6172697361223b6c6f67696e5f747970657c733a353a2261646d696e223b),
('4843255b226b27e88f2d522ceb572c8f9e91fb83', '::1', 1489090603, 0x5f5f63695f6c6173745f726567656e65726174657c693a313438393039303630303b61646d696e5f6c6f67696e7c733a313a2231223b61646d696e5f69647c733a313a2231223b6c6f67696e5f757365725f69647c733a313a2231223b6e616d657c733a31363a224e69636f64656d7573204b6172697361223b6c6f67696e5f747970657c733a353a2261646d696e223b),
('493b879fbb51e6d4f163e5edfc08f69838aeb596', '::1', 1489345761, 0x5f5f63695f6c6173745f726567656e65726174657c693a313438393334353533373b61646d696e5f6c6f67696e7c733a313a2231223b61646d696e5f69647c733a313a2231223b6c6f67696e5f757365725f69647c733a313a2231223b6e616d657c733a31363a224e69636f64656d7573204b6172697361223b6c6f67696e5f747970657c733a353a2261646d696e223b),
('495a143526ca2fd7aba56f27844352a1095d7bac', '::1', 1510251578, 0x5f5f63695f6c6173745f726567656e65726174657c693a313531303235313238303b61646d696e5f6c6f67696e7c733a313a2231223b61646d696e5f69647c733a313a2231223b6c6f67696e5f757365725f69647c733a313a2231223b6e616d657c733a31363a224e69636f64656d7573204b6172697361223b6c6f67696e5f747970657c733a353a2261646d696e223b),
('4bf09459a834e18ec4fc9ba5f518f2e2c62a0cb3', '::1', 1510252029, 0x5f5f63695f6c6173745f726567656e65726174657c693a313531303235313735303b61646d696e5f6c6f67696e7c733a313a2231223b61646d696e5f69647c733a313a2231223b6c6f67696e5f757365725f69647c733a313a2231223b6e616d657c733a31363a224e69636f64656d7573204b6172697361223b6c6f67696e5f747970657c733a353a2261646d696e223b),
('4bf190ff765700ef324486b00f9ad66d791ce856', '::1', 1524233212, 0x5f5f63695f6c6173745f726567656e65726174657c693a313532343233333032343b61646d696e5f6c6f67696e7c733a313a2231223b61646d696e5f69647c733a313a2231223b6c6f67696e5f757365725f69647c733a313a2231223b6e616d657c733a31363a224e69636f64656d7573204b6172697361223b6c6f67696e5f747970657c733a353a2261646d696e223b),
('4f014291f4e358668b330416395a8c20ada1a46f', '::1', 1510237521, 0x5f5f63695f6c6173745f726567656e65726174657c693a313531303233373531343b746561636865725f6c6f67696e7c733a313a2231223b746561636865725f69647c733a313a2231223b6c6f67696e5f757365725f69647c733a313a2231223b6e616d657c733a31313a225061747479204b616d6175223b6c6f67696e5f747970657c733a373a2274656163686572223b),
('5143af8c58c856575d429b290fb23cf3198a42d9', '::1', 1510264239, 0x5f5f63695f6c6173745f726567656e65726174657c693a313531303236343231393b61646d696e5f6c6f67696e7c733a313a2231223b61646d696e5f69647c733a313a2231223b6c6f67696e5f757365725f69647c733a313a2231223b6e616d657c733a31363a224e69636f64656d7573204b6172697361223b6c6f67696e5f747970657c733a353a2261646d696e223b),
('59619a0ec310d04d14a5003abb7ffce705288f39', '::1', 1489354453, 0x5f5f63695f6c6173745f726567656e65726174657c693a313438393335343138393b61646d696e5f6c6f67696e7c733a313a2231223b61646d696e5f69647c733a313a2231223b6c6f67696e5f757365725f69647c733a313a2231223b6e616d657c733a31363a224e69636f64656d7573204b6172697361223b6c6f67696e5f747970657c733a353a2261646d696e223b),
('59d51547c44b43cc82b6309b7655aa1d767ec66f', '::1', 1522849866, 0x5f5f63695f6c6173745f726567656e65726174657c693a313532323834393633383b61646d696e5f6c6f67696e7c733a313a2231223b61646d696e5f69647c733a313a2231223b6c6f67696e5f757365725f69647c733a313a2231223b6e616d657c733a31363a224e69636f64656d7573204b6172697361223b6c6f67696e5f747970657c733a353a2261646d696e223b666c6173685f6d6573736167657c733a31323a22446174612055706461746564223b5f5f63695f766172737c613a313a7b733a31333a22666c6173685f6d657373616765223b733a333a226f6c64223b7d),
('5bd96040547132b00d672e6e7ef1b7731bb68afe', '::1', 1510253684, 0x5f5f63695f6c6173745f726567656e65726174657c693a313531303235333636303b61646d696e5f6c6f67696e7c733a313a2231223b61646d696e5f69647c733a313a2231223b6c6f67696e5f757365725f69647c733a313a2231223b6e616d657c733a31363a224e69636f64656d7573204b6172697361223b6c6f67696e5f747970657c733a353a2261646d696e223b),
('5dad08e0c3d959ba39f3052a9ff7bffcbd037c25', '::1', 1524232512, 0x5f5f63695f6c6173745f726567656e65726174657c693a313532343233323236393b61646d696e5f6c6f67696e7c733a313a2231223b61646d696e5f69647c733a313a2231223b6c6f67696e5f757365725f69647c733a313a2231223b6e616d657c733a31363a224e69636f64656d7573204b6172697361223b6c6f67696e5f747970657c733a353a2261646d696e223b),
('5f077fc358181488b002f411f8b9b2a8959d5cc9', '::1', 1489072491, 0x5f5f63695f6c6173745f726567656e65726174657c693a313438393037313435393b61646d696e5f6c6f67696e7c733a313a2231223b61646d696e5f69647c733a313a2231223b6c6f67696e5f757365725f69647c733a313a2231223b6e616d657c733a31363a224e69636f64656d7573204b6172697361223b6c6f67696e5f747970657c733a353a2261646d696e223b),
('5fa2c02f8518891c3e24983a4c576c0b56dc87c0', '::1', 1522851014, 0x5f5f63695f6c6173745f726567656e65726174657c693a313532323835303839353b61646d696e5f6c6f67696e7c733a313a2231223b61646d696e5f69647c733a313a2231223b6c6f67696e5f757365725f69647c733a313a2231223b6e616d657c733a31363a224e69636f64656d7573204b6172697361223b6c6f67696e5f747970657c733a353a2261646d696e223b),
('60955ee44b3a31109ea67cb1f6a2416ef771abb5', '::1', 1525033053, 0x5f5f63695f6c6173745f726567656e65726174657c693a313532353033323830323b61646d696e5f6c6f67696e7c733a313a2231223b61646d696e5f69647c733a313a2231223b6c6f67696e5f757365725f69647c733a313a2231223b6e616d657c733a31363a224e69636f64656d7573204b6172697361223b6c6f67696e5f747970657c733a353a2261646d696e223b),
('61cf231e421fbe21fd5e7cc7beac0a8f7f02a941', '::1', 1489073143, 0x5f5f63695f6c6173745f726567656e65726174657c693a313438393037323936313b61646d696e5f6c6f67696e7c733a313a2231223b61646d696e5f69647c733a313a2231223b6c6f67696e5f757365725f69647c733a313a2231223b6e616d657c733a31363a224e69636f64656d7573204b6172697361223b6c6f67696e5f747970657c733a353a2261646d696e223b),
('6244546a897e2e03e425b8514a27cc4d2f64c61f', '::1', 1489092922, 0x5f5f63695f6c6173745f726567656e65726174657c693a313438393039323635363b61646d696e5f6c6f67696e7c733a313a2231223b61646d696e5f69647c733a313a2231223b6c6f67696e5f757365725f69647c733a313a2231223b6e616d657c733a31363a224e69636f64656d7573204b6172697361223b6c6f67696e5f747970657c733a353a2261646d696e223b),
('636b5752af9789965f2b52868a1d9c8056262c9c', '::1', 1524235963, 0x5f5f63695f6c6173745f726567656e65726174657c693a313532343233353636333b746561636865725f6c6f67696e7c733a313a2231223b746561636865725f69647c733a313a2231223b6c6f67696e5f757365725f69647c733a313a2231223b6e616d657c733a31313a225061747479204b616d6175223b6c6f67696e5f747970657c733a373a2274656163686572223b),
('64be2cbde31096ff01bc75d1d8396d260019dbe1', '::1', 1489351237, 0x5f5f63695f6c6173745f726567656e65726174657c693a313438393335303937343b61646d696e5f6c6f67696e7c733a313a2231223b61646d696e5f69647c733a313a2231223b6c6f67696e5f757365725f69647c733a313a2231223b6e616d657c733a31363a224e69636f64656d7573204b6172697361223b6c6f67696e5f747970657c733a353a2261646d696e223b),
('65169f32f81245706d0a1b0d52770823e29b355d', '::1', 1489347750, 0x5f5f63695f6c6173745f726567656e65726174657c693a313438393334373530363b61646d696e5f6c6f67696e7c733a313a2231223b61646d696e5f69647c733a313a2231223b6c6f67696e5f757365725f69647c733a313a2231223b6e616d657c733a31363a224e69636f64656d7573204b6172697361223b6c6f67696e5f747970657c733a353a2261646d696e223b),
('65ac3179cf791905a85cdde34dd693db93c0731b', '::1', 1524238323, 0x5f5f63695f6c6173745f726567656e65726174657c693a313532343233383132343b706172656e745f6c6f67696e7c733a313a2231223b706172656e745f69647c733a313a2231223b6c6f67696e5f757365725f69647c733a313a2231223b6e616d657c733a31333a224d756c616e6469204b79616c6f223b6c6f67696e5f747970657c733a363a22706172656e74223b),
('67556414103eed630a3a70f8149d4e06d4ab18cf', '::1', 1524823599, 0x5f5f63695f6c6173745f726567656e65726174657c693a313532343832333533313b61646d696e5f6c6f67696e7c733a313a2231223b61646d696e5f69647c733a313a2231223b6c6f67696e5f757365725f69647c733a313a2231223b6e616d657c733a31363a224e69636f64656d7573204b6172697361223b6c6f67696e5f747970657c733a353a2261646d696e223b666c6173685f6d6573736167657c733a31383a22417474656e64616e63652055706461746564223b5f5f63695f766172737c613a313a7b733a31333a22666c6173685f6d657373616765223b733a333a226f6c64223b7d),
('67a5ea1bfb4bfd85cf62ebf4f1715f345483a872', '::1', 1524231816, 0x5f5f63695f6c6173745f726567656e65726174657c693a313532343233313533343b61646d696e5f6c6f67696e7c733a313a2231223b61646d696e5f69647c733a313a2231223b6c6f67696e5f757365725f69647c733a313a2231223b6e616d657c733a31363a224e69636f64656d7573204b6172697361223b6c6f67696e5f747970657c733a353a2261646d696e223b),
('67b061392e0b6b6df9affa3b7f83add1491027b2', '::1', 1510247426, 0x5f5f63695f6c6173745f726567656e65726174657c693a313531303234373339363b746561636865725f6c6f67696e7c733a313a2231223b746561636865725f69647c733a313a2231223b6c6f67696e5f757365725f69647c733a313a2231223b6e616d657c733a31313a225061747479204b616d6175223b6c6f67696e5f747970657c733a373a2274656163686572223b),
('6857a9f44c6aa0878fe9d7267755e9213235197a', '::1', 1524828653, 0x5f5f63695f6c6173745f726567656e65726174657c693a313532343832383335383b61646d696e5f6c6f67696e7c733a313a2231223b61646d696e5f69647c733a313a2231223b6c6f67696e5f757365725f69647c733a313a2231223b6e616d657c733a31363a224e69636f64656d7573204b6172697361223b6c6f67696e5f747970657c733a353a2261646d696e223b),
('68a259e8ca1140e45b939a871ee6791ed7897c60', '::1', 1524221871, 0x5f5f63695f6c6173745f726567656e65726174657c693a313532343232313538343b61646d696e5f6c6f67696e7c733a313a2231223b61646d696e5f69647c733a313a2231223b6c6f67696e5f757365725f69647c733a313a2231223b6e616d657c733a31363a224e69636f64656d7573204b6172697361223b6c6f67696e5f747970657c733a353a2261646d696e223b),
('6a313f68631fc826e906cd06be7a566187c68178', '::1', 1489085869, 0x5f5f63695f6c6173745f726567656e65726174657c693a313438393038353337323b61646d696e5f6c6f67696e7c733a313a2231223b61646d696e5f69647c733a313a2231223b6c6f67696e5f757365725f69647c733a313a2231223b6e616d657c733a31363a224e69636f64656d7573204b6172697361223b6c6f67696e5f747970657c733a353a2261646d696e223b),
('6e0083bcd5d89fd6a458d1fef12be59c44c680b1', '::1', 1524831054, 0x5f5f63695f6c6173745f726567656e65726174657c693a313532343833303831323b61646d696e5f6c6f67696e7c733a313a2231223b61646d696e5f69647c733a313a2231223b6c6f67696e5f757365725f69647c733a313a2231223b6e616d657c733a31363a224e69636f64656d7573204b6172697361223b6c6f67696e5f747970657c733a353a2261646d696e223b),
('6e66bdfc2e55d0e45999f6401a570a9fbf1b75f9', '::1', 1524821487, 0x5f5f63695f6c6173745f726567656e65726174657c693a313532343832313234363b61646d696e5f6c6f67696e7c733a313a2231223b61646d696e5f69647c733a313a2231223b6c6f67696e5f757365725f69647c733a313a2231223b6e616d657c733a31363a224e69636f64656d7573204b6172697361223b6c6f67696e5f747970657c733a353a2261646d696e223b),
('6e735d899b8b113ecf575176437c65de7cc878d2', '::1', 1510489382, 0x5f5f63695f6c6173745f726567656e65726174657c693a313531303438393039383b61646d696e5f6c6f67696e7c733a313a2231223b61646d696e5f69647c733a313a2231223b6c6f67696e5f757365725f69647c733a313a2231223b6e616d657c733a31363a224e69636f64656d7573204b6172697361223b6c6f67696e5f747970657c733a353a2261646d696e223b),
('6ed473ee0f3fc581c8a2c01b1d7b16385ad85008', '::1', 1523470920, 0x5f5f63695f6c6173745f726567656e65726174657c693a313532333437303932303b),
('6f4351dac90c2cb8c6f1014daa684f8e147cce9f', '::1', 1510250914, 0x5f5f63695f6c6173745f726567656e65726174657c693a313531303235303738373b61646d696e5f6c6f67696e7c733a313a2231223b61646d696e5f69647c733a313a2231223b6c6f67696e5f757365725f69647c733a313a2231223b6e616d657c733a31363a224e69636f64656d7573204b6172697361223b6c6f67696e5f747970657c733a353a2261646d696e223b),
('6fa627b07ab1a1c993f4df37126ee591c3c885cd', '::1', 1517889622, 0x5f5f63695f6c6173745f726567656e65726174657c693a313531373838393631383b),
('701d15d7ba48b44446df89f88e750760a3f7a721', '::1', 1489088716, 0x5f5f63695f6c6173745f726567656e65726174657c693a313438393038383437393b61646d696e5f6c6f67696e7c733a313a2231223b61646d696e5f69647c733a313a2231223b6c6f67696e5f757365725f69647c733a313a2231223b6e616d657c733a31363a224e69636f64656d7573204b6172697361223b6c6f67696e5f747970657c733a353a2261646d696e223b),
('7080486bb512c15e12c061953179c835a318d85b', '::1', 1510250614, 0x5f5f63695f6c6173745f726567656e65726174657c693a313531303235303334333b61646d696e5f6c6f67696e7c733a313a2231223b61646d696e5f69647c733a313a2231223b6c6f67696e5f757365725f69647c733a313a2231223b6e616d657c733a31363a224e69636f64656d7573204b6172697361223b6c6f67696e5f747970657c733a353a2261646d696e223b),
('718964476396af68d45c49c76e5579294e0beb3a', '::1', 1524224361, 0x5f5f63695f6c6173745f726567656e65726174657c693a313532343232343036363b61646d696e5f6c6f67696e7c733a313a2231223b61646d696e5f69647c733a313a2231223b6c6f67696e5f757365725f69647c733a313a2231223b6e616d657c733a31363a224e69636f64656d7573204b6172697361223b6c6f67696e5f747970657c733a353a2261646d696e223b),
('758659db5f9dde7f6244308590b690a9707079b7', '::1', 1522851528, 0x5f5f63695f6c6173745f726567656e65726174657c693a313532323835313232303b61646d696e5f6c6f67696e7c733a313a2231223b61646d696e5f69647c733a313a2231223b6c6f67696e5f757365725f69647c733a313a2231223b6e616d657c733a31363a224e69636f64656d7573204b6172697361223b6c6f67696e5f747970657c733a353a2261646d696e223b),
('761c7ed3bc9f7d183a76e47f91256a0423673099', '::1', 1489347135, 0x5f5f63695f6c6173745f726567656e65726174657c693a313438393334363838323b61646d696e5f6c6f67696e7c733a313a2231223b61646d696e5f69647c733a313a2231223b6c6f67696e5f757365725f69647c733a313a2231223b6e616d657c733a31363a224e69636f64656d7573204b6172697361223b6c6f67696e5f747970657c733a353a2261646d696e223b),
('772d36a17c87fa986aaca59aa7cf5e2c281ee18a', '::1', 1510488755, 0x5f5f63695f6c6173745f726567656e65726174657c693a313531303438373632383b61646d696e5f6c6f67696e7c733a313a2231223b61646d696e5f69647c733a313a2231223b6c6f67696e5f757365725f69647c733a313a2231223b6e616d657c733a31363a224e69636f64656d7573204b6172697361223b6c6f67696e5f747970657c733a353a2261646d696e223b),
('7801048b58eda887e575d7ade4ca1510c8b074e1', '::1', 1489313897, 0x5f5f63695f6c6173745f726567656e65726174657c693a313438393331333839333b),
('7881deed93b3f8503f044ee7adc4b297e0aa83c5', '::1', 1525067193, 0x5f5f63695f6c6173745f726567656e65726174657c693a313532353036353738393b61646d696e5f6c6f67696e7c733a313a2231223b61646d696e5f69647c733a313a2231223b6c6f67696e5f757365725f69647c733a313a2231223b6e616d657c733a31363a224e69636f64656d7573204b6172697361223b6c6f67696e5f747970657c733a353a2261646d696e223b),
('7978844834eca33687a589f24696060c75318bbc', '::1', 1510261462, 0x5f5f63695f6c6173745f726567656e65726174657c693a313531303236313231393b61646d696e5f6c6f67696e7c733a313a2231223b61646d696e5f69647c733a313a2231223b6c6f67696e5f757365725f69647c733a313a2231223b6e616d657c733a31363a224e69636f64656d7573204b6172697361223b6c6f67696e5f747970657c733a353a2261646d696e223b),
('7afa190360ccb65ba7feef998a16decb4bd1d11f', '::1', 1525010088, 0x5f5f63695f6c6173745f726567656e65726174657c693a313532353031303038343b61646d696e5f6c6f67696e7c733a313a2231223b61646d696e5f69647c733a313a2231223b6c6f67696e5f757365725f69647c733a313a2231223b6e616d657c733a31363a224e69636f64656d7573204b6172697361223b6c6f67696e5f747970657c733a353a2261646d696e223b),
('7b07c85a3e7356a637ee680dc14e5c2c91e28917', '::1', 1524225189, 0x5f5f63695f6c6173745f726567656e65726174657c693a313532343232353130323b61646d696e5f6c6f67696e7c733a313a2231223b61646d696e5f69647c733a313a2231223b6c6f67696e5f757365725f69647c733a313a2231223b6e616d657c733a31363a224e69636f64656d7573204b6172697361223b6c6f67696e5f747970657c733a353a2261646d696e223b),
('7b2370f145fcf47e820d52d4e41544de3f48a4b6', '::1', 1510257917, 0x5f5f63695f6c6173745f726567656e65726174657c693a313531303235373734383b61646d696e5f6c6f67696e7c733a313a2231223b61646d696e5f69647c733a313a2231223b6c6f67696e5f757365725f69647c733a313a2231223b6e616d657c733a31363a224e69636f64656d7573204b6172697361223b6c6f67696e5f747970657c733a353a2261646d696e223b),
('7f4d2ffb87d2a4cee6b6928cf2aa4e16a180ebb2', '::1', 1489349025, 0x5f5f63695f6c6173745f726567656e65726174657c693a313438393334383734313b61646d696e5f6c6f67696e7c733a313a2231223b61646d696e5f69647c733a313a2231223b6c6f67696e5f757365725f69647c733a313a2231223b6e616d657c733a31363a224e69636f64656d7573204b6172697361223b6c6f67696e5f747970657c733a353a2261646d696e223b),
('80a7a39c8bc5fd45f1230ffdc348477aaa5e466f', '::1', 1489073686, 0x5f5f63695f6c6173745f726567656e65726174657c693a313438393037333638333b61646d696e5f6c6f67696e7c733a313a2231223b61646d696e5f69647c733a313a2231223b6c6f67696e5f757365725f69647c733a313a2231223b6e616d657c733a31363a224e69636f64656d7573204b6172697361223b6c6f67696e5f747970657c733a353a2261646d696e223b),
('813e05d3bbe7601e9301d749e32553147f0f652d', '::1', 1489279209, 0x5f5f63695f6c6173745f726567656e65726174657c693a313438393237393139333b61646d696e5f6c6f67696e7c733a313a2231223b61646d696e5f69647c733a313a2231223b6c6f67696e5f757365725f69647c733a313a2231223b6e616d657c733a31363a224e69636f64656d7573204b6172697361223b6c6f67696e5f747970657c733a353a2261646d696e223b),
('824b39f6dd0f7440115681b6e0cfe210e1e4541e', '::1', 1524233794, 0x5f5f63695f6c6173745f726567656e65726174657c693a313532343233333439393b61646d696e5f6c6f67696e7c733a313a2231223b61646d696e5f69647c733a313a2231223b6c6f67696e5f757365725f69647c733a313a2231223b6e616d657c733a31363a224e69636f64656d7573204b6172697361223b6c6f67696e5f747970657c733a353a2261646d696e223b),
('8288ec9bf58a20591c62d9ca66366840b04ee660', '::1', 1524824381, 0x5f5f63695f6c6173745f726567656e65726174657c693a313532343832343338313b61646d696e5f6c6f67696e7c733a313a2231223b61646d696e5f69647c733a313a2231223b6c6f67696e5f757365725f69647c733a313a2231223b6e616d657c733a31363a224e69636f64656d7573204b6172697361223b6c6f67696e5f747970657c733a353a2261646d696e223b),
('83552fd50e805ecea18a2a8ab507d1d23e1e3be1', '::1', 1522852169, 0x5f5f63695f6c6173745f726567656e65726174657c693a313532323835313838323b61646d696e5f6c6f67696e7c733a313a2231223b61646d696e5f69647c733a313a2231223b6c6f67696e5f757365725f69647c733a313a2231223b6e616d657c733a31363a224e69636f64656d7573204b6172697361223b6c6f67696e5f747970657c733a353a2261646d696e223b),
('836dd3aab6f91e457a388c9f3992145581562618', '::1', 1525036384, 0x5f5f63695f6c6173745f726567656e65726174657c693a313532353033363039353b61646d696e5f6c6f67696e7c733a313a2231223b61646d696e5f69647c733a313a2231223b6c6f67696e5f757365725f69647c733a313a2231223b6e616d657c733a31363a224e69636f64656d7573204b6172697361223b6c6f67696e5f747970657c733a353a2261646d696e223b),
('83920aa7ef8eaabb43e47ef638da60848958694b', '::1', 1489090125, 0x5f5f63695f6c6173745f726567656e65726174657c693a313438393038393834343b61646d696e5f6c6f67696e7c733a313a2231223b61646d696e5f69647c733a313a2231223b6c6f67696e5f757365725f69647c733a313a2231223b6e616d657c733a31363a224e69636f64656d7573204b6172697361223b6c6f67696e5f747970657c733a353a2261646d696e223b),
('84cb3e76c51b19f6ad499f44885e6130daa8978b', '::1', 1525007152, 0x5f5f63695f6c6173745f726567656e65726174657c693a313532353030363839373b61646d696e5f6c6f67696e7c733a313a2231223b61646d696e5f69647c733a313a2231223b6c6f67696e5f757365725f69647c733a313a2231223b6e616d657c733a31363a224e69636f64656d7573204b6172697361223b6c6f67696e5f747970657c733a353a2261646d696e223b),
('864ed23ee3913c88d057f096afa9f567c1dda952', '::1', 1522850569, 0x5f5f63695f6c6173745f726567656e65726174657c693a313532323835303236393b61646d696e5f6c6f67696e7c733a313a2231223b61646d696e5f69647c733a313a2231223b6c6f67696e5f757365725f69647c733a313a2231223b6e616d657c733a31363a224e69636f64656d7573204b6172697361223b6c6f67696e5f747970657c733a353a2261646d696e223b666c6173685f6d6573736167657c733a32333a2244617461204164646564205375636365737366756c6c79223b5f5f63695f766172737c613a313a7b733a31333a22666c6173685f6d657373616765223b733a333a226e6577223b7d);
INSERT INTO `ci_sessions` (`id`, `ip_address`, `timestamp`, `data`) VALUES
('8a67e186930682b0251bdf9ecf4333b42748e121', '::1', 1524818370, 0x5f5f63695f6c6173745f726567656e65726174657c693a313532343831373937353b61646d696e5f6c6f67696e7c733a313a2231223b61646d696e5f69647c733a313a2231223b6c6f67696e5f757365725f69647c733a313a2231223b6e616d657c733a31363a224e69636f64656d7573204b6172697361223b6c6f67696e5f747970657c733a353a2261646d696e223b),
('8a81ba9dd9b7325f6dcfef838bfc56518e00bb62', '::1', 1489359134, 0x5f5f63695f6c6173745f726567656e65726174657c693a313438393335383837323b61646d696e5f6c6f67696e7c733a313a2231223b61646d696e5f69647c733a313a2231223b6c6f67696e5f757365725f69647c733a313a2231223b6e616d657c733a31363a224e69636f64656d7573204b6172697361223b6c6f67696e5f747970657c733a353a2261646d696e223b),
('8b2a8237165cfcc45e41b7933b1c1bded7ea4b87', '::1', 1522849552, 0x5f5f63695f6c6173745f726567656e65726174657c693a313532323834393237323b61646d696e5f6c6f67696e7c733a313a2231223b61646d696e5f69647c733a313a2231223b6c6f67696e5f757365725f69647c733a313a2231223b6e616d657c733a31363a224e69636f64656d7573204b6172697361223b6c6f67696e5f747970657c733a353a2261646d696e223b666c6173685f6d6573736167657c733a32333a2244617461204164646564205375636365737366756c6c79223b5f5f63695f766172737c613a313a7b733a31333a22666c6173685f6d657373616765223b733a333a226f6c64223b7d),
('8b40223723627058a5000b478472dc5d16d83b7e', '::1', 1510253172, 0x5f5f63695f6c6173745f726567656e65726174657c693a313531303235323839313b61646d696e5f6c6f67696e7c733a313a2231223b61646d696e5f69647c733a313a2231223b6c6f67696e5f757365725f69647c733a313a2231223b6e616d657c733a31363a224e69636f64656d7573204b6172697361223b6c6f67696e5f747970657c733a353a2261646d696e223b),
('8b594ecefeec992a209b06309e773497e3cfb6ba', '::1', 1519037919, 0x5f5f63695f6c6173745f726567656e65726174657c693a313531393033373632373b),
('8b85d47fc8a1e56441514902fb67c5a5a04a8bd5', '::1', 1524228406, 0x5f5f63695f6c6173745f726567656e65726174657c693a313532343232383230353b61646d696e5f6c6f67696e7c733a313a2231223b61646d696e5f69647c733a313a2231223b6c6f67696e5f757365725f69647c733a313a2231223b6e616d657c733a31363a224e69636f64656d7573204b6172697361223b6c6f67696e5f747970657c733a353a2261646d696e223b),
('8da8c9d9ebfe08455a2634a8532107aa526b3927', '::1', 1489353244, 0x5f5f63695f6c6173745f726567656e65726174657c693a313438393335323936363b61646d696e5f6c6f67696e7c733a313a2231223b61646d696e5f69647c733a313a2231223b6c6f67696e5f757365725f69647c733a313a2231223b6e616d657c733a31363a224e69636f64656d7573204b6172697361223b6c6f67696e5f747970657c733a353a2261646d696e223b),
('8ee5a885d66eb40954a4a95a20181b643ce24741', '::1', 1489072923, 0x5f5f63695f6c6173745f726567656e65726174657c693a313438393037323538363b61646d696e5f6c6f67696e7c733a313a2231223b61646d696e5f69647c733a313a2231223b6c6f67696e5f757365725f69647c733a313a2231223b6e616d657c733a31363a224e69636f64656d7573204b6172697361223b6c6f67696e5f747970657c733a353a2261646d696e223b),
('8f7b54985e3f0e1f2a55997853875f747b7e8271', '::1', 1489354933, 0x5f5f63695f6c6173745f726567656e65726174657c693a313438393335343931383b61646d696e5f6c6f67696e7c733a313a2231223b61646d696e5f69647c733a313a2231223b6c6f67696e5f757365725f69647c733a313a2231223b6e616d657c733a31363a224e69636f64656d7573204b6172697361223b6c6f67696e5f747970657c733a353a2261646d696e223b),
('904146cefcc120ec68c2a255720255a4ffffe2d2', '::1', 1525007681, 0x5f5f63695f6c6173745f726567656e65726174657c693a313532353030373331353b61646d696e5f6c6f67696e7c733a313a2231223b61646d696e5f69647c733a313a2231223b6c6f67696e5f757365725f69647c733a313a2231223b6e616d657c733a31363a224e69636f64656d7573204b6172697361223b6c6f67696e5f747970657c733a353a2261646d696e223b),
('9198841728e21f318bac2ba0e312b8b2752d4dc6', '::1', 1524829005, 0x5f5f63695f6c6173745f726567656e65726174657c693a313532343832383737373b61646d696e5f6c6f67696e7c733a313a2231223b61646d696e5f69647c733a313a2231223b6c6f67696e5f757365725f69647c733a313a2231223b6e616d657c733a31363a224e69636f64656d7573204b6172697361223b6c6f67696e5f747970657c733a353a2261646d696e223b),
('93a30fe74effb4d50c9a5a8eef56f786c6babd69', '::1', 1510249116, 0x5f5f63695f6c6173745f726567656e65726174657c693a313531303234383936323b61646d696e5f6c6f67696e7c733a313a2231223b61646d696e5f69647c733a313a2231223b6c6f67696e5f757365725f69647c733a313a2231223b6e616d657c733a31363a224e69636f64656d7573204b6172697361223b6c6f67696e5f747970657c733a353a2261646d696e223b),
('9496a8520521d6463f1faa1353e699df37b3be47', '::1', 1524228788, 0x5f5f63695f6c6173745f726567656e65726174657c693a313532343232383538353b61646d696e5f6c6f67696e7c733a313a2231223b61646d696e5f69647c733a313a2231223b6c6f67696e5f757365725f69647c733a313a2231223b6e616d657c733a31363a224e69636f64656d7573204b6172697361223b6c6f67696e5f747970657c733a353a2261646d696e223b),
('94adafc3d37da5b25ebfca0019dfdd35b2a0a806', '::1', 1510253294, 0x5f5f63695f6c6173745f726567656e65726174657c693a313531303235333239333b61646d696e5f6c6f67696e7c733a313a2231223b61646d696e5f69647c733a313a2231223b6c6f67696e5f757365725f69647c733a313a2231223b6e616d657c733a31363a224e69636f64656d7573204b6172697361223b6c6f67696e5f747970657c733a353a2261646d696e223b),
('95ad08c0372523de56faecf53f4ea16784eda924', '::1', 1524229827, 0x5f5f63695f6c6173745f726567656e65726174657c693a313532343232393532343b61646d696e5f6c6f67696e7c733a313a2231223b61646d696e5f69647c733a313a2231223b6c6f67696e5f757365725f69647c733a313a2231223b6e616d657c733a31363a224e69636f64656d7573204b6172697361223b6c6f67696e5f747970657c733a353a2261646d696e223b),
('971e793a0aea8cabc87ff40ef906732cc460ec04', '::1', 1524225637, 0x5f5f63695f6c6173745f726567656e65726174657c693a313532343232353430383b61646d696e5f6c6f67696e7c733a313a2231223b61646d696e5f69647c733a313a2231223b6c6f67696e5f757365725f69647c733a313a2231223b6e616d657c733a31363a224e69636f64656d7573204b6172697361223b6c6f67696e5f747970657c733a353a2261646d696e223b),
('99ed482b42ed498cdfac75573bed8d49d2400a55', '::1', 1524826796, 0x5f5f63695f6c6173745f726567656e65726174657c693a313532343832363532303b61646d696e5f6c6f67696e7c733a313a2231223b61646d696e5f69647c733a313a2231223b6c6f67696e5f757365725f69647c733a313a2231223b6e616d657c733a31363a224e69636f64656d7573204b6172697361223b6c6f67696e5f747970657c733a353a2261646d696e223b),
('9b8e32b5a3e4568a5d15cc893cfce4c0729b2ccf', '::1', 1510493388, 0x5f5f63695f6c6173745f726567656e65726174657c693a313531303439333338323b61646d696e5f6c6f67696e7c733a313a2231223b61646d696e5f69647c733a313a2231223b6c6f67696e5f757365725f69647c733a313a2231223b6e616d657c733a31363a224e69636f64656d7573204b6172697361223b6c6f67696e5f747970657c733a353a2261646d696e223b),
('9b94eaf2f6084d743e7fb08f157a1dbe10d838b9', '::1', 1510255413, 0x5f5f63695f6c6173745f726567656e65726174657c693a313531303235353133333b61646d696e5f6c6f67696e7c733a313a2231223b61646d696e5f69647c733a313a2231223b6c6f67696e5f757365725f69647c733a313a2231223b6e616d657c733a31363a224e69636f64656d7573204b6172697361223b6c6f67696e5f747970657c733a353a2261646d696e223b),
('9c0165424ad82ba27d1aad29bb37f79741343fb2', '::1', 1525008297, 0x5f5f63695f6c6173745f726567656e65726174657c693a313532353030383030363b61646d696e5f6c6f67696e7c733a313a2231223b61646d696e5f69647c733a313a2231223b6c6f67696e5f757365725f69647c733a313a2231223b6e616d657c733a31363a224e69636f64656d7573204b6172697361223b6c6f67696e5f747970657c733a353a2261646d696e223b),
('9ddd1446431aef02420c2bd1db25c959aeace1a4', '::1', 1489085073, 0x5f5f63695f6c6173745f726567656e65726174657c693a313438393038353034323b61646d696e5f6c6f67696e7c733a313a2231223b61646d696e5f69647c733a313a2231223b6c6f67696e5f757365725f69647c733a313a2231223b6e616d657c733a31363a224e69636f64656d7573204b6172697361223b6c6f67696e5f747970657c733a353a2261646d696e223b),
('9fd54d7b4601c4974dd4ac0e3d0071e04bf4d9b9', '::1', 1510491161, 0x5f5f63695f6c6173745f726567656e65726174657c693a313531303439303838303b61646d696e5f6c6f67696e7c733a313a2231223b61646d696e5f69647c733a313a2231223b6c6f67696e5f757365725f69647c733a313a2231223b6e616d657c733a31363a224e69636f64656d7573204b6172697361223b6c6f67696e5f747970657c733a353a2261646d696e223b),
('a048eee68e4371adfcc3ce5963f570f76d63e7af', '::1', 1510495076, 0x5f5f63695f6c6173745f726567656e65726174657c693a313531303439353037343b61646d696e5f6c6f67696e7c733a313a2231223b61646d696e5f69647c733a313a2231223b6c6f67696e5f757365725f69647c733a313a2231223b6e616d657c733a31363a224e69636f64656d7573204b6172697361223b6c6f67696e5f747970657c733a353a2261646d696e223b),
('a163100b7bd56c47145f5a9e30971a868c331a69', '::1', 1489088819, 0x5f5f63695f6c6173745f726567656e65726174657c693a313438393038383738323b61646d696e5f6c6f67696e7c733a313a2231223b61646d696e5f69647c733a313a2231223b6c6f67696e5f757365725f69647c733a313a2231223b6e616d657c733a31363a224e69636f64656d7573204b6172697361223b6c6f67696e5f747970657c733a353a2261646d696e223b),
('a1bfcee46da49eea9bba7e307c5b2e5a5fe944be', '::1', 1499948131, 0x5f5f63695f6c6173745f726567656e65726174657c693a313439393934383034343b61646d696e5f6c6f67696e7c733a313a2231223b61646d696e5f69647c733a313a2231223b6c6f67696e5f757365725f69647c733a313a2231223b6e616d657c733a31363a224e69636f64656d7573204b6172697361223b6c6f67696e5f747970657c733a353a2261646d696e223b),
('a3d2b5f0af004e1a8b3a4775516e0765acc21c07', '::1', 1489356742, 0x5f5f63695f6c6173745f726567656e65726174657c693a313438393335363631383b61646d696e5f6c6f67696e7c733a313a2231223b61646d696e5f69647c733a313a2231223b6c6f67696e5f757365725f69647c733a313a2231223b6e616d657c733a31363a224e69636f64656d7573204b6172697361223b6c6f67696e5f747970657c733a353a2261646d696e223b),
('a53fcbd1cff593f6801e6e8644cfe696f332f951', '::1', 1510495010, 0x5f5f63695f6c6173745f726567656e65726174657c693a313531303439343736393b61646d696e5f6c6f67696e7c733a313a2231223b61646d696e5f69647c733a313a2231223b6c6f67696e5f757365725f69647c733a313a2231223b6e616d657c733a31363a224e69636f64656d7573204b6172697361223b6c6f67696e5f747970657c733a353a2261646d696e223b),
('a64c39cff06e791ede00ba047665aeedf315eaf4', '::1', 1489073594, 0x5f5f63695f6c6173745f726567656e65726174657c693a313438393037333330333b61646d696e5f6c6f67696e7c733a313a2231223b61646d696e5f69647c733a313a2231223b6c6f67696e5f757365725f69647c733a313a2231223b6e616d657c733a31363a224e69636f64656d7573204b6172697361223b6c6f67696e5f747970657c733a353a2261646d696e223b),
('a8678cef5bea1df9bfc04ec388b043c64e1ca358', '::1', 1524818979, 0x5f5f63695f6c6173745f726567656e65726174657c693a313532343831383935343b61646d696e5f6c6f67696e7c733a313a2231223b61646d696e5f69647c733a313a2231223b6c6f67696e5f757365725f69647c733a313a2231223b6e616d657c733a31363a224e69636f64656d7573204b6172697361223b6c6f67696e5f747970657c733a353a2261646d696e223b),
('a88e15b3526d9afac74aba28cb631a64fb5d9121', '::1', 1524232228, 0x5f5f63695f6c6173745f726567656e65726174657c693a313532343233313933343b61646d696e5f6c6f67696e7c733a313a2231223b61646d696e5f69647c733a313a2231223b6c6f67696e5f757365725f69647c733a313a2231223b6e616d657c733a31363a224e69636f64656d7573204b6172697361223b6c6f67696e5f747970657c733a353a2261646d696e223b),
('a8932fcc9abf0b78fa2a91929bb6c9d9b6927290', '::1', 1489355603, 0x5f5f63695f6c6173745f726567656e65726174657c693a313438393335353331383b61646d696e5f6c6f67696e7c733a313a2231223b61646d696e5f69647c733a313a2231223b6c6f67696e5f757365725f69647c733a313a2231223b6e616d657c733a31363a224e69636f64656d7573204b6172697361223b6c6f67696e5f747970657c733a353a2261646d696e223b),
('a8ad0cacc8600d067f9471c838451987ec369327', '::1', 1525008003, 0x5f5f63695f6c6173745f726567656e65726174657c693a313532353030373730323b61646d696e5f6c6f67696e7c733a313a2231223b61646d696e5f69647c733a313a2231223b6c6f67696e5f757365725f69647c733a313a2231223b6e616d657c733a31363a224e69636f64656d7573204b6172697361223b6c6f67696e5f747970657c733a353a2261646d696e223b),
('aa43a7d2dd38de0479292e80410a7ce6e4b999f9', '::1', 1489091898, 0x5f5f63695f6c6173745f726567656e65726174657c693a313438393039313839383b61646d696e5f6c6f67696e7c733a313a2231223b61646d696e5f69647c733a313a2231223b6c6f67696e5f757365725f69647c733a313a2231223b6e616d657c733a31363a224e69636f64656d7573204b6172697361223b6c6f67696e5f747970657c733a353a2261646d696e223b),
('aab0eee86d49f1a98fbd6d42148f056adbe0a8ee', '::1', 1524224445, 0x5f5f63695f6c6173745f726567656e65726174657c693a313532343232343432363b61646d696e5f6c6f67696e7c733a313a2231223b61646d696e5f69647c733a313a2231223b6c6f67696e5f757365725f69647c733a313a2231223b6e616d657c733a31363a224e69636f64656d7573204b6172697361223b6c6f67696e5f747970657c733a353a2261646d696e223b),
('ac01208721b1a06e1a4bacc5b08cbdf265eb19e2', '::1', 1489350046, 0x5f5f63695f6c6173745f726567656e65726174657c693a313438393334393930303b61646d696e5f6c6f67696e7c733a313a2231223b61646d696e5f69647c733a313a2231223b6c6f67696e5f757365725f69647c733a313a2231223b6e616d657c733a31363a224e69636f64656d7573204b6172697361223b6c6f67696e5f747970657c733a353a2261646d696e223b),
('b0180ee58826f7e5d34cbcbdec47b9504818aa4f', '::1', 1524222122, 0x5f5f63695f6c6173745f726567656e65726174657c693a313532343232313935323b61646d696e5f6c6f67696e7c733a313a2231223b61646d696e5f69647c733a313a2231223b6c6f67696e5f757365725f69647c733a313a2231223b6e616d657c733a31363a224e69636f64656d7573204b6172697361223b6c6f67696e5f747970657c733a353a2261646d696e223b),
('b061a0f2ab3f08fa2091e1739d381d5961f3b6b6', '::1', 1510852693, 0x5f5f63695f6c6173745f726567656e65726174657c693a313531303835323632323b61646d696e5f6c6f67696e7c733a313a2231223b61646d696e5f69647c733a313a2231223b6c6f67696e5f757365725f69647c733a313a2231223b6e616d657c733a31363a224e69636f64656d7573204b6172697361223b6c6f67696e5f747970657c733a353a2261646d696e223b666c6173685f6d6573736167657c733a32333a2244617461204164646564205375636365737366756c6c79223b5f5f63695f766172737c613a313a7b733a31333a22666c6173685f6d657373616765223b733a333a226f6c64223b7d),
('b305dcd4597a630e504ed79ace35a28f6f140f84', '::1', 1510262268, 0x5f5f63695f6c6173745f726567656e65726174657c693a313531303236323032373b61646d696e5f6c6f67696e7c733a313a2231223b61646d696e5f69647c733a313a2231223b6c6f67696e5f757365725f69647c733a313a2231223b6e616d657c733a31363a224e69636f64656d7573204b6172697361223b6c6f67696e5f747970657c733a353a2261646d696e223b),
('b37867d5ce03d8b0de189e7f11ea58957ff7a00a', '::1', 1489344706, 0x5f5f63695f6c6173745f726567656e65726174657c693a313438393334343437393b61646d696e5f6c6f67696e7c733a313a2231223b61646d696e5f69647c733a313a2231223b6c6f67696e5f757365725f69647c733a313a2231223b6e616d657c733a31363a224e69636f64656d7573204b6172697361223b6c6f67696e5f747970657c733a353a2261646d696e223b),
('b390e49f4a7bff25d6257b3de8087bd64753e8e4', '::1', 1524835550, 0x5f5f63695f6c6173745f726567656e65726174657c693a313532343833353437363b61646d696e5f6c6f67696e7c733a313a2231223b61646d696e5f69647c733a313a2231223b6c6f67696e5f757365725f69647c733a313a2231223b6e616d657c733a31363a224e69636f64656d7573204b6172697361223b6c6f67696e5f747970657c733a353a2261646d696e223b),
('b4841089dfde569eebec150aae4b23fc6b9f1db1', '::1', 1510260769, 0x5f5f63695f6c6173745f726567656e65726174657c693a313531303236303735333b61646d696e5f6c6f67696e7c733a313a2231223b61646d696e5f69647c733a313a2231223b6c6f67696e5f757365725f69647c733a313a2231223b6e616d657c733a31363a224e69636f64656d7573204b6172697361223b6c6f67696e5f747970657c733a353a2261646d696e223b),
('b4eb00173a5551815736445e0d09534ef5f869be', '::1', 1524226440, 0x5f5f63695f6c6173745f726567656e65726174657c693a313532343232363434303b61646d696e5f6c6f67696e7c733a313a2231223b61646d696e5f69647c733a313a2231223b6c6f67696e5f757365725f69647c733a313a2231223b6e616d657c733a31363a224e69636f64656d7573204b6172697361223b6c6f67696e5f747970657c733a353a2261646d696e223b),
('b6adbd3f997ac8b399e325786eb27a17c671b701', '::1', 1489358275, 0x5f5f63695f6c6173745f726567656e65726174657c693a313438393335383039343b61646d696e5f6c6f67696e7c733a313a2231223b61646d696e5f69647c733a313a2231223b6c6f67696e5f757365725f69647c733a313a2231223b6e616d657c733a31363a224e69636f64656d7573204b6172697361223b6c6f67696e5f747970657c733a353a2261646d696e223b),
('b7bedaaa5473ee5886947f1187986babd6cd8bed', '::1', 1510250234, 0x5f5f63695f6c6173745f726567656e65726174657c693a313531303234393939383b61646d696e5f6c6f67696e7c733a313a2231223b61646d696e5f69647c733a313a2231223b6c6f67696e5f757365725f69647c733a313a2231223b6e616d657c733a31363a224e69636f64656d7573204b6172697361223b6c6f67696e5f747970657c733a353a2261646d696e223b),
('b8235139a70abca4d5a342e710e78310050758dd', '::1', 1510254219, 0x5f5f63695f6c6173745f726567656e65726174657c693a313531303235333937313b61646d696e5f6c6f67696e7c733a313a2231223b61646d696e5f69647c733a313a2231223b6c6f67696e5f757365725f69647c733a313a2231223b6e616d657c733a31363a224e69636f64656d7573204b6172697361223b6c6f67696e5f747970657c733a353a2261646d696e223b),
('b9d0444eddbb0fb5858db64c0001c49715c06b79', '::1', 1510256864, 0x5f5f63695f6c6173745f726567656e65726174657c693a313531303235363536353b61646d696e5f6c6f67696e7c733a313a2231223b61646d696e5f69647c733a313a2231223b6c6f67696e5f757365725f69647c733a313a2231223b6e616d657c733a31363a224e69636f64656d7573204b6172697361223b6c6f67696e5f747970657c733a353a2261646d696e223b),
('ba1df3196a4e7844ac4b218fd8729a1244c37bdc', '::1', 1524238073, 0x5f5f63695f6c6173745f726567656e65726174657c693a313532343233373831353b706172656e745f6c6f67696e7c733a313a2231223b706172656e745f69647c733a313a2231223b6c6f67696e5f757365725f69647c733a313a2231223b6e616d657c733a31333a224d756c616e6469204b79616c6f223b6c6f67696e5f747970657c733a363a22706172656e74223b),
('babcc9208e20803784173f5b63b737f21ec31547', '::1', 1525009329, 0x5f5f63695f6c6173745f726567656e65726174657c693a313532353030393033373b61646d696e5f6c6f67696e7c733a313a2231223b61646d696e5f69647c733a313a2231223b6c6f67696e5f757365725f69647c733a313a2231223b6e616d657c733a31363a224e69636f64656d7573204b6172697361223b6c6f67696e5f747970657c733a353a2261646d696e223b),
('bb574740fd90b171872e86c7c46f34d76160862e', '::1', 1524236249, 0x5f5f63695f6c6173745f726567656e65726174657c693a313532343233353936363b746561636865725f6c6f67696e7c733a313a2231223b746561636865725f69647c733a313a2231223b6c6f67696e5f757365725f69647c733a313a2231223b6e616d657c733a31313a225061747479204b616d6175223b6c6f67696e5f747970657c733a373a2274656163686572223b),
('bbf7b8f840e924618f71d268692dfc3524372d18', '::1', 1510258209, 0x5f5f63695f6c6173745f726567656e65726174657c693a313531303235383034393b61646d696e5f6c6f67696e7c733a313a2231223b61646d696e5f69647c733a313a2231223b6c6f67696e5f757365725f69647c733a313a2231223b6e616d657c733a31363a224e69636f64656d7573204b6172697361223b6c6f67696e5f747970657c733a353a2261646d696e223b),
('bc2100b3c2116240bfb127ea2d76c9cdb5d8b212', '::1', 1510489657, 0x5f5f63695f6c6173745f726567656e65726174657c693a313531303438393430353b61646d696e5f6c6f67696e7c733a313a2231223b61646d696e5f69647c733a313a2231223b6c6f67696e5f757365725f69647c733a313a2231223b6e616d657c733a31363a224e69636f64656d7573204b6172697361223b6c6f67696e5f747970657c733a353a2261646d696e223b),
('bcd4ff5e6f32837cf6cedec5e2bd410b0c720e82', '::1', 1489357461, 0x5f5f63695f6c6173745f726567656e65726174657c693a313438393335373136363b61646d696e5f6c6f67696e7c733a313a2231223b61646d696e5f69647c733a313a2231223b6c6f67696e5f757365725f69647c733a313a2231223b6e616d657c733a31363a224e69636f64656d7573204b6172697361223b6c6f67696e5f747970657c733a353a2261646d696e223b),
('c0a06f42825d0885933a57cdc16e85a756861858', '::1', 1510486826, 0x5f5f63695f6c6173745f726567656e65726174657c693a313531303438363430343b61646d696e5f6c6f67696e7c733a313a2231223b61646d696e5f69647c733a313a2231223b6c6f67696e5f757365725f69647c733a313a2231223b6e616d657c733a31363a224e69636f64656d7573204b6172697361223b6c6f67696e5f747970657c733a353a2261646d696e223b),
('c21171c553bec2c9834089cb468d2ed5e5df7092', '::1', 1489088151, 0x5f5f63695f6c6173745f726567656e65726174657c693a313438393038383132373b61646d696e5f6c6f67696e7c733a313a2231223b61646d696e5f69647c733a313a2231223b6c6f67696e5f757365725f69647c733a313a2231223b6e616d657c733a31363a224e69636f64656d7573204b6172697361223b6c6f67696e5f747970657c733a353a2261646d696e223b),
('c23c7066b943757adc443a4b20331265b0779368', '::1', 1522852314, 0x5f5f63695f6c6173745f726567656e65726174657c693a313532323835323230333b61646d696e5f6c6f67696e7c733a313a2231223b61646d696e5f69647c733a313a2231223b6c6f67696e5f757365725f69647c733a313a2231223b6e616d657c733a31363a224e69636f64656d7573204b6172697361223b6c6f67696e5f747970657c733a353a2261646d696e223b),
('c3aff7d6e005ce166502cf5afb0c0ebcc5ba7f6b', '::1', 1489359644, 0x5f5f63695f6c6173745f726567656e65726174657c693a313438393335393631303b61646d696e5f6c6f67696e7c733a313a2231223b61646d696e5f69647c733a313a2231223b6c6f67696e5f757365725f69647c733a313a2231223b6e616d657c733a31363a224e69636f64656d7573204b6172697361223b6c6f67696e5f747970657c733a353a2261646d696e223b),
('c3b85a672dbfea328c6dcb4727d5418ea06c19cd', '::1', 1522849209, 0x5f5f63695f6c6173745f726567656e65726174657c693a313532323834383935353b61646d696e5f6c6f67696e7c733a313a2231223b61646d696e5f69647c733a313a2231223b6c6f67696e5f757365725f69647c733a313a2231223b6e616d657c733a31363a224e69636f64656d7573204b6172697361223b6c6f67696e5f747970657c733a353a2261646d696e223b),
('c41408fecd8348ce1e07ed79df5cfb36fc223c17', '::1', 1510260413, 0x5f5f63695f6c6173745f726567656e65726174657c693a313531303236303131363b61646d696e5f6c6f67696e7c733a313a2231223b61646d696e5f69647c733a313a2231223b6c6f67696e5f757365725f69647c733a313a2231223b6e616d657c733a31363a224e69636f64656d7573204b6172697361223b6c6f67696e5f747970657c733a353a2261646d696e223b),
('c4490d32650f4efc96b1f4b71e184fbb58179a3b', '::1', 1489091420, 0x5f5f63695f6c6173745f726567656e65726174657c693a313438393039313132313b61646d696e5f6c6f67696e7c733a313a2231223b61646d696e5f69647c733a313a2231223b6c6f67696e5f757365725f69647c733a313a2231223b6e616d657c733a31363a224e69636f64656d7573204b6172697361223b6c6f67696e5f747970657c733a353a2261646d696e223b),
('c6374aa0f551d29a77112aa85cce2be922ea84df', '::1', 1489078212, 0x5f5f63695f6c6173745f726567656e65726174657c693a313438393037373932303b61646d696e5f6c6f67696e7c733a313a2231223b61646d696e5f69647c733a313a2231223b6c6f67696e5f757365725f69647c733a313a2231223b6e616d657c733a31363a224e69636f64656d7573204b6172697361223b6c6f67696e5f747970657c733a353a2261646d696e223b),
('c6a28d2d5f61154e75df2b63c1b6a4c0e4afa2b3', '::1', 1510263750, 0x5f5f63695f6c6173745f726567656e65726174657c693a313531303236333735303b61646d696e5f6c6f67696e7c733a313a2231223b61646d696e5f69647c733a313a2231223b6c6f67696e5f757365725f69647c733a313a2231223b6e616d657c733a31363a224e69636f64656d7573204b6172697361223b6c6f67696e5f747970657c733a353a2261646d696e223b666c6173685f6d6573736167657c733a32333a2244617461204164646564205375636365737366756c6c79223b5f5f63695f766172737c613a313a7b733a31333a22666c6173685f6d657373616765223b733a333a226f6c64223b7d),
('c8943695f6f2025cd4de38f2ca7c42eaaf52629b', '::1', 1510265523, 0x5f5f63695f6c6173745f726567656e65726174657c693a313531303236353532323b),
('c89c9a3d7f084cb7ca99bc9821a4870169e9bbea', '::1', 1525008608, 0x5f5f63695f6c6173745f726567656e65726174657c693a313532353030383331363b61646d696e5f6c6f67696e7c733a313a2231223b61646d696e5f69647c733a313a2231223b6c6f67696e5f757365725f69647c733a313a2231223b6e616d657c733a31363a224e69636f64656d7573204b6172697361223b6c6f67696e5f747970657c733a353a2261646d696e223b),
('c9e5f8131d52a9e17a76e283e2a143e0d3e62ede', '::1', 1489068900, 0x5f5f63695f6c6173745f726567656e65726174657c693a313438393036383335323b61646d696e5f6c6f67696e7c733a313a2231223b61646d696e5f69647c733a313a2231223b6c6f67696e5f757365725f69647c733a313a2231223b6e616d657c733a31363a224e69636f64656d7573204b6172697361223b6c6f67696e5f747970657c733a353a2261646d696e223b),
('ca63bc176f1e48c452cd60f20a7a4dd18996b9e4', '::1', 1524238688, 0x5f5f63695f6c6173745f726567656e65726174657c693a313532343233383435353b73747564656e745f6c6f67696e7c733a313a2231223b73747564656e745f69647c733a313a2232223b6c6f67696e5f757365725f69647c733a313a2232223b6e616d657c733a31363a224e69636f64656d7573204b6172697361223b6c6f67696e5f747970657c733a373a2273747564656e74223b),
('cb5b6d2fd079643edfcd978588688314fc7f8c5f', '::1', 1510490080, 0x5f5f63695f6c6173745f726567656e65726174657c693a313531303438393936343b61646d696e5f6c6f67696e7c733a313a2231223b61646d696e5f69647c733a313a2231223b6c6f67696e5f757365725f69647c733a313a2231223b6e616d657c733a31363a224e69636f64656d7573204b6172697361223b6c6f67696e5f747970657c733a353a2261646d696e223b),
('cbfe5309c5d6662bdf6bf90119c831bd89890218', '::1', 1510252530, 0x5f5f63695f6c6173745f726567656e65726174657c693a313531303235323533303b61646d696e5f6c6f67696e7c733a313a2231223b61646d696e5f69647c733a313a2231223b6c6f67696e5f757365725f69647c733a313a2231223b6e616d657c733a31363a224e69636f64656d7573204b6172697361223b6c6f67696e5f747970657c733a353a2261646d696e223b),
('ccd35de764916ab56f3759a6726736002f3eb5a0', '::1', 1510491788, 0x5f5f63695f6c6173745f726567656e65726174657c693a313531303439313633343b61646d696e5f6c6f67696e7c733a313a2231223b61646d696e5f69647c733a313a2231223b6c6f67696e5f757365725f69647c733a313a2231223b6e616d657c733a31363a224e69636f64656d7573204b6172697361223b6c6f67696e5f747970657c733a353a2261646d696e223b),
('cd0d871f4c20c8d7b4ce81cc2f26915462fcf996', '::1', 1489346197, 0x5f5f63695f6c6173745f726567656e65726174657c693a313438393334353939363b61646d696e5f6c6f67696e7c733a313a2231223b61646d696e5f69647c733a313a2231223b6c6f67696e5f757365725f69647c733a313a2231223b6e616d657c733a31363a224e69636f64656d7573204b6172697361223b6c6f67696e5f747970657c733a353a2261646d696e223b),
('cd281d39d66dd17d4e9680b84b28b2c18cfd073b', '::1', 1510490449, 0x5f5f63695f6c6173745f726567656e65726174657c693a313531303439303330333b61646d696e5f6c6f67696e7c733a313a2231223b61646d696e5f69647c733a313a2231223b6c6f67696e5f757365725f69647c733a313a2231223b6e616d657c733a31363a224e69636f64656d7573204b6172697361223b6c6f67696e5f747970657c733a353a2261646d696e223b),
('ce8f90e6eaf3a8ab0e1513d08b2d17fb72324f9c', '::1', 1523537577, 0x5f5f63695f6c6173745f726567656e65726174657c693a313532333533373537373b),
('cead949543c48dead313910d1ae2f3a5b04e3b20', '::1', 1524232711, 0x5f5f63695f6c6173745f726567656e65726174657c693a313532343233323635353b61646d696e5f6c6f67696e7c733a313a2231223b61646d696e5f69647c733a313a2231223b6c6f67696e5f757365725f69647c733a313a2231223b6e616d657c733a31363a224e69636f64656d7573204b6172697361223b6c6f67696e5f747970657c733a353a2261646d696e223b),
('d1546ac4009f903af8e236a128b04210875e1970', '::1', 1525035932, 0x5f5f63695f6c6173745f726567656e65726174657c693a313532353033353738393b61646d696e5f6c6f67696e7c733a313a2231223b61646d696e5f69647c733a313a2231223b6c6f67696e5f757365725f69647c733a313a2231223b6e616d657c733a31363a224e69636f64656d7573204b6172697361223b6c6f67696e5f747970657c733a353a2261646d696e223b),
('d15dcd95a239c6f481f78ce30706cd03ae0c774f', '::1', 1525035677, 0x5f5f63695f6c6173745f726567656e65726174657c693a313532353033353435383b61646d696e5f6c6f67696e7c733a313a2231223b61646d696e5f69647c733a313a2231223b6c6f67696e5f757365725f69647c733a313a2231223b6e616d657c733a31363a224e69636f64656d7573204b6172697361223b6c6f67696e5f747970657c733a353a2261646d696e223b),
('d1d9a4dd7e5aae21ee7d6a426739defc15a00bde', '::1', 1489085035, 0x5f5f63695f6c6173745f726567656e65726174657c693a313438393038343733393b61646d696e5f6c6f67696e7c733a313a2231223b61646d696e5f69647c733a313a2231223b6c6f67696e5f757365725f69647c733a313a2231223b6e616d657c733a31363a224e69636f64656d7573204b6172697361223b6c6f67696e5f747970657c733a353a2261646d696e223b),
('d3a3c60d5c466536ca2e51defa0ee6676b4a517d', '::1', 1522848095, 0x5f5f63695f6c6173745f726567656e65726174657c693a313532323834383037353b61646d696e5f6c6f67696e7c733a313a2231223b61646d696e5f69647c733a313a2231223b6c6f67696e5f757365725f69647c733a313a2231223b6e616d657c733a31363a224e69636f64656d7573204b6172697361223b6c6f67696e5f747970657c733a353a2261646d696e223b),
('d3eb412e0050657302ab0f7b79a1fe33548fdf04', '::1', 1510486020, 0x5f5f63695f6c6173745f726567656e65726174657c693a313531303438363030333b61646d696e5f6c6f67696e7c733a313a2231223b61646d696e5f69647c733a313a2231223b6c6f67696e5f757365725f69647c733a313a2231223b6e616d657c733a31363a224e69636f64656d7573204b6172697361223b6c6f67696e5f747970657c733a353a2261646d696e223b),
('d4bd3bc5b592734138c7761c667925743e551919', '::1', 1489351755, 0x5f5f63695f6c6173745f726567656e65726174657c693a313438393335313639333b61646d696e5f6c6f67696e7c733a313a2231223b61646d696e5f69647c733a313a2231223b6c6f67696e5f757365725f69647c733a313a2231223b6e616d657c733a31363a224e69636f64656d7573204b6172697361223b6c6f67696e5f747970657c733a353a2261646d696e223b),
('d63fe8b65ad1109684691f1fc24bfd99058d5d84', '::1', 1510249856, 0x5f5f63695f6c6173745f726567656e65726174657c693a313531303234393633383b61646d696e5f6c6f67696e7c733a313a2231223b61646d696e5f69647c733a313a2231223b6c6f67696e5f757365725f69647c733a313a2231223b6e616d657c733a31363a224e69636f64656d7573204b6172697361223b6c6f67696e5f747970657c733a353a2261646d696e223b),
('d9be56b745001d5b9b70f99c722819de842059ae', '::1', 1523902858, 0x5f5f63695f6c6173745f726567656e65726174657c693a313532333930323835383b),
('daf6447e729bab4da6a4700c5cefec5fdbe38d2c', '::1', 1524834059, 0x5f5f63695f6c6173745f726567656e65726174657c693a313532343833333738323b61646d696e5f6c6f67696e7c733a313a2231223b61646d696e5f69647c733a313a2231223b6c6f67696e5f757365725f69647c733a313a2231223b6e616d657c733a31363a224e69636f64656d7573204b6172697361223b6c6f67696e5f747970657c733a353a2261646d696e223b),
('dafac0cb59d8b513139f35d300d16c49b06d22bf', '::1', 1489070509, 0x5f5f63695f6c6173745f726567656e65726174657c693a313438393037303530393b61646d696e5f6c6f67696e7c733a313a2231223b61646d696e5f69647c733a313a2231223b6c6f67696e5f757365725f69647c733a313a2231223b6e616d657c733a31363a224e69636f64656d7573204b6172697361223b6c6f67696e5f747970657c733a353a2261646d696e223b),
('db453bb09de2929d6daeea2578ef33728ce14a1b', '::1', 1524833361, 0x5f5f63695f6c6173745f726567656e65726174657c693a313532343833333035353b61646d696e5f6c6f67696e7c733a313a2231223b61646d696e5f69647c733a313a2231223b6c6f67696e5f757365725f69647c733a313a2231223b6e616d657c733a31363a224e69636f64656d7573204b6172697361223b6c6f67696e5f747970657c733a353a2261646d696e223b),
('dcfa685a3e26d2721f34ec2231d79c3b27a1728f', '::1', 1510485017, 0x5f5f63695f6c6173745f726567656e65726174657c693a313531303438343833393b61646d696e5f6c6f67696e7c733a313a2231223b61646d696e5f69647c733a313a2231223b6c6f67696e5f757365725f69647c733a313a2231223b6e616d657c733a31363a224e69636f64656d7573204b6172697361223b6c6f67696e5f747970657c733a353a2261646d696e223b),
('de3d2b490c43c916c4670425c9a9f9b6977f9c2d', '::1', 1524229116, 0x5f5f63695f6c6173745f726567656e65726174657c693a313532343232383932333b61646d696e5f6c6f67696e7c733a313a2231223b61646d696e5f69647c733a313a2231223b6c6f67696e5f757365725f69647c733a313a2231223b6e616d657c733a31363a224e69636f64656d7573204b6172697361223b6c6f67696e5f747970657c733a353a2261646d696e223b),
('de9e0fa9527da8a949eef7351500d42474844285', '::1', 1510256516, 0x5f5f63695f6c6173745f726567656e65726174657c693a313531303235363231393b61646d696e5f6c6f67696e7c733a313a2231223b61646d696e5f69647c733a313a2231223b6c6f67696e5f757365725f69647c733a313a2231223b6e616d657c733a31363a224e69636f64656d7573204b6172697361223b6c6f67696e5f747970657c733a353a2261646d696e223b),
('dee52c42997da7476ca6b136d438a1f2d79dc453', '::1', 1489087678, 0x5f5f63695f6c6173745f726567656e65726174657c693a313438393038373637343b61646d696e5f6c6f67696e7c733a313a2231223b61646d696e5f69647c733a313a2231223b6c6f67696e5f757365725f69647c733a313a2231223b6e616d657c733a31363a224e69636f64656d7573204b6172697361223b6c6f67696e5f747970657c733a353a2261646d696e223b),
('df1d8e3aaf224d27402147aa85881a3d3198e8ea', '::1', 1522850259, 0x5f5f63695f6c6173745f726567656e65726174657c693a313532323834393936303b61646d696e5f6c6f67696e7c733a313a2231223b61646d696e5f69647c733a313a2231223b6c6f67696e5f757365725f69647c733a313a2231223b6e616d657c733a31363a224e69636f64656d7573204b6172697361223b6c6f67696e5f747970657c733a353a2261646d696e223b666c6173685f6d6573736167657c733a31323a22446174612055706461746564223b5f5f63695f766172737c613a313a7b733a31333a22666c6173685f6d657373616765223b733a333a226f6c64223b7d),
('e0b658f815b2d77d1e9969041af8d4674cc2af87', '::1', 1524830431, 0x5f5f63695f6c6173745f726567656e65726174657c693a313532343832393935393b61646d696e5f6c6f67696e7c733a313a2231223b61646d696e5f69647c733a313a2231223b6c6f67696e5f757365725f69647c733a313a2231223b6e616d657c733a31363a224e69636f64656d7573204b6172697361223b6c6f67696e5f747970657c733a353a2261646d696e223b),
('e1fbc756a3f1fee3f123d54cb28632f0d6f00700', '::1', 1489343113, 0x5f5f63695f6c6173745f726567656e65726174657c693a313438393334333039313b61646d696e5f6c6f67696e7c733a313a2231223b61646d696e5f69647c733a313a2231223b6c6f67696e5f757365725f69647c733a313a2231223b6e616d657c733a31363a224e69636f64656d7573204b6172697361223b6c6f67696e5f747970657c733a353a2261646d696e223b),
('e2e525be98f1a23e3db6092bf0b49c97f507d8cd', '::1', 1510262492, 0x5f5f63695f6c6173745f726567656e65726174657c693a313531303236323333313b61646d696e5f6c6f67696e7c733a313a2231223b61646d696e5f69647c733a313a2231223b6c6f67696e5f757365725f69647c733a313a2231223b6e616d657c733a31363a224e69636f64656d7573204b6172697361223b6c6f67696e5f747970657c733a353a2261646d696e223b),
('e33de2e2bf0db22ead734a70556c8a7bcbb34af5', '::1', 1525033464, 0x5f5f63695f6c6173745f726567656e65726174657c693a313532353033333230373b61646d696e5f6c6f67696e7c733a313a2231223b61646d696e5f69647c733a313a2231223b6c6f67696e5f757365725f69647c733a313a2231223b6e616d657c733a31363a224e69636f64656d7573204b6172697361223b6c6f67696e5f747970657c733a353a2261646d696e223b),
('e7de4a49afc34482da929300dd3abf58613797c5', '::1', 1510256054, 0x5f5f63695f6c6173745f726567656e65726174657c693a313531303235353831373b61646d696e5f6c6f67696e7c733a313a2231223b61646d696e5f69647c733a313a2231223b6c6f67696e5f757365725f69647c733a313a2231223b6e616d657c733a31363a224e69636f64656d7573204b6172697361223b6c6f67696e5f747970657c733a353a2261646d696e223b),
('e86a17a5f867d05fe8d188055a0aec40aaadd339', '::1', 1510493724, 0x5f5f63695f6c6173745f726567656e65726174657c693a313531303439333732313b61646d696e5f6c6f67696e7c733a313a2231223b61646d696e5f69647c733a313a2231223b6c6f67696e5f757365725f69647c733a313a2231223b6e616d657c733a31363a224e69636f64656d7573204b6172697361223b6c6f67696e5f747970657c733a353a2261646d696e223b),
('e8ad584764b2e936c67dcff2bf2a567536031078', '::1', 1524230898, 0x5f5f63695f6c6173745f726567656e65726174657c693a313532343233303839363b61646d696e5f6c6f67696e7c733a313a2231223b61646d696e5f69647c733a313a2231223b6c6f67696e5f757365725f69647c733a313a2231223b6e616d657c733a31363a224e69636f64656d7573204b6172697361223b6c6f67696e5f747970657c733a353a2261646d696e223b),
('ebf0c2b750031c930804eaa16efd72aa781b0985', '::1', 1489068347, 0x5f5f63695f6c6173745f726567656e65726174657c693a313438393036373034363b61646d696e5f6c6f67696e7c733a313a2231223b61646d696e5f69647c733a313a2231223b6c6f67696e5f757365725f69647c733a313a2231223b6e616d657c733a31363a224e69636f64656d7573204b6172697361223b6c6f67696e5f747970657c733a353a2261646d696e223b),
('ec7917e3cbd3c1370d9973e46f2eb02b5fac920e', '::1', 1510336197, 0x5f5f63695f6c6173745f726567656e65726174657c693a313531303333363038393b61646d696e5f6c6f67696e7c733a313a2231223b61646d696e5f69647c733a313a2231223b6c6f67696e5f757365725f69647c733a313a2231223b6e616d657c733a31363a224e69636f64656d7573204b6172697361223b6c6f67696e5f747970657c733a353a2261646d696e223b),
('ed68cbfa5e8d48b78960ec84232482d5de313113', '::1', 1524817683, 0x5f5f63695f6c6173745f726567656e65726174657c693a313532343831373437383b746561636865725f6c6f67696e7c733a313a2231223b746561636865725f69647c733a313a2231223b6c6f67696e5f757365725f69647c733a313a2231223b6e616d657c733a31313a225061747479204b616d6175223b6c6f67696e5f747970657c733a373a2274656163686572223b),
('eeae4d102f9273e7b7473a8e4a1e3e17a0c572d3', '::1', 1489349764, 0x5f5f63695f6c6173745f726567656e65726174657c693a313438393334393538333b61646d696e5f6c6f67696e7c733a313a2231223b61646d696e5f69647c733a313a2231223b6c6f67696e5f757365725f69647c733a313a2231223b6e616d657c733a31363a224e69636f64656d7573204b6172697361223b6c6f67696e5f747970657c733a353a2261646d696e223b),
('eed5ef9fe7fee5bc652971650019946f01743e89', '::1', 1524820365, 0x5f5f63695f6c6173745f726567656e65726174657c693a313532343832303335373b61646d696e5f6c6f67696e7c733a313a2231223b61646d696e5f69647c733a313a2231223b6c6f67696e5f757365725f69647c733a313a2231223b6e616d657c733a31363a224e69636f64656d7573204b6172697361223b6c6f67696e5f747970657c733a353a2261646d696e223b),
('efe97180ad036ca2d0a42ac1c73541d241feb38d', '::1', 1524822233, 0x5f5f63695f6c6173745f726567656e65726174657c693a313532343832323230353b61646d696e5f6c6f67696e7c733a313a2231223b61646d696e5f69647c733a313a2231223b6c6f67696e5f757365725f69647c733a313a2231223b6e616d657c733a31363a224e69636f64656d7573204b6172697361223b6c6f67696e5f747970657c733a353a2261646d696e223b),
('f061bec4b760c606509392afc65a4fc05adebd50', '::1', 1510263723, 0x5f5f63695f6c6173745f726567656e65726174657c693a313531303236333231303b61646d696e5f6c6f67696e7c733a313a2231223b61646d696e5f69647c733a313a2231223b6c6f67696e5f757365725f69647c733a313a2231223b6e616d657c733a31363a224e69636f64656d7573204b6172697361223b6c6f67696e5f747970657c733a353a2261646d696e223b),
('f0a2f9f0f06ac1a0b7539701dab0ac89b437425c', '::1', 1489348452, 0x5f5f63695f6c6173745f726567656e65726174657c693a313438393334383236303b61646d696e5f6c6f67696e7c733a313a2231223b61646d696e5f69647c733a313a2231223b6c6f67696e5f757365725f69647c733a313a2231223b6e616d657c733a31363a224e69636f64656d7573204b6172697361223b6c6f67696e5f747970657c733a353a2261646d696e223b),
('f27611b3179fa0a7db94415235b02a9d604dca04', '::1', 1524825766, 0x5f5f63695f6c6173745f726567656e65726174657c693a313532343832353535323b61646d696e5f6c6f67696e7c733a313a2231223b61646d696e5f69647c733a313a2231223b6c6f67696e5f757365725f69647c733a313a2231223b6e616d657c733a31363a224e69636f64656d7573204b6172697361223b6c6f67696e5f747970657c733a353a2261646d696e223b),
('f65a5d4c411bd546bb1d5c8da1eeb22890233fe8', '::1', 1510494126, 0x5f5f63695f6c6173745f726567656e65726174657c693a313531303439343039343b61646d696e5f6c6f67696e7c733a313a2231223b61646d696e5f69647c733a313a2231223b6c6f67696e5f757365725f69647c733a313a2231223b6e616d657c733a31363a224e69636f64656d7573204b6172697361223b6c6f67696e5f747970657c733a353a2261646d696e223b),
('fa220ea73f147339f42beca357d652196beb2307', '::1', 1489074919, 0x5f5f63695f6c6173745f726567656e65726174657c693a313438393037343631313b61646d696e5f6c6f67696e7c733a313a2231223b61646d696e5f69647c733a313a2231223b6c6f67696e5f757365725f69647c733a313a2231223b6e616d657c733a31363a224e69636f64656d7573204b6172697361223b6c6f67696e5f747970657c733a353a2261646d696e223b),
('fa94ac42d7d28e774ecf88d2b8957aa1d0b54959', '::1', 1489083211, 0x5f5f63695f6c6173745f726567656e65726174657c693a313438393038323931373b61646d696e5f6c6f67696e7c733a313a2231223b61646d696e5f69647c733a313a2231223b6c6f67696e5f757365725f69647c733a313a2231223b6e616d657c733a31363a224e69636f64656d7573204b6172697361223b6c6f67696e5f747970657c733a353a2261646d696e223b),
('fa94d4cc207089aaa04072dfe2563796b49b72ce', '::1', 1489355791, 0x5f5f63695f6c6173745f726567656e65726174657c693a313438393335353638313b61646d696e5f6c6f67696e7c733a313a2231223b61646d696e5f69647c733a313a2231223b6c6f67696e5f757365725f69647c733a313a2231223b6e616d657c733a31363a224e69636f64656d7573204b6172697361223b6c6f67696e5f747970657c733a353a2261646d696e223b),
('fb4e134477bd91da7518818b10968b60986807f8', '::1', 1522848063, 0x5f5f63695f6c6173745f726567656e65726174657c693a313532323834373737323b61646d696e5f6c6f67696e7c733a313a2231223b61646d696e5f69647c733a313a2231223b6c6f67696e5f757365725f69647c733a313a2231223b6e616d657c733a31363a224e69636f64656d7573204b6172697361223b6c6f67696e5f747970657c733a353a2261646d696e223b),
('fb69bf2d01d67a51b6003bbb3680149a7b843497', '::1', 1510259168, 0x5f5f63695f6c6173745f726567656e65726174657c693a313531303235393037363b61646d696e5f6c6f67696e7c733a313a2231223b61646d696e5f69647c733a313a2231223b6c6f67696e5f757365725f69647c733a313a2231223b6e616d657c733a31363a224e69636f64656d7573204b6172697361223b6c6f67696e5f747970657c733a353a2261646d696e223b),
('fd421d1844654af40d47f7324ec78132a2bfb75c', '::1', 1489090518, 0x5f5f63695f6c6173745f726567656e65726174657c693a313438393039303231393b61646d696e5f6c6f67696e7c733a313a2231223b61646d696e5f69647c733a313a2231223b6c6f67696e5f757365725f69647c733a313a2231223b6e616d657c733a31363a224e69636f64656d7573204b6172697361223b6c6f67696e5f747970657c733a353a2261646d696e223b);

-- --------------------------------------------------------

--
-- Table structure for table `class`
--

CREATE TABLE `class` (
  `class_id` int(11) NOT NULL,
  `name` longtext COLLATE utf8_unicode_ci NOT NULL,
  `name_numeric` longtext COLLATE utf8_unicode_ci NOT NULL,
  `teacher_id` int(11) NOT NULL
) ENGINE=InnoDB DEFAULT CHARSET=utf8 COLLATE=utf8_unicode_ci;

--
-- Dumping data for table `class`
--

INSERT INTO `class` (`class_id`, `name`, `name_numeric`, `teacher_id`) VALUES
(1, 'STD Two', '2', 2),
(2, 'Class Three', '3', 1);

-- --------------------------------------------------------

--
-- Table structure for table `class_routine`
--

CREATE TABLE `class_routine` (
  `class_routine_id` int(11) NOT NULL,
  `class_id` int(11) NOT NULL,
  `subject_id` int(11) NOT NULL,
  `time_start` int(11) NOT NULL,
  `time_end` int(11) NOT NULL,
  `time_start_min` int(11) NOT NULL,
  `time_end_min` int(11) NOT NULL,
  `day` longtext COLLATE utf8_unicode_ci NOT NULL
) ENGINE=InnoDB DEFAULT CHARSET=utf8 COLLATE=utf8_unicode_ci;

--
-- Dumping data for table `class_routine`
--

INSERT INTO `class_routine` (`class_routine_id`, `class_id`, `subject_id`, `time_start`, `time_end`, `time_start_min`, `time_end_min`, `day`) VALUES
(1, 2, 1, 9, 9, 0, 40, 'monday'),
(2, 1, 3, 10, 10, 0, 40, 'tuesday'),
(3, 1, 2, 14, 14, 0, 40, 'tuesday'),
(4, 1, 2, 9, 9, 0, 45, 'monday'),
(5, 1, 4, 10, 11, 40, 20, 'tuesday'),
(6, 1, 4, 9, 9, 0, 40, 'wednesday'),
(7, 1, 3, 10, 11, 20, 0, 'thursday'),
(8, 1, 2, 9, 9, 0, 45, 'thursday'),
(9, 0, 0, 24, 13, 15, 0, 'thursday'),
(10, 1, 4, 24, 13, 15, 0, 'friday');

-- --------------------------------------------------------

--
-- Table structure for table `class_routine_attendance`
--

CREATE TABLE `class_routine_attendance` (
  `class_routine_attendance_id` int(100) NOT NULL,
  `class_routine_id` int(10) NOT NULL,
  `attendance_date` date NOT NULL,
  `notes` longtext NOT NULL
) ENGINE=InnoDB DEFAULT CHARSET=latin1;

--
-- Dumping data for table `class_routine_attendance`
--

INSERT INTO `class_routine_attendance` (`class_routine_attendance_id`, `class_routine_id`, `attendance_date`, `notes`) VALUES
(6, 5, '2018-04-28', 'This is okay'),
(7, 7, '2018-04-26', 'Tested and works'),
(8, 6, '2018-04-25', 'This is working'),
(9, 5, '2018-04-24', 'Well done'),
(10, 2, '2018-04-10', 'Hey. This is cool'),
(11, 3, '2018-04-10', 'Good work'),
(12, 5, '2018-04-10', 'Tested well'),
(13, 8, '2018-04-12', 'Hello Hello');

-- --------------------------------------------------------

--
-- Table structure for table `document`
--

CREATE TABLE `document` (
  `document_id` int(11) NOT NULL,
  `title` longtext COLLATE utf8_unicode_ci NOT NULL,
  `description` longtext COLLATE utf8_unicode_ci NOT NULL,
  `file_name` longtext COLLATE utf8_unicode_ci NOT NULL,
  `file_type` longtext COLLATE utf8_unicode_ci NOT NULL,
  `class_id` longtext COLLATE utf8_unicode_ci NOT NULL,
  `teacher_id` int(11) NOT NULL,
  `timestamp` longtext COLLATE utf8_unicode_ci NOT NULL
) ENGINE=MyISAM DEFAULT CHARSET=utf8 COLLATE=utf8_unicode_ci;

-- --------------------------------------------------------

--
-- Table structure for table `dormitory`
--

CREATE TABLE `dormitory` (
  `dormitory_id` int(11) NOT NULL,
  `name` longtext COLLATE utf8_unicode_ci NOT NULL,
  `number_of_room` longtext COLLATE utf8_unicode_ci NOT NULL,
  `description` longtext COLLATE utf8_unicode_ci NOT NULL
) ENGINE=MyISAM DEFAULT CHARSET=utf8 COLLATE=utf8_unicode_ci;

-- --------------------------------------------------------

--
-- Table structure for table `exam`
--

CREATE TABLE `exam` (
  `exam_id` int(11) NOT NULL,
  `name` longtext COLLATE utf8_unicode_ci NOT NULL,
  `date` longtext COLLATE utf8_unicode_ci NOT NULL,
  `comment` longtext COLLATE utf8_unicode_ci NOT NULL
) ENGINE=InnoDB DEFAULT CHARSET=utf8 COLLATE=utf8_unicode_ci;

--
-- Dumping data for table `exam`
--

INSERT INTO `exam` (`exam_id`, `name`, `date`, `comment`) VALUES
(1, 'Mid Term Term 1', '04/30/2018', 'Exam');

-- --------------------------------------------------------

--
-- Table structure for table `expense`
--

CREATE TABLE `expense` (
  `expense_id` int(200) NOT NULL,
  `batch_number` int(10) NOT NULL,
  `description` varchar(200) NOT NULL,
  `payee` varchar(200) NOT NULL,
  `t_date` date NOT NULL,
  `method` varchar(20) NOT NULL,
  `cheque_no` int(10) NOT NULL,
  `amount` decimal(10,2) NOT NULL,
  `timestamp` timestamp NOT NULL DEFAULT CURRENT_TIMESTAMP ON UPDATE CURRENT_TIMESTAMP
) ENGINE=InnoDB DEFAULT CHARSET=latin1;

--
-- Dumping data for table `expense`
--

INSERT INTO `expense` (`expense_id`, `batch_number`, `description`, `payee`, `t_date`, `method`, `cheque_no`, `amount`, `timestamp`) VALUES
(9, 170302, 'School Bus Fuel', 'Total', '2017-03-01', '2', 0, '1710.00', '2017-03-06 20:13:24'),
(10, 170303, 'February Salaries', 'Various', '2017-03-02', '1', 0, '25500.00', '2017-03-06 20:23:15'),
(11, 170304, 'February Salary for Primary School', 'Various', '2017-03-02', '2', 0, '68000.00', '2017-03-06 20:23:15'),
(12, 170307, 'February Salaries', 'Various', '2017-03-02', '1', 0, '-25500.00', '2017-03-06 20:23:15'),
(13, 170308, 'School Bus Fuel', 'Total', '2017-03-01', '2', 0, '-1710.00', '2017-03-06 20:13:24'),
(14, 171009, 'Testing', 'Test', '2017-10-06', '1', 0, '1200.00', '0000-00-00 00:00:00'),
(15, 171110, 'Testing', 'Test', '2017-11-10', '2', 1, '12000.00', '0000-00-00 00:00:00'),
(16, 171111, 'Test 3', 'Test ', '2017-11-10', '2', 0, '2500.00', '0000-00-00 00:00:00'),
(17, 180413, 'Salary', 'Peninah', '2018-04-04', '1', 0, '25000.00', '0000-00-00 00:00:00');

-- --------------------------------------------------------

--
-- Table structure for table `expense_category`
--

CREATE TABLE `expense_category` (
  `expense_category_id` int(11) NOT NULL,
  `name` longtext COLLATE utf8_unicode_ci NOT NULL,
  `income_category_id` int(10) NOT NULL
) ENGINE=InnoDB DEFAULT CHARSET=utf8 COLLATE=utf8_unicode_ci;

--
-- Dumping data for table `expense_category`
--

INSERT INTO `expense_category` (`expense_category_id`, `name`, `income_category_id`) VALUES
(1, 'Transport Expenses', 1),
(2, 'Administration', 6),
(3, 'Examination', 2),
(4, 'Maintainance', 3),
(5, 'Salaries', 6);

-- --------------------------------------------------------

--
-- Table structure for table `expense_details`
--

CREATE TABLE `expense_details` (
  `expense_details_id` int(200) NOT NULL,
  `expense_id` int(200) NOT NULL,
  `qty` int(50) NOT NULL,
  `description` varchar(200) NOT NULL,
  `unitcost` decimal(10,2) NOT NULL,
  `cost` decimal(10,2) NOT NULL,
  `expense_category_id` int(200) NOT NULL
) ENGINE=InnoDB DEFAULT CHARSET=latin1;

--
-- Dumping data for table `expense_details`
--

INSERT INTO `expense_details` (`expense_details_id`, `expense_id`, `qty`, `description`, `unitcost`, `cost`, `expense_category_id`) VALUES
(14, 9, 10, 'Liters of Petrol', '91.00', '910.00', 4),
(15, 9, 5, 'Liters of Oil', '160.00', '800.00', 4),
(16, 10, 3, 'Nursery Teachers', '8500.00', '25500.00', 1),
(17, 11, 6, 'Primary Section Salary', '10500.00', '63000.00', 1),
(18, 11, 2, 'Helb Loans', '2500.00', '5000.00', 1),
(20, 12, 3, 'Nursery Teachers', '-8500.00', '-25500.00', 1),
(23, 13, 10, 'Liters of Petrol', '-91.00', '-910.00', 4),
(24, 13, 5, 'Liters of Oil', '-1160.00', '-800.00', 4),
(25, 14, 1, 'Test', '1200.00', '1200.00', 1),
(26, 15, 10, 'Test', '1200.00', '12000.00', 1),
(27, 16, 5, 'Test 3', '500.00', '2500.00', 3),
(28, 17, 1, 'Salary', '25000.00', '25000.00', 5),
(29, 0, 1, 'Salary', '-25000.00', '-25000.00', 5);

-- --------------------------------------------------------

--
-- Table structure for table `fees_structure`
--

CREATE TABLE `fees_structure` (
  `fees_id` int(10) NOT NULL,
  `name` longtext NOT NULL,
  `class_id` int(10) NOT NULL,
  `yr` int(10) NOT NULL,
  `term` int(10) NOT NULL
) ENGINE=InnoDB DEFAULT CHARSET=latin1;

--
-- Dumping data for table `fees_structure`
--

INSERT INTO `fees_structure` (`fees_id`, `name`, `class_id`, `yr`, `term`) VALUES
(1, 'class_STD_Two_term_One_year_2017', 1, 2017, 1),
(2, 'class_STD_Two_term_Two_year_2017', 1, 2017, 2),
(3, 'class_Class_Three_term_One_year_2018', 2, 2018, 1);

-- --------------------------------------------------------

--
-- Table structure for table `fees_structure_details`
--

CREATE TABLE `fees_structure_details` (
  `detail_id` int(10) NOT NULL,
  `name` longtext NOT NULL,
  `fees_id` int(10) NOT NULL,
  `income_category_id` int(10) NOT NULL,
  `amount` int(10) NOT NULL
) ENGINE=InnoDB DEFAULT CHARSET=latin1;

--
-- Dumping data for table `fees_structure_details`
--

INSERT INTO `fees_structure_details` (`detail_id`, `name`, `fees_id`, `income_category_id`, `amount`) VALUES
(1, 'Tuition', 1, 6, 8500),
(2, 'Science Trip', 1, 4, 4500),
(3, 'Opening Exams', 1, 2, 480),
(4, 'Book Fair (New Students)', 1, 3, 3400),
(5, 'Tution', 3, 6, 7500),
(6, 'Meals', 3, 3, 3200),
(7, 'Field Trips', 3, 4, 4500);

-- --------------------------------------------------------

--
-- Table structure for table `grade`
--

CREATE TABLE `grade` (
  `grade_id` int(11) NOT NULL,
  `name` longtext COLLATE utf8_unicode_ci NOT NULL,
  `grade_point` longtext COLLATE utf8_unicode_ci NOT NULL,
  `mark_from` int(11) NOT NULL,
  `mark_upto` int(11) NOT NULL,
  `comment` longtext COLLATE utf8_unicode_ci NOT NULL
) ENGINE=InnoDB DEFAULT CHARSET=utf8 COLLATE=utf8_unicode_ci;

--
-- Dumping data for table `grade`
--

INSERT INTO `grade` (`grade_id`, `name`, `grade_point`, `mark_from`, `mark_upto`, `comment`) VALUES
(1, 'Excellent ', 'A', 80, 100, ''),
(2, 'Good', 'B', 60, 79, ''),
(3, 'Fair', 'C', 40, 59, '');

-- --------------------------------------------------------

--
-- Table structure for table `income_categories`
--

CREATE TABLE `income_categories` (
  `income_category_id` int(100) NOT NULL,
  `name` varchar(50) NOT NULL
) ENGINE=InnoDB DEFAULT CHARSET=latin1;

--
-- Dumping data for table `income_categories`
--

INSERT INTO `income_categories` (`income_category_id`, `name`) VALUES
(1, 'Transport Revenue'),
(2, 'Examinations'),
(3, 'Miscellaneous'),
(4, 'Academic Trips'),
(5, 'Maintainance'),
(6, 'Tuition');

-- --------------------------------------------------------

--
-- Table structure for table `invoice`
--

CREATE TABLE `invoice` (
  `invoice_id` int(11) NOT NULL,
  `student_id` int(11) NOT NULL,
  `yr` longtext COLLATE utf8_unicode_ci NOT NULL,
  `term` longtext COLLATE utf8_unicode_ci NOT NULL,
  `amount` int(11) NOT NULL,
  `amount_due` longtext COLLATE utf8_unicode_ci NOT NULL,
  `amount_paid` int(100) NOT NULL,
  `balance` int(100) NOT NULL,
  `creation_timestamp` int(11) NOT NULL,
  `status` longtext COLLATE utf8_unicode_ci NOT NULL COMMENT 'paid or unpaid'
) ENGINE=MyISAM DEFAULT CHARSET=utf8 COLLATE=utf8_unicode_ci;

--
-- Dumping data for table `invoice`
--

INSERT INTO `invoice` (`invoice_id`, `student_id`, `yr`, `term`, `amount`, `amount_due`, `amount_paid`, `balance`, `creation_timestamp`, `status`) VALUES
(1, 1, '2017', '1', 16880, '16880', 4100, 12780, 1488322800, 'unpaid'),
(4, 4, '2018', '1', 15200, '12700', 7500, 5200, 1525039200, 'unpaid');

-- --------------------------------------------------------

--
-- Table structure for table `invoice_details`
--

CREATE TABLE `invoice_details` (
  `invoice_details_id` int(200) NOT NULL,
  `invoice_id` int(200) NOT NULL,
  `detail_id` int(200) NOT NULL,
  `amount_due` int(200) NOT NULL
) ENGINE=InnoDB DEFAULT CHARSET=latin1;

--
-- Dumping data for table `invoice_details`
--

INSERT INTO `invoice_details` (`invoice_details_id`, `invoice_id`, `detail_id`, `amount_due`) VALUES
(1, 1, 1, 8500),
(2, 1, 2, 4500),
(3, 1, 3, 480),
(4, 1, 4, 3400),
(5, 4, 5, 5000),
(6, 4, 6, 3200),
(7, 4, 7, 4500);

-- --------------------------------------------------------

--
-- Table structure for table `language`
--

CREATE TABLE `language` (
  `phrase_id` int(11) NOT NULL,
  `phrase` longtext COLLATE utf8_unicode_ci NOT NULL,
  `english` longtext COLLATE utf8_unicode_ci NOT NULL,
  `bengali` longtext COLLATE utf8_unicode_ci NOT NULL,
  `spanish` longtext COLLATE utf8_unicode_ci NOT NULL,
  `arabic` longtext COLLATE utf8_unicode_ci NOT NULL,
  `dutch` longtext COLLATE utf8_unicode_ci NOT NULL,
  `russian` longtext COLLATE utf8_unicode_ci NOT NULL,
  `chinese` longtext COLLATE utf8_unicode_ci NOT NULL,
  `turkish` longtext COLLATE utf8_unicode_ci NOT NULL,
  `portuguese` longtext COLLATE utf8_unicode_ci NOT NULL,
  `hungarian` longtext COLLATE utf8_unicode_ci NOT NULL,
  `french` longtext COLLATE utf8_unicode_ci NOT NULL,
  `greek` longtext COLLATE utf8_unicode_ci NOT NULL,
  `german` longtext COLLATE utf8_unicode_ci NOT NULL,
  `italian` longtext COLLATE utf8_unicode_ci NOT NULL,
  `thai` longtext COLLATE utf8_unicode_ci NOT NULL,
  `urdu` longtext COLLATE utf8_unicode_ci NOT NULL,
  `hindi` longtext COLLATE utf8_unicode_ci NOT NULL,
  `latin` longtext COLLATE utf8_unicode_ci NOT NULL,
  `indonesian` longtext COLLATE utf8_unicode_ci NOT NULL,
  `japanese` longtext COLLATE utf8_unicode_ci NOT NULL,
  `korean` longtext COLLATE utf8_unicode_ci NOT NULL,
  `swahili` longtext COLLATE utf8_unicode_ci,
  `Kikuyu` longtext COLLATE utf8_unicode_ci
) ENGINE=MyISAM DEFAULT CHARSET=utf8 COLLATE=utf8_unicode_ci;

--
-- Dumping data for table `language`
--

INSERT INTO `language` (`phrase_id`, `phrase`, `english`, `bengali`, `spanish`, `arabic`, `dutch`, `russian`, `chinese`, `turkish`, `portuguese`, `hungarian`, `french`, `greek`, `german`, `italian`, `thai`, `urdu`, `hindi`, `latin`, `indonesian`, `japanese`, `korean`, `swahili`, `Kikuyu`) VALUES
(1, 'login', '', '', '', '', '', '', '', '', '', '', '', '', '', '', '', '', '', '', '', '', '', NULL, ''),
(2, 'forgot_your_password', '', '', '', '', '', '', '', '', '', '', '', '', '', '', '', '', '', '', '', '', '', NULL, ''),
(3, 'admin_dashboard', '', '', '', '', '', '', '', '', '', '', '', '', '', '', '', '', '', '', '', '', '', NULL, ''),
(4, 'dashboard', '', '', '', '', '', '', '', '', '', '', '', '', '', '', '', '', '', '', '', '', '', NULL, ''),
(5, 'student', '', '', '', '', '', '', '', '', '', '', '', '', '', '', '', '', '', '', '', '', '', NULL, ''),
(6, 'admit_student', '', '', '', '', '', '', '', '', '', '', '', '', '', '', '', '', '', '', '', '', '', NULL, ''),
(7, 'admit_bulk_student', '', '', '', '', '', '', '', '', '', '', '', '', '', '', '', '', '', '', '', '', '', NULL, ''),
(8, 'student_information', '', '', '', '', '', '', '', '', '', '', '', '', '', '', '', '', '', '', '', '', '', NULL, ''),
(9, 'teacher', '', '', '', '', '', '', '', '', '', '', '', '', '', '', '', '', '', '', '', '', '', NULL, ''),
(10, 'parents', '', '', '', '', '', '', '', '', '', '', '', '', '', '', '', '', '', '', '', '', '', NULL, ''),
(11, 'class', '', '', '', '', '', '', '', '', '', '', '', '', '', '', '', '', '', '', '', '', '', NULL, ''),
(12, 'manage_classes', '', '', '', '', '', '', '', '', '', '', '', '', '', '', '', '', '', '', '', '', '', NULL, ''),
(13, 'manage_sections', '', '', '', '', '', '', '', '', '', '', '', '', '', '', '', '', '', '', '', '', '', NULL, ''),
(14, 'subject', '', '', '', '', '', '', '', '', '', '', '', '', '', '', '', '', '', '', '', '', '', NULL, ''),
(15, 'class_routine', '', '', '', '', '', '', '', '', '', '', '', '', '', '', '', '', '', '', '', '', '', NULL, ''),
(16, 'daily_attendance', '', '', '', '', '', '', '', '', '', '', '', '', '', '', '', '', '', '', '', '', '', NULL, ''),
(17, 'exam', '', '', '', '', '', '', '', '', '', '', '', '', '', '', '', '', '', '', '', '', '', NULL, ''),
(18, 'exam_list', '', '', '', '', '', '', '', '', '', '', '', '', '', '', '', '', '', '', '', '', '', NULL, ''),
(19, 'exam_grades', '', '', '', '', '', '', '', '', '', '', '', '', '', '', '', '', '', '', '', '', '', NULL, ''),
(20, 'manage_marks', '', '', '', '', '', '', '', '', '', '', '', '', '', '', '', '', '', '', '', '', '', NULL, ''),
(21, 'send_marks_by_sms', '', '', '', '', '', '', '', '', '', '', '', '', '', '', '', '', '', '', '', '', '', NULL, ''),
(22, 'tabulation_sheet', '', '', '', '', '', '', '', '', '', '', '', '', '', '', '', '', '', '', '', '', '', NULL, ''),
(23, 'accounting', '', '', '', '', '', '', '', '', '', '', '', '', '', '', '', '', '', '', '', '', '', NULL, ''),
(24, 'fees_structure', '', '', '', '', '', '', '', '', '', '', '', '', '', '', '', '', '', '', '', '', '', NULL, ''),
(25, 'create_invoice', '', '', '', '', '', '', '', '', '', '', '', '', '', '', '', '', '', '', '', '', '', NULL, ''),
(26, 'student_payments', '', '', '', '', '', '', '', '', '', '', '', '', '', '', '', '', '', '', '', '', '', NULL, ''),
(27, 'school_expenses', '', '', '', '', '', '', '', '', '', '', '', '', '', '', '', '', '', '', '', '', '', NULL, ''),
(28, 'cash_book', '', '', '', '', '', '', '', '', '', '', '', '', '', '', '', '', '', '', '', '', '', NULL, ''),
(29, 'budget', '', '', '', '', '', '', '', '', '', '', '', '', '', '', '', '', '', '', '', '', '', NULL, ''),
(30, 'library', '', '', '', '', '', '', '', '', '', '', '', '', '', '', '', '', '', '', '', '', '', NULL, ''),
(31, 'transport', '', '', '', '', '', '', '', '', '', '', '', '', '', '', '', '', '', '', '', '', '', NULL, ''),
(32, 'dormitory', '', '', '', '', '', '', '', '', '', '', '', '', '', '', '', '', '', '', '', '', '', NULL, ''),
(33, 'noticeboard', '', '', '', '', '', '', '', '', '', '', '', '', '', '', '', '', '', '', '', '', '', NULL, ''),
(34, 'message', '', '', '', '', '', '', '', '', '', '', '', '', '', '', '', '', '', '', '', '', '', NULL, ''),
(35, 'settings', '', '', '', '', '', '', '', '', '', '', '', '', '', '', '', '', '', '', '', '', '', NULL, ''),
(36, 'general_settings', '', '', '', '', '', '', '', '', '', '', '', '', '', '', '', '', '', '', '', '', '', NULL, ''),
(37, 'sms_settings', '', '', '', '', '', '', '', '', '', '', '', '', '', '', '', '', '', '', '', '', '', NULL, ''),
(38, 'language_settings', '', '', '', '', '', '', '', '', '', '', '', '', '', '', '', '', '', '', '', '', '', NULL, ''),
(39, 'school_settings', '', '', '', '', '', '', '', '', '', '', '', '', '', '', '', '', '', '', '', '', '', NULL, ''),
(40, 'account', '', '', '', '', '', '', '', '', '', '', '', '', '', '', '', '', '', '', '', '', '', NULL, ''),
(41, 'edit_profile', '', '', '', '', '', '', '', '', '', '', '', '', '', '', '', '', '', '', '', '', '', NULL, ''),
(42, 'change_password', '', '', '', '', '', '', '', '', '', '', '', '', '', '', '', '', '', '', '', '', '', NULL, ''),
(43, 'event_schedule', '', '', '', '', '', '', '', '', '', '', '', '', '', '', '', '', '', '', '', '', '', NULL, ''),
(44, 'parent', '', '', '', '', '', '', '', '', '', '', '', '', '', '', '', '', '', '', '', '', '', NULL, 'Muciari'),
(45, 'attendance', '', '', '', '', '', '', '', '', '', '', '', '', '', '', '', '', '', '', '', '', '', NULL, ''),
(46, 'delete', '', '', '', '', '', '', '', '', '', '', '', '', '', '', '', '', '', '', '', '', '', NULL, ''),
(47, 'cancel', '', '', '', '', '', '', '', '', '', '', '', '', '', '', '', '', '', '', '', '', '', NULL, ''),
(48, 'Ok', '', '', '', '', '', '', '', '', '', '', '', '', '', '', '', '', '', '', '', '', '', NULL, ''),
(49, 'school_budget', '', '', '', '', '', '', '', '', '', '', '', '', '', '', '', '', '', '', '', '', '', NULL, ''),
(50, 'new_budget_item', '', '', '', '', '', '', '', '', '', '', '', '', '', '', '', '', '', '', '', '', '', NULL, ''),
(51, 'budget_summary', '', '', '', '', '', '', '', '', '', '', '', '', '', '', '', '', '', '', '', '', '', NULL, ''),
(52, 'budget_schedules', '', '', '', '', '', '', '', '', '', '', '', '', '', '', '', '', '', '', '', '', '', NULL, ''),
(53, 'account_', '', '', '', '', '', '', '', '', '', '', '', '', '', '', '', '', '', '', '', '', '', NULL, ''),
(54, 'select', '', '', '', '', '', '', '', '', '', '', '', '', '', '', '', '', '', '', '', '', '', NULL, ''),
(55, 'description_', '', '', '', '', '', '', '', '', '', '', '', '', '', '', '', '', '', '', '', '', '', NULL, ''),
(56, 'financial_year', '', '', '', '', '', '', '', '', '', '', '', '', '', '', '', '', '', '', '', '', '', NULL, ''),
(57, 'quantity_', '', '', '', '', '', '', '', '', '', '', '', '', '', '', '', '', '', '', '', '', '', NULL, ''),
(58, 'unit_cost', '', '', '', '', '', '', '', '', '', '', '', '', '', '', '', '', '', '', '', '', '', NULL, ''),
(59, 'how_often', '', '', '', '', '', '', '', '', '', '', '', '', '', '', '', '', '', '', '', '', '', NULL, ''),
(60, 'total_', '', '', '', '', '', '', '', '', '', '', '', '', '', '', '', '', '', '', '', '', '', NULL, ''),
(61, 'monthly_spread', '', '', '', '', '', '', '', '', '', '', '', '', '', '', '', '', '', '', '', '', '', NULL, ''),
(62, 'January', '', '', '', '', '', '', '', '', '', '', '', '', '', '', '', '', '', '', '', '', '', NULL, ''),
(63, 'February', '', '', '', '', '', '', '', '', '', '', '', '', '', '', '', '', '', '', '', '', '', NULL, ''),
(64, 'March', '', '', '', '', '', '', '', '', '', '', '', '', '', '', '', '', '', '', '', '', '', NULL, ''),
(65, 'April', '', '', '', '', '', '', '', '', '', '', '', '', '', '', '', '', '', '', '', '', '', NULL, ''),
(66, 'May', '', '', '', '', '', '', '', '', '', '', '', '', '', '', '', '', '', '', '', '', '', NULL, ''),
(67, 'June', '', '', '', '', '', '', '', '', '', '', '', '', '', '', '', '', '', '', '', '', '', NULL, ''),
(68, 'July', '', '', '', '', '', '', '', '', '', '', '', '', '', '', '', '', '', '', '', '', '', NULL, ''),
(69, 'August', '', '', '', '', '', '', '', '', '', '', '', '', '', '', '', '', '', '', '', '', '', NULL, ''),
(70, 'September', '', '', '', '', '', '', '', '', '', '', '', '', '', '', '', '', '', '', '', '', '', NULL, ''),
(71, 'October', '', '', '', '', '', '', '', '', '', '', '', '', '', '', '', '', '', '', '', '', '', NULL, ''),
(72, 'November', '', '', '', '', '', '', '', '', '', '', '', '', '', '', '', '', '', '', '', '', '', NULL, ''),
(73, 'December', '', '', '', '', '', '', '', '', '', '', '', '', '', '', '', '', '', '', '', '', '', NULL, ''),
(74, 'create', '', '', '', '', '', '', '', '', '', '', '', '', '', '', '', '', '', '', '', '', '', NULL, ''),
(75, 'clear_spread', '', '', '', '', '', '', '', '', '', '', '', '', '', '', '', '', '', '', '', '', '', NULL, ''),
(76, 'error:_account_missing', '', '', '', '', '', '', '', '', '', '', '', '', '', '', '', '', '', '', '', '', '', NULL, ''),
(77, 'error:_description_missing', '', '', '', '', '', '', '', '', '', '', '', '', '', '', '', '', '', '', '', '', '', NULL, ''),
(78, 'error:_financial_year_missing', '', '', '', '', '', '', '', '', '', '', '', '', '', '', '', '', '', '', '', '', '', NULL, ''),
(79, 'error:_quantity_missing', '', '', '', '', '', '', '', '', '', '', '', '', '', '', '', '', '', '', '', '', '', NULL, ''),
(80, 'error:_unit_cost_missing', '', '', '', '', '', '', '', '', '', '', '', '', '', '', '', '', '', '', '', '', '', NULL, ''),
(81, 'error:_frequency_missing', '', '', '', '', '', '', '', '', '', '', '', '', '', '', '', '', '', '', '', '', '', NULL, ''),
(82, 'error:_total_cost_missing', '', '', '', '', '', '', '', '', '', '', '', '', '', '', '', '', '', '', '', '', '', NULL, ''),
(83, 'error:_spread_missing', '', '', '', '', '', '', '', '', '', '', '', '', '', '', '', '', '', '', '', '', '', NULL, ''),
(84, 'error:_spread_incorrect', '', '', '', '', '', '', '', '', '', '', '', '', '', '', '', '', '', '', '', '', '', NULL, ''),
(85, 'unpaid_invoices', '', '', '', '', '', '', '', '', '', '', '', '', '', '', '', '', '', '', '', '', '', NULL, ''),
(86, 'cleared_invoices', '', '', '', '', '', '', '', '', '', '', '', '', '', '', '', '', '', '', '', '', '', NULL, ''),
(87, 'payment_history', '', '', '', '', '', '', '', '', '', '', '', '', '', '', '', '', '', '', '', '', '', NULL, ''),
(88, 'year', '', '', '', '', '', '', '', '', '', '', '', '', '', '', '', '', '', '', '', '', '', NULL, ''),
(89, 'fee_structure_total', '', '', '', '', '', '', '', '', '', '', '', '', '', '', '', '', '', '', '', '', '', NULL, ''),
(90, 'payable_amount', '', '', '', '', '', '', '', '', '', '', '', '', '', '', '', '', '', '', '', '', '', NULL, ''),
(91, 'balance', '', '', '', '', '', '', '', '', '', '', '', '', '', '', '', '', '', '', '', '', '', NULL, ''),
(92, 'date', '', '', '', '', '', '', '', '', '', '', '', '', '', '', '', '', '', '', '', '', '', NULL, ''),
(93, 'options', '', '', '', '', '', '', '', '', '', '', '', '', '', '', '', '', '', '', '', '', '', NULL, ''),
(94, 'action', '', '', '', '', '', '', '', '', '', '', '', '', '', '', '', '', '', '', '', '', '', NULL, ''),
(95, 'term', '', '', '', '', '', '', '', '', '', '', '', '', '', '', '', '', '', '', '', '', '', NULL, ''),
(96, 'method', '', '', '', '', '', '', '', '', '', '', '', '', '', '', '', '', '', '', '', '', '', NULL, ''),
(97, 'amount', '', '', '', '', '', '', '', '', '', '', '', '', '', '', '', '', '', '', '', '', '', NULL, ''),
(98, 'expenses', '', '', '', '', '', '', '', '', '', '', '', '', '', '', '', '', '', '', '', '', '', NULL, ''),
(99, 'add_new_expense', '', '', '', '', '', '', '', '', '', '', '', '', '', '', '', '', '', '', '', '', '', NULL, ''),
(100, 'title', '', '', '', '', '', '', '', '', '', '', '', '', '', '', '', '', '', '', '', '', '', NULL, ''),
(101, 'category', '', '', '', '', '', '', '', '', '', '', '', '', '', '', '', '', '', '', '', '', '', NULL, ''),
(102, 'add_expense', '', '', '', '', '', '', '', '', '', '', '', '', '', '', '', '', '', '', '', '', '', NULL, ''),
(103, 'value_required', '', '', '', '', '', '', '', '', '', '', '', '', '', '', '', '', '', '', '', '', '', NULL, ''),
(104, 'select_expense_category', '', '', '', '', '', '', '', '', '', '', '', '', '', '', '', '', '', '', '', '', '', NULL, ''),
(105, 'description', '', '', '', '', '', '', '', '', '', '', '', '', '', '', '', '', '', '', '', '', '', NULL, ''),
(106, 'cash', '', '', '', '', '', '', '', '', '', '', '', '', '', '', '', '', '', '', '', '', '', NULL, ''),
(107, 'check', '', '', '', '', '', '', '', '', '', '', '', '', '', '', '', '', '', '', '', '', '', NULL, ''),
(108, 'card', '', '', '', '', '', '', '', '', '', '', '', '', '', '', '', '', '', '', '', '', '', NULL, ''),
(109, 'School_terms', '', '', '', '', '', '', '', '', '', '', '', '', '', '', '', '', '', '', '', '', '', NULL, ''),
(110, 'add', '', '', '', '', '', '', '', '', '', '', '', '', '', '', '', '', '', '', '', '', '', NULL, ''),
(111, 'term_number', '', '', '', '', '', '', '', '', '', '', '', '', '', '', '', '', '', '', '', '', '', NULL, ''),
(112, 'terms', '', '', '', '', '', '', '', '', '', '', '', '', '', '', '', '', '', '', '', '', '', NULL, ''),
(113, 'income_categories', '', '', '', '', '', '', '', '', '', '', '', '', '', '', '', '', '', '', '', '', '', NULL, ''),
(114, 'add_new_income_category', '', '', '', '', '', '', '', '', '', '', '', '', '', '', '', '', '', '', '', '', '', NULL, ''),
(115, 'name', '', '', '', '', '', '', '', '', '', '', '', '', '', '', '', '', '', '', '', '', '', NULL, ''),
(116, 'expense_categories', '', '', '', '', '', '', '', '', '', '', '', '', '', '', '', '', '', '', '', '', '', NULL, ''),
(117, 'add_new_expense_category', '', '', '', '', '', '', '', '', '', '', '', '', '', '', '', '', '', '', '', '', '', NULL, ''),
(118, 'income_category', '', '', '', '', '', '', '', '', '', '', '', '', '', '', '', '', '', '', '', '', '', NULL, ''),
(119, 'add_expense_category', '', '', '', '', '', '', '', '', '', '', '', '', '', '', '', '', '', '', '', '', '', NULL, ''),
(120, 'data_added_successfully', '', '', '', '', '', '', '', '', '', '', '', '', '', '', '', '', '', '', '', '', '', NULL, ''),
(121, 'expense_category', '', '', '', '', '', '', '', '', '', '', '', '', '', '', '', '', '', '', '', '', '', NULL, ''),
(122, 'edit', '', '', '', '', '', '', '', '', '', '', '', '', '', '', '', '', '', '', '', '', '', NULL, ''),
(123, 'action_', '', '', '', '', '', '', '', '', '', '', '', '', '', '', '', '', '', '', '', '', '', NULL, ''),
(124, 'qty', '', '', '', '', '', '', '', '', '', '', '', '', '', '', '', '', '', '', '', '', '', NULL, ''),
(125, 'unitcost', '', '', '', '', '', '', '', '', '', '', '', '', '', '', '', '', '', '', '', '', '', NULL, ''),
(126, 'often', '', '', '', '', '', '', '', '', '', '', '', '', '', '', '', '', '', '', '', '', '', NULL, ''),
(127, 'total', '', '', '', '', '', '', '', '', '', '', '', '', '', '', '', '', '', '', '', '', '', NULL, ''),
(128, 'Jan', '', '', '', '', '', '', '', '', '', '', '', '', '', '', '', '', '', '', '', '', '', NULL, ''),
(129, 'Feb', '', '', '', '', '', '', '', '', '', '', '', '', '', '', '', '', '', '', '', '', '', NULL, ''),
(130, 'Mar', '', '', '', '', '', '', '', '', '', '', '', '', '', '', '', '', '', '', '', '', '', NULL, ''),
(131, 'Apr', '', '', '', '', '', '', '', '', '', '', '', '', '', '', '', '', '', '', '', '', '', NULL, ''),
(132, 'Jun', '', '', '', '', '', '', '', '', '', '', '', '', '', '', '', '', '', '', '', '', '', NULL, ''),
(133, 'Jul', '', '', '', '', '', '', '', '', '', '', '', '', '', '', '', '', '', '', '', '', '', NULL, ''),
(134, 'Aug', '', '', '', '', '', '', '', '', '', '', '', '', '', '', '', '', '', '', '', '', '', NULL, ''),
(135, 'Sep', '', '', '', '', '', '', '', '', '', '', '', '', '', '', '', '', '', '', '', '', '', NULL, ''),
(136, 'Oct', '', '', '', '', '', '', '', '', '', '', '', '', '', '', '', '', '', '', '', '', '', NULL, ''),
(137, 'Nov', '', '', '', '', '', '', '', '', '', '', '', '', '', '', '', '', '', '', '', '', '', NULL, ''),
(138, 'Dec', '', '', '', '', '', '', '', '', '', '', '', '', '', '', '', '', '', '', '', '', '', NULL, ''),
(139, 'edit_', '', '', '', '', '', '', '', '', '', '', '', '', '', '', '', '', '', '', '', '', '', NULL, ''),
(140, 'delete_', '', '', '', '', '', '', '', '', '', '', '', '', '', '', '', '', '', '', '', '', '', NULL, ''),
(141, 'edit_budget', '', '', '', '', '', '', '', '', '', '', '', '', '', '', '', '', '', '', '', '', '', NULL, ''),
(142, 'quantity', '', '', '', '', '', '', '', '', '', '', '', '', '', '', '', '', '', '', '', '', '', NULL, ''),
(143, 'create_single_invoice', '', '', '', '', '', '', '', '', '', '', '', '', '', '', '', '', '', '', '', '', '', NULL, ''),
(144, 'create_mass_invoice', '', '', '', '', '', '', '', '', '', '', '', '', '', '', '', '', '', '', '', '', '', NULL, ''),
(145, 'invoice_informations', '', '', '', '', '', '', '', '', '', '', '', '', '', '', '', '', '', '', '', '', '', NULL, ''),
(146, 'select_class', '', '', '', '', '', '', '', '', '', '', '', '', '', '', '', '', '', '', '', '', '', NULL, ''),
(147, 'select_class_first', '', '', '', '', '', '', '', '', '', '', '', '', '', '', '', '', '', '', '', '', '', NULL, ''),
(148, 'payment_informations', '', '', '', '', '', '', '', '', '', '', '', '', '', '', '', '', '', '', '', '', '', NULL, ''),
(149, 'total_payable', '', '', '', '', '', '', '', '', '', '', '', '', '', '', '', '', '', '', '', '', '', NULL, ''),
(150, 'enter_total_amount', '', '', '', '', '', '', '', '', '', '', '', '', '', '', '', '', '', '', '', '', '', NULL, ''),
(151, 'fee_items', '', '', '', '', '', '', '', '', '', '', '', '', '', '', '', '', '', '', '', '', '', NULL, ''),
(152, 'full_payment', '', '', '', '', '', '', '', '', '', '', '', '', '', '', '', '', '', '', '', '', '', NULL, ''),
(153, 'item', '', '', '', '', '', '', '', '', '', '', '', '', '', '', '', '', '', '', '', '', '', NULL, ''),
(154, 'fee_structure_amount', '', '', '', '', '', '', '', '', '', '', '', '', '', '', '', '', '', '', '', '', '', NULL, ''),
(155, 'amount_payable', '', '', '', '', '', '', '', '', '', '', '', '', '', '', '', '', '', '', '', '', '', NULL, ''),
(156, 'due_payment', '', '', '', '', '', '', '', '', '', '', '', '', '', '', '', '', '', '', '', '', '', NULL, ''),
(157, 'enter_payable_amount', '', '', '', '', '', '', '', '', '', '', '', '', '', '', '', '', '', '', '', '', '', NULL, ''),
(158, 'enter_payment_amount', '', '', '', '', '', '', '', '', '', '', '', '', '', '', '', '', '', '', '', '', '', NULL, ''),
(159, 'edit_invoice', '', '', '', '', '', '', '', '', '', '', '', '', '', '', '', '', '', '', '', '', '', NULL, ''),
(160, 'add_new_fees_structure', '', '', '', '', '', '', '', '', '', '', '', '', '', '', '', '', '', '', '', '', '', NULL, ''),
(161, 'add_fees_structure', '', '', '', '', '', '', '', '', '', '', '', '', '', '', '', '', '', '', '', '', '', NULL, ''),
(162, 'add_student', '', '', '', '', '', '', '', '', '', '', '', '', '', '', '', '', '', '', '', '', '', NULL, ''),
(163, 'addmission_form', '', '', '', '', '', '', '', '', '', '', '', '', '', '', '', '', '', '', '', '', '', NULL, ''),
(164, 'section', '', '', '', '', '', '', '', '', '', '', '', '', '', '', '', '', '', '', '', '', '', NULL, ''),
(165, 'roll', 'Admission Number', '', '', '', '', '', '', '', '', '', '', '', '', '', '', '', '', '', '', '', '', NULL, ''),
(166, 'birthday', '', '', '', '', '', '', '', '', '', '', '', '', '', '', '', '', '', '', '', '', '', NULL, ''),
(167, 'gender', '', '', '', '', '', '', '', '', '', '', '', '', '', '', '', '', '', '', '', '', '', NULL, ''),
(168, 'male', '', '', '', '', '', '', '', '', '', '', '', '', '', '', '', '', '', '', '', '', '', NULL, ''),
(169, 'female', '', '', '', '', '', '', '', '', '', '', '', '', '', '', '', '', '', '', '', '', '', NULL, ''),
(170, 'address', '', '', '', '', '', '', '', '', '', '', '', '', '', '', '', '', '', '', '', '', '', NULL, ''),
(171, 'phone', '', '', '', '', '', '', '', '', '', '', '', '', '', '', '', '', '', '', '', '', '', NULL, ''),
(172, 'email', '', '', '', '', '', '', '', '', '', '', '', '', '', '', '', '', '', '', '', '', '', NULL, ''),
(173, 'password', '', '', '', '', '', '', '', '', '', '', '', '', '', '', '', '', '', '', '', '', '', NULL, ''),
(174, 'transport_route', '', '', '', '', '', '', '', '', '', '', '', '', '', '', '', '', '', '', '', '', '', NULL, ''),
(175, 'photo', '', '', '', '', '', '', '', '', '', '', '', '', '', '', '', '', '', '', '', '', '', NULL, ''),
(176, 'all_parents', '', '', '', '', '', '', '', '', '', '', '', '', '', '', '', '', '', '', '', '', '', NULL, ''),
(177, 'add_new_parent', '', '', '', '', '', '', '', '', '', '', '', '', '', '', '', '', '', '', '', '', '', NULL, ''),
(178, 'profession', '', '', '', '', '', '', '', '', '', '', '', '', '', '', '', '', '', '', '', '', '', NULL, ''),
(179, 'add_parent', '', '', '', '', '', '', '', '', '', '', '', '', '', '', '', '', '', '', '', '', '', NULL, ''),
(180, 'manage_class', '', '', '', '', '', '', '', '', '', '', '', '', '', '', '', '', '', '', '', '', '', NULL, ''),
(181, 'class_list', '', '', '', '', '', '', '', '', '', '', '', '', '', '', '', '', '', '', '', '', '', NULL, ''),
(182, 'add_class', '', '', '', '', '', '', '', '', '', '', '', '', '', '', '', '', '', '', '', '', '', NULL, ''),
(183, 'class_name', '', '', '', '', '', '', '', '', '', '', '', '', '', '', '', '', '', '', '', '', '', NULL, ''),
(184, 'numeric_name', '', '', '', '', '', '', '', '', '', '', '', '', '', '', '', '', '', '', '', '', '', NULL, ''),
(185, 'name_numeric', '', '', '', '', '', '', '', '', '', '', '', '', '', '', '', '', '', '', '', '', '', NULL, ''),
(186, 'manage_teacher', '', '', '', '', '', '', '', '', '', '', '', '', '', '', '', '', '', '', '', '', '', NULL, ''),
(187, 'add_new_teacher', '', '', '', '', '', '', '', '', '', '', '', '', '', '', '', '', '', '', '', '', '', NULL, ''),
(188, 'add_teacher', '', '', '', '', '', '', '', '', '', '', '', '', '', '', '', '', '', '', '', '', '', NULL, ''),
(189, 'add_new_section', '', '', '', '', '', '', '', '', '', '', '', '', '', '', '', '', '', '', '', '', '', NULL, ''),
(190, 'section_name', '', '', '', '', '', '', '', '', '', '', '', '', '', '', '', '', '', '', '', '', '', NULL, ''),
(191, 'nick_name', '', '', '', '', '', '', '', '', '', '', '', '', '', '', '', '', '', '', '', '', '', NULL, ''),
(192, 'add_section', '', '', '', '', '', '', '', '', '', '', '', '', '', '', '', '', '', '', '', '', '', NULL, ''),
(193, 'add_new_student', '', '', '', '', '', '', '', '', '', '', '', '', '', '', '', '', '', '', '', '', '', NULL, ''),
(194, 'all_students', '', '', '', '', '', '', '', '', '', '', '', '', '', '', '', '', '', '', '', '', '', NULL, ''),
(195, 'suspended_students', '', '', '', '', '', '', '', '', '', '', '', '', '', '', '', '', '', '', '', '', '', NULL, ''),
(196, 'mark_sheet', '', '', '', '', '', '', '', '', '', '', '', '', '', '', '', '', '', '', '', '', '', NULL, ''),
(197, 'profile', '', '', '', '', '', '', '', '', '', '', '', '', '', '', '', '', '', '', '', '', '', NULL, ''),
(198, 'suspend', '', '', '', '', '', '', '', '', '', '', '', '', '', '', '', '', '', '', '', '', '', NULL, ''),
(199, 'manage_daily_attendance', '', '', '', '', '', '', '', '', '', '', '', '', '', '', '', '', '', '', '', '', '', NULL, ''),
(200, 'select_date', '', '', '', '', '', '', '', '', '', '', '', '', '', '', '', '', '', '', '', '', '', NULL, ''),
(201, 'select_month', '', '', '', '', '', '', '', '', '', '', '', '', '', '', '', '', '', '', '', '', '', NULL, ''),
(202, 'select_year', '', '', '', '', '', '', '', '', '', '', '', '', '', '', '', '', '', '', '', '', '', NULL, ''),
(203, 'manage_attendance', '', '', '', '', '', '', '', '', '', '', '', '', '', '', '', '', '', '', '', '', '', NULL, ''),
(204, 'manage_transport', '', '', '', '', '', '', '', '', '', '', '', '', '', '', '', '', '', '', '', '', '', NULL, ''),
(205, 'transport_list', '', '', '', '', '', '', '', '', '', '', '', '', '', '', '', '', '', '', '', '', '', NULL, ''),
(206, 'add_transport', '', '', '', '', '', '', '', '', '', '', '', '', '', '', '', '', '', '', '', '', '', NULL, ''),
(207, 'route_name', '', '', '', '', '', '', '', '', '', '', '', '', '', '', '', '', '', '', '', '', '', NULL, ''),
(208, 'number_of_vehicle', '', '', '', '', '', '', '', '', '', '', '', '', '', '', '', '', '', '', '', '', '', NULL, ''),
(209, 'route_fare', '', '', '', '', '', '', '', '', '', '', '', '', '', '', '', '', '', '', '', '', '', NULL, ''),
(210, 'record_already_exists', '', '', '', '', '', '', '', '', '', '', '', '', '', '', '', '', '', '', '', '', '', NULL, ''),
(211, 'view_fees_structure', '', '', '', '', '', '', '', '', '', '', '', '', '', '', '', '', '', '', '', '', '', NULL, ''),
(212, 'clone_fees_structure', '', '', '', '', '', '', '', '', '', '', '', '', '', '', '', '', '', '', '', '', '', NULL, ''),
(213, 'add_item', '', '', '', '', '', '', '', '', '', '', '', '', '', '', '', '', '', '', '', '', '', NULL, ''),
(214, 'system_settings', '', '', '', '', '', '', '', '', '', '', '', '', '', '', '', '', '', '', '', '', '', NULL, ''),
(215, 'system_name', '', '', '', '', '', '', '', '', '', '', '', '', '', '', '', '', '', '', '', '', '', NULL, ''),
(216, 'system_title', '', '', '', '', '', '', '', '', '', '', '', '', '', '', '', '', '', '', '', '', '', NULL, ''),
(217, 'paypal_email', '', '', '', '', '', '', '', '', '', '', '', '', '', '', '', '', '', '', '', '', '', NULL, ''),
(218, 'currency', '', '', '', '', '', '', '', '', '', '', '', '', '', '', '', '', '', '', '', '', '', NULL, ''),
(219, 'system_email', '', '', '', '', '', '', '', '', '', '', '', '', '', '', '', '', '', '', '', '', '', NULL, ''),
(220, 'language', '', '', '', '', '', '', '', '', '', '', '', '', '', '', '', '', '', '', '', '', '', NULL, ''),
(221, 'text_align', '', '', '', '', '', '', '', '', '', '', '', '', '', '', '', '', '', '', '', '', '', NULL, ''),
(222, 'save', '', '', '', '', '', '', '', '', '', '', '', '', '', '', '', '', '', '', '', '', '', NULL, ''),
(223, 'update_product', '', '', '', '', '', '', '', '', '', '', '', '', '', '', '', '', '', '', '', '', '', NULL, ''),
(224, 'file', '', '', '', '', '', '', '', '', '', '', '', '', '', '', '', '', '', '', '', '', '', NULL, ''),
(225, 'install_update', '', '', '', '', '', '', '', '', '', '', '', '', '', '', '', '', '', '', '', '', '', NULL, ''),
(226, 'theme_settings', '', '', '', '', '', '', '', '', '', '', '', '', '', '', '', '', '', '', '', '', '', NULL, ''),
(227, 'default', '', '', '', '', '', '', '', '', '', '', '', '', '', '', '', '', '', '', '', '', '', NULL, ''),
(228, 'select_theme', '', '', '', '', '', '', '', '', '', '', '', '', '', '', '', '', '', '', '', '', '', NULL, ''),
(229, 'select_a_theme_to_make_changes', '', '', '', '', '', '', '', '', '', '', '', '', '', '', '', '', '', '', '', '', '', NULL, ''),
(230, 'upload_logo', '', '', '', '', '', '', '', '', '', '', '', '', '', '', '', '', '', '', '', '', '', NULL, ''),
(231, 'upload', '', '', '', '', '', '', '', '', '', '', '', '', '', '', '', '', '', '', '', '', '', NULL, ''),
(232, 'add_term', '', '', '', '', '', '', '', '', '', '', '', '', '', '', '', '', '', '', '', '', '', NULL, ''),
(233, 'term_title', '', '', '', '', '', '', '', '', '', '', '', '', '', '', '', '', '', '', '', '', '', NULL, ''),
(234, 'add_income_category', '', '', '', '', '', '', '', '', '', '', '', '', '', '', '', '', '', '', '', '', '', NULL, ''),
(235, 'invoice_created_successfully', '', '', '', '', '', '', '', '', '', '', '', '', '', '', '', '', '', '', '', '', '', NULL, ''),
(236, 'invoice_editted_successfully', '', '', '', '', '', '', '', '', '', '', '', '', '', '', '', '', '', '', '', '', '', NULL, ''),
(237, 'take_payment', '', '', '', '', '', '', '', '', '', '', '', '', '', '', '', '', '', '', '', '', '', NULL, ''),
(238, 'view_invoice', '', '', '', '', '', '', '', '', '', '', '', '', '', '', '', '', '', '', '', '', '', NULL, ''),
(239, 'delete_invoice', '', '', '', '', '', '', '', '', '', '', '', '', '', '', '', '', '', '', '', '', '', NULL, ''),
(240, 'payment', '', '', '', '', '', '', '', '', '', '', '', '', '', '', '', '', '', '', '', '', '', NULL, ''),
(241, 'paid', '', '', '', '', '', '', '', '', '', '', '', '', '', '', '', '', '', '', '', '', '', NULL, ''),
(242, 'payment_successfull', '', '', '', '', '', '', '', '', '', '', '', '', '', '', '', '', '', '', '', '', '', NULL, ''),
(243, 'creation_date', '', '', '', '', '', '', '', '', '', '', '', '', '', '', '', '', '', '', '', '', '', NULL, ''),
(244, 'status', '', '', '', '', '', '', '', '', '', '', '', '', '', '', '', '', '', '', '', '', '', NULL, ''),
(245, 'payment_to', '', '', '', '', '', '', '', '', '', '', '', '', '', '', '', '', '', '', '', '', '', NULL, ''),
(246, 'bill_to', '', '', '', '', '', '', '', '', '', '', '', '', '', '', '', '', '', '', '', '', '', NULL, ''),
(247, 'total_amount', '', '', '', '', '', '', '', '', '', '', '', '', '', '', '', '', '', '', '', '', '', NULL, ''),
(248, 'paid_amount', '', '', '', '', '', '', '', '', '', '', '', '', '', '', '', '', '', '', '', '', '', NULL, ''),
(249, 'due', '', '', '', '', '', '', '', '', '', '', '', '', '', '', '', '', '', '', '', '', '', NULL, ''),
(250, 'invoice_breakdown', '', '', '', '', '', '', '', '', '', '', '', '', '', '', '', '', '', '', '', '', '', NULL, ''),
(251, 'payee', '', '', '', '', '', '', '', '', '', '', '', '', '', '', '', '', '', '', '', '', '', NULL, ''),
(252, 'cost', '', '', '', '', '', '', '', '', '', '', '', '', '', '', '', '', '', '', '', '', '', NULL, ''),
(253, 'add_row', '', '', '', '', '', '', '', '', '', '', '', '', '', '', '', '', '', '', '', '', '', NULL, ''),
(254, 'student_payment', '', '', '', '', '', '', '', '', '', '', '', '', '', '', '', '', '', '', '', '', '', NULL, ''),
(255, 'bank', '', '', '', '', '', '', '', '', '', '', '', '', '', '', '', '', '', '', '', '', '', NULL, ''),
(256, 'reference', '', '', '', '', '', '', '', '', '', '', '', '', '', '', '', '', '', '', '', '', '', NULL, ''),
(257, 'transaction_type', '', '', '', '', '', '', '', '', '', '', '', '', '', '', '', '', '', '', '', '', '', NULL, ''),
(258, 'income', '', '', '', '', '', '', '', '', '', '', '', '', '', '', '', '', '', '', '', '', '', NULL, ''),
(259, 'expense', '', '', '', '', '', '', '', '', '', '', '', '', '', '', '', '', '', '', '', '', '', NULL, ''),
(260, 'balance_brought_forward', '', '', '', '', '', '', '', '', '', '', '', '', '', '', '', '', '', '', '', '', '', NULL, ''),
(261, 'contra_entries', '', '', '', '', '', '', '', '', '', '', '', '', '', '', '', '', '', '', '', '', '', NULL, ''),
(262, 'new_contra_entry', '', '', '', '', '', '', '', '', '', '', '', '', '', '', '', '', '', '', '', '', '', NULL, ''),
(263, 'entry_type', '', '', '', '', '', '', '', '', '', '', '', '', '', '', '', '', '', '', '', '', '', NULL, ''),
(264, 'to_bank', '', '', '', '', '', '', '', '', '', '', '', '', '', '', '', '', '', '', '', '', '', NULL, ''),
(265, 'to_cash', '', '', '', '', '', '', '', '', '', '', '', '', '', '', '', '', '', '', '', '', '', NULL, ''),
(266, 'transact', '', '', '', '', '', '', '', '', '', '', '', '', '', '', '', '', '', '', '', '', '', NULL, ''),
(267, 'Choose', '', '', '', '', '', '', '', '', '', '', '', '', '', '', '', '', '', '', '', '', '', NULL, ''),
(268, 'edit_expense', '', '', '', '', '', '', '', '', '', '', '', '', '', '', '', '', '', '', '', '', '', NULL, ''),
(269, 'update', '', '', '', '', '', '', '', '', '', '', '', '', '', '', '', '', '', '', '', '', '', NULL, ''),
(270, 'data_updated', '', '', '', '', '', '', '', '', '', '', '', '', '', '', '', '', '', '', '', '', '', NULL, ''),
(271, 'account_balances', '', '', '', '', '', '', '', '', '', '', '', '', '', '', '', '', '', '', '', '', '', NULL, ''),
(272, 'account_opening_balances', '', '', '', '', '', '', '', '', '', '', '', '', '', '', '', '', '', '', '', '', '', NULL, ''),
(273, 'add/_Edit', '', '', '', '', '', '', '', '', '', '', '', '', '', '', '', '', '', '', '', '', '', NULL, ''),
(274, 'add/_edit', '', '', '', '', '', '', '', '', '', '', '', '', '', '', '', '', '', '', '', '', '', NULL, ''),
(275, 'add/_edit', '', '', '', '', '', '', '', '', '', '', '', '', '', '', '', '', '', '', '', '', '', NULL, ''),
(276, 'view_history', '', '', '', '', '', '', '', '', '', '', '', '', '', '', '', '', '', '', '', '', '', NULL, ''),
(277, 'add/_edit', '', '', '', '', '', '', '', '', '', '', '', '', '', '', '', '', '', '', '', '', '', NULL, ''),
(278, 'add/_edit', '', '', '', '', '', '', '', '', '', '', '', '', '', '', '', '', '', '', '', '', '', NULL, ''),
(279, 'add/_edit', '', '', '', '', '', '', '', '', '', '', '', '', '', '', '', '', '', '', '', '', '', NULL, ''),
(280, 'add/_edit', '', '', '', '', '', '', '', '', '', '', '', '', '', '', '', '', '', '', '', '', '', NULL, ''),
(281, 'add/_edit', '', '', '', '', '', '', '', '', '', '', '', '', '', '', '', '', '', '', '', '', '', NULL, ''),
(282, 'add/_edit', '', '', '', '', '', '', '', '', '', '', '', '', '', '', '', '', '', '', '', '', '', NULL, ''),
(283, 'add/_edit', '', '', '', '', '', '', '', '', '', '', '', '', '', '', '', '', '', '', '', '', '', NULL, ''),
(284, 'add/_edit', '', '', '', '', '', '', '', '', '', '', '', '', '', '', '', '', '', '', '', '', '', NULL, ''),
(285, 'add/_edit', '', '', '', '', '', '', '', '', '', '', '', '', '', '', '', '', '', '', '', '', '', NULL, ''),
(286, 'batch_number', '', '', '', '', '', '', '', '', '', '', '', '', '', '', '', '', '', '', '', '', '', NULL, ''),
(287, 'view', '', '', '', '', '', '', '', '', '', '', '', '', '', '', '', '', '', '', '', '', '', NULL, ''),
(288, 'reverse', '', '', '', '', '', '', '', '', '', '', '', '', '', '', '', '', '', '', '', '', '', NULL, ''),
(289, 'view_expense_batch', '', '', '', '', '', '', '', '', '', '', '', '', '', '', '', '', '', '', '', '', '', NULL, ''),
(290, 'expense_reversed_successful', '', '', '', '', '', '', '', '', '', '', '', '', '', '', '', '', '', '', '', '', '', NULL, ''),
(291, 'expense_reversal:_batch', '', '', '', '', '', '', '', '', '', '', '', '', '', '', '', '', '', '', '', '', '', NULL, ''),
(292, 'reversal:_batch', '', '', '', '', '', '', '', '', '', '', '', '', '', '', '', '', '', '', '', '', '', NULL, ''),
(293, 'record_reversed_successful', '', '', '', '', '', '', '', '', '', '', '', '', '', '', '', '', '', '', '', '', '', NULL, ''),
(294, 'actual_incomes', '', '', '', '', '', '', '', '', '', '', '', '', '', '', '', '', '', '', '', '', '', NULL, ''),
(295, 'receipt', '', '', '', '', '', '', '', '', '', '', '', '', '', '', '', '', '', '', '', '', '', NULL, ''),
(296, 'serial', '', '', '', '', '', '', '', '', '', '', '', '', '', '', '', '', '', '', '', '', '', NULL, ''),
(297, 'payment_receipt', '', '', '', '', '', '', '', '', '', '', '', '', '', '', '', '', '', '', '', '', '', NULL, ''),
(298, 'student_name', '', '', '', '', '', '', '', '', '', '', '', '', '', '', '', '', '', '', '', '', '', NULL, ''),
(299, 'admission_number', '', '', '', '', '', '', '', '', '', '', '', '', '', '', '', '', '', '', '', '', '', NULL, ''),
(300, 'receipt_number', '', '', '', '', '', '', '', '', '', '', '', '', '', '', '', '', '', '', '', '', '', NULL, ''),
(301, 'total_amount_due', '', '', '', '', '', '', '', '', '', '', '', '', '', '', '', '', '', '', '', '', '', NULL, ''),
(302, 'previously_paid', '', '', '', '', '', '', '', '', '', '', '', '', '', '', '', '', '', '', '', '', '', NULL, ''),
(303, 'amount_due', '', '', '', '', '', '', '', '', '', '', '', '', '', '', '', '', '', '', '', '', '', NULL, ''),
(304, 'reciept_total', '', '', '', '', '', '', '', '', '', '', '', '', '', '', '', '', '', '', '', '', '', NULL, ''),
(305, 'fees_balance', '', '', '', '', '', '', '', '', '', '', '', '', '', '', '', '', '', '', '', '', '', NULL, ''),
(306, 'receipt_total', '', '', '', '', '', '', '', '', '', '', '', '', '', '', '', '', '', '', '', '', '', NULL, ''),
(307, 'fees_due', '', '', '', '', '', '', '', '', '', '', '', '', '', '', '', '', '', '', '', '', '', NULL, ''),
(308, 'fees_paid_to_date', '', '', '', '', '', '', '', '', '', '', '', '', '', '', '', '', '', '', '', '', '', NULL, ''),
(309, 'view_receipt', '', '', '', '', '', '', '', '', '', '', '', '', '', '', '', '', '', '', '', '', '', NULL, ''),
(310, 'download_receipt', '', '', '', '', '', '', '', '', '', '', '', '', '', '', '', '', '', '', '', '', '', NULL, ''),
(311, 'manage_library_books', '', '', '', '', '', '', '', '', '', '', '', '', '', '', '', '', '', '', '', '', '', NULL, ''),
(312, 'book_list', '', '', '', '', '', '', '', '', '', '', '', '', '', '', '', '', '', '', '', '', '', NULL, ''),
(313, 'add_book', '', '', '', '', '', '', '', '', '', '', '', '', '', '', '', '', '', '', '', '', '', NULL, ''),
(314, 'book_name', '', '', '', '', '', '', '', '', '', '', '', '', '', '', '', '', '', '', '', '', '', NULL, ''),
(315, 'author', '', '', '', '', '', '', '', '', '', '', '', '', '', '', '', '', '', '', '', '', '', NULL, ''),
(316, 'price', '', '', '', '', '', '', '', '', '', '', '', '', '', '', '', '', '', '', '', '', '', NULL, ''),
(317, 'available', '', '', '', '', '', '', '', '', '', '', '', '', '', '', '', '', '', '', '', '', '', NULL, ''),
(318, 'unavailable', '', '', '', '', '', '', '', '', '', '', '', '', '', '', '', '', '', '', '', '', '', NULL, ''),
(319, 'print_receipt', '', '', '', '', '', '', '', '', '', '', '', '', '', '', '', '', '', '', '', '', '', NULL, ''),
(320, 'manage_noticeboard', '', '', '', '', '', '', '', '', '', '', '', '', '', '', '', '', '', '', '', '', '', NULL, ''),
(321, 'noticeboard_list', '', '', '', '', '', '', '', '', '', '', '', '', '', '', '', '', '', '', '', '', '', NULL, ''),
(322, 'add_noticeboard', '', '', '', '', '', '', '', '', '', '', '', '', '', '', '', '', '', '', '', '', '', NULL, ''),
(323, 'notice', '', '', '', '', '', '', '', '', '', '', '', '', '', '', '', '', '', '', '', '', '', NULL, ''),
(324, 'add_notice', '', '', '', '', '', '', '', '', '', '', '', '', '', '', '', '', '', '', '', '', '', NULL, ''),
(325, 'send_sms_to_all', '', '', '', '', '', '', '', '', '', '', '', '', '', '', '', '', '', '', '', '', '', NULL, ''),
(326, 'yes', '', '', '', '', '', '', '', '', '', '', '', '', '', '', '', '', '', '', '', '', '', NULL, ''),
(327, 'no', '', '', '', '', '', '', '', '', '', '', '', '', '', '', '', '', '', '', '', '', '', NULL, ''),
(328, 'sms_service_not_activated', '', '', '', '', '', '', '', '', '', '', '', '', '', '', '', '', '', '', '', '', '', NULL, ''),
(329, 'private_messaging', '', '', '', '', '', '', '', '', '', '', '', '', '', '', '', '', '', '', '', '', '', NULL, ''),
(330, 'messages', '', '', '', '', '', '', '', '', '', '', '', '', '', '', '', '', '', '', '', '', '', NULL, ''),
(331, 'new_message', '', '', '', '', '', '', '', '', '', '', '', '', '', '', '', '', '', '', '', '', '', NULL, ''),
(332, 'manage_profile', '', '', '', '', '', '', '', '', '', '', '', '', '', '', '', '', '', '', '', '', '', NULL, ''),
(333, 'update_profile', '', '', '', '', '', '', '', '', '', '', '', '', '', '', '', '', '', '', '', '', '', NULL, ''),
(334, 'current_password', '', '', '', '', '', '', '', '', '', '', '', '', '', '', '', '', '', '', '', '', '', NULL, ''),
(335, 'new_password', '', '', '', '', '', '', '', '', '', '', '', '', '', '', '', '', '', '', '', '', '', NULL, ''),
(336, 'confirm_new_password', '', '', '', '', '', '', '', '', '', '', '', '', '', '', '', '', '', '', '', '', '', NULL, ''),
(337, 'manage_class_routine', '', '', '', '', '', '', '', '', '', '', '', '', '', '', '', '', '', '', '', '', '', NULL, ''),
(338, 'class_routine_list', '', '', '', '', '', '', '', '', '', '', '', '', '', '', '', '', '', '', '', '', '', NULL, ''),
(339, 'add_class_routine', '', '', '', '', '', '', '', '', '', '', '', '', '', '', '', '', '', '', '', '', '', NULL, ''),
(340, 'day', '', '', '', '', '', '', '', '', '', '', '', '', '', '', '', '', '', '', '', '', '', NULL, ''),
(341, 'starting_time', '', '', '', '', '', '', '', '', '', '', '', '', '', '', '', '', '', '', '', '', '', NULL, ''),
(342, 'hour', '', '', '', '', '', '', '', '', '', '', '', '', '', '', '', '', '', '', '', '', '', NULL, ''),
(343, 'minutes', '', '', '', '', '', '', '', '', '', '', '', '', '', '', '', '', '', '', '', '', '', NULL, ''),
(344, 'ending_time', '', '', '', '', '', '', '', '', '', '', '', '', '', '', '', '', '', '', '', '', '', NULL, ''),
(345, 'manage_subject', '', '', '', '', '', '', '', '', '', '', '', '', '', '', '', '', '', '', '', '', '', NULL, ''),
(346, 'subject_list', '', '', '', '', '', '', '', '', '', '', '', '', '', '', '', '', '', '', '', '', '', NULL, ''),
(347, 'add_subject', '', '', '', '', '', '', '', '', '', '', '', '', '', '', '', '', '', '', '', '', '', NULL, ''),
(348, 'subject_name', '', '', '', '', '', '', '', '', '', '', '', '', '', '', '', '', '', '', '', '', '', NULL, ''),
(349, 'financial_report', '', '', '', '', '', '', '', '', '', '', '', '', '', '', '', '', '', '', '', '', '', NULL, ''),
(350, 'revenue_report', '', '', '', '', '', '', '', '', '', '', '', '', '', '', '', '', '', '', '', '', '', NULL, ''),
(351, 'opening_balance', '', '', '', '', '', '', '', '', '', '', '', '', '', '', '', '', '', '', '', '', '', NULL, ''),
(352, 'month_income', '', '', '', '', '', '', '', '', '', '', '', '', '', '', '', '', '', '', '', '', '', NULL, ''),
(353, 'month_expense', '', '', '', '', '', '', '', '', '', '', '', '', '', '', '', '', '', '', '', '', '', NULL, ''),
(354, 'ending_balance', '', '', '', '', '', '', '', '', '', '', '', '', '', '', '', '', '', '', '', '', '', NULL, ''),
(355, 'revenue_report_for', '', '', '', '', '', '', '', '', '', '', '', '', '', '', '', '', '', '', '', '', '', NULL, ''),
(356, 'summary_by_expense_categories', '', '', '', '', '', '', '', '', '', '', '', '', '', '', '', '', '', '', '', '', '', NULL, ''),
(357, 'summary_by_income_categories', '', '', '', '', '', '', '', '', '', '', '', '', '', '', '', '', '', '', '', '', '', NULL, ''),
(358, 'theme_selected', '', '', '', '', '', '', '', '', '', '', '', '', '', '', '', '', '', '', '', '', '', NULL, ''),
(359, 'teacher_dashboard', '', '', '', '', '', '', '', '', '', '', '', '', '', '', '', '', '', '', '', '', '', NULL, ''),
(360, 'study_material', '', '', '', '', '', '', '', '', '', '', '', '', '', '', '', '', '', '', '', '', '', NULL, ''),
(361, 'student_dashboard', '', '', '', '', '', '', '', '', '', '', '', '', '', '', '', '', '', '', '', '', '', NULL, ''),
(362, 'exam_marks', '', '', '', '', '', '', '', '', '', '', '', '', '', '', '', '', '', '', '', '', '', NULL, ''),
(363, 'school_budget_for_year', '', '', '', '', '', '', '', '', '', '', '', '', '', '', '', '', '', '', '', '', '', NULL, ''),
(364, 'school_budget_for_year_', '', '', '', '', '', '', '', '', '', '', '', '', '', '', '', '', '', '', '', '', '', NULL, ''),
(365, 'students', '', '', '', '', '', '', '', '', '', '', '', '', '', '', '', '', '', '', '', '', '', NULL, ''),
(366, 'edit_transport', '', '', '', '', '', '', '', '', '', '', '', '', '', '', '', '', '', '', '', '', '', NULL, ''),
(367, 'edit_student', '', '', '', '', '', '', '', '', '', '', '', '', '', '', '', '', '', '', '', '', '', NULL, ''),
(368, 'edit_class', '', '', '', '', '', '', '', '', '', '', '', '', '', '', '', '', '', '', '', '', '', NULL, ''),
(369, 'beneficiaries', '', '', '', '', '', '', '', '', '', '', '', '', '', '', '', '', '', '', '', '', '', NULL, ''),
(370, 'beneficiary_name', '', '', '', '', '', '', '', '', '', '', '', '', '', '', '', '', '', '', '', '', '', NULL, ''),
(371, 'edit_fees_structure', '', '', '', '', '', '', '', '', '', '', '', '', '', '', '', '', '', '', '', '', '', NULL, ''),
(372, 'data_deleted', '', '', '', '', '', '', '', '', '', '', '', '', '', '', '', '', '', '', '', '', '', NULL, ''),
(373, 'select_a_student', '', '', '', '', '', '', '', '', '', '', '', '', '', '', '', '', '', '', '', '', '', NULL, ''),
(374, 'cheque', '', '', '', '', '', '', '', '', '', '', '', '', '', '', '', '', '', '', '', '', '', NULL, ''),
(375, 'cheque_number', '', '', '', '', '', '', '', '', '', '', '', '', '', '', '', '', '', '', '', '', '', NULL, ''),
(376, 'view_parent', '', '', '', '', '', '', '', '', '', '', '', '', '', '', '', '', '', '', '', '', '', NULL, ''),
(377, 'parent_activity', '', '', '', '', '', '', '', '', '', '', '', '', '', '', '', '', '', '', '', '', '', NULL, ''),
(378, 'parents_activity', '', '', '', '', '', '', '', '', '', '', '', '', '', '', '', '', '', '', '', '', '', NULL, ''),
(379, 'add_activity', '', '', '', '', '', '', '', '', '', '', '', '', '', '', '', '', '', '', '', '', '', NULL, ''),
(380, 'activity_name', '', '', '', '', '', '', '', '', '', '', '', '', '', '', '', '', '', '', '', '', '', NULL, ''),
(381, 'start_date', '', '', '', '', '', '', '', '', '', '', '', '', '', '', '', '', '', '', '', '', '', NULL, ''),
(382, 'end_date', '', '', '', '', '', '', '', '', '', '', '', '', '', '', '', '', '', '', '', '', '', NULL, ''),
(383, 'add_parents', '', '', '', '', '', '', '', '', '', '', '', '', '', '', '', '', '', '', '', '', '', NULL, ''),
(384, 'search_parents_by', '', '', '', '', '', '', '', '', '', '', '', '', '', '', '', '', '', '', '', '', '', NULL, ''),
(385, 'All', '', '', '', '', '', '', '', '', '', '', '', '', '', '', '', '', '', '', '', '', '', NULL, ''),
(386, 'go', '', '', '', '', '', '', '', '', '', '', '', '', '', '', '', '', '', '', '', '', '', NULL, ''),
(387, 'activity_details', '', '', '', '', '', '', '', '', '', '', '', '', '', '', '', '', '', '', '', '', '', NULL, ''),
(388, 'manage_language', '', '', '', '', '', '', '', '', '', '', '', '', '', '', '', '', '', '', '', '', '', NULL, ''),
(389, 'language_list', '', '', '', '', '', '', '', '', '', '', '', '', '', '', '', '', '', '', '', '', '', NULL, ''),
(390, 'add_phrase', '', '', '', '', '', '', '', '', '', '', '', '', '', '', '', '', '', '', '', '', '', NULL, ''),
(391, 'add_language', '', '', '', '', '', '', '', '', '', '', '', '', '', '', '', '', '', '', '', '', '', NULL, ''),
(392, 'option', '', '', '', '', '', '', '', '', '', '', '', '', '', '', '', '', '', '', '', '', '', NULL, ''),
(393, 'edit_phrase', '', '', '', '', '', '', '', '', '', '', '', '', '', '', '', '', '', '', '', '', '', NULL, ''),
(394, 'delete_language', '', '', '', '', '', '', '', '', '', '', '', '', '', '', '', '', '', '', '', '', '', NULL, ''),
(395, 'phrase', '', '', '', '', '', '', '', '', '', '', '', '', '', '', '', '', '', '', '', '', '', NULL, ''),
(396, 'update_phrase', '', '', '', '', '', '', '', '', '', '', '', '', '', '', '', '', '', '', '', '', '', NULL, ''),
(397, 'add_bulk_student', '', '', '', '', '', '', '', '', '', '', '', '', '', '', '', '', '', '', '', '', '', NULL, ''),
(398, 'student_bulk_add_form', '', '', '', '', '', '', '', '', '', '', '', '', '', '', '', '', '', '', '', '', '', NULL, ''),
(399, 'select_excel_file', '', '', '', '', '', '', '', '', '', '', '', '', '', '', '', '', '', '', '', '', '', NULL, ''),
(400, 'upload_and_import', '', '', '', '', '', '', '', '', '', '', '', '', '', '', '', '', '', '', '', '', '', NULL, ''),
(401, 'service_is_disabled', '', '', '', '', '', '', '', '', '', '', '', '', '', '', '', '', '', '', '', '', '', NULL, ''),
(402, 'present', '', '', '', '', '', '', '', '', '', '', '', '', '', '', '', '', '', '', '', '', '', NULL, ''),
(403, 'manage_exam', '', '', '', '', '', '', '', '', '', '', '', '', '', '', '', '', '', '', '', '', '', NULL, ''),
(404, 'add_exam', '', '', '', '', '', '', '', '', '', '', '', '', '', '', '', '', '', '', '', '', '', NULL, ''),
(405, 'exam_name', '', '', '', '', '', '', '', '', '', '', '', '', '', '', '', '', '', '', '', '', '', NULL, ''),
(406, 'comment', '', '', '', '', '', '', '', '', '', '', '', '', '', '', '', '', '', '', '', '', '', NULL, ''),
(407, 'manage_grade', '', '', '', '', '', '', '', '', '', '', '', '', '', '', '', '', '', '', '', '', '', NULL, ''),
(408, 'grade_list', '', '', '', '', '', '', '', '', '', '', '', '', '', '', '', '', '', '', '', '', '', NULL, ''),
(409, 'add_grade', '', '', '', '', '', '', '', '', '', '', '', '', '', '', '', '', '', '', '', '', '', NULL, ''),
(410, 'grade_name', '', '', '', '', '', '', '', '', '', '', '', '', '', '', '', '', '', '', '', '', '', NULL, ''),
(411, 'grade_point', '', '', '', '', '', '', '', '', '', '', '', '', '', '', '', '', '', '', '', '', '', NULL, ''),
(412, 'mark_from', '', '', '', '', '', '', '', '', '', '', '', '', '', '', '', '', '', '', '', '', '', NULL, ''),
(413, 'mark_upto', '', '', '', '', '', '', '', '', '', '', '', '', '', '', '', '', '', '', '', '', '', NULL, ''),
(414, 'edit_grade', '', '', '', '', '', '', '', '', '', '', '', '', '', '', '', '', '', '', '', '', '', NULL, ''),
(415, 'manage_exam_marks', '', '', '', '', '', '', '', '', '', '', '', '', '', '', '', '', '', '', '', '', '', NULL, ''),
(416, 'select_exam', '', '', '', '', '', '', '', '', '', '', '', '', '', '', '', '', '', '', '', '', '', NULL, ''),
(417, 'select_subject', '', '', '', '', '', '', '', '', '', '', '', '', '', '', '', '', '', '', '', '', '', NULL, ''),
(418, 'select_an_exam', '', '', '', '', '', '', '', '', '', '', '', '', '', '', '', '', '', '', '', '', '', NULL, ''),
(419, 'select_a_class', '', '', '', '', '', '', '', '', '', '', '', '', '', '', '', '', '', '', '', '', '', NULL, ''),
(420, 'mark_obtained', '', '', '', '', '', '', '', '', '', '', '', '', '', '', '', '', '', '', '', '', '', NULL, ''),
(421, 'update_marks', '', '', '', '', '', '', '', '', '', '', '', '', '', '', '', '', '', '', '', '', '', NULL, ''),
(422, 'send_marks', '', '', '', '', '', '', '', '', '', '', '', '', '', '', '', '', '', '', '', '', '', NULL, ''),
(423, 'select_receiver', '', '', '', '', '', '', '', '', '', '', '', '', '', '', '', '', '', '', '', '', '', NULL, ''),
(424, 'view_tabulation_sheet', '', '', '', '', '', '', '', '', '', '', '', '', '', '', '', '', '', '', '', '', '', NULL, ''),
(425, 'subjects', '', '', '', '', '', '', '', '', '', '', '', '', '', '', '', '', '', '', '', '', '', NULL, ''),
(426, 'average_grade_point', '', '', '', '', '', '', '', '', '', '', '', '', '', '', '', '', '', '', '', '', '', NULL, ''),
(427, 'print_tabulation_sheet', '', '', '', '', '', '', '', '', '', '', '', '', '', '', '', '', '', '', '', '', '', NULL, ''),
(428, 'select_all', '', '', '', '', '', '', '', '', '', '', '', '', '', '', '', '', '', '', '', '', '', NULL, ''),
(429, 'select_none', '', '', '', '', '', '', '', '', '', '', '', '', '', '', '', '', '', '', '', '', '', NULL, ''),
(430, 'manage_dormitory', '', '', '', '', '', '', '', '', '', '', '', '', '', '', '', '', '', '', '', '', '', NULL, ''),
(431, 'dormitory_list', '', '', '', '', '', '', '', '', '', '', '', '', '', '', '', '', '', '', '', '', '', NULL, ''),
(432, 'add_dormitory', '', '', '', '', '', '', '', '', '', '', '', '', '', '', '', '', '', '', '', '', '', NULL, ''),
(433, 'dormitory_name', '', '', '', '', '', '', '', '', '', '', '', '', '', '', '', '', '', '', '', '', '', NULL, '');
INSERT INTO `language` (`phrase_id`, `phrase`, `english`, `bengali`, `spanish`, `arabic`, `dutch`, `russian`, `chinese`, `turkish`, `portuguese`, `hungarian`, `french`, `greek`, `german`, `italian`, `thai`, `urdu`, `hindi`, `latin`, `indonesian`, `japanese`, `korean`, `swahili`, `Kikuyu`) VALUES
(434, 'number_of_room', '', '', '', '', '', '', '', '', '', '', '', '', '', '', '', '', '', '', '', '', '', NULL, ''),
(435, 'on', '', '', '', '', '', '', '', '', '', '', '', '', '', '', '', '', '', '', '', '', '', NULL, ''),
(436, 'write_new_message', '', '', '', '', '', '', '', '', '', '', '', '', '', '', '', '', '', '', '', '', '', NULL, ''),
(437, 'recipient', '', '', '', '', '', '', '', '', '', '', '', '', '', '', '', '', '', '', '', '', '', NULL, ''),
(438, 'select_a_user', '', '', '', '', '', '', '', '', '', '', '', '', '', '', '', '', '', '', '', '', '', NULL, ''),
(439, 'write_your_message', '', '', '', '', '', '', '', '', '', '', '', '', '', '', '', '', '', '', '', '', '', NULL, ''),
(440, 'send', '', '', '', '', '', '', '', '', '', '', '', '', '', '', '', '', '', '', '', '', '', NULL, ''),
(441, 'message_sent!', '', '', '', '', '', '', '', '', '', '', '', '', '', '', '', '', '', '', '', '', '', NULL, ''),
(442, 'reply_message', '', '', '', '', '', '', '', '', '', '', '', '', '', '', '', '', '', '', '', '', '', NULL, ''),
(443, 'select_a_service', '', '', '', '', '', '', '', '', '', '', '', '', '', '', '', '', '', '', '', '', '', NULL, ''),
(444, 'not_selected', '', '', '', '', '', '', '', '', '', '', '', '', '', '', '', '', '', '', '', '', '', NULL, ''),
(445, 'disabled', '', '', '', '', '', '', '', '', '', '', '', '', '', '', '', '', '', '', '', '', '', NULL, ''),
(446, 'clickatell_username', '', '', '', '', '', '', '', '', '', '', '', '', '', '', '', '', '', '', '', '', '', NULL, ''),
(447, 'clickatell_password', '', '', '', '', '', '', '', '', '', '', '', '', '', '', '', '', '', '', '', '', '', NULL, ''),
(448, 'clickatell_api_id', '', '', '', '', '', '', '', '', '', '', '', '', '', '', '', '', '', '', '', '', '', NULL, ''),
(449, 'twilio_account', '', '', '', '', '', '', '', '', '', '', '', '', '', '', '', '', '', '', '', '', '', NULL, ''),
(450, 'authentication_token', '', '', '', '', '', '', '', '', '', '', '', '', '', '', '', '', '', '', '', '', '', NULL, ''),
(451, 'registered_phone_number', '', '', '', '', '', '', '', '', '', '', '', '', '', '', '', '', '', '', '', '', '', NULL, ''),
(452, 'settings_updated', '', '', '', '', '', '', '', '', '', '', '', '', '', '', '', '', '', '', '', '', '', NULL, ''),
(453, 'download', '', '', '', '', '', '', '', '', '', '', '', '', '', '', '', '', '', '', '', '', '', NULL, NULL),
(454, 'marksheet_for', '', '', '', '', '', '', '', '', '', '', '', '', '', '', '', '', '', '', '', '', '', NULL, NULL),
(455, 'total_marks', '', '', '', '', '', '', '', '', '', '', '', '', '', '', '', '', '', '', '', '', '', NULL, NULL),
(456, 'print_marksheet', '', '', '', '', '', '', '', '', '', '', '', '', '', '', '', '', '', '', '', '', '', NULL, NULL),
(457, 'manage_invoice/payment', '', '', '', '', '', '', '', '', '', '', '', '', '', '', '', '', '', '', '', '', '', NULL, NULL),
(458, 'invoice/payment_list', '', '', '', '', '', '', '', '', '', '', '', '', '', '', '', '', '', '', '', '', '', NULL, NULL),
(459, 'mark_attendance', '', '', '', '', '', '', '', '', '', '', '', '', '', '', '', '', '', '', '', '', '', NULL, NULL),
(460, 'parent_name', '', '', '', '', '', '', '', '', '', '', '', '', '', '', '', '', '', '', '', '', '', NULL, NULL),
(461, 'mark', '', '', '', '', '', '', '', '', '', '', '', '', '', '', '', '', '', '', '', '', '', NULL, NULL),
(462, 'attended', '', '', '', '', '', '', '', '', '', '', '', '', '', '', '', '', '', '', '', '', '', NULL, NULL),
(463, 'absent', '', '', '', '', '', '', '', '', '', '', '', '', '', '', '', '', '', '', '', '', '', NULL, NULL),
(464, 'not_attending', '', '', '', '', '', '', '', '', '', '', '', '', '', '', '', '', '', '', '', '', '', NULL, NULL),
(465, 'show/mark_attendance', '', '', '', '', '', '', '', '', '', '', '', '', '', '', '', '', '', '', '', '', '', NULL, NULL),
(466, 'show_or_mark_attendance', '', '', '', '', '', '', '', '', '', '', '', '', '', '', '', '', '', '', '', '', '', NULL, NULL),
(467, 'teacher_list', '', '', '', '', '', '', '', '', '', '', '', '', '', '', '', '', '', '', '', '', '', NULL, NULL),
(468, 'student_marksheet', '', '', '', '', '', '', '', '', '', '', '', '', '', '', '', '', '', '', '', '', '', NULL, NULL),
(469, 'add_study_material', '', '', '', '', '', '', '', '', '', '', '', '', '', '', '', '', '', '', '', '', '', NULL, NULL),
(470, 'file_type', '', '', '', '', '', '', '', '', '', '', '', '', '', '', '', '', '', '', '', '', '', NULL, NULL),
(471, 'select_file_type', '', '', '', '', '', '', '', '', '', '', '', '', '', '', '', '', '', '', '', '', '', NULL, NULL),
(472, 'image', '', '', '', '', '', '', '', '', '', '', '', '', '', '', '', '', '', '', '', '', '', NULL, NULL),
(473, 'doc', '', '', '', '', '', '', '', '', '', '', '', '', '', '', '', '', '', '', '', '', '', NULL, NULL),
(474, 'pdf', '', '', '', '', '', '', '', '', '', '', '', '', '', '', '', '', '', '', '', '', '', NULL, NULL),
(475, 'excel', '', '', '', '', '', '', '', '', '', '', '', '', '', '', '', '', '', '', '', '', '', NULL, NULL),
(476, 'other', '', '', '', '', '', '', '', '', '', '', '', '', '', '', '', '', '', '', '', '', '', NULL, NULL),
(477, 'show_attendance', '', '', '', '', '', '', '', '', '', '', '', '', '', '', '', '', '', '', '', '', '', NULL, NULL),
(478, 'parent_dashboard', '', '', '', '', '', '', '', '', '', '', '', '', '', '', '', '', '', '', '', '', '', NULL, NULL),
(479, 'total_mark', '', '', '', '', '', '', '', '', '', '', '', '', '', '', '', '', '', '', '', '', '', NULL, NULL),
(480, 'edit_subject', '', '', '', '', '', '', '', '', '', '', '', '', '', '', '', '', '', '', '', '', '', NULL, NULL),
(481, 'mark_attended', '', '', '', '', '', '', '', '', '', '', '', '', '', '', '', '', '', '', '', '', '', NULL, NULL),
(482, 'class_routine_attendance', '', '', '', '', '', '', '', '', '', '', '', '', '', '', '', '', '', '', '', '', '', NULL, NULL),
(483, 'attendance_date', '', '', '', '', '', '', '', '', '', '', '', '', '', '', '', '', '', '', '', '', '', NULL, NULL),
(484, 'notes', '', '', '', '', '', '', '', '', '', '', '', '', '', '', '', '', '', '', '', '', '', NULL, NULL),
(485, 'attendance_created', '', '', '', '', '', '', '', '', '', '', '', '', '', '', '', '', '', '', '', '', '', NULL, NULL),
(486, 'attendance_exists', '', '', '', '', '', '', '', '', '', '', '', '', '', '', '', '', '', '', '', '', '', NULL, NULL),
(487, 'attendance_updated', '', '', '', '', '', '', '', '', '', '', '', '', '', '', '', '', '', '', '', '', '', NULL, NULL),
(488, 'routine_date', '', '', '', '', '', '', '', '', '', '', '', '', '', '', '', '', '', '', '', '', '', NULL, NULL),
(489, 'search_routine', '', '', '', '', '', '', '', '', '', '', '', '', '', '', '', '', '', '', '', '', '', NULL, NULL),
(490, 'session(s)_attended_today', '', '', '', '', '', '', '', '', '', '', '', '', '', '', '', '', '', '', '', '', '', NULL, NULL),
(491, 'no_session_attended_today', '', '', '', '', '', '', '', '', '', '', '', '', '', '', '', '', '', '', '', '', '', NULL, NULL),
(492, 'edit_class_routine', '', '', '', '', '', '', '', '', '', '', '', '', '', '', '', '', '', '', '', '', '', NULL, NULL);

-- --------------------------------------------------------

--
-- Table structure for table `mark`
--

CREATE TABLE `mark` (
  `mark_id` int(11) NOT NULL,
  `student_id` int(11) NOT NULL,
  `subject_id` int(11) NOT NULL,
  `class_id` int(11) NOT NULL,
  `exam_id` int(11) NOT NULL,
  `mark_obtained` int(11) NOT NULL DEFAULT '0',
  `mark_total` int(11) NOT NULL DEFAULT '100',
  `comment` longtext COLLATE utf8_unicode_ci NOT NULL
) ENGINE=InnoDB DEFAULT CHARSET=utf8 COLLATE=utf8_unicode_ci;

--
-- Dumping data for table `mark`
--

INSERT INTO `mark` (`mark_id`, `student_id`, `subject_id`, `class_id`, `exam_id`, `mark_obtained`, `mark_total`, `comment`) VALUES
(1, 4, 1, 2, 1, 72, 100, 'Good Work'),
(2, 1, 2, 1, 1, 0, 100, ''),
(3, 2, 2, 1, 1, 0, 100, ''),
(4, 3, 2, 1, 1, 0, 100, '');

-- --------------------------------------------------------

--
-- Table structure for table `message`
--

CREATE TABLE `message` (
  `message_id` int(11) NOT NULL,
  `message_thread_code` longtext NOT NULL,
  `message` longtext NOT NULL,
  `sender` longtext NOT NULL,
  `timestamp` longtext NOT NULL,
  `read_status` int(11) NOT NULL DEFAULT '0' COMMENT '0 unread 1 read'
) ENGINE=MyISAM DEFAULT CHARSET=latin1;

--
-- Dumping data for table `message`
--

INSERT INTO `message` (`message_id`, `message_thread_code`, `message`, `sender`, `timestamp`, `read_status`) VALUES
(1, '8cbce2aa38abde1', 'Hey', 'admin-1', '1522852035', 0);

-- --------------------------------------------------------

--
-- Table structure for table `message_thread`
--

CREATE TABLE `message_thread` (
  `message_thread_id` int(11) NOT NULL,
  `message_thread_code` longtext COLLATE utf8_unicode_ci NOT NULL,
  `sender` longtext COLLATE utf8_unicode_ci NOT NULL,
  `reciever` longtext COLLATE utf8_unicode_ci NOT NULL,
  `last_message_timestamp` longtext COLLATE utf8_unicode_ci NOT NULL
) ENGINE=InnoDB DEFAULT CHARSET=utf8 COLLATE=utf8_unicode_ci;

--
-- Dumping data for table `message_thread`
--

INSERT INTO `message_thread` (`message_thread_id`, `message_thread_code`, `sender`, `reciever`, `last_message_timestamp`) VALUES
(1, '8cbce2aa38abde1', 'admin-1', 'parent-3', '');

-- --------------------------------------------------------

--
-- Table structure for table `noticeboard`
--

CREATE TABLE `noticeboard` (
  `notice_id` int(11) NOT NULL,
  `notice_title` longtext COLLATE utf8_unicode_ci NOT NULL,
  `notice` longtext COLLATE utf8_unicode_ci NOT NULL,
  `create_timestamp` int(11) NOT NULL
) ENGINE=MyISAM DEFAULT CHARSET=utf8 COLLATE=utf8_unicode_ci;

--
-- Dumping data for table `noticeboard`
--

INSERT INTO `noticeboard` (`notice_id`, `notice_title`, `notice`, `create_timestamp`) VALUES
(1, 'Academic Day', 'Academic Day', 1524002400);

-- --------------------------------------------------------

--
-- Table structure for table `opening_balance`
--

CREATE TABLE `opening_balance` (
  `opening_balance_id` int(50) NOT NULL,
  `income_category_id` int(50) NOT NULL,
  `amount` decimal(10,2) NOT NULL
) ENGINE=InnoDB DEFAULT CHARSET=latin1;

--
-- Dumping data for table `opening_balance`
--

INSERT INTO `opening_balance` (`opening_balance_id`, `income_category_id`, `amount`) VALUES
(1, 1, '407870.23');

-- --------------------------------------------------------

--
-- Table structure for table `parent`
--

CREATE TABLE `parent` (
  `parent_id` int(11) NOT NULL,
  `name` longtext COLLATE utf8_unicode_ci NOT NULL,
  `email` longtext COLLATE utf8_unicode_ci NOT NULL,
  `password` longtext COLLATE utf8_unicode_ci NOT NULL,
  `phone` longtext COLLATE utf8_unicode_ci NOT NULL,
  `address` longtext COLLATE utf8_unicode_ci NOT NULL,
  `profession` longtext COLLATE utf8_unicode_ci NOT NULL,
  `authentication_key` longtext COLLATE utf8_unicode_ci NOT NULL
) ENGINE=MyISAM DEFAULT CHARSET=utf8 COLLATE=utf8_unicode_ci;

--
-- Dumping data for table `parent`
--

INSERT INTO `parent` (`parent_id`, `name`, `email`, `password`, `phone`, `address`, `profession`, `authentication_key`) VALUES
(1, 'Mulandi Kyalo', 'JMulandi1@gmail.com', '@Compassion123', '0711808071', 'Nairobi', 'Businessman', ''),
(2, 'Mwambire Karisa', 'mwambire2017@gmail.com', '900900', '072267525', 'Kiserian', 'Teacher', ''),
(3, 'Maina Maina', 'MEgelan@gmail.com', '@Compassion123', '07124345654', '80 Ngong', 'Tacher', '');

-- --------------------------------------------------------

--
-- Table structure for table `payment`
--

CREATE TABLE `payment` (
  `payment_id` int(11) NOT NULL,
  `batch_number` int(10) NOT NULL,
  `serial` int(10) NOT NULL,
  `detail_id` int(100) NOT NULL,
  `yr` int(10) NOT NULL,
  `invoice_id` int(11) NOT NULL,
  `student_id` int(11) NOT NULL,
  `method` longtext COLLATE utf8_unicode_ci NOT NULL,
  `term` int(5) NOT NULL,
  `amount` longtext COLLATE utf8_unicode_ci NOT NULL,
  `timestamp` longtext COLLATE utf8_unicode_ci NOT NULL
) ENGINE=MyISAM DEFAULT CHARSET=utf8 COLLATE=utf8_unicode_ci;

--
-- Dumping data for table `payment`
--

INSERT INTO `payment` (`payment_id`, `batch_number`, `serial`, `detail_id`, `yr`, `invoice_id`, `student_id`, `method`, `term`, `amount`, `timestamp`) VALUES
(19, 180412, 3, 6, 2018, 4, 4, '1', 1, '1500', '1522792800'),
(18, 180412, 3, 5, 2018, 4, 4, '1', 1, '4000', '1522792800'),
(17, 170305, 2, 3, 2017, 1, 1, '2', 1, '200', '1488495600'),
(15, 170305, 2, 1, 2017, 1, 1, '2', 1, '1800', '1488495600'),
(14, 170301, 1, 2, 2017, 1, 1, '1', 1, '500', '1488322800'),
(13, 170301, 1, 1, 2017, 1, 1, '1', 1, '1000', '1488322800'),
(16, 170305, 2, 2, 2017, 1, 1, '2', 1, '600', '1488495600'),
(20, 180412, 3, 7, 2018, 4, 4, '1', 1, '2000', '1522792800');

-- --------------------------------------------------------

--
-- Table structure for table `section`
--

CREATE TABLE `section` (
  `section_id` int(11) NOT NULL,
  `name` longtext COLLATE utf8_unicode_ci NOT NULL,
  `nick_name` longtext COLLATE utf8_unicode_ci NOT NULL,
  `class_id` int(11) NOT NULL,
  `teacher_id` int(11) NOT NULL
) ENGINE=InnoDB DEFAULT CHARSET=utf8 COLLATE=utf8_unicode_ci;

--
-- Dumping data for table `section`
--

INSERT INTO `section` (`section_id`, `name`, `nick_name`, `class_id`, `teacher_id`) VALUES
(1, 'Judah', 'Judah', 2, 1),
(2, 'Siloam', 'Siloam', 2, 1);

-- --------------------------------------------------------

--
-- Table structure for table `settings`
--

CREATE TABLE `settings` (
  `settings_id` int(11) NOT NULL,
  `type` longtext CHARACTER SET utf8 COLLATE utf8_unicode_ci NOT NULL,
  `description` longtext CHARACTER SET utf8 COLLATE utf8_unicode_ci NOT NULL
) ENGINE=MyISAM DEFAULT CHARSET=latin1;

--
-- Dumping data for table `settings`
--

INSERT INTO `settings` (`settings_id`, `type`, `description`) VALUES
(1, 'system_name', 'School Management System'),
(2, 'system_title', 'School Management System'),
(3, 'address', '80-80200 Malindi'),
(4, 'phone', '254764837462'),
(5, 'paypal_email', 'admin@techsys.com'),
(6, 'currency', 'Kes.'),
(7, 'system_email', 'mwambirenicodemus2017@gmail.com'),
(20, 'active_sms_service', 'disabled'),
(11, 'language', 'english'),
(12, 'text_align', 'left-to-right'),
(13, 'clickatell_user', ''),
(14, 'clickatell_password', ''),
(15, 'clickatell_api_id', ''),
(16, 'skin_colour', 'default'),
(17, 'twilio_account_sid', ''),
(18, 'twilio_auth_token', ''),
(19, 'twilio_sender_phone_number', ''),
(21, 'system_start_date', '2017-03-01');

-- --------------------------------------------------------

--
-- Table structure for table `student`
--

CREATE TABLE `student` (
  `student_id` int(11) NOT NULL,
  `name` longtext COLLATE utf8_unicode_ci NOT NULL,
  `birthday` longtext COLLATE utf8_unicode_ci NOT NULL,
  `sex` longtext COLLATE utf8_unicode_ci NOT NULL,
  `religion` longtext COLLATE utf8_unicode_ci NOT NULL,
  `blood_group` longtext COLLATE utf8_unicode_ci NOT NULL,
  `address` longtext COLLATE utf8_unicode_ci NOT NULL,
  `phone` longtext COLLATE utf8_unicode_ci NOT NULL,
  `email` longtext COLLATE utf8_unicode_ci NOT NULL,
  `password` longtext COLLATE utf8_unicode_ci NOT NULL,
  `father_name` longtext COLLATE utf8_unicode_ci NOT NULL,
  `mother_name` longtext COLLATE utf8_unicode_ci NOT NULL,
  `class_id` longtext COLLATE utf8_unicode_ci NOT NULL,
  `section_id` int(11) NOT NULL,
  `parent_id` int(11) NOT NULL,
  `roll` longtext COLLATE utf8_unicode_ci NOT NULL,
  `transport_id` int(11) NOT NULL,
  `dormitory_id` int(11) NOT NULL,
  `dormitory_room_number` longtext COLLATE utf8_unicode_ci NOT NULL,
  `authentication_key` longtext COLLATE utf8_unicode_ci NOT NULL,
  `active` int(5) NOT NULL DEFAULT '1'
) ENGINE=InnoDB DEFAULT CHARSET=utf8 COLLATE=utf8_unicode_ci;

--
-- Dumping data for table `student`
--

INSERT INTO `student` (`student_id`, `name`, `birthday`, `sex`, `religion`, `blood_group`, `address`, `phone`, `email`, `password`, `father_name`, `mother_name`, `class_id`, `section_id`, `parent_id`, `roll`, `transport_id`, `dormitory_id`, `dormitory_room_number`, `authentication_key`, `active`) VALUES
(1, 'James Mulandi', '10/25/2005', 'male', '', '', 'Nairobi', '', 'nkmwambs@gmail.com', '@Compassion123', '', '', '1', 0, 1, 'VGS/01/2017', 0, 0, '', '', 1),
(2, 'Nicodemus Karisa', '06/22/2009', 'male', '', '', 'Kiserian', '0722654372', 'mwambirekarisa@gmail.com', '121212', '', '', '1', 0, 2, 'VGC/24/2017', 1, 0, '', '', 1),
(3, 'Joyce Ted', '02/02/2009', '', '', '', '2', '0722654376', 'nkmwambs@gmail.com', '@Compassion123', '', '', '1', 0, 1, 'VGS/242/2017', 0, 0, '', '', 1),
(4, 'Beatrice Maina', '01/30/2014', 'female', '', '', '50', '0770978233', 'MEgelan@gmail.com', '@Compassion123', '', '', '2', 1, 3, 'BM/12/2018', 1, 0, '', '', 1);

-- --------------------------------------------------------

--
-- Table structure for table `subject`
--

CREATE TABLE `subject` (
  `subject_id` int(11) NOT NULL,
  `name` longtext COLLATE utf8_unicode_ci NOT NULL,
  `class_id` int(11) NOT NULL,
  `teacher_id` int(11) NOT NULL
) ENGINE=InnoDB DEFAULT CHARSET=utf8 COLLATE=utf8_unicode_ci;

--
-- Dumping data for table `subject`
--

INSERT INTO `subject` (`subject_id`, `name`, `class_id`, `teacher_id`) VALUES
(1, 'English', 2, 1),
(2, 'Maths', 1, 1),
(3, 'English', 1, 2),
(4, 'Science', 1, 2);

-- --------------------------------------------------------

--
-- Table structure for table `teacher`
--

CREATE TABLE `teacher` (
  `teacher_id` int(11) NOT NULL,
  `name` longtext COLLATE utf8_unicode_ci NOT NULL,
  `birthday` longtext COLLATE utf8_unicode_ci NOT NULL,
  `sex` longtext COLLATE utf8_unicode_ci NOT NULL,
  `religion` longtext COLLATE utf8_unicode_ci NOT NULL,
  `blood_group` longtext COLLATE utf8_unicode_ci NOT NULL,
  `address` longtext COLLATE utf8_unicode_ci NOT NULL,
  `phone` longtext COLLATE utf8_unicode_ci NOT NULL,
  `email` longtext COLLATE utf8_unicode_ci NOT NULL,
  `password` longtext COLLATE utf8_unicode_ci NOT NULL,
  `authentication_key` longtext COLLATE utf8_unicode_ci NOT NULL
) ENGINE=InnoDB DEFAULT CHARSET=utf8 COLLATE=utf8_unicode_ci;

--
-- Dumping data for table `teacher`
--

INSERT INTO `teacher` (`teacher_id`, `name`, `birthday`, `sex`, `religion`, `blood_group`, `address`, `phone`, `email`, `password`, `authentication_key`) VALUES
(1, 'Patty Kamau', '02/23/1981', 'female', '', '', 'Nairobi', '07206876543', 'purityKamau2018@gmail.com', '@Compassion', ''),
(2, 'Macmillan Ben ', '06/12/1979', 'male', '', '', '122 Nairobi', '0728367826', 'macben@gmail.com', '@Compassion12', '');

-- --------------------------------------------------------

--
-- Table structure for table `terms`
--

CREATE TABLE `terms` (
  `terms_id` int(100) NOT NULL,
  `term_number` int(5) NOT NULL,
  `name` varchar(100) NOT NULL
) ENGINE=InnoDB DEFAULT CHARSET=latin1;

--
-- Dumping data for table `terms`
--

INSERT INTO `terms` (`terms_id`, `term_number`, `name`) VALUES
(1, 1, 'One'),
(2, 2, 'Two'),
(3, 3, 'Three');

-- --------------------------------------------------------

--
-- Table structure for table `transport`
--

CREATE TABLE `transport` (
  `transport_id` int(11) NOT NULL,
  `route_name` longtext COLLATE utf8_unicode_ci NOT NULL,
  `number_of_vehicle` longtext COLLATE utf8_unicode_ci NOT NULL,
  `description` longtext COLLATE utf8_unicode_ci NOT NULL,
  `route_fare` longtext COLLATE utf8_unicode_ci NOT NULL
) ENGINE=MyISAM DEFAULT CHARSET=utf8 COLLATE=utf8_unicode_ci;

--
-- Dumping data for table `transport`
--

INSERT INTO `transport` (`transport_id`, `route_name`, `number_of_vehicle`, `description`, `route_fare`) VALUES
(1, 'Ngong-Kiserian', '2', 'Term Payment', '7500');

--
-- Indexes for dumped tables
--

--
-- Indexes for table `accounts`
--
ALTER TABLE `accounts`
  ADD PRIMARY KEY (`accounts_id`);

--
-- Indexes for table `activity`
--
ALTER TABLE `activity`
  ADD PRIMARY KEY (`activity_id`);

--
-- Indexes for table `activity_attendance`
--
ALTER TABLE `activity_attendance`
  ADD PRIMARY KEY (`activity_attendance_id`);

--
-- Indexes for table `admin`
--
ALTER TABLE `admin`
  ADD PRIMARY KEY (`admin_id`);

--
-- Indexes for table `attendance`
--
ALTER TABLE `attendance`
  ADD PRIMARY KEY (`attendance_id`);

--
-- Indexes for table `book`
--
ALTER TABLE `book`
  ADD PRIMARY KEY (`book_id`);

--
-- Indexes for table `budget`
--
ALTER TABLE `budget`
  ADD PRIMARY KEY (`budget_id`);

--
-- Indexes for table `budget_schedule`
--
ALTER TABLE `budget_schedule`
  ADD PRIMARY KEY (`budget_schedule_id`);

--
-- Indexes for table `cashbook`
--
ALTER TABLE `cashbook`
  ADD PRIMARY KEY (`cashbook_id`);

--
-- Indexes for table `ci_sessions`
--
ALTER TABLE `ci_sessions`
  ADD PRIMARY KEY (`id`),
  ADD KEY `ci_sessions_timestamp` (`timestamp`);

--
-- Indexes for table `class`
--
ALTER TABLE `class`
  ADD PRIMARY KEY (`class_id`);

--
-- Indexes for table `class_routine`
--
ALTER TABLE `class_routine`
  ADD PRIMARY KEY (`class_routine_id`);

--
-- Indexes for table `class_routine_attendance`
--
ALTER TABLE `class_routine_attendance`
  ADD PRIMARY KEY (`class_routine_attendance_id`);

--
-- Indexes for table `document`
--
ALTER TABLE `document`
  ADD PRIMARY KEY (`document_id`);

--
-- Indexes for table `dormitory`
--
ALTER TABLE `dormitory`
  ADD PRIMARY KEY (`dormitory_id`);

--
-- Indexes for table `exam`
--
ALTER TABLE `exam`
  ADD PRIMARY KEY (`exam_id`);

--
-- Indexes for table `expense`
--
ALTER TABLE `expense`
  ADD PRIMARY KEY (`expense_id`);

--
-- Indexes for table `expense_category`
--
ALTER TABLE `expense_category`
  ADD PRIMARY KEY (`expense_category_id`);

--
-- Indexes for table `expense_details`
--
ALTER TABLE `expense_details`
  ADD PRIMARY KEY (`expense_details_id`);

--
-- Indexes for table `fees_structure`
--
ALTER TABLE `fees_structure`
  ADD PRIMARY KEY (`fees_id`);

--
-- Indexes for table `fees_structure_details`
--
ALTER TABLE `fees_structure_details`
  ADD PRIMARY KEY (`detail_id`);

--
-- Indexes for table `grade`
--
ALTER TABLE `grade`
  ADD PRIMARY KEY (`grade_id`);

--
-- Indexes for table `income_categories`
--
ALTER TABLE `income_categories`
  ADD PRIMARY KEY (`income_category_id`);

--
-- Indexes for table `invoice`
--
ALTER TABLE `invoice`
  ADD PRIMARY KEY (`invoice_id`);

--
-- Indexes for table `invoice_details`
--
ALTER TABLE `invoice_details`
  ADD PRIMARY KEY (`invoice_details_id`);

--
-- Indexes for table `language`
--
ALTER TABLE `language`
  ADD PRIMARY KEY (`phrase_id`);

--
-- Indexes for table `mark`
--
ALTER TABLE `mark`
  ADD PRIMARY KEY (`mark_id`);

--
-- Indexes for table `message`
--
ALTER TABLE `message`
  ADD PRIMARY KEY (`message_id`);

--
-- Indexes for table `message_thread`
--
ALTER TABLE `message_thread`
  ADD PRIMARY KEY (`message_thread_id`);

--
-- Indexes for table `noticeboard`
--
ALTER TABLE `noticeboard`
  ADD PRIMARY KEY (`notice_id`);

--
-- Indexes for table `opening_balance`
--
ALTER TABLE `opening_balance`
  ADD PRIMARY KEY (`opening_balance_id`);

--
-- Indexes for table `parent`
--
ALTER TABLE `parent`
  ADD PRIMARY KEY (`parent_id`);

--
-- Indexes for table `payment`
--
ALTER TABLE `payment`
  ADD PRIMARY KEY (`payment_id`);

--
-- Indexes for table `section`
--
ALTER TABLE `section`
  ADD PRIMARY KEY (`section_id`);

--
-- Indexes for table `settings`
--
ALTER TABLE `settings`
  ADD PRIMARY KEY (`settings_id`);

--
-- Indexes for table `student`
--
ALTER TABLE `student`
  ADD PRIMARY KEY (`student_id`);

--
-- Indexes for table `subject`
--
ALTER TABLE `subject`
  ADD PRIMARY KEY (`subject_id`);

--
-- Indexes for table `teacher`
--
ALTER TABLE `teacher`
  ADD PRIMARY KEY (`teacher_id`);

--
-- Indexes for table `terms`
--
ALTER TABLE `terms`
  ADD PRIMARY KEY (`terms_id`);

--
-- Indexes for table `transport`
--
ALTER TABLE `transport`
  ADD PRIMARY KEY (`transport_id`);

--
-- AUTO_INCREMENT for dumped tables
--

--
-- AUTO_INCREMENT for table `accounts`
--
ALTER TABLE `accounts`
  MODIFY `accounts_id` int(10) NOT NULL AUTO_INCREMENT, AUTO_INCREMENT=3;
--
-- AUTO_INCREMENT for table `activity`
--
ALTER TABLE `activity`
  MODIFY `activity_id` int(100) NOT NULL AUTO_INCREMENT, AUTO_INCREMENT=7;
--
-- AUTO_INCREMENT for table `activity_attendance`
--
ALTER TABLE `activity_attendance`
  MODIFY `activity_attendance_id` int(100) NOT NULL AUTO_INCREMENT, AUTO_INCREMENT=7;
--
-- AUTO_INCREMENT for table `admin`
--
ALTER TABLE `admin`
  MODIFY `admin_id` int(11) NOT NULL AUTO_INCREMENT, AUTO_INCREMENT=2;
--
-- AUTO_INCREMENT for table `attendance`
--
ALTER TABLE `attendance`
  MODIFY `attendance_id` int(11) NOT NULL AUTO_INCREMENT, AUTO_INCREMENT=6;
--
-- AUTO_INCREMENT for table `book`
--
ALTER TABLE `book`
  MODIFY `book_id` int(11) NOT NULL AUTO_INCREMENT;
--
-- AUTO_INCREMENT for table `budget`
--
ALTER TABLE `budget`
  MODIFY `budget_id` int(100) NOT NULL AUTO_INCREMENT, AUTO_INCREMENT=9;
--
-- AUTO_INCREMENT for table `budget_schedule`
--
ALTER TABLE `budget_schedule`
  MODIFY `budget_schedule_id` int(100) NOT NULL AUTO_INCREMENT, AUTO_INCREMENT=97;
--
-- AUTO_INCREMENT for table `cashbook`
--
ALTER TABLE `cashbook`
  MODIFY `cashbook_id` int(200) NOT NULL AUTO_INCREMENT, AUTO_INCREMENT=34;
--
-- AUTO_INCREMENT for table `class`
--
ALTER TABLE `class`
  MODIFY `class_id` int(11) NOT NULL AUTO_INCREMENT, AUTO_INCREMENT=3;
--
-- AUTO_INCREMENT for table `class_routine`
--
ALTER TABLE `class_routine`
  MODIFY `class_routine_id` int(11) NOT NULL AUTO_INCREMENT, AUTO_INCREMENT=11;
--
-- AUTO_INCREMENT for table `class_routine_attendance`
--
ALTER TABLE `class_routine_attendance`
  MODIFY `class_routine_attendance_id` int(100) NOT NULL AUTO_INCREMENT, AUTO_INCREMENT=14;
--
-- AUTO_INCREMENT for table `document`
--
ALTER TABLE `document`
  MODIFY `document_id` int(11) NOT NULL AUTO_INCREMENT;
--
-- AUTO_INCREMENT for table `dormitory`
--
ALTER TABLE `dormitory`
  MODIFY `dormitory_id` int(11) NOT NULL AUTO_INCREMENT;
--
-- AUTO_INCREMENT for table `exam`
--
ALTER TABLE `exam`
  MODIFY `exam_id` int(11) NOT NULL AUTO_INCREMENT, AUTO_INCREMENT=2;
--
-- AUTO_INCREMENT for table `expense`
--
ALTER TABLE `expense`
  MODIFY `expense_id` int(200) NOT NULL AUTO_INCREMENT, AUTO_INCREMENT=18;
--
-- AUTO_INCREMENT for table `expense_category`
--
ALTER TABLE `expense_category`
  MODIFY `expense_category_id` int(11) NOT NULL AUTO_INCREMENT, AUTO_INCREMENT=6;
--
-- AUTO_INCREMENT for table `expense_details`
--
ALTER TABLE `expense_details`
  MODIFY `expense_details_id` int(200) NOT NULL AUTO_INCREMENT, AUTO_INCREMENT=30;
--
-- AUTO_INCREMENT for table `fees_structure`
--
ALTER TABLE `fees_structure`
  MODIFY `fees_id` int(10) NOT NULL AUTO_INCREMENT, AUTO_INCREMENT=4;
--
-- AUTO_INCREMENT for table `fees_structure_details`
--
ALTER TABLE `fees_structure_details`
  MODIFY `detail_id` int(10) NOT NULL AUTO_INCREMENT, AUTO_INCREMENT=8;
--
-- AUTO_INCREMENT for table `grade`
--
ALTER TABLE `grade`
  MODIFY `grade_id` int(11) NOT NULL AUTO_INCREMENT, AUTO_INCREMENT=4;
--
-- AUTO_INCREMENT for table `income_categories`
--
ALTER TABLE `income_categories`
  MODIFY `income_category_id` int(100) NOT NULL AUTO_INCREMENT, AUTO_INCREMENT=7;
--
-- AUTO_INCREMENT for table `invoice`
--
ALTER TABLE `invoice`
  MODIFY `invoice_id` int(11) NOT NULL AUTO_INCREMENT, AUTO_INCREMENT=5;
--
-- AUTO_INCREMENT for table `invoice_details`
--
ALTER TABLE `invoice_details`
  MODIFY `invoice_details_id` int(200) NOT NULL AUTO_INCREMENT, AUTO_INCREMENT=8;
--
-- AUTO_INCREMENT for table `language`
--
ALTER TABLE `language`
  MODIFY `phrase_id` int(11) NOT NULL AUTO_INCREMENT, AUTO_INCREMENT=493;
--
-- AUTO_INCREMENT for table `mark`
--
ALTER TABLE `mark`
  MODIFY `mark_id` int(11) NOT NULL AUTO_INCREMENT, AUTO_INCREMENT=5;
--
-- AUTO_INCREMENT for table `message`
--
ALTER TABLE `message`
  MODIFY `message_id` int(11) NOT NULL AUTO_INCREMENT, AUTO_INCREMENT=2;
--
-- AUTO_INCREMENT for table `message_thread`
--
ALTER TABLE `message_thread`
  MODIFY `message_thread_id` int(11) NOT NULL AUTO_INCREMENT, AUTO_INCREMENT=2;
--
-- AUTO_INCREMENT for table `noticeboard`
--
ALTER TABLE `noticeboard`
  MODIFY `notice_id` int(11) NOT NULL AUTO_INCREMENT, AUTO_INCREMENT=2;
--
-- AUTO_INCREMENT for table `opening_balance`
--
ALTER TABLE `opening_balance`
  MODIFY `opening_balance_id` int(50) NOT NULL AUTO_INCREMENT, AUTO_INCREMENT=2;
--
-- AUTO_INCREMENT for table `parent`
--
ALTER TABLE `parent`
  MODIFY `parent_id` int(11) NOT NULL AUTO_INCREMENT, AUTO_INCREMENT=4;
--
-- AUTO_INCREMENT for table `payment`
--
ALTER TABLE `payment`
  MODIFY `payment_id` int(11) NOT NULL AUTO_INCREMENT, AUTO_INCREMENT=21;
--
-- AUTO_INCREMENT for table `section`
--
ALTER TABLE `section`
  MODIFY `section_id` int(11) NOT NULL AUTO_INCREMENT, AUTO_INCREMENT=3;
--
-- AUTO_INCREMENT for table `settings`
--
ALTER TABLE `settings`
  MODIFY `settings_id` int(11) NOT NULL AUTO_INCREMENT, AUTO_INCREMENT=22;
--
-- AUTO_INCREMENT for table `student`
--
ALTER TABLE `student`
  MODIFY `student_id` int(11) NOT NULL AUTO_INCREMENT, AUTO_INCREMENT=5;
--
-- AUTO_INCREMENT for table `subject`
--
ALTER TABLE `subject`
  MODIFY `subject_id` int(11) NOT NULL AUTO_INCREMENT, AUTO_INCREMENT=5;
--
-- AUTO_INCREMENT for table `teacher`
--
ALTER TABLE `teacher`
  MODIFY `teacher_id` int(11) NOT NULL AUTO_INCREMENT, AUTO_INCREMENT=3;
--
-- AUTO_INCREMENT for table `terms`
--
ALTER TABLE `terms`
  MODIFY `terms_id` int(100) NOT NULL AUTO_INCREMENT, AUTO_INCREMENT=4;
--
-- AUTO_INCREMENT for table `transport`
--
ALTER TABLE `transport`
  MODIFY `transport_id` int(11) NOT NULL AUTO_INCREMENT, AUTO_INCREMENT=2;
/*!40101 SET CHARACTER_SET_CLIENT=@OLD_CHARACTER_SET_CLIENT */;
/*!40101 SET CHARACTER_SET_RESULTS=@OLD_CHARACTER_SET_RESULTS */;
/*!40101 SET COLLATION_CONNECTION=@OLD_COLLATION_CONNECTION */;
