-- phpMyAdmin SQL Dump
-- version 4.8.0.1
-- https://www.phpmyadmin.net/
--
-- Host: 127.0.0.1
-- Generation Time: Jun 25, 2018 at 02:35 PM
-- Server version: 10.1.32-MariaDB
-- PHP Version: 5.6.36

SET SQL_MODE = "NO_AUTO_VALUE_ON_ZERO";
SET AUTOCOMMIT = 0;
START TRANSACTION;
SET time_zone = "+00:00";


/*!40101 SET @OLD_CHARACTER_SET_CLIENT=@@CHARACTER_SET_CLIENT */;
/*!40101 SET @OLD_CHARACTER_SET_RESULTS=@@CHARACTER_SET_RESULTS */;
/*!40101 SET @OLD_COLLATION_CONNECTION=@@COLLATION_CONNECTION */;
/*!40101 SET NAMES utf8mb4 */;

--
-- Database: `schoolapp`
--

-- --------------------------------------------------------

--
-- Table structure for table `accounts`
--

CREATE TABLE `accounts` (
  `accounts_id` int(10) NOT NULL,
  `numeric_code` int(10) NOT NULL,
  `name` varchar(20) NOT NULL,
  `opening_balance` decimal(10,2) NOT NULL,
  `opening_date` date DEFAULT NULL
) ENGINE=InnoDB DEFAULT CHARSET=latin1;

--
-- Dumping data for table `accounts`
--

INSERT INTO `accounts` (`accounts_id`, `numeric_code`, `name`, `opening_balance`, `opening_date`) VALUES
(1, 1, 'cash', '65000.00', '2017-03-01'),
(2, 2, 'bank', '342870.23', '2017-03-01');

-- --------------------------------------------------------

--
-- Table structure for table `activity`
--

CREATE TABLE `activity` (
  `activity_id` int(100) NOT NULL,
  `name` varchar(20) NOT NULL,
  `description` varchar(100) NOT NULL,
  `start_date` date NOT NULL,
  `end_date` date NOT NULL,
  `stmp` timestamp NOT NULL DEFAULT CURRENT_TIMESTAMP ON UPDATE CURRENT_TIMESTAMP
) ENGINE=InnoDB DEFAULT CHARSET=latin1;

--
-- Dumping data for table `activity`
--

INSERT INTO `activity` (`activity_id`, `name`, `description`, `start_date`, `end_date`, `stmp`) VALUES
(5, 'Parents Meeting', 'For all parents and classes', '2017-11-12', '2017-11-12', '2017-11-12 12:33:04'),
(6, 'Prize Giving Day', 'Academic Day', '2018-04-30', '2018-04-30', '2018-04-04 13:43:07'),
(7, 'Fundraising Day', 'For purchasing a school bus', '2018-06-28', '2018-06-28', '2018-06-15 13:57:47'),
(8, 'Closing Day', 'Closing Day', '2018-06-29', '2018-06-29', '2018-06-15 16:33:39');

-- --------------------------------------------------------

--
-- Table structure for table `activity_attendance`
--

CREATE TABLE `activity_attendance` (
  `activity_attendance_id` int(100) NOT NULL,
  `activity_id` int(100) NOT NULL,
  `parent_id` int(100) NOT NULL,
  `expected` tinyint(5) NOT NULL,
  `attendance` int(5) NOT NULL COMMENT '0=Absent,1=Not Attending, 2=Attended'
) ENGINE=InnoDB DEFAULT CHARSET=latin1;

--
-- Dumping data for table `activity_attendance`
--

INSERT INTO `activity_attendance` (`activity_attendance_id`, `activity_id`, `parent_id`, `expected`, `attendance`) VALUES
(25, 7, 1, 1, 0),
(26, 7, 3, 1, 1),
(27, 7, 4, 1, 1),
(28, 6, 1, 1, 0),
(29, 6, 4, 1, 1);

-- --------------------------------------------------------

--
-- Table structure for table `admin`
--

CREATE TABLE `admin` (
  `admin_id` int(11) NOT NULL,
  `name` longtext COLLATE utf8_unicode_ci NOT NULL,
  `email` longtext COLLATE utf8_unicode_ci NOT NULL,
  `birthday` longtext COLLATE utf8_unicode_ci NOT NULL,
  `sex` longtext COLLATE utf8_unicode_ci NOT NULL,
  `phone` longtext COLLATE utf8_unicode_ci NOT NULL,
  `level` longtext COLLATE utf8_unicode_ci NOT NULL
) ENGINE=InnoDB DEFAULT CHARSET=utf8 COLLATE=utf8_unicode_ci;

--
-- Dumping data for table `admin`
--

INSERT INTO `admin` (`admin_id`, `name`, `email`, `birthday`, `sex`, `phone`, `level`) VALUES
(1, 'Nicodemus Karisa', 'mwambirekarisa2017@gmail.com', '', '', '', 'super'),
(2, 'Betty Kanze', 'BYeri@gmail.com', '03/14/1989', 'female', '0711909076', 'manager'),
(4, 'James Mulandi', 'JMulandi@gmail.com', '06/11/1980', '', '0711909076', 'manager');

-- --------------------------------------------------------

--
-- Table structure for table `attendance`
--

CREATE TABLE `attendance` (
  `attendance_id` int(11) NOT NULL,
  `status` int(11) NOT NULL COMMENT '0 undefined , 1 present , 2  absent',
  `student_id` int(11) NOT NULL,
  `date` date NOT NULL
) ENGINE=InnoDB DEFAULT CHARSET=latin1;

--
-- Dumping data for table `attendance`
--

INSERT INTO `attendance` (`attendance_id`, `status`, `student_id`, `date`) VALUES
(1, 1, 4, '2018-04-04'),
(2, 0, 4, '2018-04-05'),
(3, 1, 1, '2018-04-20'),
(4, 1, 2, '2018-04-20'),
(5, 2, 3, '2018-04-20'),
(6, 1, 4, '2018-06-14'),
(7, 2, 11, '2018-06-14'),
(8, 1, 12, '2018-06-14'),
(9, 1, 13, '2018-06-14');

-- --------------------------------------------------------

--
-- Table structure for table `book`
--

CREATE TABLE `book` (
  `book_id` int(11) NOT NULL,
  `name` longtext COLLATE utf8_unicode_ci NOT NULL,
  `description` longtext COLLATE utf8_unicode_ci NOT NULL,
  `author` longtext COLLATE utf8_unicode_ci NOT NULL,
  `class_id` longtext COLLATE utf8_unicode_ci NOT NULL,
  `status` longtext COLLATE utf8_unicode_ci NOT NULL,
  `price` longtext COLLATE utf8_unicode_ci NOT NULL
) ENGINE=InnoDB DEFAULT CHARSET=utf8 COLLATE=utf8_unicode_ci;

-- --------------------------------------------------------

--
-- Table structure for table `budget`
--

CREATE TABLE `budget` (
  `budget_id` int(100) NOT NULL,
  `expense_category_id` int(100) NOT NULL,
  `description` varchar(200) NOT NULL,
  `fy` int(5) NOT NULL,
  `qty` decimal(10,2) NOT NULL,
  `unitcost` decimal(10,2) NOT NULL,
  `often` int(10) NOT NULL,
  `total` decimal(10,2) NOT NULL,
  `smtp` timestamp NOT NULL DEFAULT CURRENT_TIMESTAMP ON UPDATE CURRENT_TIMESTAMP
) ENGINE=InnoDB DEFAULT CHARSET=latin1;

--
-- Dumping data for table `budget`
--

INSERT INTO `budget` (`budget_id`, `expense_category_id`, `description`, `fy`, `qty`, `unitcost`, `often`, `total`, `smtp`) VALUES
(3, 1, 'Kinder', 2017, '3.00', '7500.00', 12, '270000.00', '2017-02-26 05:42:58'),
(4, 1, 'Primary School Teachers', 2017, '7.00', '9400.00', 12, '789600.00', '2017-02-26 05:46:29'),
(5, 2, 'Electricity', 2017, '1.00', '4800.00', 12, '57600.00', '2017-02-26 06:03:43'),
(6, 2, 'Fuel', 2017, '2.00', '8000.00', 12, '192000.00', '2017-02-26 06:04:44'),
(7, 3, 'Lower Primary Examination', 2017, '89.00', '120.00', 3, '32040.00', '2017-03-12 22:55:16'),
(8, 3, 'Term 1 Exams', 2018, '1.00', '5600.00', 3, '16800.00', '2018-04-04 14:24:26');

-- --------------------------------------------------------

--
-- Table structure for table `budget_schedule`
--

CREATE TABLE `budget_schedule` (
  `budget_schedule_id` int(100) NOT NULL,
  `budget_id` int(100) NOT NULL,
  `month` int(10) NOT NULL,
  `amount` decimal(10,2) NOT NULL,
  `stmp` timestamp NOT NULL DEFAULT CURRENT_TIMESTAMP ON UPDATE CURRENT_TIMESTAMP
) ENGINE=InnoDB DEFAULT CHARSET=latin1;

--
-- Dumping data for table `budget_schedule`
--

INSERT INTO `budget_schedule` (`budget_schedule_id`, `budget_id`, `month`, `amount`, `stmp`) VALUES
(25, 3, 1, '22500.00', '2017-02-26 05:42:58'),
(26, 3, 2, '22500.00', '2017-02-26 05:42:58'),
(27, 3, 3, '22500.00', '2017-02-26 05:42:58'),
(28, 3, 4, '22500.00', '2017-02-26 05:42:58'),
(29, 3, 5, '22500.00', '2017-02-26 05:42:58'),
(30, 3, 6, '22500.00', '2017-02-26 05:42:58'),
(31, 3, 7, '22500.00', '2017-02-26 05:42:58'),
(32, 3, 8, '22500.00', '2017-02-26 05:42:58'),
(33, 3, 9, '22500.00', '2017-02-26 05:42:58'),
(34, 3, 10, '22500.00', '2017-02-26 05:42:58'),
(35, 3, 11, '22500.00', '2017-02-26 05:42:58'),
(36, 3, 12, '22500.00', '2017-02-26 05:42:58'),
(37, 4, 1, '65800.00', '2017-02-26 05:46:29'),
(38, 4, 2, '65800.00', '2017-02-26 05:46:29'),
(39, 4, 3, '65800.00', '2017-02-26 05:46:29'),
(40, 4, 4, '65800.00', '2017-02-26 05:46:29'),
(41, 4, 5, '65800.00', '2017-02-26 05:46:29'),
(42, 4, 6, '65800.00', '2017-02-26 05:46:29'),
(43, 4, 7, '65800.00', '2017-02-26 05:46:29'),
(44, 4, 8, '65800.00', '2017-02-26 05:46:29'),
(45, 4, 9, '65800.00', '2017-02-26 05:46:29'),
(46, 4, 10, '65800.00', '2017-02-26 05:46:29'),
(47, 4, 11, '65800.00', '2017-02-26 05:46:29'),
(48, 4, 12, '65800.00', '2017-02-26 05:46:29'),
(49, 5, 1, '4800.00', '2017-02-26 06:03:43'),
(50, 5, 2, '4800.00', '2017-02-26 06:03:43'),
(51, 5, 3, '4800.00', '2017-02-26 06:03:43'),
(52, 5, 4, '4800.00', '2017-02-26 06:03:43'),
(53, 5, 5, '4800.00', '2017-02-26 06:03:43'),
(54, 5, 6, '4800.00', '2017-02-26 06:03:43'),
(55, 5, 7, '4800.00', '2017-02-26 06:03:43'),
(56, 5, 8, '4800.00', '2017-02-26 06:03:43'),
(57, 5, 9, '4800.00', '2017-02-26 06:03:43'),
(58, 5, 10, '4800.00', '2017-02-26 06:03:43'),
(59, 5, 11, '4800.00', '2017-02-26 06:03:43'),
(60, 5, 12, '4800.00', '2017-02-26 06:03:43'),
(61, 6, 1, '16000.00', '2017-02-26 06:04:44'),
(62, 6, 2, '16000.00', '2017-02-26 06:04:44'),
(63, 6, 3, '16000.00', '2017-02-26 06:04:44'),
(64, 6, 4, '16000.00', '2017-02-26 06:04:44'),
(65, 6, 5, '16000.00', '2017-02-26 06:04:44'),
(66, 6, 6, '16000.00', '2017-02-26 06:04:44'),
(67, 6, 7, '16000.00', '2017-02-26 06:04:44'),
(68, 6, 8, '16000.00', '2017-02-26 06:04:44'),
(69, 6, 9, '16000.00', '2017-02-26 06:04:44'),
(70, 6, 10, '16000.00', '2017-02-26 06:04:44'),
(71, 6, 11, '16000.00', '2017-02-26 06:04:44'),
(72, 6, 12, '16000.00', '2017-02-26 06:04:44'),
(73, 7, 1, '0.00', '2017-03-12 22:55:16'),
(74, 7, 2, '0.00', '2017-03-12 22:55:16'),
(75, 7, 3, '10680.00', '2017-03-12 22:55:16'),
(76, 7, 4, '0.00', '2017-03-12 22:55:16'),
(77, 7, 5, '0.00', '2017-03-12 22:55:16'),
(78, 7, 6, '0.00', '2017-03-12 22:55:16'),
(79, 7, 7, '10680.00', '2017-03-12 22:55:16'),
(80, 7, 8, '0.00', '2017-03-12 22:55:16'),
(81, 7, 9, '0.00', '2017-03-12 22:55:16'),
(82, 7, 10, '0.00', '2017-03-12 22:55:16'),
(83, 7, 11, '10680.00', '2017-03-12 22:55:16'),
(84, 7, 12, '0.00', '2017-03-12 22:55:16'),
(85, 8, 1, '1400.00', '2018-04-04 14:24:26'),
(86, 8, 2, '1400.00', '2018-04-04 14:24:26'),
(87, 8, 3, '1400.00', '2018-04-04 14:24:26'),
(88, 8, 4, '1400.00', '2018-04-04 14:24:26'),
(89, 8, 5, '1400.00', '2018-04-04 14:24:26'),
(90, 8, 6, '1400.00', '2018-04-04 14:24:26'),
(91, 8, 7, '1400.00', '2018-04-04 14:24:26'),
(92, 8, 8, '1400.00', '2018-04-04 14:24:26'),
(93, 8, 9, '1400.00', '2018-04-04 14:24:26'),
(94, 8, 10, '1400.00', '2018-04-04 14:24:26'),
(95, 8, 11, '1400.00', '2018-04-04 14:24:27'),
(96, 8, 12, '1400.00', '2018-04-04 14:24:27');

-- --------------------------------------------------------

--
-- Table structure for table `caregiver`
--

CREATE TABLE `caregiver` (
  `caregiver_id` int(100) NOT NULL,
  `parent_id` int(100) NOT NULL,
  `student_id` int(100) NOT NULL
) ENGINE=InnoDB DEFAULT CHARSET=latin1;

--
-- Dumping data for table `caregiver`
--

INSERT INTO `caregiver` (`caregiver_id`, `parent_id`, `student_id`) VALUES
(12, 5, 11),
(13, 6, 11),
(14, 5, 12),
(15, 6, 12),
(20, 7, 2),
(21, 7, 11),
(25, 3, 4),
(26, 7, 4),
(27, 5, 13);

-- --------------------------------------------------------

--
-- Table structure for table `cashbook`
--

CREATE TABLE `cashbook` (
  `cashbook_id` int(200) NOT NULL,
  `batch_number` int(200) NOT NULL,
  `t_date` date NOT NULL,
  `description` varchar(100) NOT NULL,
  `transaction_type` int(10) NOT NULL COMMENT '1=income,2=expense,3=to_bank,4=to_cash',
  `account` int(10) NOT NULL COMMENT '1=cash,2=bank',
  `amount` decimal(10,2) NOT NULL,
  `timestamp` timestamp NOT NULL DEFAULT CURRENT_TIMESTAMP ON UPDATE CURRENT_TIMESTAMP
) ENGINE=InnoDB DEFAULT CHARSET=latin1;

--
-- Dumping data for table `cashbook`
--

INSERT INTO `cashbook` (`cashbook_id`, `batch_number`, `t_date`, `description`, `transaction_type`, `account`, `amount`, `timestamp`) VALUES
(34, 180601, '2018-06-24', 'Student Payment - Nicodemus Karisa', 1, 1, '6100.00', '2018-06-25 06:50:47'),
(35, 180602, '2018-06-24', 'Student Payment - Nicodemus Karisa', 1, 1, '3000.00', '2018-06-25 06:50:52'),
(36, 180603, '2018-06-25', 'Cleaning Services', 2, 1, '12400.00', '2018-06-25 07:16:26'),
(37, 180604, '2018-06-25', 'School Fees Prepayment', 1, 1, '8500.00', '2018-06-25 07:42:59'),
(38, 180605, '2018-06-25', 'Student Payment - Nicodemus Karisa', 1, 1, '5900.00', '2018-06-25 10:26:02'),
(39, 180606, '2018-06-25', 'Student Payment - James Mulandi', 1, 2, '15000.00', '2018-06-25 12:29:22'),
(40, 180607, '2018-06-25', 'Prepayment for Term 2 2018', 1, 2, '6200.00', '2018-06-25 12:30:42');

-- --------------------------------------------------------

--
-- Table structure for table `ci_sessions`
--

CREATE TABLE `ci_sessions` (
  `id` varchar(40) COLLATE utf8_unicode_ci NOT NULL,
  `ip_address` varchar(45) COLLATE utf8_unicode_ci NOT NULL,
  `timestamp` int(10) UNSIGNED NOT NULL DEFAULT '0',
  `data` blob NOT NULL
) ENGINE=InnoDB DEFAULT CHARSET=utf8 COLLATE=utf8_unicode_ci;

--
-- Dumping data for table `ci_sessions`
--

INSERT INTO `ci_sessions` (`id`, `ip_address`, `timestamp`, `data`) VALUES
('01bf9b8c6a746a18610537037d0c315babeaab3d', '::1', 1529823219, 0x5f5f63695f6c6173745f726567656e65726174657c693a313532393832323632383b6163746976655f6c6f67696e7c733a313a2231223b6c6f67696e5f757365725f69647c733a313a2232223b6c6f67696e5f66697273746e616d657c733a353a224265747479223b6c6f67696e5f6c6173746e616d657c733a353a224b616e7a65223b6c6f67696e5f656d61696c7c733a32313a2262657474792e6b616e7a6540676d61696c2e636f6d223b6c6f67696e5f747970655f69647c733a313a2231223b6c6f67696e5f70726f66696c657c733a313a2231223b6c6f67696e5f747970657c733a353a2261646d696e223b706167655f747970657c733a373a2266696e616e6365223b),
('01c92a95209844ae247c1c96dcbf7d3fc0293eab', '::1', 1529862873, 0x5f5f63695f6c6173745f726567656e65726174657c693a313532393836323538393b6163746976655f6c6f67696e7c733a313a2231223b6c6f67696e5f757365725f69647c733a313a2232223b6c6f67696e5f66697273746e616d657c733a353a224265747479223b6c6f67696e5f6c6173746e616d657c733a353a224b616e7a65223b6c6f67696e5f656d61696c7c733a32313a2262657474792e6b616e7a6540676d61696c2e636f6d223b6c6f67696e5f747970655f69647c733a313a2231223b6c6f67696e5f70726f66696c657c733a313a2231223b6c6f67696e5f747970657c733a353a2261646d696e223b706167655f747970657c733a373a2266696e616e6365223b),
('02f8869bee2d0c3874fdb5e1661dd5ddd5d594b1', '::1', 1529522880, 0x5f5f63695f6c6173745f726567656e65726174657c693a313532393532323836323b6163746976655f6c6f67696e7c733a313a2231223b6c6f67696e5f757365725f69647c733a313a2232223b6c6f67696e5f66697273746e616d657c733a353a224265747479223b6c6f67696e5f6c6173746e616d657c733a353a224b616e7a65223b6c6f67696e5f656d61696c7c733a32313a2262657474792e6b616e7a6540676d61696c2e636f6d223b6c6f67696e5f747970655f69647c733a313a2231223b6c6f67696e5f70726f66696c657c733a313a2231223b6c6f67696e5f747970657c733a353a2261646d696e223b706167655f747970657c733a373a2273747564656e74223b666c6173685f6d6573736167657c733a31323a22446174612055706461746564223b5f5f63695f766172737c613a313a7b733a31333a22666c6173685f6d657373616765223b733a333a226f6c64223b7d),
('072dbf64da1483095db0f1c1e4d827b7ed7ff633', '::1', 1529922017, 0x5f5f63695f6c6173745f726567656e65726174657c693a313532393932313837343b6163746976655f6c6f67696e7c733a313a2231223b6c6f67696e5f757365725f69647c733a313a2232223b6c6f67696e5f66697273746e616d657c733a353a224265747479223b6c6f67696e5f6c6173746e616d657c733a353a224b616e7a65223b6c6f67696e5f656d61696c7c733a32313a2262657474792e6b616e7a6540676d61696c2e636f6d223b6c6f67696e5f747970655f69647c733a313a2231223b6c6f67696e5f70726f66696c657c733a313a2231223b6c6f67696e5f747970657c733a353a2261646d696e223b706167655f747970657c733a373a2266696e616e6365223b),
('080eced73a312f4c3f88ab21e7b6ddcfd7741f87', '::1', 1529925114, 0x5f5f63695f6c6173745f726567656e65726174657c693a313532393932353039373b6163746976655f6c6f67696e7c733a313a2231223b6c6f67696e5f757365725f69647c733a313a2232223b6c6f67696e5f66697273746e616d657c733a353a224265747479223b6c6f67696e5f6c6173746e616d657c733a353a224b616e7a65223b6c6f67696e5f656d61696c7c733a32313a2262657474792e6b616e7a6540676d61696c2e636f6d223b6c6f67696e5f747970655f69647c733a313a2231223b6c6f67696e5f70726f66696c657c733a313a2231223b6c6f67696e5f747970657c733a353a2261646d696e223b706167655f747970657c733a373a2266696e616e6365223b),
('08bd04b7b545b6b1bed2199b1911fab9a120c7cc', '::1', 1529856230, 0x5f5f63695f6c6173745f726567656e65726174657c693a313532393835353630393b6163746976655f6c6f67696e7c733a313a2231223b6c6f67696e5f757365725f69647c733a313a2232223b6c6f67696e5f66697273746e616d657c733a353a224265747479223b6c6f67696e5f6c6173746e616d657c733a353a224b616e7a65223b6c6f67696e5f656d61696c7c733a32313a2262657474792e6b616e7a6540676d61696c2e636f6d223b6c6f67696e5f747970655f69647c733a313a2231223b6c6f67696e5f70726f66696c657c733a313a2231223b6c6f67696e5f747970657c733a353a2261646d696e223b706167655f747970657c733a373a2266696e616e6365223b),
('0a0b1b609c2b37cea6739426faee4c8cd4d4b7a9', '::1', 1529525457, 0x5f5f63695f6c6173745f726567656e65726174657c693a313532393532353336323b6163746976655f6c6f67696e7c733a313a2231223b6c6f67696e5f757365725f69647c733a313a2232223b6c6f67696e5f66697273746e616d657c733a353a224265747479223b6c6f67696e5f6c6173746e616d657c733a353a224b616e7a65223b6c6f67696e5f656d61696c7c733a32313a2262657474792e6b616e7a6540676d61696c2e636f6d223b6c6f67696e5f747970655f69647c733a313a2231223b6c6f67696e5f70726f66696c657c733a313a2231223b6c6f67696e5f747970657c733a353a2261646d696e223b706167655f747970657c733a373a2266696e616e6365223b),
('0cd66b86d9c09ea1bd371e46c3083e23540b16ab', '::1', 1529929734, 0x5f5f63695f6c6173745f726567656e65726174657c693a313532393932393431303b6163746976655f6c6f67696e7c733a313a2231223b6c6f67696e5f757365725f69647c733a313a2232223b6c6f67696e5f66697273746e616d657c733a353a224265747479223b6c6f67696e5f6c6173746e616d657c733a353a224b616e7a65223b6c6f67696e5f656d61696c7c733a32313a2262657474792e6b616e7a6540676d61696c2e636f6d223b6c6f67696e5f747970655f69647c733a313a2231223b6c6f67696e5f70726f66696c657c733a313a2231223b6c6f67696e5f747970657c733a353a2261646d696e223b706167655f747970657c733a373a2266696e616e6365223b),
('10fb2049bfd9e259a429d9df96f2fec53505b29f', '::1', 1529529734, 0x5f5f63695f6c6173745f726567656e65726174657c693a313532393532393537373b6163746976655f6c6f67696e7c733a313a2231223b6c6f67696e5f757365725f69647c733a313a2232223b6c6f67696e5f66697273746e616d657c733a353a224265747479223b6c6f67696e5f6c6173746e616d657c733a353a224b616e7a65223b6c6f67696e5f656d61696c7c733a32313a2262657474792e6b616e7a6540676d61696c2e636f6d223b6c6f67696e5f747970655f69647c733a313a2231223b6c6f67696e5f70726f66696c657c733a313a2231223b6c6f67696e5f747970657c733a353a2261646d696e223b706167655f747970657c733a373a2266696e616e6365223b),
('110e0faafbb59a0dabdeb9b09ae54bacc0b3d63f', '::1', 1529860252, 0x5f5f63695f6c6173745f726567656e65726174657c693a313532393835393931303b6163746976655f6c6f67696e7c733a313a2231223b6c6f67696e5f757365725f69647c733a313a2232223b6c6f67696e5f66697273746e616d657c733a353a224265747479223b6c6f67696e5f6c6173746e616d657c733a353a224b616e7a65223b6c6f67696e5f656d61696c7c733a32313a2262657474792e6b616e7a6540676d61696c2e636f6d223b6c6f67696e5f747970655f69647c733a313a2231223b6c6f67696e5f70726f66696c657c733a313a2231223b6c6f67696e5f747970657c733a353a2261646d696e223b706167655f747970657c733a373a2266696e616e6365223b),
('12df96ada3c8aeda686218bab92e22bb4347b8c4', '::1', 1529863282, 0x5f5f63695f6c6173745f726567656e65726174657c693a313532393836323933373b6163746976655f6c6f67696e7c733a313a2231223b6c6f67696e5f757365725f69647c733a313a2232223b6c6f67696e5f66697273746e616d657c733a353a224265747479223b6c6f67696e5f6c6173746e616d657c733a353a224b616e7a65223b6c6f67696e5f656d61696c7c733a32313a2262657474792e6b616e7a6540676d61696c2e636f6d223b6c6f67696e5f747970655f69647c733a313a2231223b6c6f67696e5f70726f66696c657c733a313a2231223b6c6f67696e5f747970657c733a353a2261646d696e223b706167655f747970657c733a373a2266696e616e6365223b),
('154fff69baacc8ff19d99380baa57fae055c5d41', '::1', 1529922545, 0x5f5f63695f6c6173745f726567656e65726174657c693a313532393932323139343b6163746976655f6c6f67696e7c733a313a2231223b6c6f67696e5f757365725f69647c733a313a2232223b6c6f67696e5f66697273746e616d657c733a353a224265747479223b6c6f67696e5f6c6173746e616d657c733a353a224b616e7a65223b6c6f67696e5f656d61696c7c733a32313a2262657474792e6b616e7a6540676d61696c2e636f6d223b6c6f67696e5f747970655f69647c733a313a2231223b6c6f67696e5f70726f66696c657c733a313a2231223b6c6f67696e5f747970657c733a353a2261646d696e223b706167655f747970657c733a373a2266696e616e6365223b),
('1569ac3edcf625d5bd5340c0f75e554268df96b7', '::1', 1529855572, 0x5f5f63695f6c6173745f726567656e65726174657c693a313532393835353239363b6163746976655f6c6f67696e7c733a313a2231223b6c6f67696e5f757365725f69647c733a313a2232223b6c6f67696e5f66697273746e616d657c733a353a224265747479223b6c6f67696e5f6c6173746e616d657c733a353a224b616e7a65223b6c6f67696e5f656d61696c7c733a32313a2262657474792e6b616e7a6540676d61696c2e636f6d223b6c6f67696e5f747970655f69647c733a313a2231223b6c6f67696e5f70726f66696c657c733a313a2231223b6c6f67696e5f747970657c733a353a2261646d696e223b706167655f747970657c733a373a2266696e616e6365223b),
('1577c3c4be0bf19306b86c0dd5861c05159911ec', '::1', 1529164974, 0x5f5f63695f6c6173745f726567656e65726174657c693a313532393136343637363b6163746976655f6c6f67696e7c733a313a2231223b6c6f67696e5f757365725f69647c733a313a2231223b6c6f67696e5f66697273746e616d657c733a393a224e69636f64656d7573223b6c6f67696e5f6c6173746e616d657c733a363a224b6172697361223b6c6f67696e5f656d61696c7c733a31383a226e6b6d77616d627340676d61696c2e636f6d223b6c6f67696e5f747970655f69647c733a313a2231223b6c6f67696e5f70726f66696c657c733a313a2231223b6c6f67696e5f747970657c733a353a2261646d696e223b706167655f747970657c733a31333a22636c6173735f726f7574696e65223b),
('1689d842253dc575462c92423027f914df6b1173', '::1', 1529528670, 0x5f5f63695f6c6173745f726567656e65726174657c693a313532393532383234313b6163746976655f6c6f67696e7c733a313a2231223b6c6f67696e5f757365725f69647c733a313a2232223b6c6f67696e5f66697273746e616d657c733a353a224265747479223b6c6f67696e5f6c6173746e616d657c733a353a224b616e7a65223b6c6f67696e5f656d61696c7c733a32313a2262657474792e6b616e7a6540676d61696c2e636f6d223b6c6f67696e5f747970655f69647c733a313a2231223b6c6f67696e5f70726f66696c657c733a313a2231223b6c6f67696e5f747970657c733a353a2261646d696e223b706167655f747970657c733a373a2266696e616e6365223b),
('16e9e9908e9ace251cc5f440b3cfc4d7caafcd9c', '::1', 1529513661, 0x5f5f63695f6c6173745f726567656e65726174657c693a313532393531333636313b6163746976655f6c6f67696e7c733a313a2231223b6c6f67696e5f757365725f69647c733a313a2232223b6c6f67696e5f66697273746e616d657c733a353a224265747479223b6c6f67696e5f6c6173746e616d657c733a353a224b616e7a65223b6c6f67696e5f656d61696c7c733a32313a2262657474792e6b616e7a6540676d61696c2e636f6d223b6c6f67696e5f747970655f69647c733a313a2231223b6c6f67696e5f70726f66696c657c733a313a2231223b6c6f67696e5f747970657c733a353a2261646d696e223b706167655f747970657c733a393a2264617368626f617264223b),
('193e43d3625dbf4da85c11f5f67640d6fcd80558', '::1', 1529850043, 0x5f5f63695f6c6173745f726567656e65726174657c693a313532393834393737353b6163746976655f6c6f67696e7c733a313a2231223b6c6f67696e5f757365725f69647c733a313a2232223b6c6f67696e5f66697273746e616d657c733a353a224265747479223b6c6f67696e5f6c6173746e616d657c733a353a224b616e7a65223b6c6f67696e5f656d61696c7c733a32313a2262657474792e6b616e7a6540676d61696c2e636f6d223b6c6f67696e5f747970655f69647c733a313a2231223b6c6f67696e5f70726f66696c657c733a313a2231223b6c6f67696e5f747970657c733a353a2261646d696e223b706167655f747970657c733a373a2266696e616e6365223b),
('1b4fc3a4fe21a458a6170ba33abb5aec01ce0c0f', '::1', 1529520319, 0x5f5f63695f6c6173745f726567656e65726174657c693a313532393532303032353b6163746976655f6c6f67696e7c733a313a2231223b6c6f67696e5f757365725f69647c733a313a2232223b6c6f67696e5f66697273746e616d657c733a353a224265747479223b6c6f67696e5f6c6173746e616d657c733a353a224b616e7a65223b6c6f67696e5f656d61696c7c733a32313a2262657474792e6b616e7a6540676d61696c2e636f6d223b6c6f67696e5f747970655f69647c733a313a2231223b6c6f67696e5f70726f66696c657c733a313a2231223b6c6f67696e5f747970657c733a353a2261646d696e223b706167655f747970657c733a373a2273747564656e74223b),
('1bb2680af1256d1812d662c021580e6c4eb7202b', '::1', 1529164331, 0x5f5f63695f6c6173745f726567656e65726174657c693a313532393136343033373b6163746976655f6c6f67696e7c733a313a2231223b6c6f67696e5f757365725f69647c733a313a2231223b6c6f67696e5f66697273746e616d657c733a393a224e69636f64656d7573223b6c6f67696e5f6c6173746e616d657c733a363a224b6172697361223b6c6f67696e5f656d61696c7c733a31383a226e6b6d77616d627340676d61696c2e636f6d223b6c6f67696e5f747970655f69647c733a313a2231223b6c6f67696e5f70726f66696c657c733a313a2231223b6c6f67696e5f747970657c733a353a2261646d696e223b706167655f747970657c733a31333a22636c6173735f726f7574696e65223b),
('1bd8681367cc9322bb6bb3bed9bd938b64bc0a5b', '::1', 1529774004, 0x5f5f63695f6c6173745f726567656e65726174657c693a313532393737333931343b6163746976655f6c6f67696e7c733a313a2231223b6c6f67696e5f757365725f69647c733a313a2232223b6c6f67696e5f66697273746e616d657c733a353a224265747479223b6c6f67696e5f6c6173746e616d657c733a353a224b616e7a65223b6c6f67696e5f656d61696c7c733a32313a2262657474792e6b616e7a6540676d61696c2e636f6d223b6c6f67696e5f747970655f69647c733a313a2231223b6c6f67696e5f70726f66696c657c733a313a2231223b6c6f67696e5f747970657c733a353a2261646d696e223b706167655f747970657c733a373a2266696e616e6365223b),
('1bfb3cdc5dc73bc9f90e378214921c8541e9f092', '::1', 1529917901, 0x5f5f63695f6c6173745f726567656e65726174657c693a313532393931373636363b6163746976655f6c6f67696e7c733a313a2231223b6c6f67696e5f757365725f69647c733a313a2232223b6c6f67696e5f66697273746e616d657c733a353a224265747479223b6c6f67696e5f6c6173746e616d657c733a353a224b616e7a65223b6c6f67696e5f656d61696c7c733a32313a2262657474792e6b616e7a6540676d61696c2e636f6d223b6c6f67696e5f747970655f69647c733a313a2231223b6c6f67696e5f70726f66696c657c733a313a2231223b6c6f67696e5f747970657c733a353a2261646d696e223b706167655f747970657c733a373a2266696e616e6365223b),
('1c1b0bc80b42f198c5fef641e2617004061688d4', '::1', 1529927407, 0x5f5f63695f6c6173745f726567656e65726174657c693a313532393932373131323b6163746976655f6c6f67696e7c733a313a2231223b6c6f67696e5f757365725f69647c733a313a2232223b6c6f67696e5f66697273746e616d657c733a353a224265747479223b6c6f67696e5f6c6173746e616d657c733a353a224b616e7a65223b6c6f67696e5f656d61696c7c733a32313a2262657474792e6b616e7a6540676d61696c2e636f6d223b6c6f67696e5f747970655f69647c733a313a2231223b6c6f67696e5f70726f66696c657c733a313a2231223b6c6f67696e5f747970657c733a353a2261646d696e223b706167655f747970657c733a373a2266696e616e6365223b),
('1dd38f1abefea882e74d4d9869c2bef8f99dc7eb', '127.0.0.1', 1529554671, 0x5f5f63695f6c6173745f726567656e65726174657c693a313532393535343637313b),
('20399636a137292cd60c6b47b95773217a16aa9c', '::1', 1529865674, 0x5f5f63695f6c6173745f726567656e65726174657c693a313532393836353433323b6163746976655f6c6f67696e7c733a313a2231223b6c6f67696e5f757365725f69647c733a313a2232223b6c6f67696e5f66697273746e616d657c733a353a224265747479223b6c6f67696e5f6c6173746e616d657c733a353a224b616e7a65223b6c6f67696e5f656d61696c7c733a32313a2262657474792e6b616e7a6540676d61696c2e636f6d223b6c6f67696e5f747970655f69647c733a313a2231223b6c6f67696e5f70726f66696c657c733a313a2231223b6c6f67696e5f747970657c733a353a2261646d696e223b706167655f747970657c733a373a2266696e616e6365223b),
('2340291ddf599a4972fa4a348cce8f75bfc10492', '::1', 1529772498, 0x5f5f63695f6c6173745f726567656e65726174657c693a313532393737323438303b6163746976655f6c6f67696e7c733a313a2231223b6c6f67696e5f757365725f69647c733a313a2232223b6c6f67696e5f66697273746e616d657c733a353a224265747479223b6c6f67696e5f6c6173746e616d657c733a353a224b616e7a65223b6c6f67696e5f656d61696c7c733a32313a2262657474792e6b616e7a6540676d61696c2e636f6d223b6c6f67696e5f747970655f69647c733a313a2231223b6c6f67696e5f70726f66696c657c733a313a2231223b6c6f67696e5f747970657c733a353a2261646d696e223b706167655f747970657c733a373a2266696e616e6365223b),
('240f3673f27f6e295dc5430fd3bc09700afdcdb7', '127.0.0.1', 1529517256, 0x5f5f63695f6c6173745f726567656e65726174657c693a313532393531363934333b6163746976655f6c6f67696e7c733a313a2231223b6c6f67696e5f757365725f69647c733a313a2232223b6c6f67696e5f66697273746e616d657c733a353a224265747479223b6c6f67696e5f6c6173746e616d657c733a353a224b616e7a65223b6c6f67696e5f656d61696c7c733a32313a2262657474792e6b616e7a6540676d61696c2e636f6d223b6c6f67696e5f747970655f69647c733a313a2231223b6c6f67696e5f70726f66696c657c733a313a2231223b6c6f67696e5f747970657c733a353a2261646d696e223b706167655f747970657c733a373a2266696e616e6365223b),
('26c1e80fc5afeafc85f8d6adc1b6d07013866169', '::1', 1529773014, 0x5f5f63695f6c6173745f726567656e65726174657c693a313532393737333030383b6163746976655f6c6f67696e7c733a313a2231223b6c6f67696e5f757365725f69647c733a313a2232223b6c6f67696e5f66697273746e616d657c733a353a224265747479223b6c6f67696e5f6c6173746e616d657c733a353a224b616e7a65223b6c6f67696e5f656d61696c7c733a32313a2262657474792e6b616e7a6540676d61696c2e636f6d223b6c6f67696e5f747970655f69647c733a313a2231223b6c6f67696e5f70726f66696c657c733a313a2231223b6c6f67696e5f747970657c733a353a2261646d696e223b706167655f747970657c733a373a2266696e616e6365223b),
('2a5c448a3377f86dda8ff7e7aa8ebe1408e5dbba', '::1', 1529776948, 0x5f5f63695f6c6173745f726567656e65726174657c693a313532393737363831363b6163746976655f6c6f67696e7c733a313a2231223b6c6f67696e5f757365725f69647c733a313a2232223b6c6f67696e5f66697273746e616d657c733a353a224265747479223b6c6f67696e5f6c6173746e616d657c733a353a224b616e7a65223b6c6f67696e5f656d61696c7c733a32313a2262657474792e6b616e7a6540676d61696c2e636f6d223b6c6f67696e5f747970655f69647c733a313a2231223b6c6f67696e5f70726f66696c657c733a313a2231223b6c6f67696e5f747970657c733a353a2261646d696e223b706167655f747970657c733a373a2266696e616e6365223b),
('2b4f50997c2e2bdee1374633adbf1eae8191acd6', '::1', 1529166633, 0x5f5f63695f6c6173745f726567656e65726174657c693a313532393136363430383b6163746976655f6c6f67696e7c733a313a2231223b6c6f67696e5f757365725f69647c733a313a2231223b6c6f67696e5f66697273746e616d657c733a393a224e69636f64656d7573223b6c6f67696e5f6c6173746e616d657c733a363a224b6172697361223b6c6f67696e5f656d61696c7c733a31383a226e6b6d77616d627340676d61696c2e636f6d223b6c6f67696e5f747970655f69647c733a313a2231223b6c6f67696e5f70726f66696c657c733a313a2231223b6c6f67696e5f747970657c733a353a2261646d696e223b706167655f747970657c733a343a226578616d223b),
('33d32f8489b23db7af6ac1dd043fc60a6afb889c', '::1', 1529156007, 0x5f5f63695f6c6173745f726567656e65726174657c693a313532393135353931393b6163746976655f6c6f67696e7c733a313a2231223b6c6f67696e5f757365725f69647c733a313a2231223b6c6f67696e5f66697273746e616d657c733a393a224e69636f64656d7573223b6c6f67696e5f6c6173746e616d657c733a363a224b6172697361223b6c6f67696e5f656d61696c7c733a31383a226e6b6d77616d627340676d61696c2e636f6d223b6c6f67696e5f747970655f69647c733a313a2231223b6c6f67696e5f70726f66696c657c733a313a2231223b6c6f67696e5f747970657c733a353a2261646d696e223b706167655f747970657c733a363a22706172656e74223b),
('353b2a3250c3423c7a532e543b6fbc8d12766b1f', '::1', 1529929191, 0x5f5f63695f6c6173745f726567656e65726174657c693a313532393932383936383b6163746976655f6c6f67696e7c733a313a2231223b6c6f67696e5f757365725f69647c733a313a2232223b6c6f67696e5f66697273746e616d657c733a353a224265747479223b6c6f67696e5f6c6173746e616d657c733a353a224b616e7a65223b6c6f67696e5f656d61696c7c733a32313a2262657474792e6b616e7a6540676d61696c2e636f6d223b6c6f67696e5f747970655f69647c733a313a2231223b6c6f67696e5f70726f66696c657c733a313a2231223b6c6f67696e5f747970657c733a353a2261646d696e223b706167655f747970657c733a373a2266696e616e6365223b),
('356efa840682b8f052815ac36b0d1aae72d2767e', '::1', 1529820910, 0x5f5f63695f6c6173745f726567656e65726174657c693a313532393832303635343b6163746976655f6c6f67696e7c733a313a2231223b6c6f67696e5f757365725f69647c733a313a2232223b6c6f67696e5f66697273746e616d657c733a353a224265747479223b6c6f67696e5f6c6173746e616d657c733a353a224b616e7a65223b6c6f67696e5f656d61696c7c733a32313a2262657474792e6b616e7a6540676d61696c2e636f6d223b6c6f67696e5f747970655f69647c733a313a2231223b6c6f67696e5f70726f66696c657c733a313a2231223b6c6f67696e5f747970657c733a353a2261646d696e223b706167655f747970657c733a373a2266696e616e6365223b),
('35b230bd2cd5e128ff9f2e930a475c5689edf621', '::1', 1529772160, 0x5f5f63695f6c6173745f726567656e65726174657c693a313532393737313534343b6163746976655f6c6f67696e7c733a313a2231223b6c6f67696e5f757365725f69647c733a313a2232223b6c6f67696e5f66697273746e616d657c733a353a224265747479223b6c6f67696e5f6c6173746e616d657c733a353a224b616e7a65223b6c6f67696e5f656d61696c7c733a32313a2262657474792e6b616e7a6540676d61696c2e636f6d223b6c6f67696e5f747970655f69647c733a313a2231223b6c6f67696e5f70726f66696c657c733a313a2231223b6c6f67696e5f747970657c733a353a2261646d696e223b706167655f747970657c733a373a2266696e616e6365223b),
('35b9491578ef209a699050b47545f3b2df3d168e', '::1', 1529918137, 0x5f5f63695f6c6173745f726567656e65726174657c693a313532393931383132373b6163746976655f6c6f67696e7c733a313a2231223b6c6f67696e5f757365725f69647c733a313a2232223b6c6f67696e5f66697273746e616d657c733a353a224265747479223b6c6f67696e5f6c6173746e616d657c733a353a224b616e7a65223b6c6f67696e5f656d61696c7c733a32313a2262657474792e6b616e7a6540676d61696c2e636f6d223b6c6f67696e5f747970655f69647c733a313a2231223b6c6f67696e5f70726f66696c657c733a313a2231223b6c6f67696e5f747970657c733a353a2261646d696e223b706167655f747970657c733a373a2266696e616e6365223b),
('384d65d3bd50f446887a1feb6d405c27c1e7cf87', '::1', 1529908381, 0x5f5f63695f6c6173745f726567656e65726174657c693a313532393930383131303b6163746976655f6c6f67696e7c733a313a2231223b6c6f67696e5f757365725f69647c733a313a2232223b6c6f67696e5f66697273746e616d657c733a353a224265747479223b6c6f67696e5f6c6173746e616d657c733a353a224b616e7a65223b6c6f67696e5f656d61696c7c733a32313a2262657474792e6b616e7a6540676d61696c2e636f6d223b6c6f67696e5f747970655f69647c733a313a2231223b6c6f67696e5f70726f66696c657c733a313a2231223b6c6f67696e5f747970657c733a353a2261646d696e223b706167655f747970657c733a373a2266696e616e6365223b),
('39b2367105302d28fdf080a481e1341a9ef987dd', '::1', 1529769235, 0x5f5f63695f6c6173745f726567656e65726174657c693a313532393736393233353b6163746976655f6c6f67696e7c733a313a2231223b6c6f67696e5f757365725f69647c733a313a2232223b6c6f67696e5f66697273746e616d657c733a353a224265747479223b6c6f67696e5f6c6173746e616d657c733a353a224b616e7a65223b6c6f67696e5f656d61696c7c733a32313a2262657474792e6b616e7a6540676d61696c2e636f6d223b6c6f67696e5f747970655f69647c733a313a2231223b6c6f67696e5f70726f66696c657c733a313a2231223b6c6f67696e5f747970657c733a353a2261646d696e223b706167655f747970657c733a373a2266696e616e6365223b),
('3aabcb0c68851669820d5a26132637a4afba4ab2', '::1', 1529914529, 0x5f5f63695f6c6173745f726567656e65726174657c693a313532393931333932333b6163746976655f6c6f67696e7c733a313a2231223b6c6f67696e5f757365725f69647c733a313a2232223b6c6f67696e5f66697273746e616d657c733a353a224265747479223b6c6f67696e5f6c6173746e616d657c733a353a224b616e7a65223b6c6f67696e5f656d61696c7c733a32313a2262657474792e6b616e7a6540676d61696c2e636f6d223b6c6f67696e5f747970655f69647c733a313a2231223b6c6f67696e5f70726f66696c657c733a313a2231223b6c6f67696e5f747970657c733a353a2261646d696e223b706167655f747970657c733a373a2266696e616e6365223b),
('3c41bd5caed4975834a7afad0d1f0b021f466560', '::1', 1529926790, 0x5f5f63695f6c6173745f726567656e65726174657c693a313532393932363737313b6163746976655f6c6f67696e7c733a313a2231223b6c6f67696e5f757365725f69647c733a313a2232223b6c6f67696e5f66697273746e616d657c733a353a224265747479223b6c6f67696e5f6c6173746e616d657c733a353a224b616e7a65223b6c6f67696e5f656d61696c7c733a32313a2262657474792e6b616e7a6540676d61696c2e636f6d223b6c6f67696e5f747970655f69647c733a313a2231223b6c6f67696e5f70726f66696c657c733a313a2231223b6c6f67696e5f747970657c733a353a2261646d696e223b706167655f747970657c733a373a2266696e616e6365223b),
('3c70bc9d517bfa40e913915d28224f2f574dbc9b', '::1', 1529927736, 0x5f5f63695f6c6173745f726567656e65726174657c693a313532393932373434383b6163746976655f6c6f67696e7c733a313a2231223b6c6f67696e5f757365725f69647c733a313a2232223b6c6f67696e5f66697273746e616d657c733a353a224265747479223b6c6f67696e5f6c6173746e616d657c733a353a224b616e7a65223b6c6f67696e5f656d61696c7c733a32313a2262657474792e6b616e7a6540676d61696c2e636f6d223b6c6f67696e5f747970655f69647c733a313a2231223b6c6f67696e5f70726f66696c657c733a313a2231223b6c6f67696e5f747970657c733a353a2261646d696e223b706167655f747970657c733a373a2266696e616e6365223b),
('3d7246ca99baafc53420bcc068b34d575469d623', '::1', 1529821134, 0x5f5f63695f6c6173745f726567656e65726174657c693a313532393832313030363b6163746976655f6c6f67696e7c733a313a2231223b6c6f67696e5f757365725f69647c733a313a2232223b6c6f67696e5f66697273746e616d657c733a353a224265747479223b6c6f67696e5f6c6173746e616d657c733a353a224b616e7a65223b6c6f67696e5f656d61696c7c733a32313a2262657474792e6b616e7a6540676d61696c2e636f6d223b6c6f67696e5f747970655f69647c733a313a2231223b6c6f67696e5f70726f66696c657c733a313a2231223b6c6f67696e5f747970657c733a353a2261646d696e223b706167655f747970657c733a373a2266696e616e6365223b),
('3d7edf9309e6ec00417bc549b5e8247891481c04', '::1', 1529857016, 0x5f5f63695f6c6173745f726567656e65726174657c693a313532393835363838303b6163746976655f6c6f67696e7c733a313a2231223b6c6f67696e5f757365725f69647c733a313a2232223b6c6f67696e5f66697273746e616d657c733a353a224265747479223b6c6f67696e5f6c6173746e616d657c733a353a224b616e7a65223b6c6f67696e5f656d61696c7c733a32313a2262657474792e6b616e7a6540676d61696c2e636f6d223b6c6f67696e5f747970655f69647c733a313a2231223b6c6f67696e5f70726f66696c657c733a313a2231223b6c6f67696e5f747970657c733a353a2261646d696e223b706167655f747970657c733a373a2266696e616e6365223b),
('4277ad80dd58b9d1e39989bd58885f24ad322ba0', '::1', 1529163710, 0x5f5f63695f6c6173745f726567656e65726174657c693a313532393136333536333b6163746976655f6c6f67696e7c733a313a2231223b6c6f67696e5f757365725f69647c733a313a2231223b6c6f67696e5f66697273746e616d657c733a393a224e69636f64656d7573223b6c6f67696e5f6c6173746e616d657c733a363a224b6172697361223b6c6f67696e5f656d61696c7c733a31383a226e6b6d77616d627340676d61696c2e636f6d223b6c6f67696e5f747970655f69647c733a313a2231223b6c6f67696e5f70726f66696c657c733a313a2231223b6c6f67696e5f747970657c733a353a2261646d696e223b706167655f747970657c733a373a227375626a656374223b666c6173685f6d6573736167657c733a31323a22446174612044656c65746564223b5f5f63695f766172737c613a313a7b733a31333a22666c6173685f6d657373616765223b733a333a226f6c64223b7d),
('4743b1f7fb2a5edf65adac7c11dbe1b281777fd9', '::1', 1529918581, 0x5f5f63695f6c6173745f726567656e65726174657c693a313532393931383436393b6163746976655f6c6f67696e7c733a313a2231223b6c6f67696e5f757365725f69647c733a313a2232223b6c6f67696e5f66697273746e616d657c733a353a224265747479223b6c6f67696e5f6c6173746e616d657c733a353a224b616e7a65223b6c6f67696e5f656d61696c7c733a32313a2262657474792e6b616e7a6540676d61696c2e636f6d223b6c6f67696e5f747970655f69647c733a313a2231223b6c6f67696e5f70726f66696c657c733a313a2231223b6c6f67696e5f747970657c733a353a2261646d696e223b706167655f747970657c733a373a2266696e616e6365223b),
('48adb89caaf70dc3bde3e602ba0034f3cab0311f', '::1', 1529913151, 0x5f5f63695f6c6173745f726567656e65726174657c693a313532393931333132373b6163746976655f6c6f67696e7c733a313a2231223b6c6f67696e5f757365725f69647c733a313a2232223b6c6f67696e5f66697273746e616d657c733a353a224265747479223b6c6f67696e5f6c6173746e616d657c733a353a224b616e7a65223b6c6f67696e5f656d61696c7c733a32313a2262657474792e6b616e7a6540676d61696c2e636f6d223b6c6f67696e5f747970655f69647c733a313a2231223b6c6f67696e5f70726f66696c657c733a313a2231223b6c6f67696e5f747970657c733a353a2261646d696e223b706167655f747970657c733a373a2266696e616e6365223b),
('4ee6e7db724042ba9ea0d0dac7cc50030fd88824', '::1', 1529529398, 0x5f5f63695f6c6173745f726567656e65726174657c693a313532393532393236343b6163746976655f6c6f67696e7c733a313a2231223b6c6f67696e5f757365725f69647c733a313a2232223b6c6f67696e5f66697273746e616d657c733a353a224265747479223b6c6f67696e5f6c6173746e616d657c733a353a224b616e7a65223b6c6f67696e5f656d61696c7c733a32313a2262657474792e6b616e7a6540676d61696c2e636f6d223b6c6f67696e5f747970655f69647c733a313a2231223b6c6f67696e5f70726f66696c657c733a313a2231223b6c6f67696e5f747970657c733a353a2261646d696e223b706167655f747970657c733a373a2266696e616e6365223b666c6173685f6d6573736167657c733a32383a22496e766f6963652045646974746564205375636365737366756c6c79223b5f5f63695f766172737c613a313a7b733a31333a22666c6173685f6d657373616765223b733a333a226e6577223b7d),
('50f0d882ccc80982f761716803d8a10853f8bcd1', '::1', 1529846410, 0x5f5f63695f6c6173745f726567656e65726174657c693a313532393834363134313b6163746976655f6c6f67696e7c733a313a2231223b6c6f67696e5f757365725f69647c733a313a2232223b6c6f67696e5f66697273746e616d657c733a353a224265747479223b6c6f67696e5f6c6173746e616d657c733a353a224b616e7a65223b6c6f67696e5f656d61696c7c733a32313a2262657474792e6b616e7a6540676d61696c2e636f6d223b6c6f67696e5f747970655f69647c733a313a2231223b6c6f67696e5f70726f66696c657c733a313a2231223b6c6f67696e5f747970657c733a353a2261646d696e223b706167655f747970657c733a373a2266696e616e6365223b),
('53d02acbae0cfe2a321189bc93bebeb1512a46b4', '127.0.0.1', 1529912586, 0x5f5f63695f6c6173745f726567656e65726174657c693a313532393931323330373b6163746976655f6c6f67696e7c733a313a2231223b6c6f67696e5f757365725f69647c733a313a2232223b6c6f67696e5f66697273746e616d657c733a353a224265747479223b6c6f67696e5f6c6173746e616d657c733a353a224b616e7a65223b6c6f67696e5f656d61696c7c733a32313a2262657474792e6b616e7a6540676d61696c2e636f6d223b6c6f67696e5f747970655f69647c733a313a2231223b6c6f67696e5f70726f66696c657c733a313a2231223b6c6f67696e5f747970657c733a353a2261646d696e223b706167655f747970657c733a373a2266696e616e6365223b),
('545c11ed1890d224dd223202f548b62c2838ea9f', '::1', 1529516242, 0x5f5f63695f6c6173745f726567656e65726174657c693a313532393531353739363b6163746976655f6c6f67696e7c733a313a2231223b6c6f67696e5f757365725f69647c733a313a2232223b6c6f67696e5f66697273746e616d657c733a353a224265747479223b6c6f67696e5f6c6173746e616d657c733a353a224b616e7a65223b6c6f67696e5f656d61696c7c733a32313a2262657474792e6b616e7a6540676d61696c2e636f6d223b6c6f67696e5f747970655f69647c733a313a2231223b6c6f67696e5f70726f66696c657c733a313a2231223b6c6f67696e5f747970657c733a353a2261646d696e223b706167655f747970657c733a373a2266696e616e6365223b),
('568253a8afa73fe0882ad31b0dbb1d7e27d0bdf5', '::1', 1529919136, 0x5f5f63695f6c6173745f726567656e65726174657c693a313532393931383830333b6163746976655f6c6f67696e7c733a313a2231223b6c6f67696e5f757365725f69647c733a313a2232223b6c6f67696e5f66697273746e616d657c733a353a224265747479223b6c6f67696e5f6c6173746e616d657c733a353a224b616e7a65223b6c6f67696e5f656d61696c7c733a32313a2262657474792e6b616e7a6540676d61696c2e636f6d223b6c6f67696e5f747970655f69647c733a313a2231223b6c6f67696e5f70726f66696c657c733a313a2231223b6c6f67696e5f747970657c733a353a2261646d696e223b706167655f747970657c733a373a2266696e616e6365223b),
('5a1c534f4a9b9b13d79d7198e4e1d1a17d4ffe18', '::1', 1529775798, 0x5f5f63695f6c6173745f726567656e65726174657c693a313532393737353632353b6163746976655f6c6f67696e7c733a313a2231223b6c6f67696e5f757365725f69647c733a313a2232223b6c6f67696e5f66697273746e616d657c733a353a224265747479223b6c6f67696e5f6c6173746e616d657c733a353a224b616e7a65223b6c6f67696e5f656d61696c7c733a32313a2262657474792e6b616e7a6540676d61696c2e636f6d223b6c6f67696e5f747970655f69647c733a313a2231223b6c6f67696e5f70726f66696c657c733a313a2231223b6c6f67696e5f747970657c733a353a2261646d696e223b706167655f747970657c733a373a2266696e616e6365223b),
('603b87488f41f36444e3be36d44014ec2f451aa1', '::1', 1529851529, 0x5f5f63695f6c6173745f726567656e65726174657c693a313532393835313030303b6163746976655f6c6f67696e7c733a313a2231223b6c6f67696e5f757365725f69647c733a313a2232223b6c6f67696e5f66697273746e616d657c733a353a224265747479223b6c6f67696e5f6c6173746e616d657c733a353a224b616e7a65223b6c6f67696e5f656d61696c7c733a32313a2262657474792e6b616e7a6540676d61696c2e636f6d223b6c6f67696e5f747970655f69647c733a313a2231223b6c6f67696e5f70726f66696c657c733a313a2231223b6c6f67696e5f747970657c733a353a2261646d696e223b706167655f747970657c733a373a2266696e616e6365223b),
('6074ee7e2acdda4c778bb663d07a63740459f1a6', '::1', 1529864322, 0x5f5f63695f6c6173745f726567656e65726174657c693a313532393836343031353b6163746976655f6c6f67696e7c733a313a2231223b6c6f67696e5f757365725f69647c733a313a2232223b6c6f67696e5f66697273746e616d657c733a353a224265747479223b6c6f67696e5f6c6173746e616d657c733a353a224b616e7a65223b6c6f67696e5f656d61696c7c733a32313a2262657474792e6b616e7a6540676d61696c2e636f6d223b6c6f67696e5f747970655f69647c733a313a2231223b6c6f67696e5f70726f66696c657c733a313a2231223b6c6f67696e5f747970657c733a353a2261646d696e223b706167655f747970657c733a373a2266696e616e6365223b),
('608f6de2e1ff3a95993151aa896ff178ebc432bc', '::1', 1529773879, 0x5f5f63695f6c6173745f726567656e65726174657c693a313532393737333832363b6163746976655f6c6f67696e7c733a313a2231223b6c6f67696e5f757365725f69647c733a313a2232223b6c6f67696e5f66697273746e616d657c733a353a224265747479223b6c6f67696e5f6c6173746e616d657c733a353a224b616e7a65223b6c6f67696e5f656d61696c7c733a32313a2262657474792e6b616e7a6540676d61696c2e636f6d223b6c6f67696e5f747970655f69647c733a313a2231223b6c6f67696e5f70726f66696c657c733a313a2231223b6c6f67696e5f747970657c733a353a2261646d696e223b706167655f747970657c733a373a2266696e616e6365223b),
('610fa51a17b1e926d1857cd75600d987677d3de2', '::1', 1529920042, 0x5f5f63695f6c6173745f726567656e65726174657c693a313532393931393535363b6163746976655f6c6f67696e7c733a313a2231223b6c6f67696e5f757365725f69647c733a313a2232223b6c6f67696e5f66697273746e616d657c733a353a224265747479223b6c6f67696e5f6c6173746e616d657c733a353a224b616e7a65223b6c6f67696e5f656d61696c7c733a32313a2262657474792e6b616e7a6540676d61696c2e636f6d223b6c6f67696e5f747970655f69647c733a313a2231223b6c6f67696e5f70726f66696c657c733a313a2231223b6c6f67696e5f747970657c733a353a2261646d696e223b706167655f747970657c733a373a2266696e616e6365223b),
('6229f7dcc505f304bcb835fb783b0346cf3948be', '::1', 1529768699, 0x5f5f63695f6c6173745f726567656e65726174657c693a313532393736383639393b6163746976655f6c6f67696e7c733a313a2231223b6c6f67696e5f757365725f69647c733a313a2232223b6c6f67696e5f66697273746e616d657c733a353a224265747479223b6c6f67696e5f6c6173746e616d657c733a353a224b616e7a65223b6c6f67696e5f656d61696c7c733a32313a2262657474792e6b616e7a6540676d61696c2e636f6d223b6c6f67696e5f747970655f69647c733a313a2231223b6c6f67696e5f70726f66696c657c733a313a2231223b6c6f67696e5f747970657c733a353a2261646d696e223b706167655f747970657c733a373a2266696e616e6365223b),
('6370621ec855367e05b0c30dd36265c532f19289', '::1', 1529854559, 0x5f5f63695f6c6173745f726567656e65726174657c693a313532393835333732333b6163746976655f6c6f67696e7c733a313a2231223b6c6f67696e5f757365725f69647c733a313a2232223b6c6f67696e5f66697273746e616d657c733a353a224265747479223b6c6f67696e5f6c6173746e616d657c733a353a224b616e7a65223b6c6f67696e5f656d61696c7c733a32313a2262657474792e6b616e7a6540676d61696c2e636f6d223b6c6f67696e5f747970655f69647c733a313a2231223b6c6f67696e5f70726f66696c657c733a313a2231223b6c6f67696e5f747970657c733a353a2261646d696e223b706167655f747970657c733a373a2266696e616e6365223b),
('6559a54d52face2de538be12800920059657b775', '::1', 1529525791, 0x5f5f63695f6c6173745f726567656e65726174657c693a313532393532353737333b6163746976655f6c6f67696e7c733a313a2231223b6c6f67696e5f757365725f69647c733a313a2232223b6c6f67696e5f66697273746e616d657c733a353a224265747479223b6c6f67696e5f6c6173746e616d657c733a353a224b616e7a65223b6c6f67696e5f656d61696c7c733a32313a2262657474792e6b616e7a6540676d61696c2e636f6d223b6c6f67696e5f747970655f69647c733a313a2231223b6c6f67696e5f70726f66696c657c733a313a2231223b6c6f67696e5f747970657c733a353a2261646d696e223b706167655f747970657c733a373a2266696e616e6365223b),
('68ff46d89beb61cc330eac26e1dbc0dbd5a6012e', '::1', 1529860212, 0x5f5f63695f6c6173745f726567656e65726174657c693a313532393836303231323b6163746976655f6c6f67696e7c733a313a2231223b6c6f67696e5f757365725f69647c733a313a2232223b6c6f67696e5f66697273746e616d657c733a353a224265747479223b6c6f67696e5f6c6173746e616d657c733a353a224b616e7a65223b6c6f67696e5f656d61696c7c733a32313a2262657474792e6b616e7a6540676d61696c2e636f6d223b6c6f67696e5f747970655f69647c733a313a2231223b6c6f67696e5f70726f66696c657c733a313a2231223b6c6f67696e5f747970657c733a353a2261646d696e223b706167655f747970657c733a373a2266696e616e6365223b),
('6a1ff5b301871fd52c73268fd5c1026c4b017643', '::1', 1529912308, 0x5f5f63695f6c6173745f726567656e65726174657c693a313532393931313934363b6163746976655f6c6f67696e7c733a313a2231223b6c6f67696e5f757365725f69647c733a313a2232223b6c6f67696e5f66697273746e616d657c733a353a224265747479223b6c6f67696e5f6c6173746e616d657c733a353a224b616e7a65223b6c6f67696e5f656d61696c7c733a32313a2262657474792e6b616e7a6540676d61696c2e636f6d223b6c6f67696e5f747970655f69647c733a313a2231223b6c6f67696e5f70726f66696c657c733a313a2231223b6c6f67696e5f747970657c733a353a2261646d696e223b706167655f747970657c733a373a2266696e616e6365223b),
('6a68ae5ed33463bea13a206d60195f36894297c3', '127.0.0.1', 1529599282, 0x5f5f63695f6c6173745f726567656e65726174657c693a313532393539393235373b),
('6bc5e61b379c9968a438c429246f9897724dcf07', '::1', 1529159930, 0x5f5f63695f6c6173745f726567656e65726174657c693a313532393135393537353b6163746976655f6c6f67696e7c733a313a2231223b6c6f67696e5f757365725f69647c733a313a2231223b6c6f67696e5f66697273746e616d657c733a393a224e69636f64656d7573223b6c6f67696e5f6c6173746e616d657c733a363a224b6172697361223b6c6f67696e5f656d61696c7c733a31383a226e6b6d77616d627340676d61696c2e636f6d223b6c6f67696e5f747970655f69647c733a313a2231223b6c6f67696e5f70726f66696c657c733a313a2231223b6c6f67696e5f747970657c733a353a2261646d696e223b706167655f747970657c733a363a22706172656e74223b),
('6e65dba348eccc12d7d9735b747e87890a682d9f', '::1', 1529853263, 0x5f5f63695f6c6173745f726567656e65726174657c693a313532393835323638333b6163746976655f6c6f67696e7c733a313a2231223b6c6f67696e5f757365725f69647c733a313a2232223b6c6f67696e5f66697273746e616d657c733a353a224265747479223b6c6f67696e5f6c6173746e616d657c733a353a224b616e7a65223b6c6f67696e5f656d61696c7c733a32313a2262657474792e6b616e7a6540676d61696c2e636f6d223b6c6f67696e5f747970655f69647c733a313a2231223b6c6f67696e5f70726f66696c657c733a313a2231223b6c6f67696e5f747970657c733a353a2261646d696e223b706167655f747970657c733a373a2266696e616e6365223b),
('6e9ca157d3b53dad25aa303551f6ea3ef701267f', '::1', 1529853617, 0x5f5f63695f6c6173745f726567656e65726174657c693a313532393835333331353b6163746976655f6c6f67696e7c733a313a2231223b6c6f67696e5f757365725f69647c733a313a2232223b6c6f67696e5f66697273746e616d657c733a353a224265747479223b6c6f67696e5f6c6173746e616d657c733a353a224b616e7a65223b6c6f67696e5f656d61696c7c733a32313a2262657474792e6b616e7a6540676d61696c2e636f6d223b6c6f67696e5f747970655f69647c733a313a2231223b6c6f67696e5f70726f66696c657c733a313a2231223b6c6f67696e5f747970657c733a353a2261646d696e223b706167655f747970657c733a373a2266696e616e6365223b),
('6f6f5fef07bd3845e6dff87e23f8b0e13f84a820', '::1', 1529515060, 0x5f5f63695f6c6173745f726567656e65726174657c693a313532393531343733353b6163746976655f6c6f67696e7c733a313a2231223b6c6f67696e5f757365725f69647c733a313a2232223b6c6f67696e5f66697273746e616d657c733a353a224265747479223b6c6f67696e5f6c6173746e616d657c733a353a224b616e7a65223b6c6f67696e5f656d61696c7c733a32313a2262657474792e6b616e7a6540676d61696c2e636f6d223b6c6f67696e5f747970655f69647c733a313a2231223b6c6f67696e5f70726f66696c657c733a313a2231223b6c6f67696e5f747970657c733a353a2261646d696e223b706167655f747970657c733a373a2266696e616e6365223b),
('73737d4e839144b2d914a82215bb074e4dadb624', '::1', 1529860926, 0x5f5f63695f6c6173745f726567656e65726174657c693a313532393836303734313b6163746976655f6c6f67696e7c733a313a2231223b6c6f67696e5f757365725f69647c733a313a2232223b6c6f67696e5f66697273746e616d657c733a353a224265747479223b6c6f67696e5f6c6173746e616d657c733a353a224b616e7a65223b6c6f67696e5f656d61696c7c733a32313a2262657474792e6b616e7a6540676d61696c2e636f6d223b6c6f67696e5f747970655f69647c733a313a2231223b6c6f67696e5f70726f66696c657c733a313a2231223b6c6f67696e5f747970657c733a353a2261646d696e223b706167655f747970657c733a373a2266696e616e6365223b),
('7410a4ba249e99076d91da0c8d5f90d18aaf2538', '::1', 1529522593, 0x5f5f63695f6c6173745f726567656e65726174657c693a313532393532323536333b),
('75220291ad120d3d69947be014c4723cd39f16af', '::1', 1529817132, 0x5f5f63695f6c6173745f726567656e65726174657c693a313532393831363935373b6163746976655f6c6f67696e7c733a313a2231223b6c6f67696e5f757365725f69647c733a313a2232223b6c6f67696e5f66697273746e616d657c733a353a224265747479223b6c6f67696e5f6c6173746e616d657c733a353a224b616e7a65223b6c6f67696e5f656d61696c7c733a32313a2262657474792e6b616e7a6540676d61696c2e636f6d223b6c6f67696e5f747970655f69647c733a313a2231223b6c6f67696e5f70726f66696c657c733a313a2231223b6c6f67696e5f747970657c733a353a2261646d696e223b706167655f747970657c733a373a2266696e616e6365223b),
('757b593a1224b46d2ce90e28b7a0e1fb57b702bd', '::1', 1529161372, 0x5f5f63695f6c6173745f726567656e65726174657c693a313532393136313234333b6163746976655f6c6f67696e7c733a313a2231223b6c6f67696e5f757365725f69647c733a313a2231223b6c6f67696e5f66697273746e616d657c733a393a224e69636f64656d7573223b6c6f67696e5f6c6173746e616d657c733a363a224b6172697361223b6c6f67696e5f656d61696c7c733a31383a226e6b6d77616d627340676d61696c2e636f6d223b6c6f67696e5f747970655f69647c733a313a2231223b6c6f67696e5f70726f66696c657c733a313a2231223b6c6f67696e5f747970657c733a353a2261646d696e223b706167655f747970657c733a363a22706172656e74223b),
('76ffd6ae29f3c3f55dbb6ee7f116c216cef3faf8', '::1', 1529511188, 0x5f5f63695f6c6173745f726567656e65726174657c693a313532393531313130363b6163746976655f6c6f67696e7c733a313a2231223b6c6f67696e5f757365725f69647c733a313a2232223b6c6f67696e5f66697273746e616d657c733a353a224265747479223b6c6f67696e5f6c6173746e616d657c733a353a224b616e7a65223b6c6f67696e5f656d61696c7c733a32313a2262657474792e6b616e7a6540676d61696c2e636f6d223b6c6f67696e5f747970655f69647c733a313a2231223b6c6f67696e5f70726f66696c657c733a313a2231223b6c6f67696e5f747970657c733a353a2261646d696e223b706167655f747970657c733a393a2264617368626f617264223b),
('77136bd6d552e80725da4d6ec5fbb5b4aaac2be1', '::1', 1529859088, 0x5f5f63695f6c6173745f726567656e65726174657c693a313532393835393037353b6163746976655f6c6f67696e7c733a313a2231223b6c6f67696e5f757365725f69647c733a313a2232223b6c6f67696e5f66697273746e616d657c733a353a224265747479223b6c6f67696e5f6c6173746e616d657c733a353a224b616e7a65223b6c6f67696e5f656d61696c7c733a32313a2262657474792e6b616e7a6540676d61696c2e636f6d223b6c6f67696e5f747970655f69647c733a313a2231223b6c6f67696e5f70726f66696c657c733a313a2231223b6c6f67696e5f747970657c733a353a2261646d696e223b706167655f747970657c733a373a2266696e616e6365223b),
('772f685cf49db652205deefab7cc565f36693248', '::1', 1529818074, 0x5f5f63695f6c6173745f726567656e65726174657c693a313532393831373733323b6163746976655f6c6f67696e7c733a313a2231223b6c6f67696e5f757365725f69647c733a313a2232223b6c6f67696e5f66697273746e616d657c733a353a224265747479223b6c6f67696e5f6c6173746e616d657c733a353a224b616e7a65223b6c6f67696e5f656d61696c7c733a32313a2262657474792e6b616e7a6540676d61696c2e636f6d223b6c6f67696e5f747970655f69647c733a313a2231223b6c6f67696e5f70726f66696c657c733a313a2231223b6c6f67696e5f747970657c733a353a2261646d696e223b706167655f747970657c733a373a2266696e616e6365223b),
('774c56ca9690f70529fafb7a33abc53904b48e69', '127.0.0.1', 1529519256, 0x5f5f63695f6c6173745f726567656e65726174657c693a313532393531383938343b6163746976655f6c6f67696e7c733a313a2231223b6c6f67696e5f757365725f69647c733a313a2232223b6c6f67696e5f66697273746e616d657c733a353a224265747479223b6c6f67696e5f6c6173746e616d657c733a353a224b616e7a65223b6c6f67696e5f656d61696c7c733a32313a2262657474792e6b616e7a6540676d61696c2e636f6d223b6c6f67696e5f747970655f69647c733a313a2231223b6c6f67696e5f70726f66696c657c733a313a2231223b6c6f67696e5f747970657c733a353a2261646d696e223b706167655f747970657c733a373a2266696e616e6365223b),
('7868dd9404236a1e0fe5f86c1fc57b787b3ae6a2', '::1', 1529820216, 0x5f5f63695f6c6173745f726567656e65726174657c693a313532393831393933313b6163746976655f6c6f67696e7c733a313a2231223b6c6f67696e5f757365725f69647c733a313a2232223b6c6f67696e5f66697273746e616d657c733a353a224265747479223b6c6f67696e5f6c6173746e616d657c733a353a224b616e7a65223b6c6f67696e5f656d61696c7c733a32313a2262657474792e6b616e7a6540676d61696c2e636f6d223b6c6f67696e5f747970655f69647c733a313a2231223b6c6f67696e5f70726f66696c657c733a313a2231223b6c6f67696e5f747970657c733a353a2261646d696e223b706167655f747970657c733a373a2266696e616e6365223b),
('78827f15ac8724f1e8a6ae0e7a28e81b6574a609', '::1', 1529849282, 0x5f5f63695f6c6173745f726567656e65726174657c693a313532393834383032373b6163746976655f6c6f67696e7c733a313a2231223b6c6f67696e5f757365725f69647c733a313a2232223b6c6f67696e5f66697273746e616d657c733a353a224265747479223b6c6f67696e5f6c6173746e616d657c733a353a224b616e7a65223b6c6f67696e5f656d61696c7c733a32313a2262657474792e6b616e7a6540676d61696c2e636f6d223b6c6f67696e5f747970655f69647c733a313a2231223b6c6f67696e5f70726f66696c657c733a313a2231223b6c6f67696e5f747970657c733a353a2261646d696e223b706167655f747970657c733a373a2266696e616e6365223b),
('78de7fbe1bf677fe67ad54adeb22fd5a123c8f69', '::1', 1529527309, 0x5f5f63695f6c6173745f726567656e65726174657c693a313532393532373037333b6163746976655f6c6f67696e7c733a313a2231223b6c6f67696e5f757365725f69647c733a313a2232223b6c6f67696e5f66697273746e616d657c733a353a224265747479223b6c6f67696e5f6c6173746e616d657c733a353a224b616e7a65223b6c6f67696e5f656d61696c7c733a32313a2262657474792e6b616e7a6540676d61696c2e636f6d223b6c6f67696e5f747970655f69647c733a313a2231223b6c6f67696e5f70726f66696c657c733a313a2231223b6c6f67696e5f747970657c733a353a2261646d696e223b706167655f747970657c733a373a2266696e616e6365223b),
('7a79e3128d02829b16eca9d16afa7120956ffa42', '::1', 1529865937, 0x5f5f63695f6c6173745f726567656e65726174657c693a313532393836353933373b),
('7a976f092225cbb36d062e4d6ae0991f3f3c4f41', '::1', 1529927940, 0x5f5f63695f6c6173745f726567656e65726174657c693a313532393932373933303b6163746976655f6c6f67696e7c733a313a2231223b6c6f67696e5f757365725f69647c733a313a2232223b6c6f67696e5f66697273746e616d657c733a353a224265747479223b6c6f67696e5f6c6173746e616d657c733a353a224b616e7a65223b6c6f67696e5f656d61696c7c733a32313a2262657474792e6b616e7a6540676d61696c2e636f6d223b6c6f67696e5f747970655f69647c733a313a2231223b6c6f67696e5f70726f66696c657c733a313a2231223b6c6f67696e5f747970657c733a353a2261646d696e223b706167655f747970657c733a373a2266696e616e6365223b),
('7bd780f6a0892875efd3ddf2c3e8ba2038f96914', '::1', 1529850868, 0x5f5f63695f6c6173745f726567656e65726174657c693a313532393835303132343b6163746976655f6c6f67696e7c733a313a2231223b6c6f67696e5f757365725f69647c733a313a2232223b6c6f67696e5f66697273746e616d657c733a353a224265747479223b6c6f67696e5f6c6173746e616d657c733a353a224b616e7a65223b6c6f67696e5f656d61696c7c733a32313a2262657474792e6b616e7a6540676d61696c2e636f6d223b6c6f67696e5f747970655f69647c733a313a2231223b6c6f67696e5f70726f66696c657c733a313a2231223b6c6f67696e5f747970657c733a353a2261646d696e223b706167655f747970657c733a373a2266696e616e6365223b),
('81554a2d1328d26e622a425989ed093e7934231f', '::1', 1529524798, 0x5f5f63695f6c6173745f726567656e65726174657c693a313532393532343739373b6163746976655f6c6f67696e7c733a313a2231223b6c6f67696e5f757365725f69647c733a313a2232223b6c6f67696e5f66697273746e616d657c733a353a224265747479223b6c6f67696e5f6c6173746e616d657c733a353a224b616e7a65223b6c6f67696e5f656d61696c7c733a32313a2262657474792e6b616e7a6540676d61696c2e636f6d223b6c6f67696e5f747970655f69647c733a313a2231223b6c6f67696e5f70726f66696c657c733a313a2231223b6c6f67696e5f747970657c733a353a2261646d696e223b706167655f747970657c733a373a2266696e616e6365223b),
('8265e561721c5b5511dca958efc295e88c4bfb9b', '::1', 1529771070, 0x5f5f63695f6c6173745f726567656e65726174657c693a313532393737303931303b6163746976655f6c6f67696e7c733a313a2231223b6c6f67696e5f757365725f69647c733a313a2232223b6c6f67696e5f66697273746e616d657c733a353a224265747479223b6c6f67696e5f6c6173746e616d657c733a353a224b616e7a65223b6c6f67696e5f656d61696c7c733a32313a2262657474792e6b616e7a6540676d61696c2e636f6d223b6c6f67696e5f747970655f69647c733a313a2231223b6c6f67696e5f70726f66696c657c733a313a2231223b6c6f67696e5f747970657c733a353a2261646d696e223b706167655f747970657c733a373a2266696e616e6365223b),
('82f4fc394585837e326aed868709a7b37380d2f5', '::1', 1529819836, 0x5f5f63695f6c6173745f726567656e65726174657c693a313532393831393631393b6163746976655f6c6f67696e7c733a313a2231223b6c6f67696e5f757365725f69647c733a313a2232223b6c6f67696e5f66697273746e616d657c733a353a224265747479223b6c6f67696e5f6c6173746e616d657c733a353a224b616e7a65223b6c6f67696e5f656d61696c7c733a32313a2262657474792e6b616e7a6540676d61696c2e636f6d223b6c6f67696e5f747970655f69647c733a313a2231223b6c6f67696e5f70726f66696c657c733a313a2231223b6c6f67696e5f747970657c733a353a2261646d696e223b706167655f747970657c733a373a2266696e616e6365223b),
('85774037fdeb295579f3ab3fbc9037dee5a2a532', '::1', 1529520889, 0x5f5f63695f6c6173745f726567656e65726174657c693a313532393532303634363b6163746976655f6c6f67696e7c733a313a2231223b6c6f67696e5f757365725f69647c733a313a2232223b6c6f67696e5f66697273746e616d657c733a353a224265747479223b6c6f67696e5f6c6173746e616d657c733a353a224b616e7a65223b6c6f67696e5f656d61696c7c733a32313a2262657474792e6b616e7a6540676d61696c2e636f6d223b6c6f67696e5f747970655f69647c733a313a2231223b6c6f67696e5f70726f66696c657c733a313a2231223b6c6f67696e5f747970657c733a353a2261646d696e223b706167655f747970657c733a373a2273747564656e74223b),
('85aaca94134562e38dc66dc2133fff7d1fffec03', '::1', 1529512543, 0x5f5f63695f6c6173745f726567656e65726174657c693a313532393531323335343b6163746976655f6c6f67696e7c733a313a2231223b6c6f67696e5f757365725f69647c733a313a2232223b6c6f67696e5f66697273746e616d657c733a353a224265747479223b6c6f67696e5f6c6173746e616d657c733a353a224b616e7a65223b6c6f67696e5f656d61696c7c733a32313a2262657474792e6b616e7a6540676d61696c2e636f6d223b6c6f67696e5f747970655f69647c733a313a2231223b6c6f67696e5f70726f66696c657c733a313a2231223b6c6f67696e5f747970657c733a353a2261646d696e223b706167655f747970657c733a393a2264617368626f617264223b),
('865242059e82e512c6097d15f3020cdffc8ed73f', '::1', 1529913014, 0x5f5f63695f6c6173745f726567656e65726174657c693a313532393931323635363b6163746976655f6c6f67696e7c733a313a2231223b6c6f67696e5f757365725f69647c733a313a2232223b6c6f67696e5f66697273746e616d657c733a353a224265747479223b6c6f67696e5f6c6173746e616d657c733a353a224b616e7a65223b6c6f67696e5f656d61696c7c733a32313a2262657474792e6b616e7a6540676d61696c2e636f6d223b6c6f67696e5f747970655f69647c733a313a2231223b6c6f67696e5f70726f66696c657c733a313a2231223b6c6f67696e5f747970657c733a353a2261646d696e223b706167655f747970657c733a373a2266696e616e6365223b),
('87252fa782793f015aa4d9895e57eb3b38ae4c8d', '::1', 1529855039, 0x5f5f63695f6c6173745f726567656e65726174657c693a313532393835343636393b6163746976655f6c6f67696e7c733a313a2231223b6c6f67696e5f757365725f69647c733a313a2232223b6c6f67696e5f66697273746e616d657c733a353a224265747479223b6c6f67696e5f6c6173746e616d657c733a353a224b616e7a65223b6c6f67696e5f656d61696c7c733a32313a2262657474792e6b616e7a6540676d61696c2e636f6d223b6c6f67696e5f747970655f69647c733a313a2231223b6c6f67696e5f70726f66696c657c733a313a2231223b6c6f67696e5f747970657c733a353a2261646d696e223b706167655f747970657c733a373a2266696e616e6365223b);
INSERT INTO `ci_sessions` (`id`, `ip_address`, `timestamp`, `data`) VALUES
('8b91e4bdbc671e34e076b5f93781366e9fc6fd6e', '::1', 1529860558, 0x5f5f63695f6c6173745f726567656e65726174657c693a313532393836303235323b6163746976655f6c6f67696e7c733a313a2231223b6c6f67696e5f757365725f69647c733a313a2232223b6c6f67696e5f66697273746e616d657c733a353a224265747479223b6c6f67696e5f6c6173746e616d657c733a353a224b616e7a65223b6c6f67696e5f656d61696c7c733a32313a2262657474792e6b616e7a6540676d61696c2e636f6d223b6c6f67696e5f747970655f69647c733a313a2231223b6c6f67696e5f70726f66696c657c733a313a2231223b6c6f67696e5f747970657c733a353a2261646d696e223b706167655f747970657c733a373a2266696e616e6365223b),
('8d01268cf86f8b7aa2db65e572377b4924ba0294', '::1', 1529770134, 0x5f5f63695f6c6173745f726567656e65726174657c693a313532393736393836343b6163746976655f6c6f67696e7c733a313a2231223b6c6f67696e5f757365725f69647c733a313a2232223b6c6f67696e5f66697273746e616d657c733a353a224265747479223b6c6f67696e5f6c6173746e616d657c733a353a224b616e7a65223b6c6f67696e5f656d61696c7c733a32313a2262657474792e6b616e7a6540676d61696c2e636f6d223b6c6f67696e5f747970655f69647c733a313a2231223b6c6f67696e5f70726f66696c657c733a313a2231223b6c6f67696e5f747970657c733a353a2261646d696e223b706167655f747970657c733a343a226578616d223b),
('8d3bc27de76fdac393bcec8002330fdcf53310d7', '::1', 1529863923, 0x5f5f63695f6c6173745f726567656e65726174657c693a313532393836333637383b6163746976655f6c6f67696e7c733a313a2231223b6c6f67696e5f757365725f69647c733a313a2232223b6c6f67696e5f66697273746e616d657c733a353a224265747479223b6c6f67696e5f6c6173746e616d657c733a353a224b616e7a65223b6c6f67696e5f656d61696c7c733a32313a2262657474792e6b616e7a6540676d61696c2e636f6d223b6c6f67696e5f747970655f69647c733a313a2231223b6c6f67696e5f70726f66696c657c733a313a2231223b6c6f67696e5f747970657c733a353a2261646d696e223b706167655f747970657c733a373a2266696e616e6365223b),
('8db251075b09f4ea4b7d657dbbd33161c6045242', '::1', 1529521002, 0x5f5f63695f6c6173745f726567656e65726174657c693a313532393532303939383b6163746976655f6c6f67696e7c733a313a2231223b6c6f67696e5f757365725f69647c733a313a2232223b6c6f67696e5f66697273746e616d657c733a353a224265747479223b6c6f67696e5f6c6173746e616d657c733a353a224b616e7a65223b6c6f67696e5f656d61696c7c733a32313a2262657474792e6b616e7a6540676d61696c2e636f6d223b6c6f67696e5f747970655f69647c733a313a2231223b6c6f67696e5f70726f66696c657c733a313a2231223b6c6f67696e5f747970657c733a353a2261646d696e223b706167655f747970657c733a373a2273747564656e74223b),
('8ddd279ca12cb224cc22438c00914f547edeb303', '::1', 1529923514, 0x5f5f63695f6c6173745f726567656e65726174657c693a313532393932333339353b6163746976655f6c6f67696e7c733a313a2231223b6c6f67696e5f757365725f69647c733a313a2232223b6c6f67696e5f66697273746e616d657c733a353a224265747479223b6c6f67696e5f6c6173746e616d657c733a353a224b616e7a65223b6c6f67696e5f656d61696c7c733a32313a2262657474792e6b616e7a6540676d61696c2e636f6d223b6c6f67696e5f747970655f69647c733a313a2231223b6c6f67696e5f70726f66696c657c733a313a2231223b6c6f67696e5f747970657c733a353a2261646d696e223b706167655f747970657c733a373a2266696e616e6365223b),
('91f080102a1721321fcdb5d368933eb6dc254c14', '::1', 1529166004, 0x5f5f63695f6c6173745f726567656e65726174657c693a313532393136353935363b6163746976655f6c6f67696e7c733a313a2231223b6c6f67696e5f757365725f69647c733a313a2231223b6c6f67696e5f66697273746e616d657c733a393a224e69636f64656d7573223b6c6f67696e5f6c6173746e616d657c733a363a224b6172697361223b6c6f67696e5f656d61696c7c733a31383a226e6b6d77616d627340676d61696c2e636f6d223b6c6f67696e5f747970655f69647c733a313a2231223b6c6f67696e5f70726f66696c657c733a313a2231223b6c6f67696e5f747970657c733a353a2261646d696e223b706167655f747970657c733a343a226578616d223b),
('92c134a468de95e093935d0fce0f3968db3600fa', '::1', 1529769812, 0x5f5f63695f6c6173745f726567656e65726174657c693a313532393736393534353b6163746976655f6c6f67696e7c733a313a2231223b6c6f67696e5f757365725f69647c733a313a2232223b6c6f67696e5f66697273746e616d657c733a353a224265747479223b6c6f67696e5f6c6173746e616d657c733a353a224b616e7a65223b6c6f67696e5f656d61696c7c733a32313a2262657474792e6b616e7a6540676d61696c2e636f6d223b6c6f67696e5f747970655f69647c733a313a2231223b6c6f67696e5f70726f66696c657c733a313a2231223b6c6f67696e5f747970657c733a353a2261646d696e223b706167655f747970657c733a373a2266696e616e6365223b),
('942bb53c0d5930a26b1e2709b72530829d066cf5', '::1', 1529518584, 0x5f5f63695f6c6173745f726567656e65726174657c693a313532393531383434313b6163746976655f6c6f67696e7c733a313a2231223b6c6f67696e5f757365725f69647c733a313a2232223b6c6f67696e5f66697273746e616d657c733a353a224265747479223b6c6f67696e5f6c6173746e616d657c733a353a224b616e7a65223b6c6f67696e5f656d61696c7c733a32313a2262657474792e6b616e7a6540676d61696c2e636f6d223b6c6f67696e5f747970655f69647c733a313a2231223b6c6f67696e5f70726f66696c657c733a313a2231223b6c6f67696e5f747970657c733a353a2261646d696e223b706167655f747970657c733a373a2266696e616e6365223b666c6173685f6d6573736167657c733a32333a2244617461204164646564205375636365737366756c6c79223b5f5f63695f766172737c613a313a7b733a31333a22666c6173685f6d657373616765223b733a333a226e6577223b7d),
('94f7ca35523d6abf9a7ac50b593a90f2c67af8bc', '::1', 1529910564, 0x5f5f63695f6c6173745f726567656e65726174657c693a313532393931303430373b6163746976655f6c6f67696e7c733a313a2231223b6c6f67696e5f757365725f69647c733a313a2232223b6c6f67696e5f66697273746e616d657c733a353a224265747479223b6c6f67696e5f6c6173746e616d657c733a353a224b616e7a65223b6c6f67696e5f656d61696c7c733a32313a2262657474792e6b616e7a6540676d61696c2e636f6d223b6c6f67696e5f747970655f69647c733a313a2231223b6c6f67696e5f70726f66696c657c733a313a2231223b6c6f67696e5f747970657c733a353a2261646d696e223b706167655f747970657c733a373a2266696e616e6365223b),
('992c54d735b42e7a22844cab604d2751cec86c56', '::1', 1529157784, 0x5f5f63695f6c6173745f726567656e65726174657c693a313532393135373338313b6163746976655f6c6f67696e7c733a313a2231223b6c6f67696e5f757365725f69647c733a313a2231223b6c6f67696e5f66697273746e616d657c733a393a224e69636f64656d7573223b6c6f67696e5f6c6173746e616d657c733a363a224b6172697361223b6c6f67696e5f656d61696c7c733a31383a226e6b6d77616d627340676d61696c2e636f6d223b6c6f67696e5f747970655f69647c733a313a2231223b6c6f67696e5f70726f66696c657c733a313a2231223b6c6f67696e5f747970657c733a353a2261646d696e223b706167655f747970657c733a363a22706172656e74223b),
('99bc8ed5107ecc323aa6d28f9ea7efdfde09b232', '::1', 1529930004, 0x5f5f63695f6c6173745f726567656e65726174657c693a313532393932393736323b6163746976655f6c6f67696e7c733a313a2231223b6c6f67696e5f757365725f69647c733a313a2232223b6c6f67696e5f66697273746e616d657c733a353a224265747479223b6c6f67696e5f6c6173746e616d657c733a353a224b616e7a65223b6c6f67696e5f656d61696c7c733a32313a2262657474792e6b616e7a6540676d61696c2e636f6d223b6c6f67696e5f747970655f69647c733a313a2231223b6c6f67696e5f70726f66696c657c733a313a2231223b6c6f67696e5f747970657c733a353a2261646d696e223b706167655f747970657c733a373a2266696e616e6365223b666c6173685f6d6573736167657c733a32383a22496e766f6963652043726561746564205375636365737366756c6c79223b5f5f63695f766172737c613a313a7b733a31333a22666c6173685f6d657373616765223b733a333a226f6c64223b7d),
('99fd61c0e4e102afc7479dfe8bd653d680bab1b8', '::1', 1529849479, 0x5f5f63695f6c6173745f726567656e65726174657c693a313532393834393333343b6163746976655f6c6f67696e7c733a313a2231223b6c6f67696e5f757365725f69647c733a313a2232223b6c6f67696e5f66697273746e616d657c733a353a224265747479223b6c6f67696e5f6c6173746e616d657c733a353a224b616e7a65223b6c6f67696e5f656d61696c7c733a32313a2262657474792e6b616e7a6540676d61696c2e636f6d223b6c6f67696e5f747970655f69647c733a313a2231223b6c6f67696e5f70726f66696c657c733a313a2231223b6c6f67696e5f747970657c733a353a2261646d696e223b706167655f747970657c733a373a2266696e616e6365223b),
('9a4275969a226b7c4727844ca6937380dfda753b', '::1', 1529861965, 0x5f5f63695f6c6173745f726567656e65726174657c693a313532393836313637343b6163746976655f6c6f67696e7c733a313a2231223b6c6f67696e5f757365725f69647c733a313a2232223b6c6f67696e5f66697273746e616d657c733a353a224265747479223b6c6f67696e5f6c6173746e616d657c733a353a224b616e7a65223b6c6f67696e5f656d61696c7c733a32313a2262657474792e6b616e7a6540676d61696c2e636f6d223b6c6f67696e5f747970655f69647c733a313a2231223b6c6f67696e5f70726f66696c657c733a313a2231223b6c6f67696e5f747970657c733a353a2261646d696e223b706167655f747970657c733a373a2266696e616e6365223b),
('a04f376b3dc714d619d5324e46e7f7915dfcb6d3', '::1', 1529162850, 0x5f5f63695f6c6173745f726567656e65726174657c693a313532393136323535303b6163746976655f6c6f67696e7c733a313a2231223b6c6f67696e5f757365725f69647c733a313a2231223b6c6f67696e5f66697273746e616d657c733a393a224e69636f64656d7573223b6c6f67696e5f6c6173746e616d657c733a363a224b6172697361223b6c6f67696e5f656d61696c7c733a31383a226e6b6d77616d627340676d61696c2e636f6d223b6c6f67696e5f747970655f69647c733a313a2231223b6c6f67696e5f70726f66696c657c733a313a2231223b6c6f67696e5f747970657c733a353a2261646d696e223b706167655f747970657c733a353a22636c617373223b),
('a17ccec4d2c4ff50e864ee9171c40a7eb34aec55', '::1', 1529516878, 0x5f5f63695f6c6173745f726567656e65726174657c693a313532393531363631363b6163746976655f6c6f67696e7c733a313a2231223b6c6f67696e5f757365725f69647c733a313a2232223b6c6f67696e5f66697273746e616d657c733a353a224265747479223b6c6f67696e5f6c6173746e616d657c733a353a224b616e7a65223b6c6f67696e5f656d61696c7c733a32313a2262657474792e6b616e7a6540676d61696c2e636f6d223b6c6f67696e5f747970655f69647c733a313a2231223b6c6f67696e5f70726f66696c657c733a313a2231223b6c6f67696e5f747970657c733a353a2261646d696e223b706167655f747970657c733a373a2266696e616e6365223b),
('a20602cd5e11b756b3c452e8554caa28ff2fed19', '::1', 1529167083, 0x5f5f63695f6c6173745f726567656e65726174657c693a313532393136373032323b6163746976655f6c6f67696e7c733a313a2231223b6c6f67696e5f757365725f69647c733a313a2231223b6c6f67696e5f66697273746e616d657c733a393a224e69636f64656d7573223b6c6f67696e5f6c6173746e616d657c733a363a224b6172697361223b6c6f67696e5f656d61696c7c733a31383a226e6b6d77616d627340676d61696c2e636f6d223b6c6f67696e5f747970655f69647c733a313a2231223b6c6f67696e5f70726f66696c657c733a313a2231223b6c6f67696e5f747970657c733a353a2261646d696e223b706167655f747970657c733a343a226578616d223b),
('a2879468c1e4a73cd3fbbed9bd4a68e9daf762bf', '::1', 1529526936, 0x5f5f63695f6c6173745f726567656e65726174657c693a313532393532363639313b6163746976655f6c6f67696e7c733a313a2231223b6c6f67696e5f757365725f69647c733a313a2232223b6c6f67696e5f66697273746e616d657c733a353a224265747479223b6c6f67696e5f6c6173746e616d657c733a353a224b616e7a65223b6c6f67696e5f656d61696c7c733a32313a2262657474792e6b616e7a6540676d61696c2e636f6d223b6c6f67696e5f747970655f69647c733a313a2231223b6c6f67696e5f70726f66696c657c733a313a2231223b6c6f67696e5f747970657c733a353a2261646d696e223b706167655f747970657c733a373a2266696e616e6365223b),
('a364026c85755e7c588603fa27f15f354a52354d', '::1', 1529920546, 0x5f5f63695f6c6173745f726567656e65726174657c693a313532393932303430353b6163746976655f6c6f67696e7c733a313a2231223b6c6f67696e5f757365725f69647c733a313a2232223b6c6f67696e5f66697273746e616d657c733a353a224265747479223b6c6f67696e5f6c6173746e616d657c733a353a224b616e7a65223b6c6f67696e5f656d61696c7c733a32313a2262657474792e6b616e7a6540676d61696c2e636f6d223b6c6f67696e5f747970655f69647c733a313a2231223b6c6f67696e5f70726f66696c657c733a313a2231223b6c6f67696e5f747970657c733a353a2261646d696e223b706167655f747970657c733a373a2266696e616e6365223b666c6173685f6d6573736167657c733a31323a224e6f74652043726561746564223b5f5f63695f766172737c613a313a7b733a31333a22666c6173685f6d657373616765223b733a333a226f6c64223b7d),
('a8903bf0ff5082dce0b3d68414cf2877c920605c', '::1', 1529817598, 0x5f5f63695f6c6173745f726567656e65726174657c693a313532393831373335373b6163746976655f6c6f67696e7c733a313a2231223b6c6f67696e5f757365725f69647c733a313a2232223b6c6f67696e5f66697273746e616d657c733a353a224265747479223b6c6f67696e5f6c6173746e616d657c733a353a224b616e7a65223b6c6f67696e5f656d61696c7c733a32313a2262657474792e6b616e7a6540676d61696c2e636f6d223b6c6f67696e5f747970655f69647c733a313a2231223b6c6f67696e5f70726f66696c657c733a313a2231223b6c6f67696e5f747970657c733a353a2261646d696e223b706167655f747970657c733a373a2266696e616e6365223b),
('ac0cd23373e39a30861b72ca2e2b971e5e05867c', '::1', 1529161184, 0x5f5f63695f6c6173745f726567656e65726174657c693a313532393136303930313b6163746976655f6c6f67696e7c733a313a2231223b6c6f67696e5f757365725f69647c733a313a2231223b6c6f67696e5f66697273746e616d657c733a393a224e69636f64656d7573223b6c6f67696e5f6c6173746e616d657c733a363a224b6172697361223b6c6f67696e5f656d61696c7c733a31383a226e6b6d77616d627340676d61696c2e636f6d223b6c6f67696e5f747970655f69647c733a313a2231223b6c6f67696e5f70726f66696c657c733a313a2231223b6c6f67696e5f747970657c733a353a2261646d696e223b706167655f747970657c733a363a22706172656e74223b),
('ac437446a311bf843b4e71d7322c7f95f0d3841a', '::1', 1529521792, 0x5f5f63695f6c6173745f726567656e65726174657c693a313532393532313638383b6163746976655f6c6f67696e7c733a313a2231223b6c6f67696e5f757365725f69647c733a313a2232223b6c6f67696e5f66697273746e616d657c733a353a224265747479223b6c6f67696e5f6c6173746e616d657c733a353a224b616e7a65223b6c6f67696e5f656d61696c7c733a32313a2262657474792e6b616e7a6540676d61696c2e636f6d223b6c6f67696e5f747970655f69647c733a313a2231223b6c6f67696e5f70726f66696c657c733a313a2231223b6c6f67696e5f747970657c733a353a2261646d696e223b706167655f747970657c733a373a2273747564656e74223b),
('aca1bdfd8c271bb4baf6ed8b260427fe10bf33c7', '::1', 1529774523, 0x5f5f63695f6c6173745f726567656e65726174657c693a313532393737343437333b6163746976655f6c6f67696e7c733a313a2231223b6c6f67696e5f757365725f69647c733a313a2232223b6c6f67696e5f66697273746e616d657c733a353a224265747479223b6c6f67696e5f6c6173746e616d657c733a353a224b616e7a65223b6c6f67696e5f656d61696c7c733a32313a2262657474792e6b616e7a6540676d61696c2e636f6d223b6c6f67696e5f747970655f69647c733a313a2231223b6c6f67696e5f70726f66696c657c733a313a2231223b6c6f67696e5f747970657c733a353a2261646d696e223b706167655f747970657c733a373a2266696e616e6365223b),
('ad40200cc5063dcb054692773efa80c4569910cf', '::1', 1529527590, 0x5f5f63695f6c6173745f726567656e65726174657c693a313532393532373435373b6163746976655f6c6f67696e7c733a313a2231223b6c6f67696e5f757365725f69647c733a313a2232223b6c6f67696e5f66697273746e616d657c733a353a224265747479223b6c6f67696e5f6c6173746e616d657c733a353a224b616e7a65223b6c6f67696e5f656d61696c7c733a32313a2262657474792e6b616e7a6540676d61696c2e636f6d223b6c6f67696e5f747970655f69647c733a313a2231223b6c6f67696e5f70726f66696c657c733a313a2231223b6c6f67696e5f747970657c733a353a2261646d696e223b706167655f747970657c733a373a2266696e616e6365223b),
('ad7f9e2242dc7695c8dd75ae38fb4911a883f662', '::1', 1529911263, 0x5f5f63695f6c6173745f726567656e65726174657c693a313532393931303938363b6163746976655f6c6f67696e7c733a313a2231223b6c6f67696e5f757365725f69647c733a313a2232223b6c6f67696e5f66697273746e616d657c733a353a224265747479223b6c6f67696e5f6c6173746e616d657c733a353a224b616e7a65223b6c6f67696e5f656d61696c7c733a32313a2262657474792e6b616e7a6540676d61696c2e636f6d223b6c6f67696e5f747970655f69647c733a313a2231223b6c6f67696e5f70726f66696c657c733a313a2231223b6c6f67696e5f747970657c733a353a2261646d696e223b706167655f747970657c733a373a2266696e616e6365223b),
('af7806dbcb41cf2188c044584fcda0e9f7ea8b61', '::1', 1529859035, 0x5f5f63695f6c6173745f726567656e65726174657c693a313532393835383331313b6163746976655f6c6f67696e7c733a313a2231223b6c6f67696e5f757365725f69647c733a313a2232223b6c6f67696e5f66697273746e616d657c733a353a224265747479223b6c6f67696e5f6c6173746e616d657c733a353a224b616e7a65223b6c6f67696e5f656d61696c7c733a32313a2262657474792e6b616e7a6540676d61696c2e636f6d223b6c6f67696e5f747970655f69647c733a313a2231223b6c6f67696e5f70726f66696c657c733a313a2231223b6c6f67696e5f747970657c733a353a2261646d696e223b706167655f747970657c733a373a2266696e616e6365223b),
('b0748f20045db35ec2413c414b1b8a0601962902', '::1', 1529158333, 0x5f5f63695f6c6173745f726567656e65726174657c693a313532393135383230313b6163746976655f6c6f67696e7c733a313a2231223b6c6f67696e5f757365725f69647c733a313a2231223b6c6f67696e5f66697273746e616d657c733a393a224e69636f64656d7573223b6c6f67696e5f6c6173746e616d657c733a363a224b6172697361223b6c6f67696e5f656d61696c7c733a31383a226e6b6d77616d627340676d61696c2e636f6d223b6c6f67696e5f747970655f69647c733a313a2231223b6c6f67696e5f70726f66696c657c733a313a2231223b6c6f67696e5f747970657c733a353a2261646d696e223b706167655f747970657c733a363a22706172656e74223b),
('b20d0d1920f06d399fa2f1a458dd2d76713274db', '::1', 1529921333, 0x5f5f63695f6c6173745f726567656e65726174657c693a313532393932303936373b6163746976655f6c6f67696e7c733a313a2231223b6c6f67696e5f757365725f69647c733a313a2232223b6c6f67696e5f66697273746e616d657c733a353a224265747479223b6c6f67696e5f6c6173746e616d657c733a353a224b616e7a65223b6c6f67696e5f656d61696c7c733a32313a2262657474792e6b616e7a6540676d61696c2e636f6d223b6c6f67696e5f747970655f69647c733a313a2231223b6c6f67696e5f70726f66696c657c733a313a2231223b6c6f67696e5f747970657c733a353a2261646d696e223b706167655f747970657c733a373a2266696e616e6365223b),
('b2e1333a73bb020bc6c2e4c6faac728f73738cae', '::1', 1529865353, 0x5f5f63695f6c6173745f726567656e65726174657c693a313532393836353036323b6163746976655f6c6f67696e7c733a313a2231223b6c6f67696e5f757365725f69647c733a313a2232223b6c6f67696e5f66697273746e616d657c733a353a224265747479223b6c6f67696e5f6c6173746e616d657c733a353a224b616e7a65223b6c6f67696e5f656d61696c7c733a32313a2262657474792e6b616e7a6540676d61696c2e636f6d223b6c6f67696e5f747970655f69647c733a313a2231223b6c6f67696e5f70726f66696c657c733a313a2231223b6c6f67696e5f747970657c733a353a2261646d696e223b706167655f747970657c733a373a2266696e616e6365223b),
('b498638286c5245568e5856cfc9f7f6d128faec9', '::1', 1529858266, 0x5f5f63695f6c6173745f726567656e65726174657c693a313532393835373939373b6163746976655f6c6f67696e7c733a313a2231223b6c6f67696e5f757365725f69647c733a313a2232223b6c6f67696e5f66697273746e616d657c733a353a224265747479223b6c6f67696e5f6c6173746e616d657c733a353a224b616e7a65223b6c6f67696e5f656d61696c7c733a32313a2262657474792e6b616e7a6540676d61696c2e636f6d223b6c6f67696e5f747970655f69647c733a313a2231223b6c6f67696e5f70726f66696c657c733a313a2231223b6c6f67696e5f747970657c733a353a2261646d696e223b706167655f747970657c733a373a2266696e616e6365223b),
('b4d14cb7a6b05acd99888d9b2ff6c940b1431230', '127.0.0.1', 1529522766, 0x5f5f63695f6c6173745f726567656e65726174657c693a313532393532323534343b6163746976655f6c6f67696e7c733a313a2231223b6c6f67696e5f757365725f69647c733a313a2232223b6c6f67696e5f66697273746e616d657c733a353a224265747479223b6c6f67696e5f6c6173746e616d657c733a353a224b616e7a65223b6c6f67696e5f656d61696c7c733a32313a2262657474792e6b616e7a6540676d61696c2e636f6d223b6c6f67696e5f747970655f69647c733a313a2231223b6c6f67696e5f70726f66696c657c733a313a2231223b6c6f67696e5f747970657c733a353a2261646d696e223b706167655f747970657c733a373a2273747564656e74223b),
('b50b6319a64c33eb2f9e6e5deb00f7dd5ea51e26', '::1', 1529515352, 0x5f5f63695f6c6173745f726567656e65726174657c693a313532393531353036363b6163746976655f6c6f67696e7c733a313a2231223b6c6f67696e5f757365725f69647c733a313a2232223b6c6f67696e5f66697273746e616d657c733a353a224265747479223b6c6f67696e5f6c6173746e616d657c733a353a224b616e7a65223b6c6f67696e5f656d61696c7c733a32313a2262657474792e6b616e7a6540676d61696c2e636f6d223b6c6f67696e5f747970655f69647c733a313a2231223b6c6f67696e5f70726f66696c657c733a313a2231223b6c6f67696e5f747970657c733a353a2261646d696e223b706167655f747970657c733a373a2266696e616e6365223b),
('b68d6aa9928c7db172fc0bec4f9ee51748222e32', '::1', 1529162939, 0x5f5f63695f6c6173745f726567656e65726174657c693a313532393136323835323b6163746976655f6c6f67696e7c733a313a2231223b6c6f67696e5f757365725f69647c733a313a2231223b6c6f67696e5f66697273746e616d657c733a393a224e69636f64656d7573223b6c6f67696e5f6c6173746e616d657c733a363a224b6172697361223b6c6f67696e5f656d61696c7c733a31383a226e6b6d77616d627340676d61696c2e636f6d223b6c6f67696e5f747970655f69647c733a313a2231223b6c6f67696e5f70726f66696c657c733a313a2231223b6c6f67696e5f747970657c733a353a2261646d696e223b706167655f747970657c733a353a22636c617373223b666c6173685f6d6573736167657c733a32333a2244617461204164646564205375636365737366756c6c79223b5f5f63695f766172737c613a313a7b733a31333a22666c6173685f6d657373616765223b733a333a226f6c64223b7d),
('b77b4d355212c2f16a1f9493fd696fab9fc07585', '::1', 1529865016, 0x5f5f63695f6c6173745f726567656e65726174657c693a313532393836343638323b6163746976655f6c6f67696e7c733a313a2231223b6c6f67696e5f757365725f69647c733a313a2232223b6c6f67696e5f66697273746e616d657c733a353a224265747479223b6c6f67696e5f6c6173746e616d657c733a353a224b616e7a65223b6c6f67696e5f656d61696c7c733a32313a2262657474792e6b616e7a6540676d61696c2e636f6d223b6c6f67696e5f747970655f69647c733a313a2231223b6c6f67696e5f70726f66696c657c733a313a2231223b6c6f67696e5f747970657c733a353a2261646d696e223b706167655f747970657c733a373a2266696e616e6365223b),
('b8416e16258783519e16c657226853989bd88af9', '::1', 1529852548, 0x5f5f63695f6c6173745f726567656e65726174657c693a313532393835313631323b6163746976655f6c6f67696e7c733a313a2231223b6c6f67696e5f757365725f69647c733a313a2232223b6c6f67696e5f66697273746e616d657c733a353a224265747479223b6c6f67696e5f6c6173746e616d657c733a353a224b616e7a65223b6c6f67696e5f656d61696c7c733a32313a2262657474792e6b616e7a6540676d61696c2e636f6d223b6c6f67696e5f747970655f69647c733a313a2231223b6c6f67696e5f70726f66696c657c733a313a2231223b6c6f67696e5f747970657c733a353a2261646d696e223b706167655f747970657c733a373a2266696e616e6365223b),
('b90b348932cc17ff4085c30fb1227e85ab63fdc4', '::1', 1529922730, 0x5f5f63695f6c6173745f726567656e65726174657c693a313532393932323535343b6163746976655f6c6f67696e7c733a313a2231223b6c6f67696e5f757365725f69647c733a313a2232223b6c6f67696e5f66697273746e616d657c733a353a224265747479223b6c6f67696e5f6c6173746e616d657c733a353a224b616e7a65223b6c6f67696e5f656d61696c7c733a32313a2262657474792e6b616e7a6540676d61696c2e636f6d223b6c6f67696e5f747970655f69647c733a313a2231223b6c6f67696e5f70726f66696c657c733a313a2231223b6c6f67696e5f747970657c733a353a2261646d696e223b706167655f747970657c733a373a2266696e616e6365223b),
('ba3c46fe5c848e72dc2d96f7fe6dc994acb069be', '::1', 1529862197, 0x5f5f63695f6c6173745f726567656e65726174657c693a313532393836313937393b6163746976655f6c6f67696e7c733a313a2231223b6c6f67696e5f757365725f69647c733a313a2232223b6c6f67696e5f66697273746e616d657c733a353a224265747479223b6c6f67696e5f6c6173746e616d657c733a353a224b616e7a65223b6c6f67696e5f656d61696c7c733a32313a2262657474792e6b616e7a6540676d61696c2e636f6d223b6c6f67696e5f747970655f69647c733a313a2231223b6c6f67696e5f70726f66696c657c733a313a2231223b6c6f67696e5f747970657c733a353a2261646d696e223b706167655f747970657c733a373a2266696e616e6365223b),
('bc5e911e0a3e1cd25e00b034696717f1527e5b35', '::1', 1529775337, 0x5f5f63695f6c6173745f726567656e65726174657c693a313532393737343935313b6163746976655f6c6f67696e7c733a313a2231223b6c6f67696e5f757365725f69647c733a313a2232223b6c6f67696e5f66697273746e616d657c733a353a224265747479223b6c6f67696e5f6c6173746e616d657c733a353a224b616e7a65223b6c6f67696e5f656d61696c7c733a32313a2262657474792e6b616e7a6540676d61696c2e636f6d223b6c6f67696e5f747970655f69647c733a313a2231223b6c6f67696e5f70726f66696c657c733a313a2231223b6c6f67696e5f747970657c733a353a2261646d696e223b706167655f747970657c733a373a2266696e616e6365223b),
('bd20e3605ca459a12342bf415c666bdc0432f55a', '::1', 1529856859, 0x5f5f63695f6c6173745f726567656e65726174657c693a313532393835363537303b6163746976655f6c6f67696e7c733a313a2231223b6c6f67696e5f757365725f69647c733a313a2232223b6c6f67696e5f66697273746e616d657c733a353a224265747479223b6c6f67696e5f6c6173746e616d657c733a353a224b616e7a65223b6c6f67696e5f656d61696c7c733a32313a2262657474792e6b616e7a6540676d61696c2e636f6d223b6c6f67696e5f747970655f69647c733a313a2231223b6c6f67696e5f70726f66696c657c733a313a2231223b6c6f67696e5f747970657c733a353a2261646d696e223b706167655f747970657c733a373a2266696e616e6365223b666c6173685f6d6573736167657c733a31353a2245646974205375636365737366756c223b5f5f63695f766172737c613a313a7b733a31333a22666c6173685f6d657373616765223b733a333a226f6c64223b7d),
('bdb36ee54f97b25270924e0ba9b436f5c38b5939', '127.0.0.1', 1529768600, 0x5f5f63695f6c6173745f726567656e65726174657c693a313532393736383333343b6163746976655f6c6f67696e7c733a313a2231223b6c6f67696e5f757365725f69647c733a313a2232223b6c6f67696e5f66697273746e616d657c733a353a224265747479223b6c6f67696e5f6c6173746e616d657c733a353a224b616e7a65223b6c6f67696e5f656d61696c7c733a32313a2262657474792e6b616e7a6540676d61696c2e636f6d223b6c6f67696e5f747970655f69647c733a313a2231223b6c6f67696e5f70726f66696c657c733a313a2231223b6c6f67696e5f747970657c733a353a2261646d696e223b706167655f747970657c733a373a2266696e616e6365223b),
('c2244c68cf1c63fdb5a3a4c968dded166e27eb4b', '::1', 1529818574, 0x5f5f63695f6c6173745f726567656e65726174657c693a313532393831383537343b6163746976655f6c6f67696e7c733a313a2231223b6c6f67696e5f757365725f69647c733a313a2232223b6c6f67696e5f66697273746e616d657c733a353a224265747479223b6c6f67696e5f6c6173746e616d657c733a353a224b616e7a65223b6c6f67696e5f656d61696c7c733a32313a2262657474792e6b616e7a6540676d61696c2e636f6d223b6c6f67696e5f747970655f69647c733a313a2231223b6c6f67696e5f70726f66696c657c733a313a2231223b6c6f67696e5f747970657c733a353a2261646d696e223b706167655f747970657c733a373a2266696e616e6365223b),
('c246b622595d722c4412486108df6c6e08ab9eae', '::1', 1529526604, 0x5f5f63695f6c6173745f726567656e65726174657c693a313532393532363331313b6163746976655f6c6f67696e7c733a313a2231223b6c6f67696e5f757365725f69647c733a313a2232223b6c6f67696e5f66697273746e616d657c733a353a224265747479223b6c6f67696e5f6c6173746e616d657c733a353a224b616e7a65223b6c6f67696e5f656d61696c7c733a32313a2262657474792e6b616e7a6540676d61696c2e636f6d223b6c6f67696e5f747970655f69647c733a313a2231223b6c6f67696e5f70726f66696c657c733a313a2231223b6c6f67696e5f747970657c733a353a2261646d696e223b706167655f747970657c733a373a2266696e616e6365223b),
('c3a28122e94e5c8c322b26df7c37490a6074818c', '127.0.0.1', 1529773915, 0x5f5f63695f6c6173745f726567656e65726174657c693a313532393737333931353b),
('c42208047fbda4b7723aa06aca86f73df737ac8c', '127.0.0.1', 1529518361, 0x5f5f63695f6c6173745f726567656e65726174657c693a313532393531383039323b6163746976655f6c6f67696e7c733a313a2231223b6c6f67696e5f757365725f69647c733a313a2232223b6c6f67696e5f66697273746e616d657c733a353a224265747479223b6c6f67696e5f6c6173746e616d657c733a353a224b616e7a65223b6c6f67696e5f656d61696c7c733a32313a2262657474792e6b616e7a6540676d61696c2e636f6d223b6c6f67696e5f747970655f69647c733a313a2231223b6c6f67696e5f70726f66696c657c733a313a2231223b6c6f67696e5f747970657c733a353a2261646d696e223b706167655f747970657c733a373a2266696e616e6365223b666c6173685f6d6573736167657c733a32313a225265636f726420416c726561647920457869737473223b5f5f63695f766172737c613a313a7b733a31333a22666c6173685f6d657373616765223b733a333a226e6577223b7d),
('c5658c2d73be9835e19f096732aea3c0e8edbc56', '::1', 1529512248, 0x5f5f63695f6c6173745f726567656e65726174657c693a313532393531323032383b6163746976655f6c6f67696e7c733a313a2231223b6c6f67696e5f757365725f69647c733a313a2232223b6c6f67696e5f66697273746e616d657c733a353a224265747479223b6c6f67696e5f6c6173746e616d657c733a353a224b616e7a65223b6c6f67696e5f656d61696c7c733a32313a2262657474792e6b616e7a6540676d61696c2e636f6d223b6c6f67696e5f747970655f69647c733a313a2231223b6c6f67696e5f70726f66696c657c733a313a2231223b6c6f67696e5f747970657c733a353a2261646d696e223b706167655f747970657c733a343a226578616d223b),
('c5f26d537119a2049050ed5a6d8778cbea1cf294', '::1', 1529770769, 0x5f5f63695f6c6173745f726567656e65726174657c693a313532393737303437333b6163746976655f6c6f67696e7c733a313a2231223b6c6f67696e5f757365725f69647c733a313a2232223b6c6f67696e5f66697273746e616d657c733a353a224265747479223b6c6f67696e5f6c6173746e616d657c733a353a224b616e7a65223b6c6f67696e5f656d61696c7c733a32313a2262657474792e6b616e7a6540676d61696c2e636f6d223b6c6f67696e5f747970655f69647c733a313a2231223b6c6f67696e5f70726f66696c657c733a313a2231223b6c6f67696e5f747970657c733a353a2261646d696e223b706167655f747970657c733a373a2266696e616e6365223b),
('c5ff329b3274df7d1850287ee2abaf6043ae9d4a', '::1', 1529925903, 0x5f5f63695f6c6173745f726567656e65726174657c693a313532393932353838363b6163746976655f6c6f67696e7c733a313a2231223b6c6f67696e5f757365725f69647c733a313a2232223b6c6f67696e5f66697273746e616d657c733a353a224265747479223b6c6f67696e5f6c6173746e616d657c733a353a224b616e7a65223b6c6f67696e5f656d61696c7c733a32313a2262657474792e6b616e7a6540676d61696c2e636f6d223b6c6f67696e5f747970655f69647c733a313a2231223b6c6f67696e5f70726f66696c657c733a313a2231223b6c6f67696e5f747970657c733a353a2261646d696e223b706167655f747970657c733a373a2266696e616e6365223b),
('c9674cd8ef61b27ee9eb0bc5e029703035d23e61', '::1', 1529158801, 0x5f5f63695f6c6173745f726567656e65726174657c693a313532393135383537323b6163746976655f6c6f67696e7c733a313a2231223b6c6f67696e5f757365725f69647c733a313a2231223b6c6f67696e5f66697273746e616d657c733a393a224e69636f64656d7573223b6c6f67696e5f6c6173746e616d657c733a363a224b6172697361223b6c6f67696e5f656d61696c7c733a31383a226e6b6d77616d627340676d61696c2e636f6d223b6c6f67696e5f747970655f69647c733a313a2231223b6c6f67696e5f70726f66696c657c733a313a2231223b6c6f67696e5f747970657c733a353a2261646d696e223b706167655f747970657c733a363a22706172656e74223b),
('ca83182e28d27f41e2be5a9399aa0da479c68ede', '::1', 1529864403, 0x5f5f63695f6c6173745f726567656e65726174657c693a313532393836343337323b6163746976655f6c6f67696e7c733a313a2231223b6c6f67696e5f757365725f69647c733a313a2232223b6c6f67696e5f66697273746e616d657c733a353a224265747479223b6c6f67696e5f6c6173746e616d657c733a353a224b616e7a65223b6c6f67696e5f656d61696c7c733a32313a2262657474792e6b616e7a6540676d61696c2e636f6d223b6c6f67696e5f747970655f69647c733a313a2231223b6c6f67696e5f70726f66696c657c733a313a2231223b6c6f67696e5f747970657c733a353a2261646d696e223b706167655f747970657c733a373a2266696e616e6365223b),
('cb24c2ec7e3f0ed8e7edb7a96019dd2099d2caab', '::1', 1529921853, 0x5f5f63695f6c6173745f726567656e65726174657c693a313532393932313436383b6163746976655f6c6f67696e7c733a313a2231223b6c6f67696e5f757365725f69647c733a313a2232223b6c6f67696e5f66697273746e616d657c733a353a224265747479223b6c6f67696e5f6c6173746e616d657c733a353a224b616e7a65223b6c6f67696e5f656d61696c7c733a32313a2262657474792e6b616e7a6540676d61696c2e636f6d223b6c6f67696e5f747970655f69647c733a313a2231223b6c6f67696e5f70726f66696c657c733a313a2231223b6c6f67696e5f747970657c733a353a2261646d696e223b706167655f747970657c733a373a2266696e616e6365223b),
('cee8d5ecb712fc0e5b75edf067a52cfeab1a2680', '127.0.0.1', 1529528917, 0x5f5f63695f6c6173745f726567656e65726174657c693a313532393532383637343b6163746976655f6c6f67696e7c733a313a2231223b6c6f67696e5f757365725f69647c733a313a2232223b6c6f67696e5f66697273746e616d657c733a353a224265747479223b6c6f67696e5f6c6173746e616d657c733a353a224b616e7a65223b6c6f67696e5f656d61696c7c733a32313a2262657474792e6b616e7a6540676d61696c2e636f6d223b6c6f67696e5f747970655f69647c733a313a2231223b6c6f67696e5f70726f66696c657c733a313a2231223b6c6f67696e5f747970657c733a353a2261646d696e223b706167655f747970657c733a373a2266696e616e6365223b666c6173685f6d6573736167657c733a32383a22496e766f6963652045646974746564205375636365737366756c6c79223b5f5f63695f766172737c613a313a7b733a31333a22666c6173685f6d657373616765223b733a333a226f6c64223b7d),
('cf9aff9e5104420d900312af314f1bfef8cef149', '::1', 1529770462, 0x5f5f63695f6c6173745f726567656e65726174657c693a313532393737303136383b6163746976655f6c6f67696e7c733a313a2231223b6c6f67696e5f757365725f69647c733a313a2232223b6c6f67696e5f66697273746e616d657c733a353a224265747479223b6c6f67696e5f6c6173746e616d657c733a353a224b616e7a65223b6c6f67696e5f656d61696c7c733a32313a2262657474792e6b616e7a6540676d61696c2e636f6d223b6c6f67696e5f747970655f69647c733a313a2231223b6c6f67696e5f70726f66696c657c733a313a2231223b6c6f67696e5f747970657c733a353a2261646d696e223b706167655f747970657c733a343a226578616d223b),
('d027a765dfc9299e1da127837219b3aeb07ea96e', '::1', 1529160019, 0x5f5f63695f6c6173745f726567656e65726174657c693a313532393136303030353b6163746976655f6c6f67696e7c733a313a2231223b6c6f67696e5f757365725f69647c733a313a2231223b6c6f67696e5f66697273746e616d657c733a393a224e69636f64656d7573223b6c6f67696e5f6c6173746e616d657c733a363a224b6172697361223b6c6f67696e5f656d61696c7c733a31383a226e6b6d77616d627340676d61696c2e636f6d223b6c6f67696e5f747970655f69647c733a313a2231223b6c6f67696e5f70726f66696c657c733a313a2231223b6c6f67696e5f747970657c733a353a2261646d696e223b706167655f747970657c733a363a22706172656e74223b),
('d11d46fb53e4f1bb96226199be80f106a75d89a5', '::1', 1529846571, 0x5f5f63695f6c6173745f726567656e65726174657c693a313532393834363534393b6163746976655f6c6f67696e7c733a313a2231223b6c6f67696e5f757365725f69647c733a313a2232223b6c6f67696e5f66697273746e616d657c733a353a224265747479223b6c6f67696e5f6c6173746e616d657c733a353a224b616e7a65223b6c6f67696e5f656d61696c7c733a32313a2262657474792e6b616e7a6540676d61696c2e636f6d223b6c6f67696e5f747970655f69647c733a313a2231223b6c6f67696e5f70726f66696c657c733a313a2231223b6c6f67696e5f747970657c733a353a2261646d696e223b706167655f747970657c733a373a2266696e616e6365223b),
('d1b43bb7b7f6f197eed1a2846c94b3940cfbc0dd', '::1', 1529823488, 0x5f5f63695f6c6173745f726567656e65726174657c693a313532393832333232313b6163746976655f6c6f67696e7c733a313a2231223b6c6f67696e5f757365725f69647c733a313a2232223b6c6f67696e5f66697273746e616d657c733a353a224265747479223b6c6f67696e5f6c6173746e616d657c733a353a224b616e7a65223b6c6f67696e5f656d61696c7c733a32313a2262657474792e6b616e7a6540676d61696c2e636f6d223b6c6f67696e5f747970655f69647c733a313a2231223b6c6f67696e5f70726f66696c657c733a313a2231223b6c6f67696e5f747970657c733a353a2261646d696e223b706167655f747970657c733a373a2266696e616e6365223b),
('d21dc1cdfa83790c32e6ff8a88deb510a29c2a20', '::1', 1529913871, 0x5f5f63695f6c6173745f726567656e65726174657c693a313532393931333538343b6163746976655f6c6f67696e7c733a313a2231223b6c6f67696e5f757365725f69647c733a313a2232223b6c6f67696e5f66697273746e616d657c733a353a224265747479223b6c6f67696e5f6c6173746e616d657c733a353a224b616e7a65223b6c6f67696e5f656d61696c7c733a32313a2262657474792e6b616e7a6540676d61696c2e636f6d223b6c6f67696e5f747970655f69647c733a313a2231223b6c6f67696e5f70726f66696c657c733a313a2231223b6c6f67696e5f747970657c733a353a2261646d696e223b706167655f747970657c733a373a2266696e616e6365223b),
('d3c338779ac440a7fc7f56fc726aa7d2d5db6451', '::1', 1529861544, 0x5f5f63695f6c6173745f726567656e65726174657c693a313532393836313236333b6163746976655f6c6f67696e7c733a313a2231223b6c6f67696e5f757365725f69647c733a313a2232223b6c6f67696e5f66697273746e616d657c733a353a224265747479223b6c6f67696e5f6c6173746e616d657c733a353a224b616e7a65223b6c6f67696e5f656d61696c7c733a32313a2262657474792e6b616e7a6540676d61696c2e636f6d223b6c6f67696e5f747970655f69647c733a313a2231223b6c6f67696e5f70726f66696c657c733a313a2231223b6c6f67696e5f747970657c733a353a2261646d696e223b706167655f747970657c733a373a2266696e616e6365223b),
('d62df77657725d3298d261ed4ab611e7fbec3482', '::1', 1529816530, 0x5f5f63695f6c6173745f726567656e65726174657c693a313532393831363436313b6163746976655f6c6f67696e7c733a313a2231223b6c6f67696e5f757365725f69647c733a313a2232223b6c6f67696e5f66697273746e616d657c733a353a224265747479223b6c6f67696e5f6c6173746e616d657c733a353a224b616e7a65223b6c6f67696e5f656d61696c7c733a32313a2262657474792e6b616e7a6540676d61696c2e636f6d223b6c6f67696e5f747970655f69647c733a313a2231223b6c6f67696e5f70726f66696c657c733a313a2231223b6c6f67696e5f747970657c733a353a2261646d696e223b706167655f747970657c733a373a2266696e616e6365223b),
('d91b2bb86a6c302a2293834e915e777c2db17e45', '::1', 1529824602, 0x5f5f63695f6c6173745f726567656e65726174657c693a313532393832343630323b),
('d93b88c05cadfa0fbd606e69c2e7780a868e279f', '::1', 1529166997, 0x5f5f63695f6c6173745f726567656e65726174657c693a313532393136363731323b6163746976655f6c6f67696e7c733a313a2231223b6c6f67696e5f757365725f69647c733a313a2231223b6c6f67696e5f66697273746e616d657c733a393a224e69636f64656d7573223b6c6f67696e5f6c6173746e616d657c733a363a224b6172697361223b6c6f67696e5f656d61696c7c733a31383a226e6b6d77616d627340676d61696c2e636f6d223b6c6f67696e5f747970655f69647c733a313a2231223b6c6f67696e5f70726f66696c657c733a313a2231223b6c6f67696e5f747970657c733a353a2261646d696e223b706167655f747970657c733a343a226578616d223b),
('d96261ade9c787b70b0a8ef2b8be945622ab4796', '::1', 1529519978, 0x5f5f63695f6c6173745f726567656e65726174657c693a313532393531393639393b6163746976655f6c6f67696e7c733a313a2231223b6c6f67696e5f757365725f69647c733a313a2232223b6c6f67696e5f66697273746e616d657c733a353a224265747479223b6c6f67696e5f6c6173746e616d657c733a353a224b616e7a65223b6c6f67696e5f656d61696c7c733a32313a2262657474792e6b616e7a6540676d61696c2e636f6d223b6c6f67696e5f747970655f69647c733a313a2231223b6c6f67696e5f70726f66696c657c733a313a2231223b6c6f67696e5f747970657c733a353a2261646d696e223b706167655f747970657c733a373a2266696e616e6365223b),
('dd8c5956190fe17a4b42ca0be7fa66a74bead26e', '::1', 1529165444, 0x5f5f63695f6c6173745f726567656e65726174657c693a313532393136353139323b6163746976655f6c6f67696e7c733a313a2231223b6c6f67696e5f757365725f69647c733a313a2231223b6c6f67696e5f66697273746e616d657c733a393a224e69636f64656d7573223b6c6f67696e5f6c6173746e616d657c733a363a224b6172697361223b6c6f67696e5f656d61696c7c733a31383a226e6b6d77616d627340676d61696c2e636f6d223b6c6f67696e5f747970655f69647c733a313a2231223b6c6f67696e5f70726f66696c657c733a313a2231223b6c6f67696e5f747970657c733a353a2261646d696e223b706167655f747970657c733a31303a22617474656e64616e6365223b),
('de45977b89352c0b75c4400887d07ef5d74f4eab', '::1', 1529511855, 0x5f5f63695f6c6173745f726567656e65726174657c693a313532393531313538323b6163746976655f6c6f67696e7c733a313a2231223b6c6f67696e5f757365725f69647c733a313a2232223b6c6f67696e5f66697273746e616d657c733a353a224265747479223b6c6f67696e5f6c6173746e616d657c733a353a224b616e7a65223b6c6f67696e5f656d61696c7c733a32313a2262657474792e6b616e7a6540676d61696c2e636f6d223b6c6f67696e5f747970655f69647c733a313a2231223b6c6f67696e5f70726f66696c657c733a313a2231223b6c6f67696e5f747970657c733a353a2261646d696e223b706167655f747970657c733a393a2264617368626f617264223b),
('def92e93eec8ab24036513ba210357fa6bb580f2', '::1', 1529818347, 0x5f5f63695f6c6173745f726567656e65726174657c693a313532393831383038383b6163746976655f6c6f67696e7c733a313a2231223b6c6f67696e5f757365725f69647c733a313a2232223b6c6f67696e5f66697273746e616d657c733a353a224265747479223b6c6f67696e5f6c6173746e616d657c733a353a224b616e7a65223b6c6f67696e5f656d61696c7c733a32313a2262657474792e6b616e7a6540676d61696c2e636f6d223b6c6f67696e5f747970655f69647c733a313a2231223b6c6f67696e5f70726f66696c657c733a313a2231223b6c6f67696e5f747970657c733a353a2261646d696e223b706167655f747970657c733a373a2266696e616e6365223b),
('e356def758cd185a92069f1d611bb98dbba36b30', '::1', 1529919511, 0x5f5f63695f6c6173745f726567656e65726174657c693a313532393931393138393b6163746976655f6c6f67696e7c733a313a2231223b6c6f67696e5f757365725f69647c733a313a2232223b6c6f67696e5f66697273746e616d657c733a353a224265747479223b6c6f67696e5f6c6173746e616d657c733a353a224b616e7a65223b6c6f67696e5f656d61696c7c733a32313a2262657474792e6b616e7a6540676d61696c2e636f6d223b6c6f67696e5f747970655f69647c733a313a2231223b6c6f67696e5f70726f66696c657c733a313a2231223b6c6f67696e5f747970657c733a353a2261646d696e223b706167655f747970657c733a373a2266696e616e6365223b),
('e37e01f1cad8f65d9421cc0b884b7d9b7daa853f', '::1', 1529820604, 0x5f5f63695f6c6173745f726567656e65726174657c693a313532393832303331363b6163746976655f6c6f67696e7c733a313a2231223b6c6f67696e5f757365725f69647c733a313a2232223b6c6f67696e5f66697273746e616d657c733a353a224265747479223b6c6f67696e5f6c6173746e616d657c733a353a224b616e7a65223b6c6f67696e5f656d61696c7c733a32313a2262657474792e6b616e7a6540676d61696c2e636f6d223b6c6f67696e5f747970655f69647c733a313a2231223b6c6f67696e5f70726f66696c657c733a313a2231223b6c6f67696e5f747970657c733a353a2261646d696e223b706167655f747970657c733a373a2266696e616e6365223b),
('e4e84aa60eace5fc36bb583c4930e1f4b1895adf', '::1', 1529520335, 0x5f5f63695f6c6173745f726567656e65726174657c693a313532393532303333353b6163746976655f6c6f67696e7c733a313a2231223b6c6f67696e5f757365725f69647c733a313a2232223b6c6f67696e5f66697273746e616d657c733a353a224265747479223b6c6f67696e5f6c6173746e616d657c733a353a224b616e7a65223b6c6f67696e5f656d61696c7c733a32313a2262657474792e6b616e7a6540676d61696c2e636f6d223b6c6f67696e5f747970655f69647c733a313a2231223b6c6f67696e5f70726f66696c657c733a313a2231223b6c6f67696e5f747970657c733a353a2261646d696e223b706167655f747970657c733a373a2273747564656e74223b),
('e6a1219bc38d8e92402b0e68142b374d98e712a7', '::1', 1529771478, 0x5f5f63695f6c6173745f726567656e65726174657c693a313532393737313232353b6163746976655f6c6f67696e7c733a313a2231223b6c6f67696e5f757365725f69647c733a313a2232223b6c6f67696e5f66697273746e616d657c733a353a224265747479223b6c6f67696e5f6c6173746e616d657c733a353a224b616e7a65223b6c6f67696e5f656d61696c7c733a32313a2262657474792e6b616e7a6540676d61696c2e636f6d223b6c6f67696e5f747970655f69647c733a313a2231223b6c6f67696e5f70726f66696c657c733a313a2231223b6c6f67696e5f747970657c733a353a2261646d696e223b706167655f747970657c733a373a2266696e616e6365223b),
('e85dc73c89c5f533f3b53ed491f0f7481b92be70', '::1', 1529157863, 0x5f5f63695f6c6173745f726567656e65726174657c693a313532393135373739363b6163746976655f6c6f67696e7c733a313a2231223b6c6f67696e5f757365725f69647c733a313a2231223b6c6f67696e5f66697273746e616d657c733a393a224e69636f64656d7573223b6c6f67696e5f6c6173746e616d657c733a363a224b6172697361223b6c6f67696e5f656d61696c7c733a31383a226e6b6d77616d627340676d61696c2e636f6d223b6c6f67696e5f747970655f69647c733a313a2231223b6c6f67696e5f70726f66696c657c733a313a2231223b6c6f67696e5f747970657c733a353a2261646d696e223b706167655f747970657c733a363a22706172656e74223b),
('eb565f7af79fb5ed87a58e3c4e632951b3575d5e', '::1', 1529159267, 0x5f5f63695f6c6173745f726567656e65726174657c693a313532393135383935353b6163746976655f6c6f67696e7c733a313a2231223b6c6f67696e5f757365725f69647c733a313a2231223b6c6f67696e5f66697273746e616d657c733a393a224e69636f64656d7573223b6c6f67696e5f6c6173746e616d657c733a363a224b6172697361223b6c6f67696e5f656d61696c7c733a31383a226e6b6d77616d627340676d61696c2e636f6d223b6c6f67696e5f747970655f69647c733a313a2231223b6c6f67696e5f70726f66696c657c733a313a2231223b6c6f67696e5f747970657c733a353a2261646d696e223b706167655f747970657c733a363a22706172656e74223b),
('eb81be2b6b6e82549b59fe3af17c3f52c129703a', '::1', 1529528085, 0x5f5f63695f6c6173745f726567656e65726174657c693a313532393532373839393b6163746976655f6c6f67696e7c733a313a2231223b6c6f67696e5f757365725f69647c733a313a2232223b6c6f67696e5f66697273746e616d657c733a353a224265747479223b6c6f67696e5f6c6173746e616d657c733a353a224b616e7a65223b6c6f67696e5f656d61696c7c733a32313a2262657474792e6b616e7a6540676d61696c2e636f6d223b6c6f67696e5f747970655f69647c733a313a2231223b6c6f67696e5f70726f66696c657c733a313a2231223b6c6f67696e5f747970657c733a353a2261646d696e223b706167655f747970657c733a373a2266696e616e6365223b),
('ecbd67915b094ccf37217c9d1291399fbf5e8782', '::1', 1529159538, 0x5f5f63695f6c6173745f726567656e65726174657c693a313532393135393236393b6163746976655f6c6f67696e7c733a313a2231223b6c6f67696e5f757365725f69647c733a313a2231223b6c6f67696e5f66697273746e616d657c733a393a224e69636f64656d7573223b6c6f67696e5f6c6173746e616d657c733a363a224b6172697361223b6c6f67696e5f656d61696c7c733a31383a226e6b6d77616d627340676d61696c2e636f6d223b6c6f67696e5f747970655f69647c733a313a2231223b6c6f67696e5f70726f66696c657c733a313a2231223b6c6f67696e5f747970657c733a353a2261646d696e223b706167655f747970657c733a363a22706172656e74223b),
('f03d7b73279876c1a9584fa56d77269ee1cb4af2', '::1', 1529515741, 0x5f5f63695f6c6173745f726567656e65726174657c693a313532393531353336373b6163746976655f6c6f67696e7c733a313a2231223b6c6f67696e5f757365725f69647c733a313a2232223b6c6f67696e5f66697273746e616d657c733a353a224265747479223b6c6f67696e5f6c6173746e616d657c733a353a224b616e7a65223b6c6f67696e5f656d61696c7c733a32313a2262657474792e6b616e7a6540676d61696c2e636f6d223b6c6f67696e5f747970655f69647c733a313a2231223b6c6f67696e5f70726f66696c657c733a313a2231223b6c6f67696e5f747970657c733a353a2261646d696e223b706167655f747970657c733a373a2266696e616e6365223b),
('f5be8083303eaa26c120b9a29b39ef6947833794', '::1', 1529924466, 0x5f5f63695f6c6173745f726567656e65726174657c693a313532393932343332343b6163746976655f6c6f67696e7c733a313a2231223b6c6f67696e5f757365725f69647c733a313a2232223b6c6f67696e5f66697273746e616d657c733a353a224265747479223b6c6f67696e5f6c6173746e616d657c733a353a224b616e7a65223b6c6f67696e5f656d61696c7c733a32313a2262657474792e6b616e7a6540676d61696c2e636f6d223b6c6f67696e5f747970655f69647c733a313a2231223b6c6f67696e5f70726f66696c657c733a313a2231223b6c6f67696e5f747970657c733a353a2261646d696e223b706167655f747970657c733a373a2266696e616e6365223b),
('f64c3d1a1cea0500b6f7dc21fe7c1a080c95723f', '::1', 1529863627, 0x5f5f63695f6c6173745f726567656e65726174657c693a313532393836333331333b6163746976655f6c6f67696e7c733a313a2231223b6c6f67696e5f757365725f69647c733a313a2232223b6c6f67696e5f66697273746e616d657c733a353a224265747479223b6c6f67696e5f6c6173746e616d657c733a353a224b616e7a65223b6c6f67696e5f656d61696c7c733a32313a2262657474792e6b616e7a6540676d61696c2e636f6d223b6c6f67696e5f747970655f69647c733a313a2231223b6c6f67696e5f70726f66696c657c733a313a2231223b6c6f67696e5f747970657c733a353a2261646d696e223b706167655f747970657c733a373a2266696e616e6365223b),
('f659792bde94009796d143c2d97cc1f3e4cae514', '::1', 1529519306, 0x5f5f63695f6c6173745f726567656e65726174657c693a313532393531393330353b6163746976655f6c6f67696e7c733a313a2231223b6c6f67696e5f757365725f69647c733a313a2232223b6c6f67696e5f66697273746e616d657c733a353a224265747479223b6c6f67696e5f6c6173746e616d657c733a353a224b616e7a65223b6c6f67696e5f656d61696c7c733a32313a2262657474792e6b616e7a6540676d61696c2e636f6d223b6c6f67696e5f747970655f69647c733a313a2231223b6c6f67696e5f70726f66696c657c733a313a2231223b6c6f67696e5f747970657c733a353a2261646d696e223b706167655f747970657c733a373a2266696e616e6365223b666c6173685f6d6573736167657c733a31323a22446174612044656c65746564223b5f5f63695f766172737c613a313a7b733a31333a22666c6173685f6d657373616765223b733a333a226f6c64223b7d),
('f6751500dfbc158173374dc7dc24357cda510356', '::1', 1529162228, 0x5f5f63695f6c6173745f726567656e65726174657c693a313532393136323135323b6163746976655f6c6f67696e7c733a313a2231223b6c6f67696e5f757365725f69647c733a313a2231223b6c6f67696e5f66697273746e616d657c733a393a224e69636f64656d7573223b6c6f67696e5f6c6173746e616d657c733a363a224b6172697361223b6c6f67696e5f656d61696c7c733a31383a226e6b6d77616d627340676d61696c2e636f6d223b6c6f67696e5f747970655f69647c733a313a2231223b6c6f67696e5f70726f66696c657c733a313a2231223b6c6f67696e5f747970657c733a353a2261646d696e223b706167655f747970657c733a353a22636c617373223b),
('f6d8ea59367a10c2483defc94bd3fd16fd231cac', '::1', 1529164669, 0x5f5f63695f6c6173745f726567656e65726174657c693a313532393136343336353b6163746976655f6c6f67696e7c733a313a2231223b6c6f67696e5f757365725f69647c733a313a2231223b6c6f67696e5f66697273746e616d657c733a393a224e69636f64656d7573223b6c6f67696e5f6c6173746e616d657c733a363a224b6172697361223b6c6f67696e5f656d61696c7c733a31383a226e6b6d77616d627340676d61696c2e636f6d223b6c6f67696e5f747970655f69647c733a313a2231223b6c6f67696e5f70726f66696c657c733a313a2231223b6c6f67696e5f747970657c733a353a2261646d696e223b706167655f747970657c733a31333a22636c6173735f726f7574696e65223b),
('f765d12f99567dc0bfc1fe93cdb3d15a81f809f1', '::1', 1529864143, 0x5f5f63695f6c6173745f726567656e65726174657c693a313532393836343032313b6163746976655f6c6f67696e7c733a313a2231223b6c6f67696e5f757365725f69647c733a313a2232223b6c6f67696e5f66697273746e616d657c733a353a224265747479223b6c6f67696e5f6c6173746e616d657c733a353a224b616e7a65223b6c6f67696e5f656d61696c7c733a32313a2262657474792e6b616e7a6540676d61696c2e636f6d223b6c6f67696e5f747970655f69647c733a313a2231223b6c6f67696e5f70726f66696c657c733a313a2231223b6c6f67696e5f747970657c733a353a2261646d696e223b706167655f747970657c733a373a2266696e616e6365223b),
('f8670a88295d9fcfa11807a86842167fe464c29d', '127.0.0.1', 1529824133, 0x5f5f63695f6c6173745f726567656e65726174657c693a313532393832333838313b6163746976655f6c6f67696e7c733a313a2231223b6c6f67696e5f757365725f69647c733a313a2232223b6c6f67696e5f66697273746e616d657c733a353a224265747479223b6c6f67696e5f6c6173746e616d657c733a353a224b616e7a65223b6c6f67696e5f656d61696c7c733a32313a2262657474792e6b616e7a6540676d61696c2e636f6d223b6c6f67696e5f747970655f69647c733a313a2231223b6c6f67696e5f70726f66696c657c733a313a2231223b6c6f67696e5f747970657c733a353a2261646d696e223b706167655f747970657c733a373a2266696e616e6365223b),
('f885b8602fa3a685e8afe28d3e6bef3b36ea1928', '::1', 1529847974, 0x5f5f63695f6c6173745f726567656e65726174657c693a313532393834363835383b6163746976655f6c6f67696e7c733a313a2231223b6c6f67696e5f757365725f69647c733a313a2232223b6c6f67696e5f66697273746e616d657c733a353a224265747479223b6c6f67696e5f6c6173746e616d657c733a353a224b616e7a65223b6c6f67696e5f656d61696c7c733a32313a2262657474792e6b616e7a6540676d61696c2e636f6d223b6c6f67696e5f747970655f69647c733a313a2231223b6c6f67696e5f70726f66696c657c733a313a2231223b6c6f67696e5f747970657c733a353a2261646d696e223b706167655f747970657c733a373a2266696e616e6365223b),
('faec723a5002087ba9dbfd73fb9b1f02b2404a72', '::1', 1529928938, 0x5f5f63695f6c6173745f726567656e65726174657c693a313532393932383632373b6163746976655f6c6f67696e7c733a313a2231223b6c6f67696e5f757365725f69647c733a313a2232223b6c6f67696e5f66697273746e616d657c733a353a224265747479223b6c6f67696e5f6c6173746e616d657c733a353a224b616e7a65223b6c6f67696e5f656d61696c7c733a32313a2262657474792e6b616e7a6540676d61696c2e636f6d223b6c6f67696e5f747970655f69647c733a313a2231223b6c6f67696e5f70726f66696c657c733a313a2231223b6c6f67696e5f747970657c733a353a2261646d696e223b706167655f747970657c733a373a2266696e616e6365223b),
('ffd4551063f75a039cc1305568cae4882faf9a49', '::1', 1529822626, 0x5f5f63695f6c6173745f726567656e65726174657c693a313532393832323332373b6163746976655f6c6f67696e7c733a313a2231223b6c6f67696e5f757365725f69647c733a313a2232223b6c6f67696e5f66697273746e616d657c733a353a224265747479223b6c6f67696e5f6c6173746e616d657c733a353a224b616e7a65223b6c6f67696e5f656d61696c7c733a32313a2262657474792e6b616e7a6540676d61696c2e636f6d223b6c6f67696e5f747970655f69647c733a313a2231223b6c6f67696e5f70726f66696c657c733a313a2231223b6c6f67696e5f747970657c733a353a2261646d696e223b706167655f747970657c733a373a2266696e616e6365223b);

-- --------------------------------------------------------

--
-- Table structure for table `class`
--

CREATE TABLE `class` (
  `class_id` int(11) NOT NULL,
  `name` longtext COLLATE utf8_unicode_ci NOT NULL,
  `name_numeric` longtext COLLATE utf8_unicode_ci NOT NULL,
  `teacher_id` int(11) NOT NULL
) ENGINE=InnoDB DEFAULT CHARSET=utf8 COLLATE=utf8_unicode_ci;

--
-- Dumping data for table `class`
--

INSERT INTO `class` (`class_id`, `name`, `name_numeric`, `teacher_id`) VALUES
(1, 'STD Two', '2', 2),
(2, 'Class Three', '3', 1),
(4, 'STD 4', '4', 2);

-- --------------------------------------------------------

--
-- Table structure for table `class_routine`
--

CREATE TABLE `class_routine` (
  `class_routine_id` int(11) NOT NULL,
  `class_id` int(11) NOT NULL,
  `subject_id` int(11) NOT NULL,
  `time_start` int(11) NOT NULL,
  `time_end` int(11) NOT NULL,
  `time_start_min` int(11) NOT NULL,
  `time_end_min` int(11) NOT NULL,
  `day` longtext COLLATE utf8_unicode_ci NOT NULL
) ENGINE=InnoDB DEFAULT CHARSET=utf8 COLLATE=utf8_unicode_ci;

--
-- Dumping data for table `class_routine`
--

INSERT INTO `class_routine` (`class_routine_id`, `class_id`, `subject_id`, `time_start`, `time_end`, `time_start_min`, `time_end_min`, `day`) VALUES
(1, 2, 1, 12, 12, 0, 40, 'monday'),
(2, 1, 3, 10, 10, 0, 40, 'tuesday'),
(3, 1, 2, 14, 14, 0, 40, 'tuesday'),
(4, 1, 2, 9, 9, 0, 45, 'monday'),
(5, 1, 4, 10, 11, 40, 20, 'tuesday'),
(6, 1, 4, 9, 9, 0, 40, 'wednesday'),
(7, 1, 3, 10, 11, 20, 0, 'thursday'),
(8, 1, 2, 9, 9, 0, 45, 'thursday'),
(9, 0, 0, 24, 13, 15, 0, 'thursday'),
(10, 1, 4, 24, 13, 15, 0, 'friday'),
(11, 2, 7, 10, 11, 25, 0, 'wednesday');

-- --------------------------------------------------------

--
-- Table structure for table `class_routine_attendance`
--

CREATE TABLE `class_routine_attendance` (
  `class_routine_attendance_id` int(100) NOT NULL,
  `class_routine_id` int(10) NOT NULL,
  `attendance_date` date NOT NULL,
  `notes` longtext NOT NULL
) ENGINE=InnoDB DEFAULT CHARSET=latin1;

--
-- Dumping data for table `class_routine_attendance`
--

INSERT INTO `class_routine_attendance` (`class_routine_attendance_id`, `class_routine_id`, `attendance_date`, `notes`) VALUES
(6, 5, '2018-04-28', 'This is okay'),
(7, 7, '2018-04-26', 'Tested and works'),
(8, 6, '2018-04-25', 'This is working'),
(9, 5, '2018-04-24', 'Well done'),
(10, 2, '2018-04-10', 'Hey. This is cool'),
(11, 3, '2018-04-10', 'Good work'),
(12, 5, '2018-04-10', 'Tested well'),
(13, 8, '2018-04-12', 'Hello Hello');

-- --------------------------------------------------------

--
-- Table structure for table `crud`
--

CREATE TABLE `crud` (
  `crud_id` int(100) NOT NULL,
  `user_access` varchar(20) NOT NULL,
  `feature` varchar(20) NOT NULL,
  `operation` varchar(20) NOT NULL
) ENGINE=InnoDB DEFAULT CHARSET=latin1;

--
-- Dumping data for table `crud`
--

INSERT INTO `crud` (`crud_id`, `user_access`, `feature`, `operation`) VALUES
(2, 'super', 'student', 'create'),
(3, 'super', 'student', 'read'),
(4, 'super', 'student', 'update'),
(5, 'super', 'student', 'delete'),
(6, 'super', 'parent', 'create'),
(7, 'super', 'parent', 'read'),
(8, 'super', 'parent', 'update'),
(9, 'super', 'parent', 'delete'),
(10, 'super', 'activity', 'create'),
(11, 'super', 'activity', 'read'),
(12, 'super', 'activity', 'update'),
(13, 'super', 'activity', 'delete'),
(14, 'super', 'student', 'create'),
(15, 'super', 'student', 'read'),
(16, 'super', 'student', 'update'),
(17, 'super', 'student', 'delete'),
(18, 'super', 'parent', 'create'),
(19, 'super', 'parent', 'read'),
(20, 'super', 'parent', 'update'),
(21, 'super', 'parent', 'delete'),
(22, 'super', 'activity', 'create'),
(23, 'super', 'activity', 'read'),
(24, 'super', 'activity', 'update'),
(25, 'super', 'activity', 'delete'),
(26, 'super', 'class', 'read'),
(27, 'super', 'class', 'delete'),
(28, 'super', 'section', 'read'),
(29, 'super', 'subject', 'create'),
(30, 'super', 'class_routine', 'create'),
(31, 'super', 'class_routine', 'update'),
(32, 'super', 'attendance', 'delete'),
(33, 'super', 'student', 'create'),
(34, 'super', 'student', 'read'),
(35, 'super', 'student', 'update'),
(36, 'super', 'student', 'delete'),
(37, 'super', 'parent', 'create'),
(38, 'super', 'parent', 'read'),
(39, 'super', 'parent', 'update'),
(40, 'super', 'parent', 'delete'),
(41, 'super', 'activity', 'create'),
(42, 'super', 'activity', 'read'),
(43, 'super', 'activity', 'update'),
(44, 'super', 'activity', 'delete'),
(45, 'super', 'teacher', 'create'),
(46, 'super', 'teacher', 'read'),
(47, 'super', 'teacher', 'update'),
(48, 'super', 'teacher', 'delete'),
(49, 'super', 'class', 'create'),
(50, 'super', 'class', 'read'),
(51, 'super', 'class', 'update'),
(52, 'super', 'class', 'delete'),
(53, 'super', 'section', 'create'),
(54, 'super', 'section', 'read'),
(55, 'super', 'section', 'update'),
(56, 'super', 'section', 'delete'),
(57, 'super', 'subject', 'create'),
(58, 'super', 'subject', 'read'),
(59, 'super', 'subject', 'update'),
(60, 'super', 'subject', 'delete'),
(61, 'super', 'class_routine', 'create'),
(62, 'super', 'class_routine', 'read'),
(63, 'super', 'class_routine', 'update'),
(64, 'super', 'class_routine', 'delete'),
(65, 'super', 'attendance', 'create'),
(66, 'super', 'attendance', 'read'),
(67, 'super', 'attendance', 'update'),
(68, 'super', 'attendance', 'delete'),
(69, 'super', 'exam', 'create'),
(70, 'super', 'exam', 'read'),
(71, 'super', 'exam', 'update'),
(72, 'super', 'exam', 'delete'),
(73, 'super', 'grade', 'create'),
(74, 'super', 'grade', 'read'),
(75, 'super', 'grade', 'update'),
(76, 'super', 'grade', 'delete'),
(77, 'super', 'fees_structure', 'create'),
(78, 'super', 'fees_structure', 'read'),
(79, 'super', 'fees_structure', 'update'),
(80, 'super', 'fees_structure', 'delete'),
(81, 'super', 'expense', 'create'),
(82, 'super', 'expense', 'read'),
(83, 'super', 'expense', 'update'),
(84, 'super', 'expense', 'delete'),
(85, 'super', 'payment', 'create'),
(86, 'super', 'payment', 'read'),
(87, 'super', 'payment', 'update'),
(88, 'super', 'payment', 'delete'),
(89, 'super', 'contras', 'create'),
(90, 'super', 'contras', 'read'),
(91, 'super', 'contras', 'update'),
(92, 'super', 'contras', 'delete'),
(93, 'super', 'invoice', 'create'),
(94, 'super', 'invoice', 'read'),
(95, 'super', 'invoice', 'update'),
(96, 'super', 'invoice', 'delete'),
(97, 'super', 'budget', 'create'),
(98, 'super', 'budget', 'read'),
(99, 'super', 'budget', 'update'),
(100, 'super', 'budget', 'delete');

-- --------------------------------------------------------

--
-- Table structure for table `document`
--

CREATE TABLE `document` (
  `document_id` int(11) NOT NULL,
  `title` longtext COLLATE utf8_unicode_ci NOT NULL,
  `description` longtext COLLATE utf8_unicode_ci NOT NULL,
  `file_name` longtext COLLATE utf8_unicode_ci NOT NULL,
  `file_type` longtext COLLATE utf8_unicode_ci NOT NULL,
  `class_id` longtext COLLATE utf8_unicode_ci NOT NULL,
  `teacher_id` int(11) NOT NULL,
  `timestamp` longtext COLLATE utf8_unicode_ci NOT NULL
) ENGINE=MyISAM DEFAULT CHARSET=utf8 COLLATE=utf8_unicode_ci;

-- --------------------------------------------------------

--
-- Table structure for table `dormitory`
--

CREATE TABLE `dormitory` (
  `dormitory_id` int(11) NOT NULL,
  `name` longtext COLLATE utf8_unicode_ci NOT NULL,
  `number_of_room` longtext COLLATE utf8_unicode_ci NOT NULL,
  `description` longtext COLLATE utf8_unicode_ci NOT NULL
) ENGINE=MyISAM DEFAULT CHARSET=utf8 COLLATE=utf8_unicode_ci;

-- --------------------------------------------------------

--
-- Table structure for table `exam`
--

CREATE TABLE `exam` (
  `exam_id` int(11) NOT NULL,
  `name` longtext COLLATE utf8_unicode_ci NOT NULL,
  `date` longtext COLLATE utf8_unicode_ci NOT NULL,
  `comment` longtext COLLATE utf8_unicode_ci NOT NULL
) ENGINE=InnoDB DEFAULT CHARSET=utf8 COLLATE=utf8_unicode_ci;

--
-- Dumping data for table `exam`
--

INSERT INTO `exam` (`exam_id`, `name`, `date`, `comment`) VALUES
(1, 'Mid Term Term one', '04/30/2018', 'Exam');

-- --------------------------------------------------------

--
-- Table structure for table `expense`
--

CREATE TABLE `expense` (
  `expense_id` int(200) NOT NULL,
  `batch_number` int(10) NOT NULL,
  `description` varchar(200) NOT NULL,
  `payee` varchar(200) NOT NULL,
  `t_date` date NOT NULL,
  `method` varchar(20) NOT NULL,
  `cheque_no` int(10) NOT NULL,
  `amount` decimal(10,2) NOT NULL,
  `timestamp` timestamp NOT NULL DEFAULT CURRENT_TIMESTAMP ON UPDATE CURRENT_TIMESTAMP
) ENGINE=InnoDB DEFAULT CHARSET=latin1;

--
-- Dumping data for table `expense`
--

INSERT INTO `expense` (`expense_id`, `batch_number`, `description`, `payee`, `t_date`, `method`, `cheque_no`, `amount`, `timestamp`) VALUES
(1, 180603, 'Cleaning Services', 'Ben Kitilu', '2018-06-25', '1', 0, '12400.00', '0000-00-00 00:00:00');

-- --------------------------------------------------------

--
-- Table structure for table `expense_category`
--

CREATE TABLE `expense_category` (
  `expense_category_id` int(11) NOT NULL,
  `name` longtext COLLATE utf8_unicode_ci NOT NULL,
  `income_category_id` int(10) NOT NULL
) ENGINE=InnoDB DEFAULT CHARSET=utf8 COLLATE=utf8_unicode_ci;

--
-- Dumping data for table `expense_category`
--

INSERT INTO `expense_category` (`expense_category_id`, `name`, `income_category_id`) VALUES
(1, 'Transport Expenses', 1),
(2, 'Administration', 6),
(3, 'Examination', 2),
(4, 'Maintainance', 3),
(5, 'Salaries', 6);

-- --------------------------------------------------------

--
-- Table structure for table `expense_details`
--

CREATE TABLE `expense_details` (
  `expense_details_id` int(200) NOT NULL,
  `expense_id` int(200) NOT NULL,
  `qty` int(50) NOT NULL,
  `description` varchar(200) NOT NULL,
  `unitcost` decimal(10,2) NOT NULL,
  `cost` decimal(10,2) NOT NULL,
  `expense_category_id` int(200) NOT NULL
) ENGINE=InnoDB DEFAULT CHARSET=latin1;

--
-- Dumping data for table `expense_details`
--

INSERT INTO `expense_details` (`expense_details_id`, `expense_id`, `qty`, `description`, `unitcost`, `cost`, `expense_category_id`) VALUES
(14, 9, 10, 'Liters of Petrol', '91.00', '910.00', 4),
(15, 9, 5, 'Liters of Oil', '160.00', '800.00', 4),
(16, 10, 3, 'Nursery Teachers', '8500.00', '25500.00', 1),
(17, 11, 6, 'Primary Section Salary', '10500.00', '63000.00', 1),
(18, 11, 2, 'Helb Loans', '2500.00', '5000.00', 1),
(20, 12, 3, 'Nursery Teachers', '-8500.00', '-25500.00', 1),
(23, 13, 10, 'Liters of Petrol', '-91.00', '-910.00', 4),
(24, 13, 5, 'Liters of Oil', '-1160.00', '-800.00', 4),
(25, 14, 1, 'Test', '1200.00', '1200.00', 1),
(26, 15, 10, 'Test', '1200.00', '12000.00', 1),
(27, 16, 5, 'Test 3', '500.00', '2500.00', 3),
(28, 17, 1, 'Salary', '25000.00', '25000.00', 5),
(29, 0, 1, 'Salary', '-25000.00', '-25000.00', 5),
(30, 1, 1, 'Claening Services', '12400.00', '12400.00', 4);

-- --------------------------------------------------------

--
-- Table structure for table `fees_structure`
--

CREATE TABLE `fees_structure` (
  `fees_id` int(10) NOT NULL,
  `name` longtext NOT NULL,
  `class_id` int(10) NOT NULL,
  `yr` int(10) NOT NULL,
  `term` int(10) NOT NULL
) ENGINE=InnoDB DEFAULT CHARSET=latin1;

--
-- Dumping data for table `fees_structure`
--

INSERT INTO `fees_structure` (`fees_id`, `name`, `class_id`, `yr`, `term`) VALUES
(1, 'class_STD_Two_term_One_year_2017', 1, 2017, 1),
(2, 'class_STD_Two_term_Two_year_2017', 1, 2017, 2),
(3, 'class_Class_Three_term_One_year_2018', 2, 2018, 1),
(5, 'class_STD_Two_term_One_year_2018', 1, 2018, 1),
(9, 'class_Class_Three_term_Two_year_2016', 2, 2016, 2),
(10, 'class_Class_Three_term_Three_year_2016', 2, 2016, 3),
(11, 'class_STD_Two_term_Two_year_2018', 1, 2018, 2);

-- --------------------------------------------------------

--
-- Table structure for table `fees_structure_details`
--

CREATE TABLE `fees_structure_details` (
  `detail_id` int(10) NOT NULL,
  `name` longtext NOT NULL,
  `fees_id` int(10) NOT NULL,
  `income_category_id` int(10) NOT NULL,
  `amount` int(10) NOT NULL
) ENGINE=InnoDB DEFAULT CHARSET=latin1;

--
-- Dumping data for table `fees_structure_details`
--

INSERT INTO `fees_structure_details` (`detail_id`, `name`, `fees_id`, `income_category_id`, `amount`) VALUES
(1, 'Tuition', 1, 6, 8500),
(2, 'Science Trip', 1, 4, 4500),
(3, 'Opening Exams', 1, 2, 480),
(4, 'Book Fair (New Students)', 1, 3, 3400),
(5, 'Tution', 3, 6, 7500),
(6, 'Meals', 3, 3, 3200),
(7, 'Field Trips', 3, 4, 4500),
(8, 'Tution', 4, 6, 8400),
(9, 'Academic Day', 4, 4, 45000),
(10, 'Tution', 5, 6, 7500),
(11, 'Academic & Career Development', 5, 4, 4200),
(12, 'Books', 5, 5, 1500),
(13, 'Term 1 Exams', 5, 2, 1800),
(14, 'Tuition', 2, 6, 5600),
(15, 'Trips', 2, 4, 2400),
(16, 'Tution', 9, 6, 7500),
(17, 'Meals', 9, 3, 3200),
(18, 'Field Trips', 9, 4, 4500),
(19, 'Tution', 3, 6, 7500),
(20, 'Meals', 3, 3, 3200),
(21, 'Field Trips', 3, 4, 4500),
(22, 'Tuition', 10, 6, 8500),
(23, 'Science Trip', 10, 4, 4500),
(24, 'Opening Exams', 10, 2, 480),
(25, 'Book Fair (New Students)', 10, 3, 3400),
(26, 'Tution', 11, 6, 7500),
(27, 'Academic & Career Development', 11, 4, 4200),
(28, 'Books', 11, 5, 1500),
(29, 'Term 1 Exams', 11, 2, 1800);

-- --------------------------------------------------------

--
-- Table structure for table `grade`
--

CREATE TABLE `grade` (
  `grade_id` int(11) NOT NULL,
  `name` longtext COLLATE utf8_unicode_ci NOT NULL,
  `grade_point` longtext COLLATE utf8_unicode_ci NOT NULL,
  `mark_from` int(11) NOT NULL,
  `mark_upto` int(11) NOT NULL,
  `comment` longtext COLLATE utf8_unicode_ci NOT NULL
) ENGINE=InnoDB DEFAULT CHARSET=utf8 COLLATE=utf8_unicode_ci;

--
-- Dumping data for table `grade`
--

INSERT INTO `grade` (`grade_id`, `name`, `grade_point`, `mark_from`, `mark_upto`, `comment`) VALUES
(1, 'Excellent ', 'A', 80, 100, ''),
(2, 'Good', 'B', 60, 79, ''),
(3, 'Fair', 'C', 40, 59, '');

-- --------------------------------------------------------

--
-- Table structure for table `income`
--

CREATE TABLE `income` (
  `income_id` int(100) NOT NULL,
  `batch_number` int(10) NOT NULL,
  `description` varchar(100) NOT NULL,
  `payee` varchar(100) NOT NULL,
  `t_date` date NOT NULL,
  `method` tinyint(5) NOT NULL COMMENT '1-cash,2-bank',
  `amount` decimal(10,2) NOT NULL,
  `timestamp` timestamp NOT NULL DEFAULT CURRENT_TIMESTAMP ON UPDATE CURRENT_TIMESTAMP
) ENGINE=InnoDB DEFAULT CHARSET=latin1;

--
-- Dumping data for table `income`
--

INSERT INTO `income` (`income_id`, `batch_number`, `description`, `payee`, `t_date`, `method`, `amount`, `timestamp`) VALUES
(1, 180604, 'School Fees Prepayment', 'James Mulandi', '2018-06-25', 1, '8500.00', '0000-00-00 00:00:00'),
(2, 180607, 'Prepayment for Term 2 2018', 'James Mulandi', '2018-06-25', 2, '6200.00', '0000-00-00 00:00:00');

-- --------------------------------------------------------

--
-- Table structure for table `income_categories`
--

CREATE TABLE `income_categories` (
  `income_category_id` int(100) NOT NULL,
  `name` varchar(50) NOT NULL
) ENGINE=InnoDB DEFAULT CHARSET=latin1;

--
-- Dumping data for table `income_categories`
--

INSERT INTO `income_categories` (`income_category_id`, `name`) VALUES
(1, 'Transport Revenue'),
(2, 'Examinations'),
(3, 'Miscellaneous'),
(4, 'Academic Trips'),
(5, 'Maintainance'),
(6, 'Tuition');

-- --------------------------------------------------------

--
-- Table structure for table `income_details`
--

CREATE TABLE `income_details` (
  `income_details_id` int(200) NOT NULL,
  `income_id` int(200) NOT NULL,
  `qty` int(50) NOT NULL,
  `description` varchar(200) NOT NULL,
  `unitcost` decimal(10,2) NOT NULL,
  `cost` decimal(10,2) NOT NULL,
  `income_category_id` int(200) NOT NULL
) ENGINE=InnoDB DEFAULT CHARSET=latin1;

--
-- Dumping data for table `income_details`
--

INSERT INTO `income_details` (`income_details_id`, `income_id`, `qty`, `description`, `unitcost`, `cost`, `income_category_id`) VALUES
(1, 1, 1, 'School Fees Overpayment', '8500.00', '8500.00', 3),
(2, 2, 1, 'Prepayment', '6200.00', '6200.00', 3);

-- --------------------------------------------------------

--
-- Table structure for table `invoice`
--

CREATE TABLE `invoice` (
  `invoice_id` int(11) NOT NULL,
  `student_id` int(11) NOT NULL,
  `class_id` tinyint(10) NOT NULL,
  `yr` longtext COLLATE utf8_unicode_ci NOT NULL,
  `term` longtext COLLATE utf8_unicode_ci NOT NULL,
  `amount` int(11) NOT NULL,
  `amount_due` longtext COLLATE utf8_unicode_ci NOT NULL,
  `amount_paid` int(100) NOT NULL,
  `balance` int(100) NOT NULL,
  `creation_timestamp` int(11) NOT NULL,
  `status` longtext COLLATE utf8_unicode_ci NOT NULL COMMENT 'paid, excess, unpaid or cancelled'
) ENGINE=MyISAM DEFAULT CHARSET=utf8 COLLATE=utf8_unicode_ci;

--
-- Dumping data for table `invoice`
--

INSERT INTO `invoice` (`invoice_id`, `student_id`, `class_id`, `yr`, `term`, `amount`, `amount_due`, `amount_paid`, `balance`, `creation_timestamp`, `status`) VALUES
(20, 2, 1, '2018', '2', 15000, '6900', 0, 6900, 1530309600, 'unpaid'),
(16, 15, 1, '2018', '1', 15000, '15000', 0, 15000, 1522447200, 'unpaid'),
(11, 1, 1, '2018', '1', 15000, '15000', 15000, 0, 1522447200, 'paid'),
(14, 2, 1, '2018', '1', 15000, '15000', 15000, 0, 0, 'paid'),
(15, 14, 1, '2018', '1', 15000, '12300', 0, 12300, 0, 'unpaid'),
(21, 1, 1, '2018', '2', 15000, '9800', 0, 9800, 1532728800, 'unpaid');

-- --------------------------------------------------------

--
-- Table structure for table `invoice_details`
--

CREATE TABLE `invoice_details` (
  `invoice_details_id` int(200) NOT NULL,
  `invoice_id` int(200) NOT NULL,
  `detail_id` int(200) NOT NULL,
  `amount_due` int(200) NOT NULL
) ENGINE=InnoDB DEFAULT CHARSET=latin1;

--
-- Dumping data for table `invoice_details`
--

INSERT INTO `invoice_details` (`invoice_details_id`, `invoice_id`, `detail_id`, `amount_due`) VALUES
(29, 9, 11, 4200),
(36, 11, 10, 7500),
(37, 11, 11, 4200),
(38, 11, 12, 1500),
(39, 11, 13, 1800),
(40, 12, 10, 7500),
(41, 12, 11, 4200),
(42, 12, 12, 1500),
(43, 12, 13, 1800),
(44, 13, 10, 7500),
(45, 13, 11, 4200),
(46, 13, 12, 1500),
(47, 13, 13, 1800),
(48, 14, 10, 7500),
(49, 14, 11, 4200),
(50, 14, 12, 1500),
(51, 14, 13, 1800),
(52, 15, 10, 6500),
(53, 15, 11, 3200),
(54, 15, 12, 800),
(55, 15, 13, 1800),
(56, 16, 10, 7500),
(57, 16, 11, 4200),
(58, 16, 12, 1500),
(59, 16, 13, 1800),
(72, 20, 26, 0),
(73, 20, 27, 3200),
(74, 20, 28, 2100),
(75, 20, 29, 1600),
(76, 21, 26, 6500),
(77, 21, 27, 0),
(78, 21, 28, 1500),
(79, 21, 29, 1800);

-- --------------------------------------------------------

--
-- Table structure for table `language`
--

CREATE TABLE `language` (
  `phrase_id` int(11) NOT NULL,
  `phrase` longtext COLLATE utf8_unicode_ci NOT NULL,
  `english` longtext COLLATE utf8_unicode_ci NOT NULL,
  `bengali` longtext COLLATE utf8_unicode_ci NOT NULL,
  `spanish` longtext COLLATE utf8_unicode_ci NOT NULL,
  `arabic` longtext COLLATE utf8_unicode_ci NOT NULL,
  `dutch` longtext COLLATE utf8_unicode_ci NOT NULL,
  `russian` longtext COLLATE utf8_unicode_ci NOT NULL,
  `chinese` longtext COLLATE utf8_unicode_ci NOT NULL,
  `turkish` longtext COLLATE utf8_unicode_ci NOT NULL,
  `portuguese` longtext COLLATE utf8_unicode_ci NOT NULL,
  `hungarian` longtext COLLATE utf8_unicode_ci NOT NULL,
  `french` longtext COLLATE utf8_unicode_ci NOT NULL,
  `greek` longtext COLLATE utf8_unicode_ci NOT NULL,
  `german` longtext COLLATE utf8_unicode_ci NOT NULL,
  `italian` longtext COLLATE utf8_unicode_ci NOT NULL,
  `thai` longtext COLLATE utf8_unicode_ci NOT NULL,
  `urdu` longtext COLLATE utf8_unicode_ci NOT NULL,
  `hindi` longtext COLLATE utf8_unicode_ci NOT NULL,
  `latin` longtext COLLATE utf8_unicode_ci NOT NULL,
  `indonesian` longtext COLLATE utf8_unicode_ci NOT NULL,
  `japanese` longtext COLLATE utf8_unicode_ci NOT NULL,
  `korean` longtext COLLATE utf8_unicode_ci NOT NULL,
  `swahili` longtext COLLATE utf8_unicode_ci,
  `Kikuyu` longtext COLLATE utf8_unicode_ci
) ENGINE=MyISAM DEFAULT CHARSET=utf8 COLLATE=utf8_unicode_ci;

--
-- Dumping data for table `language`
--

INSERT INTO `language` (`phrase_id`, `phrase`, `english`, `bengali`, `spanish`, `arabic`, `dutch`, `russian`, `chinese`, `turkish`, `portuguese`, `hungarian`, `french`, `greek`, `german`, `italian`, `thai`, `urdu`, `hindi`, `latin`, `indonesian`, `japanese`, `korean`, `swahili`, `Kikuyu`) VALUES
(1, 'login', '', '', '', '', '', '', '', '', '', '', '', '', '', '', '', '', '', '', '', '', '', NULL, ''),
(2, 'forgot_your_password', '', '', '', '', '', '', '', '', '', '', '', '', '', '', '', '', '', '', '', '', '', NULL, ''),
(3, 'admin_dashboard', '', '', '', '', '', '', '', '', '', '', '', '', '', '', '', '', '', '', '', '', '', NULL, ''),
(4, 'dashboard', '', '', '', '', '', '', '', '', '', '', '', '', '', '', '', '', '', '', '', '', '', NULL, ''),
(5, 'student', '', '', '', '', '', '', '', '', '', '', '', '', '', '', '', '', '', '', '', '', '', NULL, ''),
(6, 'admit_student', '', '', '', '', '', '', '', '', '', '', '', '', '', '', '', '', '', '', '', '', '', NULL, ''),
(7, 'admit_bulk_student', '', '', '', '', '', '', '', '', '', '', '', '', '', '', '', '', '', '', '', '', '', NULL, ''),
(8, 'student_information', '', '', '', '', '', '', '', '', '', '', '', '', '', '', '', '', '', '', '', '', '', NULL, ''),
(9, 'teacher', '', '', '', '', '', '', '', '', '', '', '', '', '', '', '', '', '', '', '', '', '', NULL, ''),
(10, 'parents', '', '', '', '', '', '', '', '', '', '', '', '', '', '', '', '', '', '', '', '', '', NULL, ''),
(11, 'class', '', '', '', '', '', '', '', '', '', '', '', '', '', '', '', '', '', '', '', '', '', NULL, ''),
(12, 'manage_classes', '', '', '', '', '', '', '', '', '', '', '', '', '', '', '', '', '', '', '', '', '', NULL, ''),
(13, 'manage_sections', '', '', '', '', '', '', '', '', '', '', '', '', '', '', '', '', '', '', '', '', '', NULL, ''),
(14, 'subject', '', '', '', '', '', '', '', '', '', '', '', '', '', '', '', '', '', '', '', '', '', NULL, ''),
(15, 'class_routine', '', '', '', '', '', '', '', '', '', '', '', '', '', '', '', '', '', '', '', '', '', NULL, ''),
(16, 'daily_attendance', '', '', '', '', '', '', '', '', '', '', '', '', '', '', '', '', '', '', '', '', '', NULL, ''),
(17, 'exam', '', '', '', '', '', '', '', '', '', '', '', '', '', '', '', '', '', '', '', '', '', NULL, ''),
(18, 'exam_list', '', '', '', '', '', '', '', '', '', '', '', '', '', '', '', '', '', '', '', '', '', NULL, ''),
(19, 'exam_grades', '', '', '', '', '', '', '', '', '', '', '', '', '', '', '', '', '', '', '', '', '', NULL, ''),
(20, 'manage_marks', '', '', '', '', '', '', '', '', '', '', '', '', '', '', '', '', '', '', '', '', '', NULL, ''),
(21, 'send_marks_by_sms', '', '', '', '', '', '', '', '', '', '', '', '', '', '', '', '', '', '', '', '', '', NULL, ''),
(22, 'tabulation_sheet', '', '', '', '', '', '', '', '', '', '', '', '', '', '', '', '', '', '', '', '', '', NULL, ''),
(23, 'accounting', '', '', '', '', '', '', '', '', '', '', '', '', '', '', '', '', '', '', '', '', '', NULL, ''),
(24, 'fees_structure', '', '', '', '', '', '', '', '', '', '', '', '', '', '', '', '', '', '', '', '', '', NULL, ''),
(25, 'create_invoice', '', '', '', '', '', '', '', '', '', '', '', '', '', '', '', '', '', '', '', '', '', NULL, ''),
(26, 'student_payments', '', '', '', '', '', '', '', '', '', '', '', '', '', '', '', '', '', '', '', '', '', NULL, ''),
(27, 'school_expenses', '', '', '', '', '', '', '', '', '', '', '', '', '', '', '', '', '', '', '', '', '', NULL, ''),
(28, 'cash_book', '', '', '', '', '', '', '', '', '', '', '', '', '', '', '', '', '', '', '', '', '', NULL, ''),
(29, 'budget', '', '', '', '', '', '', '', '', '', '', '', '', '', '', '', '', '', '', '', '', '', NULL, ''),
(30, 'library', '', '', '', '', '', '', '', '', '', '', '', '', '', '', '', '', '', '', '', '', '', NULL, ''),
(31, 'transport', '', '', '', '', '', '', '', '', '', '', '', '', '', '', '', '', '', '', '', '', '', NULL, ''),
(32, 'dormitory', '', '', '', '', '', '', '', '', '', '', '', '', '', '', '', '', '', '', '', '', '', NULL, ''),
(33, 'noticeboard', '', '', '', '', '', '', '', '', '', '', '', '', '', '', '', '', '', '', '', '', '', NULL, ''),
(34, 'message', '', '', '', '', '', '', '', '', '', '', '', '', '', '', '', '', '', '', '', '', '', NULL, ''),
(35, 'settings', '', '', '', '', '', '', '', '', '', '', '', '', '', '', '', '', '', '', '', '', '', NULL, ''),
(36, 'general_settings', '', '', '', '', '', '', '', '', '', '', '', '', '', '', '', '', '', '', '', '', '', NULL, ''),
(37, 'sms_settings', '', '', '', '', '', '', '', '', '', '', '', '', '', '', '', '', '', '', '', '', '', NULL, ''),
(38, 'language_settings', '', '', '', '', '', '', '', '', '', '', '', '', '', '', '', '', '', '', '', '', '', NULL, ''),
(39, 'school_settings', '', '', '', '', '', '', '', '', '', '', '', '', '', '', '', '', '', '', '', '', '', NULL, ''),
(40, 'account', '', '', '', '', '', '', '', '', '', '', '', '', '', '', '', '', '', '', '', '', '', NULL, ''),
(41, 'edit_profile', '', '', '', '', '', '', '', '', '', '', '', '', '', '', '', '', '', '', '', '', '', NULL, ''),
(42, 'change_password', '', '', '', '', '', '', '', '', '', '', '', '', '', '', '', '', '', '', '', '', '', NULL, ''),
(43, 'event_schedule', '', '', '', '', '', '', '', '', '', '', '', '', '', '', '', '', '', '', '', '', '', NULL, ''),
(44, 'parent', '', '', '', '', '', '', '', '', '', '', '', '', '', '', '', '', '', '', '', '', '', NULL, 'Muciari'),
(45, 'attendance', '', '', '', '', '', '', '', '', '', '', '', '', '', '', '', '', '', '', '', '', '', NULL, ''),
(46, 'delete', '', '', '', '', '', '', '', '', '', '', '', '', '', '', '', '', '', '', '', '', '', NULL, ''),
(47, 'cancel', '', '', '', '', '', '', '', '', '', '', '', '', '', '', '', '', '', '', '', '', '', NULL, ''),
(48, 'Ok', '', '', '', '', '', '', '', '', '', '', '', '', '', '', '', '', '', '', '', '', '', NULL, ''),
(49, 'school_budget', '', '', '', '', '', '', '', '', '', '', '', '', '', '', '', '', '', '', '', '', '', NULL, ''),
(50, 'new_budget_item', '', '', '', '', '', '', '', '', '', '', '', '', '', '', '', '', '', '', '', '', '', NULL, ''),
(51, 'budget_summary', '', '', '', '', '', '', '', '', '', '', '', '', '', '', '', '', '', '', '', '', '', NULL, ''),
(52, 'budget_schedules', '', '', '', '', '', '', '', '', '', '', '', '', '', '', '', '', '', '', '', '', '', NULL, ''),
(53, 'account_', '', '', '', '', '', '', '', '', '', '', '', '', '', '', '', '', '', '', '', '', '', NULL, ''),
(54, 'select', '', '', '', '', '', '', '', '', '', '', '', '', '', '', '', '', '', '', '', '', '', NULL, ''),
(55, 'description_', '', '', '', '', '', '', '', '', '', '', '', '', '', '', '', '', '', '', '', '', '', NULL, ''),
(56, 'financial_year', '', '', '', '', '', '', '', '', '', '', '', '', '', '', '', '', '', '', '', '', '', NULL, ''),
(57, 'quantity_', '', '', '', '', '', '', '', '', '', '', '', '', '', '', '', '', '', '', '', '', '', NULL, ''),
(58, 'unit_cost', '', '', '', '', '', '', '', '', '', '', '', '', '', '', '', '', '', '', '', '', '', NULL, ''),
(59, 'how_often', '', '', '', '', '', '', '', '', '', '', '', '', '', '', '', '', '', '', '', '', '', NULL, ''),
(60, 'total_', '', '', '', '', '', '', '', '', '', '', '', '', '', '', '', '', '', '', '', '', '', NULL, ''),
(61, 'monthly_spread', '', '', '', '', '', '', '', '', '', '', '', '', '', '', '', '', '', '', '', '', '', NULL, ''),
(62, 'January', '', '', '', '', '', '', '', '', '', '', '', '', '', '', '', '', '', '', '', '', '', NULL, ''),
(63, 'February', '', '', '', '', '', '', '', '', '', '', '', '', '', '', '', '', '', '', '', '', '', NULL, ''),
(64, 'March', '', '', '', '', '', '', '', '', '', '', '', '', '', '', '', '', '', '', '', '', '', NULL, ''),
(65, 'April', '', '', '', '', '', '', '', '', '', '', '', '', '', '', '', '', '', '', '', '', '', NULL, ''),
(66, 'May', '', '', '', '', '', '', '', '', '', '', '', '', '', '', '', '', '', '', '', '', '', NULL, ''),
(67, 'June', '', '', '', '', '', '', '', '', '', '', '', '', '', '', '', '', '', '', '', '', '', NULL, ''),
(68, 'July', '', '', '', '', '', '', '', '', '', '', '', '', '', '', '', '', '', '', '', '', '', NULL, ''),
(69, 'August', '', '', '', '', '', '', '', '', '', '', '', '', '', '', '', '', '', '', '', '', '', NULL, ''),
(70, 'September', '', '', '', '', '', '', '', '', '', '', '', '', '', '', '', '', '', '', '', '', '', NULL, ''),
(71, 'October', '', '', '', '', '', '', '', '', '', '', '', '', '', '', '', '', '', '', '', '', '', NULL, ''),
(72, 'November', '', '', '', '', '', '', '', '', '', '', '', '', '', '', '', '', '', '', '', '', '', NULL, ''),
(73, 'December', '', '', '', '', '', '', '', '', '', '', '', '', '', '', '', '', '', '', '', '', '', NULL, ''),
(74, 'create', '', '', '', '', '', '', '', '', '', '', '', '', '', '', '', '', '', '', '', '', '', NULL, ''),
(75, 'clear_spread', '', '', '', '', '', '', '', '', '', '', '', '', '', '', '', '', '', '', '', '', '', NULL, ''),
(76, 'error:_account_missing', '', '', '', '', '', '', '', '', '', '', '', '', '', '', '', '', '', '', '', '', '', NULL, ''),
(77, 'error:_description_missing', '', '', '', '', '', '', '', '', '', '', '', '', '', '', '', '', '', '', '', '', '', NULL, ''),
(78, 'error:_financial_year_missing', '', '', '', '', '', '', '', '', '', '', '', '', '', '', '', '', '', '', '', '', '', NULL, ''),
(79, 'error:_quantity_missing', '', '', '', '', '', '', '', '', '', '', '', '', '', '', '', '', '', '', '', '', '', NULL, ''),
(80, 'error:_unit_cost_missing', '', '', '', '', '', '', '', '', '', '', '', '', '', '', '', '', '', '', '', '', '', NULL, ''),
(81, 'error:_frequency_missing', '', '', '', '', '', '', '', '', '', '', '', '', '', '', '', '', '', '', '', '', '', NULL, ''),
(82, 'error:_total_cost_missing', '', '', '', '', '', '', '', '', '', '', '', '', '', '', '', '', '', '', '', '', '', NULL, ''),
(83, 'error:_spread_missing', '', '', '', '', '', '', '', '', '', '', '', '', '', '', '', '', '', '', '', '', '', NULL, ''),
(84, 'error:_spread_incorrect', '', '', '', '', '', '', '', '', '', '', '', '', '', '', '', '', '', '', '', '', '', NULL, ''),
(85, 'unpaid_invoices', '', '', '', '', '', '', '', '', '', '', '', '', '', '', '', '', '', '', '', '', '', NULL, ''),
(86, 'cleared_invoices', '', '', '', '', '', '', '', '', '', '', '', '', '', '', '', '', '', '', '', '', '', NULL, ''),
(87, 'payment_history', '', '', '', '', '', '', '', '', '', '', '', '', '', '', '', '', '', '', '', '', '', NULL, ''),
(88, 'year', '', '', '', '', '', '', '', '', '', '', '', '', '', '', '', '', '', '', '', '', '', NULL, ''),
(89, 'fee_structure_total', '', '', '', '', '', '', '', '', '', '', '', '', '', '', '', '', '', '', '', '', '', NULL, ''),
(90, 'payable_amount', '', '', '', '', '', '', '', '', '', '', '', '', '', '', '', '', '', '', '', '', '', NULL, ''),
(91, 'balance', '', '', '', '', '', '', '', '', '', '', '', '', '', '', '', '', '', '', '', '', '', NULL, ''),
(92, 'date', '', '', '', '', '', '', '', '', '', '', '', '', '', '', '', '', '', '', '', '', '', NULL, ''),
(93, 'options', '', '', '', '', '', '', '', '', '', '', '', '', '', '', '', '', '', '', '', '', '', NULL, ''),
(94, 'action', '', '', '', '', '', '', '', '', '', '', '', '', '', '', '', '', '', '', '', '', '', NULL, ''),
(95, 'term', '', '', '', '', '', '', '', '', '', '', '', '', '', '', '', '', '', '', '', '', '', NULL, ''),
(96, 'method', '', '', '', '', '', '', '', '', '', '', '', '', '', '', '', '', '', '', '', '', '', NULL, ''),
(97, 'amount', '', '', '', '', '', '', '', '', '', '', '', '', '', '', '', '', '', '', '', '', '', NULL, ''),
(98, 'expenses', '', '', '', '', '', '', '', '', '', '', '', '', '', '', '', '', '', '', '', '', '', NULL, ''),
(99, 'add_new_expense', '', '', '', '', '', '', '', '', '', '', '', '', '', '', '', '', '', '', '', '', '', NULL, ''),
(100, 'title', '', '', '', '', '', '', '', '', '', '', '', '', '', '', '', '', '', '', '', '', '', NULL, ''),
(101, 'category', '', '', '', '', '', '', '', '', '', '', '', '', '', '', '', '', '', '', '', '', '', NULL, ''),
(102, 'add_expense', '', '', '', '', '', '', '', '', '', '', '', '', '', '', '', '', '', '', '', '', '', NULL, ''),
(103, 'value_required', '', '', '', '', '', '', '', '', '', '', '', '', '', '', '', '', '', '', '', '', '', NULL, ''),
(104, 'select_expense_category', '', '', '', '', '', '', '', '', '', '', '', '', '', '', '', '', '', '', '', '', '', NULL, ''),
(105, 'description', '', '', '', '', '', '', '', '', '', '', '', '', '', '', '', '', '', '', '', '', '', NULL, ''),
(106, 'cash', '', '', '', '', '', '', '', '', '', '', '', '', '', '', '', '', '', '', '', '', '', NULL, ''),
(107, 'check', '', '', '', '', '', '', '', '', '', '', '', '', '', '', '', '', '', '', '', '', '', NULL, ''),
(108, 'card', '', '', '', '', '', '', '', '', '', '', '', '', '', '', '', '', '', '', '', '', '', NULL, ''),
(109, 'School_terms', '', '', '', '', '', '', '', '', '', '', '', '', '', '', '', '', '', '', '', '', '', NULL, ''),
(110, 'add', '', '', '', '', '', '', '', '', '', '', '', '', '', '', '', '', '', '', '', '', '', NULL, ''),
(111, 'term_number', '', '', '', '', '', '', '', '', '', '', '', '', '', '', '', '', '', '', '', '', '', NULL, ''),
(112, 'terms', '', '', '', '', '', '', '', '', '', '', '', '', '', '', '', '', '', '', '', '', '', NULL, ''),
(113, 'income_categories', '', '', '', '', '', '', '', '', '', '', '', '', '', '', '', '', '', '', '', '', '', NULL, ''),
(114, 'add_new_income_category', '', '', '', '', '', '', '', '', '', '', '', '', '', '', '', '', '', '', '', '', '', NULL, ''),
(115, 'name', '', '', '', '', '', '', '', '', '', '', '', '', '', '', '', '', '', '', '', '', '', NULL, ''),
(116, 'expense_categories', '', '', '', '', '', '', '', '', '', '', '', '', '', '', '', '', '', '', '', '', '', NULL, ''),
(117, 'add_new_expense_category', '', '', '', '', '', '', '', '', '', '', '', '', '', '', '', '', '', '', '', '', '', NULL, ''),
(118, 'income_category', '', '', '', '', '', '', '', '', '', '', '', '', '', '', '', '', '', '', '', '', '', NULL, ''),
(119, 'add_expense_category', '', '', '', '', '', '', '', '', '', '', '', '', '', '', '', '', '', '', '', '', '', NULL, ''),
(120, 'data_added_successfully', '', '', '', '', '', '', '', '', '', '', '', '', '', '', '', '', '', '', '', '', '', NULL, ''),
(121, 'expense_category', '', '', '', '', '', '', '', '', '', '', '', '', '', '', '', '', '', '', '', '', '', NULL, ''),
(122, 'edit', '', '', '', '', '', '', '', '', '', '', '', '', '', '', '', '', '', '', '', '', '', NULL, ''),
(123, 'action_', '', '', '', '', '', '', '', '', '', '', '', '', '', '', '', '', '', '', '', '', '', NULL, ''),
(124, 'qty', '', '', '', '', '', '', '', '', '', '', '', '', '', '', '', '', '', '', '', '', '', NULL, ''),
(125, 'unitcost', '', '', '', '', '', '', '', '', '', '', '', '', '', '', '', '', '', '', '', '', '', NULL, ''),
(126, 'often', '', '', '', '', '', '', '', '', '', '', '', '', '', '', '', '', '', '', '', '', '', NULL, ''),
(127, 'total', '', '', '', '', '', '', '', '', '', '', '', '', '', '', '', '', '', '', '', '', '', NULL, ''),
(128, 'Jan', '', '', '', '', '', '', '', '', '', '', '', '', '', '', '', '', '', '', '', '', '', NULL, ''),
(129, 'Feb', '', '', '', '', '', '', '', '', '', '', '', '', '', '', '', '', '', '', '', '', '', NULL, ''),
(130, 'Mar', '', '', '', '', '', '', '', '', '', '', '', '', '', '', '', '', '', '', '', '', '', NULL, ''),
(131, 'Apr', '', '', '', '', '', '', '', '', '', '', '', '', '', '', '', '', '', '', '', '', '', NULL, ''),
(132, 'Jun', '', '', '', '', '', '', '', '', '', '', '', '', '', '', '', '', '', '', '', '', '', NULL, ''),
(133, 'Jul', '', '', '', '', '', '', '', '', '', '', '', '', '', '', '', '', '', '', '', '', '', NULL, ''),
(134, 'Aug', '', '', '', '', '', '', '', '', '', '', '', '', '', '', '', '', '', '', '', '', '', NULL, ''),
(135, 'Sep', '', '', '', '', '', '', '', '', '', '', '', '', '', '', '', '', '', '', '', '', '', NULL, ''),
(136, 'Oct', '', '', '', '', '', '', '', '', '', '', '', '', '', '', '', '', '', '', '', '', '', NULL, ''),
(137, 'Nov', '', '', '', '', '', '', '', '', '', '', '', '', '', '', '', '', '', '', '', '', '', NULL, ''),
(138, 'Dec', '', '', '', '', '', '', '', '', '', '', '', '', '', '', '', '', '', '', '', '', '', NULL, ''),
(139, 'edit_', '', '', '', '', '', '', '', '', '', '', '', '', '', '', '', '', '', '', '', '', '', NULL, ''),
(140, 'delete_', '', '', '', '', '', '', '', '', '', '', '', '', '', '', '', '', '', '', '', '', '', NULL, ''),
(141, 'edit_budget', '', '', '', '', '', '', '', '', '', '', '', '', '', '', '', '', '', '', '', '', '', NULL, ''),
(142, 'quantity', '', '', '', '', '', '', '', '', '', '', '', '', '', '', '', '', '', '', '', '', '', NULL, ''),
(143, 'create_single_invoice', '', '', '', '', '', '', '', '', '', '', '', '', '', '', '', '', '', '', '', '', '', NULL, ''),
(144, 'create_mass_invoice', '', '', '', '', '', '', '', '', '', '', '', '', '', '', '', '', '', '', '', '', '', NULL, ''),
(145, 'invoice_informations', '', '', '', '', '', '', '', '', '', '', '', '', '', '', '', '', '', '', '', '', '', NULL, ''),
(146, 'select_class', '', '', '', '', '', '', '', '', '', '', '', '', '', '', '', '', '', '', '', '', '', NULL, ''),
(147, 'select_class_first', '', '', '', '', '', '', '', '', '', '', '', '', '', '', '', '', '', '', '', '', '', NULL, ''),
(148, 'payment_informations', '', '', '', '', '', '', '', '', '', '', '', '', '', '', '', '', '', '', '', '', '', NULL, ''),
(149, 'total_payable', '', '', '', '', '', '', '', '', '', '', '', '', '', '', '', '', '', '', '', '', '', NULL, ''),
(150, 'enter_total_amount', '', '', '', '', '', '', '', '', '', '', '', '', '', '', '', '', '', '', '', '', '', NULL, ''),
(151, 'fee_items', '', '', '', '', '', '', '', '', '', '', '', '', '', '', '', '', '', '', '', '', '', NULL, ''),
(152, 'full_payment', '', '', '', '', '', '', '', '', '', '', '', '', '', '', '', '', '', '', '', '', '', NULL, ''),
(153, 'item', '', '', '', '', '', '', '', '', '', '', '', '', '', '', '', '', '', '', '', '', '', NULL, ''),
(154, 'fee_structure_amount', '', '', '', '', '', '', '', '', '', '', '', '', '', '', '', '', '', '', '', '', '', NULL, ''),
(155, 'amount_payable', '', '', '', '', '', '', '', '', '', '', '', '', '', '', '', '', '', '', '', '', '', NULL, ''),
(156, 'due_payment', '', '', '', '', '', '', '', '', '', '', '', '', '', '', '', '', '', '', '', '', '', NULL, ''),
(157, 'enter_payable_amount', '', '', '', '', '', '', '', '', '', '', '', '', '', '', '', '', '', '', '', '', '', NULL, ''),
(158, 'enter_payment_amount', '', '', '', '', '', '', '', '', '', '', '', '', '', '', '', '', '', '', '', '', '', NULL, ''),
(159, 'edit_invoice', '', '', '', '', '', '', '', '', '', '', '', '', '', '', '', '', '', '', '', '', '', NULL, ''),
(160, 'add_new_fees_structure', '', '', '', '', '', '', '', '', '', '', '', '', '', '', '', '', '', '', '', '', '', NULL, ''),
(161, 'add_fees_structure', '', '', '', '', '', '', '', '', '', '', '', '', '', '', '', '', '', '', '', '', '', NULL, ''),
(162, 'add_student', '', '', '', '', '', '', '', '', '', '', '', '', '', '', '', '', '', '', '', '', '', NULL, ''),
(163, 'addmission_form', '', '', '', '', '', '', '', '', '', '', '', '', '', '', '', '', '', '', '', '', '', NULL, ''),
(164, 'section', '', '', '', '', '', '', '', '', '', '', '', '', '', '', '', '', '', '', '', '', '', NULL, ''),
(165, 'roll', 'Admission Number', '', '', '', '', '', '', '', '', '', '', '', '', '', '', '', '', '', '', '', '', NULL, ''),
(166, 'birthday', '', '', '', '', '', '', '', '', '', '', '', '', '', '', '', '', '', '', '', '', '', NULL, ''),
(167, 'gender', '', '', '', '', '', '', '', '', '', '', '', '', '', '', '', '', '', '', '', '', '', NULL, ''),
(168, 'male', '', '', '', '', '', '', '', '', '', '', '', '', '', '', '', '', '', '', '', '', '', NULL, ''),
(169, 'female', '', '', '', '', '', '', '', '', '', '', '', '', '', '', '', '', '', '', '', '', '', NULL, ''),
(170, 'address', '', '', '', '', '', '', '', '', '', '', '', '', '', '', '', '', '', '', '', '', '', NULL, ''),
(171, 'phone', '', '', '', '', '', '', '', '', '', '', '', '', '', '', '', '', '', '', '', '', '', NULL, ''),
(172, 'email', '', '', '', '', '', '', '', '', '', '', '', '', '', '', '', '', '', '', '', '', '', NULL, ''),
(173, 'password', '', '', '', '', '', '', '', '', '', '', '', '', '', '', '', '', '', '', '', '', '', NULL, ''),
(174, 'transport_route', '', '', '', '', '', '', '', '', '', '', '', '', '', '', '', '', '', '', '', '', '', NULL, ''),
(175, 'photo', '', '', '', '', '', '', '', '', '', '', '', '', '', '', '', '', '', '', '', '', '', NULL, ''),
(176, 'all_parents', '', '', '', '', '', '', '', '', '', '', '', '', '', '', '', '', '', '', '', '', '', NULL, ''),
(177, 'add_new_parent', '', '', '', '', '', '', '', '', '', '', '', '', '', '', '', '', '', '', '', '', '', NULL, ''),
(178, 'profession', '', '', '', '', '', '', '', '', '', '', '', '', '', '', '', '', '', '', '', '', '', NULL, ''),
(179, 'add_parent', '', '', '', '', '', '', '', '', '', '', '', '', '', '', '', '', '', '', '', '', '', NULL, ''),
(180, 'manage_class', '', '', '', '', '', '', '', '', '', '', '', '', '', '', '', '', '', '', '', '', '', NULL, ''),
(181, 'class_list', '', '', '', '', '', '', '', '', '', '', '', '', '', '', '', '', '', '', '', '', '', NULL, ''),
(182, 'add_class', '', '', '', '', '', '', '', '', '', '', '', '', '', '', '', '', '', '', '', '', '', NULL, ''),
(183, 'class_name', '', '', '', '', '', '', '', '', '', '', '', '', '', '', '', '', '', '', '', '', '', NULL, ''),
(184, 'numeric_name', '', '', '', '', '', '', '', '', '', '', '', '', '', '', '', '', '', '', '', '', '', NULL, ''),
(185, 'name_numeric', '', '', '', '', '', '', '', '', '', '', '', '', '', '', '', '', '', '', '', '', '', NULL, ''),
(186, 'manage_teacher', '', '', '', '', '', '', '', '', '', '', '', '', '', '', '', '', '', '', '', '', '', NULL, ''),
(187, 'add_new_teacher', '', '', '', '', '', '', '', '', '', '', '', '', '', '', '', '', '', '', '', '', '', NULL, ''),
(188, 'add_teacher', '', '', '', '', '', '', '', '', '', '', '', '', '', '', '', '', '', '', '', '', '', NULL, ''),
(189, 'add_new_section', '', '', '', '', '', '', '', '', '', '', '', '', '', '', '', '', '', '', '', '', '', NULL, ''),
(190, 'section_name', '', '', '', '', '', '', '', '', '', '', '', '', '', '', '', '', '', '', '', '', '', NULL, ''),
(191, 'nick_name', '', '', '', '', '', '', '', '', '', '', '', '', '', '', '', '', '', '', '', '', '', NULL, ''),
(192, 'add_section', '', '', '', '', '', '', '', '', '', '', '', '', '', '', '', '', '', '', '', '', '', NULL, ''),
(193, 'add_new_student', '', '', '', '', '', '', '', '', '', '', '', '', '', '', '', '', '', '', '', '', '', NULL, ''),
(194, 'all_students', '', '', '', '', '', '', '', '', '', '', '', '', '', '', '', '', '', '', '', '', '', NULL, ''),
(195, 'suspended_students', '', '', '', '', '', '', '', '', '', '', '', '', '', '', '', '', '', '', '', '', '', NULL, ''),
(196, 'mark_sheet', '', '', '', '', '', '', '', '', '', '', '', '', '', '', '', '', '', '', '', '', '', NULL, ''),
(197, 'profile', '', '', '', '', '', '', '', '', '', '', '', '', '', '', '', '', '', '', '', '', '', NULL, ''),
(198, 'suspend', '', '', '', '', '', '', '', '', '', '', '', '', '', '', '', '', '', '', '', '', '', NULL, ''),
(199, 'manage_daily_attendance', '', '', '', '', '', '', '', '', '', '', '', '', '', '', '', '', '', '', '', '', '', NULL, ''),
(200, 'select_date', '', '', '', '', '', '', '', '', '', '', '', '', '', '', '', '', '', '', '', '', '', NULL, ''),
(201, 'select_month', '', '', '', '', '', '', '', '', '', '', '', '', '', '', '', '', '', '', '', '', '', NULL, ''),
(202, 'select_year', '', '', '', '', '', '', '', '', '', '', '', '', '', '', '', '', '', '', '', '', '', NULL, ''),
(203, 'manage_attendance', '', '', '', '', '', '', '', '', '', '', '', '', '', '', '', '', '', '', '', '', '', NULL, ''),
(204, 'manage_transport', '', '', '', '', '', '', '', '', '', '', '', '', '', '', '', '', '', '', '', '', '', NULL, ''),
(205, 'transport_list', '', '', '', '', '', '', '', '', '', '', '', '', '', '', '', '', '', '', '', '', '', NULL, ''),
(206, 'add_transport', '', '', '', '', '', '', '', '', '', '', '', '', '', '', '', '', '', '', '', '', '', NULL, ''),
(207, 'route_name', '', '', '', '', '', '', '', '', '', '', '', '', '', '', '', '', '', '', '', '', '', NULL, ''),
(208, 'number_of_vehicle', '', '', '', '', '', '', '', '', '', '', '', '', '', '', '', '', '', '', '', '', '', NULL, ''),
(209, 'route_fare', '', '', '', '', '', '', '', '', '', '', '', '', '', '', '', '', '', '', '', '', '', NULL, ''),
(210, 'record_already_exists', '', '', '', '', '', '', '', '', '', '', '', '', '', '', '', '', '', '', '', '', '', NULL, ''),
(211, 'view_fees_structure', '', '', '', '', '', '', '', '', '', '', '', '', '', '', '', '', '', '', '', '', '', NULL, ''),
(212, 'clone_fees_structure', '', '', '', '', '', '', '', '', '', '', '', '', '', '', '', '', '', '', '', '', '', NULL, ''),
(213, 'add_item', '', '', '', '', '', '', '', '', '', '', '', '', '', '', '', '', '', '', '', '', '', NULL, ''),
(214, 'system_settings', '', '', '', '', '', '', '', '', '', '', '', '', '', '', '', '', '', '', '', '', '', NULL, ''),
(215, 'system_name', '', '', '', '', '', '', '', '', '', '', '', '', '', '', '', '', '', '', '', '', '', NULL, ''),
(216, 'system_title', '', '', '', '', '', '', '', '', '', '', '', '', '', '', '', '', '', '', '', '', '', NULL, ''),
(217, 'paypal_email', '', '', '', '', '', '', '', '', '', '', '', '', '', '', '', '', '', '', '', '', '', NULL, ''),
(218, 'currency', '', '', '', '', '', '', '', '', '', '', '', '', '', '', '', '', '', '', '', '', '', NULL, ''),
(219, 'system_email', '', '', '', '', '', '', '', '', '', '', '', '', '', '', '', '', '', '', '', '', '', NULL, ''),
(220, 'language', '', '', '', '', '', '', '', '', '', '', '', '', '', '', '', '', '', '', '', '', '', NULL, ''),
(221, 'text_align', '', '', '', '', '', '', '', '', '', '', '', '', '', '', '', '', '', '', '', '', '', NULL, ''),
(222, 'save', '', '', '', '', '', '', '', '', '', '', '', '', '', '', '', '', '', '', '', '', '', NULL, ''),
(223, 'update_product', '', '', '', '', '', '', '', '', '', '', '', '', '', '', '', '', '', '', '', '', '', NULL, ''),
(224, 'file', '', '', '', '', '', '', '', '', '', '', '', '', '', '', '', '', '', '', '', '', '', NULL, ''),
(225, 'install_update', '', '', '', '', '', '', '', '', '', '', '', '', '', '', '', '', '', '', '', '', '', NULL, ''),
(226, 'theme_settings', '', '', '', '', '', '', '', '', '', '', '', '', '', '', '', '', '', '', '', '', '', NULL, ''),
(227, 'default', '', '', '', '', '', '', '', '', '', '', '', '', '', '', '', '', '', '', '', '', '', NULL, ''),
(228, 'select_theme', '', '', '', '', '', '', '', '', '', '', '', '', '', '', '', '', '', '', '', '', '', NULL, ''),
(229, 'select_a_theme_to_make_changes', '', '', '', '', '', '', '', '', '', '', '', '', '', '', '', '', '', '', '', '', '', NULL, ''),
(230, 'upload_logo', '', '', '', '', '', '', '', '', '', '', '', '', '', '', '', '', '', '', '', '', '', NULL, ''),
(231, 'upload', '', '', '', '', '', '', '', '', '', '', '', '', '', '', '', '', '', '', '', '', '', NULL, ''),
(232, 'add_term', '', '', '', '', '', '', '', '', '', '', '', '', '', '', '', '', '', '', '', '', '', NULL, ''),
(233, 'term_title', '', '', '', '', '', '', '', '', '', '', '', '', '', '', '', '', '', '', '', '', '', NULL, ''),
(234, 'add_income_category', '', '', '', '', '', '', '', '', '', '', '', '', '', '', '', '', '', '', '', '', '', NULL, ''),
(235, 'invoice_created_successfully', '', '', '', '', '', '', '', '', '', '', '', '', '', '', '', '', '', '', '', '', '', NULL, ''),
(236, 'invoice_editted_successfully', '', '', '', '', '', '', '', '', '', '', '', '', '', '', '', '', '', '', '', '', '', NULL, ''),
(237, 'take_payment', '', '', '', '', '', '', '', '', '', '', '', '', '', '', '', '', '', '', '', '', '', NULL, ''),
(238, 'view_invoice', '', '', '', '', '', '', '', '', '', '', '', '', '', '', '', '', '', '', '', '', '', NULL, ''),
(239, 'delete_invoice', '', '', '', '', '', '', '', '', '', '', '', '', '', '', '', '', '', '', '', '', '', NULL, ''),
(240, 'payment', '', '', '', '', '', '', '', '', '', '', '', '', '', '', '', '', '', '', '', '', '', NULL, ''),
(241, 'paid', '', '', '', '', '', '', '', '', '', '', '', '', '', '', '', '', '', '', '', '', '', NULL, ''),
(242, 'payment_successfull', '', '', '', '', '', '', '', '', '', '', '', '', '', '', '', '', '', '', '', '', '', NULL, ''),
(243, 'creation_date', '', '', '', '', '', '', '', '', '', '', '', '', '', '', '', '', '', '', '', '', '', NULL, ''),
(244, 'status', '', '', '', '', '', '', '', '', '', '', '', '', '', '', '', '', '', '', '', '', '', NULL, ''),
(245, 'payment_to', '', '', '', '', '', '', '', '', '', '', '', '', '', '', '', '', '', '', '', '', '', NULL, ''),
(246, 'bill_to', '', '', '', '', '', '', '', '', '', '', '', '', '', '', '', '', '', '', '', '', '', NULL, ''),
(247, 'total_amount', '', '', '', '', '', '', '', '', '', '', '', '', '', '', '', '', '', '', '', '', '', NULL, ''),
(248, 'paid_amount', '', '', '', '', '', '', '', '', '', '', '', '', '', '', '', '', '', '', '', '', '', NULL, ''),
(249, 'due', '', '', '', '', '', '', '', '', '', '', '', '', '', '', '', '', '', '', '', '', '', NULL, ''),
(250, 'invoice_breakdown', '', '', '', '', '', '', '', '', '', '', '', '', '', '', '', '', '', '', '', '', '', NULL, ''),
(251, 'payee', '', '', '', '', '', '', '', '', '', '', '', '', '', '', '', '', '', '', '', '', '', NULL, ''),
(252, 'cost', '', '', '', '', '', '', '', '', '', '', '', '', '', '', '', '', '', '', '', '', '', NULL, ''),
(253, 'add_row', '', '', '', '', '', '', '', '', '', '', '', '', '', '', '', '', '', '', '', '', '', NULL, ''),
(254, 'student_payment', '', '', '', '', '', '', '', '', '', '', '', '', '', '', '', '', '', '', '', '', '', NULL, ''),
(255, 'bank', '', '', '', '', '', '', '', '', '', '', '', '', '', '', '', '', '', '', '', '', '', NULL, ''),
(256, 'reference', '', '', '', '', '', '', '', '', '', '', '', '', '', '', '', '', '', '', '', '', '', NULL, ''),
(257, 'transaction_type', '', '', '', '', '', '', '', '', '', '', '', '', '', '', '', '', '', '', '', '', '', NULL, ''),
(258, 'income', '', '', '', '', '', '', '', '', '', '', '', '', '', '', '', '', '', '', '', '', '', NULL, ''),
(259, 'expense', '', '', '', '', '', '', '', '', '', '', '', '', '', '', '', '', '', '', '', '', '', NULL, ''),
(260, 'balance_brought_forward', '', '', '', '', '', '', '', '', '', '', '', '', '', '', '', '', '', '', '', '', '', NULL, ''),
(261, 'contra_entries', '', '', '', '', '', '', '', '', '', '', '', '', '', '', '', '', '', '', '', '', '', NULL, ''),
(262, 'new_contra_entry', '', '', '', '', '', '', '', '', '', '', '', '', '', '', '', '', '', '', '', '', '', NULL, ''),
(263, 'entry_type', '', '', '', '', '', '', '', '', '', '', '', '', '', '', '', '', '', '', '', '', '', NULL, ''),
(264, 'to_bank', '', '', '', '', '', '', '', '', '', '', '', '', '', '', '', '', '', '', '', '', '', NULL, ''),
(265, 'to_cash', '', '', '', '', '', '', '', '', '', '', '', '', '', '', '', '', '', '', '', '', '', NULL, ''),
(266, 'transact', '', '', '', '', '', '', '', '', '', '', '', '', '', '', '', '', '', '', '', '', '', NULL, ''),
(267, 'Choose', '', '', '', '', '', '', '', '', '', '', '', '', '', '', '', '', '', '', '', '', '', NULL, ''),
(268, 'edit_expense', '', '', '', '', '', '', '', '', '', '', '', '', '', '', '', '', '', '', '', '', '', NULL, ''),
(269, 'update', '', '', '', '', '', '', '', '', '', '', '', '', '', '', '', '', '', '', '', '', '', NULL, ''),
(270, 'data_updated', '', '', '', '', '', '', '', '', '', '', '', '', '', '', '', '', '', '', '', '', '', NULL, ''),
(271, 'account_balances', '', '', '', '', '', '', '', '', '', '', '', '', '', '', '', '', '', '', '', '', '', NULL, ''),
(272, 'account_opening_balances', '', '', '', '', '', '', '', '', '', '', '', '', '', '', '', '', '', '', '', '', '', NULL, ''),
(273, 'add/_Edit', '', '', '', '', '', '', '', '', '', '', '', '', '', '', '', '', '', '', '', '', '', NULL, ''),
(274, 'add/_edit', '', '', '', '', '', '', '', '', '', '', '', '', '', '', '', '', '', '', '', '', '', NULL, ''),
(275, 'add/_edit', '', '', '', '', '', '', '', '', '', '', '', '', '', '', '', '', '', '', '', '', '', NULL, ''),
(276, 'view_history', '', '', '', '', '', '', '', '', '', '', '', '', '', '', '', '', '', '', '', '', '', NULL, ''),
(277, 'add/_edit', '', '', '', '', '', '', '', '', '', '', '', '', '', '', '', '', '', '', '', '', '', NULL, ''),
(278, 'add/_edit', '', '', '', '', '', '', '', '', '', '', '', '', '', '', '', '', '', '', '', '', '', NULL, ''),
(279, 'add/_edit', '', '', '', '', '', '', '', '', '', '', '', '', '', '', '', '', '', '', '', '', '', NULL, ''),
(280, 'add/_edit', '', '', '', '', '', '', '', '', '', '', '', '', '', '', '', '', '', '', '', '', '', NULL, ''),
(281, 'add/_edit', '', '', '', '', '', '', '', '', '', '', '', '', '', '', '', '', '', '', '', '', '', NULL, ''),
(282, 'add/_edit', '', '', '', '', '', '', '', '', '', '', '', '', '', '', '', '', '', '', '', '', '', NULL, ''),
(283, 'add/_edit', '', '', '', '', '', '', '', '', '', '', '', '', '', '', '', '', '', '', '', '', '', NULL, ''),
(284, 'add/_edit', '', '', '', '', '', '', '', '', '', '', '', '', '', '', '', '', '', '', '', '', '', NULL, ''),
(285, 'add/_edit', '', '', '', '', '', '', '', '', '', '', '', '', '', '', '', '', '', '', '', '', '', NULL, ''),
(286, 'batch_number', '', '', '', '', '', '', '', '', '', '', '', '', '', '', '', '', '', '', '', '', '', NULL, ''),
(287, 'view', '', '', '', '', '', '', '', '', '', '', '', '', '', '', '', '', '', '', '', '', '', NULL, ''),
(288, 'reverse', '', '', '', '', '', '', '', '', '', '', '', '', '', '', '', '', '', '', '', '', '', NULL, ''),
(289, 'view_expense_batch', '', '', '', '', '', '', '', '', '', '', '', '', '', '', '', '', '', '', '', '', '', NULL, ''),
(290, 'expense_reversed_successful', '', '', '', '', '', '', '', '', '', '', '', '', '', '', '', '', '', '', '', '', '', NULL, ''),
(291, 'expense_reversal:_batch', '', '', '', '', '', '', '', '', '', '', '', '', '', '', '', '', '', '', '', '', '', NULL, ''),
(292, 'reversal:_batch', '', '', '', '', '', '', '', '', '', '', '', '', '', '', '', '', '', '', '', '', '', NULL, ''),
(293, 'record_reversed_successful', '', '', '', '', '', '', '', '', '', '', '', '', '', '', '', '', '', '', '', '', '', NULL, ''),
(294, 'actual_incomes', '', '', '', '', '', '', '', '', '', '', '', '', '', '', '', '', '', '', '', '', '', NULL, ''),
(295, 'receipt', '', '', '', '', '', '', '', '', '', '', '', '', '', '', '', '', '', '', '', '', '', NULL, ''),
(296, 'serial', '', '', '', '', '', '', '', '', '', '', '', '', '', '', '', '', '', '', '', '', '', NULL, ''),
(297, 'payment_receipt', '', '', '', '', '', '', '', '', '', '', '', '', '', '', '', '', '', '', '', '', '', NULL, ''),
(298, 'student_name', '', '', '', '', '', '', '', '', '', '', '', '', '', '', '', '', '', '', '', '', '', NULL, ''),
(299, 'admission_number', '', '', '', '', '', '', '', '', '', '', '', '', '', '', '', '', '', '', '', '', '', NULL, ''),
(300, 'receipt_number', '', '', '', '', '', '', '', '', '', '', '', '', '', '', '', '', '', '', '', '', '', NULL, ''),
(301, 'total_amount_due', '', '', '', '', '', '', '', '', '', '', '', '', '', '', '', '', '', '', '', '', '', NULL, ''),
(302, 'previously_paid', '', '', '', '', '', '', '', '', '', '', '', '', '', '', '', '', '', '', '', '', '', NULL, ''),
(303, 'amount_due', '', '', '', '', '', '', '', '', '', '', '', '', '', '', '', '', '', '', '', '', '', NULL, ''),
(304, 'reciept_total', '', '', '', '', '', '', '', '', '', '', '', '', '', '', '', '', '', '', '', '', '', NULL, ''),
(305, 'fees_balance', '', '', '', '', '', '', '', '', '', '', '', '', '', '', '', '', '', '', '', '', '', NULL, ''),
(306, 'receipt_total', '', '', '', '', '', '', '', '', '', '', '', '', '', '', '', '', '', '', '', '', '', NULL, ''),
(307, 'fees_due', '', '', '', '', '', '', '', '', '', '', '', '', '', '', '', '', '', '', '', '', '', NULL, ''),
(308, 'fees_paid_to_date', '', '', '', '', '', '', '', '', '', '', '', '', '', '', '', '', '', '', '', '', '', NULL, ''),
(309, 'view_receipt', '', '', '', '', '', '', '', '', '', '', '', '', '', '', '', '', '', '', '', '', '', NULL, ''),
(310, 'download_receipt', '', '', '', '', '', '', '', '', '', '', '', '', '', '', '', '', '', '', '', '', '', NULL, ''),
(311, 'manage_library_books', '', '', '', '', '', '', '', '', '', '', '', '', '', '', '', '', '', '', '', '', '', NULL, ''),
(312, 'book_list', '', '', '', '', '', '', '', '', '', '', '', '', '', '', '', '', '', '', '', '', '', NULL, ''),
(313, 'add_book', '', '', '', '', '', '', '', '', '', '', '', '', '', '', '', '', '', '', '', '', '', NULL, ''),
(314, 'book_name', '', '', '', '', '', '', '', '', '', '', '', '', '', '', '', '', '', '', '', '', '', NULL, ''),
(315, 'author', '', '', '', '', '', '', '', '', '', '', '', '', '', '', '', '', '', '', '', '', '', NULL, ''),
(316, 'price', '', '', '', '', '', '', '', '', '', '', '', '', '', '', '', '', '', '', '', '', '', NULL, ''),
(317, 'available', '', '', '', '', '', '', '', '', '', '', '', '', '', '', '', '', '', '', '', '', '', NULL, ''),
(318, 'unavailable', '', '', '', '', '', '', '', '', '', '', '', '', '', '', '', '', '', '', '', '', '', NULL, ''),
(319, 'print_receipt', '', '', '', '', '', '', '', '', '', '', '', '', '', '', '', '', '', '', '', '', '', NULL, ''),
(320, 'manage_noticeboard', '', '', '', '', '', '', '', '', '', '', '', '', '', '', '', '', '', '', '', '', '', NULL, ''),
(321, 'noticeboard_list', '', '', '', '', '', '', '', '', '', '', '', '', '', '', '', '', '', '', '', '', '', NULL, ''),
(322, 'add_noticeboard', '', '', '', '', '', '', '', '', '', '', '', '', '', '', '', '', '', '', '', '', '', NULL, ''),
(323, 'notice', '', '', '', '', '', '', '', '', '', '', '', '', '', '', '', '', '', '', '', '', '', NULL, ''),
(324, 'add_notice', '', '', '', '', '', '', '', '', '', '', '', '', '', '', '', '', '', '', '', '', '', NULL, ''),
(325, 'send_sms_to_all', '', '', '', '', '', '', '', '', '', '', '', '', '', '', '', '', '', '', '', '', '', NULL, ''),
(326, 'yes', '', '', '', '', '', '', '', '', '', '', '', '', '', '', '', '', '', '', '', '', '', NULL, ''),
(327, 'no', '', '', '', '', '', '', '', '', '', '', '', '', '', '', '', '', '', '', '', '', '', NULL, ''),
(328, 'sms_service_not_activated', '', '', '', '', '', '', '', '', '', '', '', '', '', '', '', '', '', '', '', '', '', NULL, ''),
(329, 'private_messaging', '', '', '', '', '', '', '', '', '', '', '', '', '', '', '', '', '', '', '', '', '', NULL, ''),
(330, 'messages', '', '', '', '', '', '', '', '', '', '', '', '', '', '', '', '', '', '', '', '', '', NULL, ''),
(331, 'new_message', '', '', '', '', '', '', '', '', '', '', '', '', '', '', '', '', '', '', '', '', '', NULL, ''),
(332, 'manage_profile', '', '', '', '', '', '', '', '', '', '', '', '', '', '', '', '', '', '', '', '', '', NULL, ''),
(333, 'update_profile', '', '', '', '', '', '', '', '', '', '', '', '', '', '', '', '', '', '', '', '', '', NULL, ''),
(334, 'current_password', '', '', '', '', '', '', '', '', '', '', '', '', '', '', '', '', '', '', '', '', '', NULL, ''),
(335, 'new_password', '', '', '', '', '', '', '', '', '', '', '', '', '', '', '', '', '', '', '', '', '', NULL, ''),
(336, 'confirm_new_password', '', '', '', '', '', '', '', '', '', '', '', '', '', '', '', '', '', '', '', '', '', NULL, ''),
(337, 'manage_class_routine', '', '', '', '', '', '', '', '', '', '', '', '', '', '', '', '', '', '', '', '', '', NULL, ''),
(338, 'class_routine_list', '', '', '', '', '', '', '', '', '', '', '', '', '', '', '', '', '', '', '', '', '', NULL, ''),
(339, 'add_class_routine', '', '', '', '', '', '', '', '', '', '', '', '', '', '', '', '', '', '', '', '', '', NULL, ''),
(340, 'day', '', '', '', '', '', '', '', '', '', '', '', '', '', '', '', '', '', '', '', '', '', NULL, ''),
(341, 'starting_time', '', '', '', '', '', '', '', '', '', '', '', '', '', '', '', '', '', '', '', '', '', NULL, ''),
(342, 'hour', '', '', '', '', '', '', '', '', '', '', '', '', '', '', '', '', '', '', '', '', '', NULL, ''),
(343, 'minutes', '', '', '', '', '', '', '', '', '', '', '', '', '', '', '', '', '', '', '', '', '', NULL, ''),
(344, 'ending_time', '', '', '', '', '', '', '', '', '', '', '', '', '', '', '', '', '', '', '', '', '', NULL, ''),
(345, 'manage_subject', '', '', '', '', '', '', '', '', '', '', '', '', '', '', '', '', '', '', '', '', '', NULL, ''),
(346, 'subject_list', '', '', '', '', '', '', '', '', '', '', '', '', '', '', '', '', '', '', '', '', '', NULL, ''),
(347, 'add_subject', '', '', '', '', '', '', '', '', '', '', '', '', '', '', '', '', '', '', '', '', '', NULL, ''),
(348, 'subject_name', '', '', '', '', '', '', '', '', '', '', '', '', '', '', '', '', '', '', '', '', '', NULL, ''),
(349, 'financial_report', '', '', '', '', '', '', '', '', '', '', '', '', '', '', '', '', '', '', '', '', '', NULL, ''),
(350, 'revenue_report', '', '', '', '', '', '', '', '', '', '', '', '', '', '', '', '', '', '', '', '', '', NULL, ''),
(351, 'opening_balance', '', '', '', '', '', '', '', '', '', '', '', '', '', '', '', '', '', '', '', '', '', NULL, ''),
(352, 'month_income', '', '', '', '', '', '', '', '', '', '', '', '', '', '', '', '', '', '', '', '', '', NULL, ''),
(353, 'month_expense', '', '', '', '', '', '', '', '', '', '', '', '', '', '', '', '', '', '', '', '', '', NULL, ''),
(354, 'ending_balance', '', '', '', '', '', '', '', '', '', '', '', '', '', '', '', '', '', '', '', '', '', NULL, ''),
(355, 'revenue_report_for', '', '', '', '', '', '', '', '', '', '', '', '', '', '', '', '', '', '', '', '', '', NULL, ''),
(356, 'summary_by_expense_categories', '', '', '', '', '', '', '', '', '', '', '', '', '', '', '', '', '', '', '', '', '', NULL, ''),
(357, 'summary_by_income_categories', '', '', '', '', '', '', '', '', '', '', '', '', '', '', '', '', '', '', '', '', '', NULL, ''),
(358, 'theme_selected', '', '', '', '', '', '', '', '', '', '', '', '', '', '', '', '', '', '', '', '', '', NULL, ''),
(359, 'teacher_dashboard', '', '', '', '', '', '', '', '', '', '', '', '', '', '', '', '', '', '', '', '', '', NULL, ''),
(360, 'study_material', '', '', '', '', '', '', '', '', '', '', '', '', '', '', '', '', '', '', '', '', '', NULL, ''),
(361, 'student_dashboard', '', '', '', '', '', '', '', '', '', '', '', '', '', '', '', '', '', '', '', '', '', NULL, ''),
(362, 'exam_marks', '', '', '', '', '', '', '', '', '', '', '', '', '', '', '', '', '', '', '', '', '', NULL, ''),
(363, 'school_budget_for_year', '', '', '', '', '', '', '', '', '', '', '', '', '', '', '', '', '', '', '', '', '', NULL, ''),
(364, 'school_budget_for_year_', '', '', '', '', '', '', '', '', '', '', '', '', '', '', '', '', '', '', '', '', '', NULL, ''),
(365, 'students', '', '', '', '', '', '', '', '', '', '', '', '', '', '', '', '', '', '', '', '', '', NULL, ''),
(366, 'edit_transport', '', '', '', '', '', '', '', '', '', '', '', '', '', '', '', '', '', '', '', '', '', NULL, ''),
(367, 'edit_student', '', '', '', '', '', '', '', '', '', '', '', '', '', '', '', '', '', '', '', '', '', NULL, ''),
(368, 'edit_class', '', '', '', '', '', '', '', '', '', '', '', '', '', '', '', '', '', '', '', '', '', NULL, ''),
(369, 'beneficiaries', '', '', '', '', '', '', '', '', '', '', '', '', '', '', '', '', '', '', '', '', '', NULL, ''),
(370, 'beneficiary_name', '', '', '', '', '', '', '', '', '', '', '', '', '', '', '', '', '', '', '', '', '', NULL, ''),
(371, 'edit_fees_structure', '', '', '', '', '', '', '', '', '', '', '', '', '', '', '', '', '', '', '', '', '', NULL, ''),
(372, 'data_deleted', '', '', '', '', '', '', '', '', '', '', '', '', '', '', '', '', '', '', '', '', '', NULL, ''),
(373, 'select_a_student', '', '', '', '', '', '', '', '', '', '', '', '', '', '', '', '', '', '', '', '', '', NULL, ''),
(374, 'cheque', '', '', '', '', '', '', '', '', '', '', '', '', '', '', '', '', '', '', '', '', '', NULL, ''),
(375, 'cheque_number', '', '', '', '', '', '', '', '', '', '', '', '', '', '', '', '', '', '', '', '', '', NULL, ''),
(376, 'view_parent', '', '', '', '', '', '', '', '', '', '', '', '', '', '', '', '', '', '', '', '', '', NULL, ''),
(377, 'parent_activity', '', '', '', '', '', '', '', '', '', '', '', '', '', '', '', '', '', '', '', '', '', NULL, ''),
(378, 'parents_activity', '', '', '', '', '', '', '', '', '', '', '', '', '', '', '', '', '', '', '', '', '', NULL, ''),
(379, 'add_activity', '', '', '', '', '', '', '', '', '', '', '', '', '', '', '', '', '', '', '', '', '', NULL, ''),
(380, 'activity_name', '', '', '', '', '', '', '', '', '', '', '', '', '', '', '', '', '', '', '', '', '', NULL, ''),
(381, 'start_date', '', '', '', '', '', '', '', '', '', '', '', '', '', '', '', '', '', '', '', '', '', NULL, ''),
(382, 'end_date', '', '', '', '', '', '', '', '', '', '', '', '', '', '', '', '', '', '', '', '', '', NULL, ''),
(383, 'add_parents', '', '', '', '', '', '', '', '', '', '', '', '', '', '', '', '', '', '', '', '', '', NULL, ''),
(384, 'search_parents_by', '', '', '', '', '', '', '', '', '', '', '', '', '', '', '', '', '', '', '', '', '', NULL, ''),
(385, 'All', '', '', '', '', '', '', '', '', '', '', '', '', '', '', '', '', '', '', '', '', '', NULL, ''),
(386, 'go', '', '', '', '', '', '', '', '', '', '', '', '', '', '', '', '', '', '', '', '', '', NULL, ''),
(387, 'activity_details', '', '', '', '', '', '', '', '', '', '', '', '', '', '', '', '', '', '', '', '', '', NULL, ''),
(388, 'manage_language', '', '', '', '', '', '', '', '', '', '', '', '', '', '', '', '', '', '', '', '', '', NULL, ''),
(389, 'language_list', '', '', '', '', '', '', '', '', '', '', '', '', '', '', '', '', '', '', '', '', '', NULL, ''),
(390, 'add_phrase', '', '', '', '', '', '', '', '', '', '', '', '', '', '', '', '', '', '', '', '', '', NULL, ''),
(391, 'add_language', '', '', '', '', '', '', '', '', '', '', '', '', '', '', '', '', '', '', '', '', '', NULL, ''),
(392, 'option', '', '', '', '', '', '', '', '', '', '', '', '', '', '', '', '', '', '', '', '', '', NULL, ''),
(393, 'edit_phrase', '', '', '', '', '', '', '', '', '', '', '', '', '', '', '', '', '', '', '', '', '', NULL, ''),
(394, 'delete_language', '', '', '', '', '', '', '', '', '', '', '', '', '', '', '', '', '', '', '', '', '', NULL, ''),
(395, 'phrase', '', '', '', '', '', '', '', '', '', '', '', '', '', '', '', '', '', '', '', '', '', NULL, ''),
(396, 'update_phrase', '', '', '', '', '', '', '', '', '', '', '', '', '', '', '', '', '', '', '', '', '', NULL, ''),
(397, 'add_bulk_student', '', '', '', '', '', '', '', '', '', '', '', '', '', '', '', '', '', '', '', '', '', NULL, ''),
(398, 'student_bulk_add_form', '', '', '', '', '', '', '', '', '', '', '', '', '', '', '', '', '', '', '', '', '', NULL, ''),
(399, 'select_excel_file', '', '', '', '', '', '', '', '', '', '', '', '', '', '', '', '', '', '', '', '', '', NULL, ''),
(400, 'upload_and_import', '', '', '', '', '', '', '', '', '', '', '', '', '', '', '', '', '', '', '', '', '', NULL, ''),
(401, 'service_is_disabled', '', '', '', '', '', '', '', '', '', '', '', '', '', '', '', '', '', '', '', '', '', NULL, ''),
(402, 'present', '', '', '', '', '', '', '', '', '', '', '', '', '', '', '', '', '', '', '', '', '', NULL, ''),
(403, 'manage_exam', '', '', '', '', '', '', '', '', '', '', '', '', '', '', '', '', '', '', '', '', '', NULL, ''),
(404, 'add_exam', '', '', '', '', '', '', '', '', '', '', '', '', '', '', '', '', '', '', '', '', '', NULL, ''),
(405, 'exam_name', '', '', '', '', '', '', '', '', '', '', '', '', '', '', '', '', '', '', '', '', '', NULL, ''),
(406, 'comment', '', '', '', '', '', '', '', '', '', '', '', '', '', '', '', '', '', '', '', '', '', NULL, ''),
(407, 'manage_grade', '', '', '', '', '', '', '', '', '', '', '', '', '', '', '', '', '', '', '', '', '', NULL, ''),
(408, 'grade_list', '', '', '', '', '', '', '', '', '', '', '', '', '', '', '', '', '', '', '', '', '', NULL, ''),
(409, 'add_grade', '', '', '', '', '', '', '', '', '', '', '', '', '', '', '', '', '', '', '', '', '', NULL, ''),
(410, 'grade_name', '', '', '', '', '', '', '', '', '', '', '', '', '', '', '', '', '', '', '', '', '', NULL, ''),
(411, 'grade_point', '', '', '', '', '', '', '', '', '', '', '', '', '', '', '', '', '', '', '', '', '', NULL, ''),
(412, 'mark_from', '', '', '', '', '', '', '', '', '', '', '', '', '', '', '', '', '', '', '', '', '', NULL, ''),
(413, 'mark_upto', '', '', '', '', '', '', '', '', '', '', '', '', '', '', '', '', '', '', '', '', '', NULL, ''),
(414, 'edit_grade', '', '', '', '', '', '', '', '', '', '', '', '', '', '', '', '', '', '', '', '', '', NULL, ''),
(415, 'manage_exam_marks', '', '', '', '', '', '', '', '', '', '', '', '', '', '', '', '', '', '', '', '', '', NULL, ''),
(416, 'select_exam', '', '', '', '', '', '', '', '', '', '', '', '', '', '', '', '', '', '', '', '', '', NULL, ''),
(417, 'select_subject', '', '', '', '', '', '', '', '', '', '', '', '', '', '', '', '', '', '', '', '', '', NULL, ''),
(418, 'select_an_exam', '', '', '', '', '', '', '', '', '', '', '', '', '', '', '', '', '', '', '', '', '', NULL, ''),
(419, 'select_a_class', '', '', '', '', '', '', '', '', '', '', '', '', '', '', '', '', '', '', '', '', '', NULL, ''),
(420, 'mark_obtained', '', '', '', '', '', '', '', '', '', '', '', '', '', '', '', '', '', '', '', '', '', NULL, ''),
(421, 'update_marks', '', '', '', '', '', '', '', '', '', '', '', '', '', '', '', '', '', '', '', '', '', NULL, ''),
(422, 'send_marks', '', '', '', '', '', '', '', '', '', '', '', '', '', '', '', '', '', '', '', '', '', NULL, ''),
(423, 'select_receiver', '', '', '', '', '', '', '', '', '', '', '', '', '', '', '', '', '', '', '', '', '', NULL, ''),
(424, 'view_tabulation_sheet', '', '', '', '', '', '', '', '', '', '', '', '', '', '', '', '', '', '', '', '', '', NULL, ''),
(425, 'subjects', '', '', '', '', '', '', '', '', '', '', '', '', '', '', '', '', '', '', '', '', '', NULL, ''),
(426, 'average_grade_point', '', '', '', '', '', '', '', '', '', '', '', '', '', '', '', '', '', '', '', '', '', NULL, ''),
(427, 'print_tabulation_sheet', '', '', '', '', '', '', '', '', '', '', '', '', '', '', '', '', '', '', '', '', '', NULL, ''),
(428, 'select_all', '', '', '', '', '', '', '', '', '', '', '', '', '', '', '', '', '', '', '', '', '', NULL, ''),
(429, 'select_none', '', '', '', '', '', '', '', '', '', '', '', '', '', '', '', '', '', '', '', '', '', NULL, ''),
(430, 'manage_dormitory', '', '', '', '', '', '', '', '', '', '', '', '', '', '', '', '', '', '', '', '', '', NULL, ''),
(431, 'dormitory_list', '', '', '', '', '', '', '', '', '', '', '', '', '', '', '', '', '', '', '', '', '', NULL, ''),
(432, 'add_dormitory', '', '', '', '', '', '', '', '', '', '', '', '', '', '', '', '', '', '', '', '', '', NULL, ''),
(433, 'dormitory_name', '', '', '', '', '', '', '', '', '', '', '', '', '', '', '', '', '', '', '', '', '', NULL, '');
INSERT INTO `language` (`phrase_id`, `phrase`, `english`, `bengali`, `spanish`, `arabic`, `dutch`, `russian`, `chinese`, `turkish`, `portuguese`, `hungarian`, `french`, `greek`, `german`, `italian`, `thai`, `urdu`, `hindi`, `latin`, `indonesian`, `japanese`, `korean`, `swahili`, `Kikuyu`) VALUES
(434, 'number_of_room', '', '', '', '', '', '', '', '', '', '', '', '', '', '', '', '', '', '', '', '', '', NULL, ''),
(435, 'on', '', '', '', '', '', '', '', '', '', '', '', '', '', '', '', '', '', '', '', '', '', NULL, ''),
(436, 'write_new_message', '', '', '', '', '', '', '', '', '', '', '', '', '', '', '', '', '', '', '', '', '', NULL, ''),
(437, 'recipient', '', '', '', '', '', '', '', '', '', '', '', '', '', '', '', '', '', '', '', '', '', NULL, ''),
(438, 'select_a_user', '', '', '', '', '', '', '', '', '', '', '', '', '', '', '', '', '', '', '', '', '', NULL, ''),
(439, 'write_your_message', '', '', '', '', '', '', '', '', '', '', '', '', '', '', '', '', '', '', '', '', '', NULL, ''),
(440, 'send', '', '', '', '', '', '', '', '', '', '', '', '', '', '', '', '', '', '', '', '', '', NULL, ''),
(441, 'message_sent!', '', '', '', '', '', '', '', '', '', '', '', '', '', '', '', '', '', '', '', '', '', NULL, ''),
(442, 'reply_message', '', '', '', '', '', '', '', '', '', '', '', '', '', '', '', '', '', '', '', '', '', NULL, ''),
(443, 'select_a_service', '', '', '', '', '', '', '', '', '', '', '', '', '', '', '', '', '', '', '', '', '', NULL, ''),
(444, 'not_selected', '', '', '', '', '', '', '', '', '', '', '', '', '', '', '', '', '', '', '', '', '', NULL, ''),
(445, 'disabled', '', '', '', '', '', '', '', '', '', '', '', '', '', '', '', '', '', '', '', '', '', NULL, ''),
(446, 'clickatell_username', '', '', '', '', '', '', '', '', '', '', '', '', '', '', '', '', '', '', '', '', '', NULL, ''),
(447, 'clickatell_password', '', '', '', '', '', '', '', '', '', '', '', '', '', '', '', '', '', '', '', '', '', NULL, ''),
(448, 'clickatell_api_id', '', '', '', '', '', '', '', '', '', '', '', '', '', '', '', '', '', '', '', '', '', NULL, ''),
(449, 'twilio_account', '', '', '', '', '', '', '', '', '', '', '', '', '', '', '', '', '', '', '', '', '', NULL, ''),
(450, 'authentication_token', '', '', '', '', '', '', '', '', '', '', '', '', '', '', '', '', '', '', '', '', '', NULL, ''),
(451, 'registered_phone_number', '', '', '', '', '', '', '', '', '', '', '', '', '', '', '', '', '', '', '', '', '', NULL, ''),
(452, 'settings_updated', '', '', '', '', '', '', '', '', '', '', '', '', '', '', '', '', '', '', '', '', '', NULL, ''),
(453, 'download', '', '', '', '', '', '', '', '', '', '', '', '', '', '', '', '', '', '', '', '', '', NULL, NULL),
(454, 'marksheet_for', '', '', '', '', '', '', '', '', '', '', '', '', '', '', '', '', '', '', '', '', '', NULL, NULL),
(455, 'total_marks', '', '', '', '', '', '', '', '', '', '', '', '', '', '', '', '', '', '', '', '', '', NULL, NULL),
(456, 'print_marksheet', '', '', '', '', '', '', '', '', '', '', '', '', '', '', '', '', '', '', '', '', '', NULL, NULL),
(457, 'manage_invoice/payment', '', '', '', '', '', '', '', '', '', '', '', '', '', '', '', '', '', '', '', '', '', NULL, NULL),
(458, 'invoice/payment_list', '', '', '', '', '', '', '', '', '', '', '', '', '', '', '', '', '', '', '', '', '', NULL, NULL),
(459, 'mark_attendance', '', '', '', '', '', '', '', '', '', '', '', '', '', '', '', '', '', '', '', '', '', NULL, NULL),
(460, 'parent_name', '', '', '', '', '', '', '', '', '', '', '', '', '', '', '', '', '', '', '', '', '', NULL, NULL),
(461, 'mark', '', '', '', '', '', '', '', '', '', '', '', '', '', '', '', '', '', '', '', '', '', NULL, NULL),
(462, 'attended', '', '', '', '', '', '', '', '', '', '', '', '', '', '', '', '', '', '', '', '', '', NULL, NULL),
(463, 'absent', '', '', '', '', '', '', '', '', '', '', '', '', '', '', '', '', '', '', '', '', '', NULL, NULL),
(464, 'not_attending', '', '', '', '', '', '', '', '', '', '', '', '', '', '', '', '', '', '', '', '', '', NULL, NULL),
(465, 'show/mark_attendance', '', '', '', '', '', '', '', '', '', '', '', '', '', '', '', '', '', '', '', '', '', NULL, NULL),
(466, 'show_or_mark_attendance', '', '', '', '', '', '', '', '', '', '', '', '', '', '', '', '', '', '', '', '', '', NULL, NULL),
(467, 'teacher_list', '', '', '', '', '', '', '', '', '', '', '', '', '', '', '', '', '', '', '', '', '', NULL, NULL),
(468, 'student_marksheet', '', '', '', '', '', '', '', '', '', '', '', '', '', '', '', '', '', '', '', '', '', NULL, NULL),
(469, 'add_study_material', '', '', '', '', '', '', '', '', '', '', '', '', '', '', '', '', '', '', '', '', '', NULL, NULL),
(470, 'file_type', '', '', '', '', '', '', '', '', '', '', '', '', '', '', '', '', '', '', '', '', '', NULL, NULL),
(471, 'select_file_type', '', '', '', '', '', '', '', '', '', '', '', '', '', '', '', '', '', '', '', '', '', NULL, NULL),
(472, 'image', '', '', '', '', '', '', '', '', '', '', '', '', '', '', '', '', '', '', '', '', '', NULL, NULL),
(473, 'doc', '', '', '', '', '', '', '', '', '', '', '', '', '', '', '', '', '', '', '', '', '', NULL, NULL),
(474, 'pdf', '', '', '', '', '', '', '', '', '', '', '', '', '', '', '', '', '', '', '', '', '', NULL, NULL),
(475, 'excel', '', '', '', '', '', '', '', '', '', '', '', '', '', '', '', '', '', '', '', '', '', NULL, NULL),
(476, 'other', '', '', '', '', '', '', '', '', '', '', '', '', '', '', '', '', '', '', '', '', '', NULL, NULL),
(477, 'show_attendance', '', '', '', '', '', '', '', '', '', '', '', '', '', '', '', '', '', '', '', '', '', NULL, NULL),
(478, 'parent_dashboard', '', '', '', '', '', '', '', '', '', '', '', '', '', '', '', '', '', '', '', '', '', NULL, NULL),
(479, 'total_mark', '', '', '', '', '', '', '', '', '', '', '', '', '', '', '', '', '', '', '', '', '', NULL, NULL),
(480, 'edit_subject', '', '', '', '', '', '', '', '', '', '', '', '', '', '', '', '', '', '', '', '', '', NULL, NULL),
(481, 'mark_attended', '', '', '', '', '', '', '', '', '', '', '', '', '', '', '', '', '', '', '', '', '', NULL, NULL),
(482, 'class_routine_attendance', '', '', '', '', '', '', '', '', '', '', '', '', '', '', '', '', '', '', '', '', '', NULL, NULL),
(483, 'attendance_date', '', '', '', '', '', '', '', '', '', '', '', '', '', '', '', '', '', '', '', '', '', NULL, NULL),
(484, 'notes', '', '', '', '', '', '', '', '', '', '', '', '', '', '', '', '', '', '', '', '', '', NULL, NULL),
(485, 'attendance_created', '', '', '', '', '', '', '', '', '', '', '', '', '', '', '', '', '', '', '', '', '', NULL, NULL),
(486, 'attendance_exists', '', '', '', '', '', '', '', '', '', '', '', '', '', '', '', '', '', '', '', '', '', NULL, NULL),
(487, 'attendance_updated', '', '', '', '', '', '', '', '', '', '', '', '', '', '', '', '', '', '', '', '', '', NULL, NULL),
(488, 'routine_date', '', '', '', '', '', '', '', '', '', '', '', '', '', '', '', '', '', '', '', '', '', NULL, NULL),
(489, 'search_routine', '', '', '', '', '', '', '', '', '', '', '', '', '', '', '', '', '', '', '', '', '', NULL, NULL),
(490, 'session(s)_attended_today', '', '', '', '', '', '', '', '', '', '', '', '', '', '', '', '', '', '', '', '', '', NULL, NULL),
(491, 'no_session_attended_today', '', '', '', '', '', '', '', '', '', '', '', '', '', '', '', '', '', '', '', '', '', NULL, NULL),
(492, 'edit_class_routine', '', '', '', '', '', '', '', '', '', '', '', '', '', '', '', '', '', '', '', '', '', NULL, NULL),
(493, 'edit_teacher', '', '', '', '', '', '', '', '', '', '', '', '', '', '', '', '', '', '', '', '', '', NULL, NULL),
(494, 'sex', '', '', '', '', '', '', '', '', '', '', '', '', '', '', '', '', '', '', '', '', '', NULL, NULL),
(495, 'administrators', '', '', '', '', '', '', '', '', '', '', '', '', '', '', '', '', '', '', '', '', '', NULL, NULL),
(496, 'manage_administrator', '', '', '', '', '', '', '', '', '', '', '', '', '', '', '', '', '', '', '', '', '', NULL, NULL),
(497, 'add_new_administrator', '', '', '', '', '', '', '', '', '', '', '', '', '', '', '', '', '', '', '', '', '', NULL, NULL),
(498, 'add_administrator', '', '', '', '', '', '', '', '', '', '', '', '', '', '', '', '', '', '', '', '', '', NULL, NULL),
(499, 'relationship', '', '', '', '', '', '', '', '', '', '', '', '', '', '', '', '', '', '', '', '', '', NULL, NULL),
(500, 'care_type', '', '', '', '', '', '', '', '', '', '', '', '', '', '', '', '', '', '', '', '', '', NULL, NULL),
(501, 'primary', '', '', '', '', '', '', '', '', '', '', '', '', '', '', '', '', '', '', '', '', '', NULL, NULL),
(502, 'secondary', '', '', '', '', '', '', '', '', '', '', '', '', '', '', '', '', '', '', '', '', '', NULL, NULL),
(503, 'care_relationship', '', '', '', '', '', '', '', '', '', '', '', '', '', '', '', '', '', '', '', '', '', NULL, NULL),
(504, 'add_relationship', '', '', '', '', '', '', '', '', '', '', '', '', '', '', '', '', '', '', '', '', '', NULL, NULL),
(505, 'record_added', '', '', '', '', '', '', '', '', '', '', '', '', '', '', '', '', '', '', '', '', '', NULL, NULL),
(506, 'duplicate_name', '', '', '', '', '', '', '', '', '', '', '', '', '', '', '', '', '', '', '', '', '', NULL, NULL),
(507, 'record_deleted', '', '', '', '', '', '', '', '', '', '', '', '', '', '', '', '', '', '', '', '', '', NULL, NULL),
(508, 'edit_relationship', '', '', '', '', '', '', '', '', '', '', '', '', '', '', '', '', '', '', '', '', '', NULL, NULL),
(509, 'duplicate_record', '', '', '', '', '', '', '', '', '', '', '', '', '', '', '', '', '', '', '', '', '', NULL, NULL),
(510, 'record_edited', '', '', '', '', '', '', '', '', '', '', '', '', '', '', '', '', '', '', '', '', '', NULL, NULL),
(511, 'none', '', '', '', '', '', '', '', '', '', '', '', '', '', '', '', '', '', '', '', '', '', NULL, NULL),
(512, 'other_caregivers', '', '', '', '', '', '', '', '', '', '', '', '', '', '', '', '', '', '', '', '', '', NULL, NULL),
(513, 'edit_parent', '', '', '', '', '', '', '', '', '', '', '', '', '', '', '', '', '', '', '', '', '', NULL, NULL),
(514, 'assign_beneficiary', '', '', '', '', '', '', '', '', '', '', '', '', '', '', '', '', '', '', '', '', '', NULL, NULL),
(515, 'assign_beneficiaries', '', '', '', '', '', '', '', '', '', '', '', '', '', '', '', '', '', '', '', '', '', NULL, NULL),
(516, 'crud_settings', '', '', '', '', '', '', '', '', '', '', '', '', '', '', '', '', '', '', '', '', '', NULL, NULL),
(517, 'CRUD_settings', '', '', '', '', '', '', '', '', '', '', '', '', '', '', '', '', '', '', '', '', '', NULL, NULL),
(518, 'CRUD_settings', '', '', '', '', '', '', '', '', '', '', '', '', '', '', '', '', '', '', '', '', '', NULL, NULL),
(519, 'user_access', '', '', '', '', '', '', '', '', '', '', '', '', '', '', '', '', '', '', '', '', '', NULL, NULL),
(520, 'feature', '', '', '', '', '', '', '', '', '', '', '', '', '', '', '', '', '', '', '', '', '', NULL, NULL),
(521, 'read', '', '', '', '', '', '', '', '', '', '', '', '', '', '', '', '', '', '', '', '', '', NULL, NULL),
(522, 'super_administrator', '', '', '', '', '', '', '', '', '', '', '', '', '', '', '', '', '', '', '', '', '', NULL, NULL),
(523, 'manager', '', '', '', '', '', '', '', '', '', '', '', '', '', '', '', '', '', '', '', '', '', NULL, NULL),
(524, 'CRUD_settings', '', '', '', '', '', '', '', '', '', '', '', '', '', '', '', '', '', '', '', '', '', NULL, NULL),
(525, 'CRUD_settings', '', '', '', '', '', '', '', '', '', '', '', '', '', '', '', '', '', '', '', '', '', NULL, NULL),
(526, 'super_admin', '', '', '', '', '', '', '', '', '', '', '', '', '', '', '', '', '', '', '', '', '', NULL, NULL),
(527, 'CRUD_settings', '', '', '', '', '', '', '', '', '', '', '', '', '', '', '', '', '', '', '', '', '', NULL, NULL),
(528, 'CRUD_settings', '', '', '', '', '', '', '', '', '', '', '', '', '', '', '', '', '', '', '', '', '', NULL, NULL),
(529, 'CRUD_settings', '', '', '', '', '', '', '', '', '', '', '', '', '', '', '', '', '', '', '', '', '', NULL, NULL),
(530, 'CRUD_settings', '', '', '', '', '', '', '', '', '', '', '', '', '', '', '', '', '', '', '', '', '', NULL, NULL),
(531, 'CRUD_settings', '', '', '', '', '', '', '', '', '', '', '', '', '', '', '', '', '', '', '', '', '', NULL, NULL),
(532, 'CRUD_settings', '', '', '', '', '', '', '', '', '', '', '', '', '', '', '', '', '', '', '', '', '', NULL, NULL),
(533, 'CRUD_settings', '', '', '', '', '', '', '', '', '', '', '', '', '', '', '', '', '', '', '', '', '', NULL, NULL),
(534, 'CRUD_settings', '', '', '', '', '', '', '', '', '', '', '', '', '', '', '', '', '', '', '', '', '', NULL, NULL),
(535, 'CRUD_settings', '', '', '', '', '', '', '', '', '', '', '', '', '', '', '', '', '', '', '', '', '', NULL, NULL),
(536, 'CRUD_settings', '', '', '', '', '', '', '', '', '', '', '', '', '', '', '', '', '', '', '', '', '', NULL, NULL),
(537, 'CRUD_settings', '', '', '', '', '', '', '', '', '', '', '', '', '', '', '', '', '', '', '', '', '', NULL, NULL),
(538, 'CRUD_settings', '', '', '', '', '', '', '', '', '', '', '', '', '', '', '', '', '', '', '', '', '', NULL, NULL),
(539, 'CRUD_settings', '', '', '', '', '', '', '', '', '', '', '', '', '', '', '', '', '', '', '', '', '', NULL, NULL),
(540, 'CRUD_settings', '', '', '', '', '', '', '', '', '', '', '', '', '', '', '', '', '', '', '', '', '', NULL, NULL),
(541, 'CRUD_settings', '', '', '', '', '', '', '', '', '', '', '', '', '', '', '', '', '', '', '', '', '', NULL, NULL),
(542, 'CRUD_settings', '', '', '', '', '', '', '', '', '', '', '', '', '', '', '', '', '', '', '', '', '', NULL, NULL),
(543, 'CRUD_settings', '', '', '', '', '', '', '', '', '', '', '', '', '', '', '', '', '', '', '', '', '', NULL, NULL),
(544, 'CRUD_settings', '', '', '', '', '', '', '', '', '', '', '', '', '', '', '', '', '', '', '', '', '', NULL, NULL),
(545, 'CRUD_settings', '', '', '', '', '', '', '', '', '', '', '', '', '', '', '', '', '', '', '', '', '', NULL, NULL),
(546, 'CRUD_settings', '', '', '', '', '', '', '', '', '', '', '', '', '', '', '', '', '', '', '', '', '', NULL, NULL),
(547, 'CRUD_settings', '', '', '', '', '', '', '', '', '', '', '', '', '', '', '', '', '', '', '', '', '', NULL, NULL),
(548, 'CRUD_settings', '', '', '', '', '', '', '', '', '', '', '', '', '', '', '', '', '', '', '', '', '', NULL, NULL),
(549, 'activity', '', '', '', '', '', '', '', '', '', '', '', '', '', '', '', '', '', '', '', '', '', NULL, NULL),
(550, 'grade', '', '', '', '', '', '', '', '', '', '', '', '', '', '', '', '', '', '', '', '', '', NULL, NULL),
(551, 'contras', '', '', '', '', '', '', '', '', '', '', '', '', '', '', '', '', '', '', '', '', '', NULL, NULL),
(552, 'invoice', '', '', '', '', '', '', '', '', '', '', '', '', '', '', '', '', '', '', '', '', '', NULL, NULL),
(553, 'CRUD_settings', '', '', '', '', '', '', '', '', '', '', '', '', '', '', '', '', '', '', '', '', '', NULL, NULL),
(554, 'CRUD_settings', '', '', '', '', '', '', '', '', '', '', '', '', '', '', '', '', '', '', '', '', '', NULL, NULL),
(555, 'CRUD_settings', '', '', '', '', '', '', '', '', '', '', '', '', '', '', '', '', '', '', '', '', '', NULL, NULL),
(556, 'record', '', '', '', '', '', '', '', '', '', '', '', '', '', '', '', '', '', '', '', '', '', NULL, NULL),
(557, 'CRUD_settings', '', '', '', '', '', '', '', '', '', '', '', '', '', '', '', '', '', '', '', '', '', NULL, NULL),
(558, 'CRUD_settings', '', '', '', '', '', '', '', '', '', '', '', '', '', '', '', '', '', '', '', '', '', NULL, NULL),
(559, 'CRUD_settings', '', '', '', '', '', '', '', '', '', '', '', '', '', '', '', '', '', '', '', '', '', NULL, NULL),
(560, 'CRUD_settings', '', '', '', '', '', '', '', '', '', '', '', '', '', '', '', '', '', '', '', '', '', NULL, NULL),
(561, 'CRUD_settings', '', '', '', '', '', '', '', '', '', '', '', '', '', '', '', '', '', '', '', '', '', NULL, NULL),
(562, 'CRUD_settings', '', '', '', '', '', '', '', '', '', '', '', '', '', '', '', '', '', '', '', '', '', NULL, NULL),
(563, 'CRUD_settings', '', '', '', '', '', '', '', '', '', '', '', '', '', '', '', '', '', '', '', '', '', NULL, NULL),
(564, 'CRUD_settings', '', '', '', '', '', '', '', '', '', '', '', '', '', '', '', '', '', '', '', '', '', NULL, NULL),
(565, 'CRUD_settings', '', '', '', '', '', '', '', '', '', '', '', '', '', '', '', '', '', '', '', '', '', NULL, NULL),
(566, 'CRUD_settings', '', '', '', '', '', '', '', '', '', '', '', '', '', '', '', '', '', '', '', '', '', NULL, NULL),
(567, 'admin', '', '', '', '', '', '', '', '', '', '', '', '', '', '', '', '', '', '', '', '', '', NULL, NULL),
(568, 'CRUD_settings', '', '', '', '', '', '', '', '', '', '', '', '', '', '', '', '', '', '', '', '', '', NULL, NULL),
(569, 'CRUD_settings', '', '', '', '', '', '', '', '', '', '', '', '', '', '', '', '', '', '', '', '', '', NULL, NULL),
(570, 'CRUD_settings', '', '', '', '', '', '', '', '', '', '', '', '', '', '', '', '', '', '', '', '', '', NULL, NULL),
(571, 'CRUD_settings', '', '', '', '', '', '', '', '', '', '', '', '', '', '', '', '', '', '', '', '', '', NULL, NULL),
(572, 'CRUD_settings', '', '', '', '', '', '', '', '', '', '', '', '', '', '', '', '', '', '', '', '', '', NULL, NULL),
(573, 'CRUD_settings', '', '', '', '', '', '', '', '', '', '', '', '', '', '', '', '', '', '', '', '', '', NULL, NULL),
(574, 'CRUD_settings', '', '', '', '', '', '', '', '', '', '', '', '', '', '', '', '', '', '', '', '', '', NULL, NULL),
(575, 'CRUD_settings', '', '', '', '', '', '', '', '', '', '', '', '', '', '', '', '', '', '', '', '', '', NULL, NULL),
(576, 'CRUD_settings', '', '', '', '', '', '', '', '', '', '', '', '', '', '', '', '', '', '', '', '', '', NULL, NULL),
(577, 'CRUD_settings', '', '', '', '', '', '', '', '', '', '', '', '', '', '', '', '', '', '', '', '', '', NULL, NULL),
(578, 'CRUD_settings', '', '', '', '', '', '', '', '', '', '', '', '', '', '', '', '', '', '', '', '', '', NULL, NULL),
(579, 'CRUD_settings', '', '', '', '', '', '', '', '', '', '', '', '', '', '', '', '', '', '', '', '', '', NULL, NULL),
(580, 'CRUD_settings', '', '', '', '', '', '', '', '', '', '', '', '', '', '', '', '', '', '', '', '', '', NULL, NULL),
(581, 'CRUD_settings', '', '', '', '', '', '', '', '', '', '', '', '', '', '', '', '', '', '', '', '', '', NULL, NULL),
(582, 'CRUD_settings', '', '', '', '', '', '', '', '', '', '', '', '', '', '', '', '', '', '', '', '', '', NULL, NULL),
(583, 'CRUD_settings', '', '', '', '', '', '', '', '', '', '', '', '', '', '', '', '', '', '', '', '', '', NULL, NULL),
(584, 'settings_saved', '', '', '', '', '', '', '', '', '', '', '', '', '', '', '', '', '', '', '', '', '', NULL, NULL),
(585, 'CRUD_settings', '', '', '', '', '', '', '', '', '', '', '', '', '', '', '', '', '', '', '', '', '', NULL, NULL),
(586, 'CRUD_settings', '', '', '', '', '', '', '', '', '', '', '', '', '', '', '', '', '', '', '', '', '', NULL, NULL),
(587, 'CRUD_settings', '', '', '', '', '', '', '', '', '', '', '', '', '', '', '', '', '', '', '', '', '', NULL, NULL),
(588, 'CRUD_settings', '', '', '', '', '', '', '', '', '', '', '', '', '', '', '', '', '', '', '', '', '', NULL, NULL),
(589, 'CRUD_settings', '', '', '', '', '', '', '', '', '', '', '', '', '', '', '', '', '', '', '', '', '', NULL, NULL),
(590, 'CRUD_settings', '', '', '', '', '', '', '', '', '', '', '', '', '', '', '', '', '', '', '', '', '', NULL, NULL),
(591, 'CRUD_settings', '', '', '', '', '', '', '', '', '', '', '', '', '', '', '', '', '', '', '', '', '', NULL, NULL),
(592, 'CRUD_settings', '', '', '', '', '', '', '', '', '', '', '', '', '', '', '', '', '', '', '', '', '', NULL, NULL),
(593, 'CRUD_settings', '', '', '', '', '', '', '', '', '', '', '', '', '', '', '', '', '', '', '', '', '', NULL, NULL),
(594, 'CRUD_settings', '', '', '', '', '', '', '', '', '', '', '', '', '', '', '', '', '', '', '', '', '', NULL, NULL),
(595, 'CRUD_settings', '', '', '', '', '', '', '', '', '', '', '', '', '', '', '', '', '', '', '', '', '', NULL, NULL),
(596, 'CRUD_settings', '', '', '', '', '', '', '', '', '', '', '', '', '', '', '', '', '', '', '', '', '', NULL, NULL),
(597, 'CRUD_settings', '', '', '', '', '', '', '', '', '', '', '', '', '', '', '', '', '', '', '', '', '', NULL, NULL),
(598, 'CRUD_settings', '', '', '', '', '', '', '', '', '', '', '', '', '', '', '', '', '', '', '', '', '', NULL, NULL),
(599, 'CRUD_settings', '', '', '', '', '', '', '', '', '', '', '', '', '', '', '', '', '', '', '', '', '', NULL, NULL),
(600, 'CRUD_settings', '', '', '', '', '', '', '', '', '', '', '', '', '', '', '', '', '', '', '', '', '', NULL, NULL),
(601, 'CRUD_settings', '', '', '', '', '', '', '', '', '', '', '', '', '', '', '', '', '', '', '', '', '', NULL, NULL),
(602, 'CRUD_settings', '', '', '', '', '', '', '', '', '', '', '', '', '', '', '', '', '', '', '', '', '', NULL, NULL),
(603, 'CRUD_settings', '', '', '', '', '', '', '', '', '', '', '', '', '', '', '', '', '', '', '', '', '', NULL, NULL),
(604, 'CRUD_settings', '', '', '', '', '', '', '', '', '', '', '', '', '', '', '', '', '', '', '', '', '', NULL, NULL),
(605, 'CRUD_settings', '', '', '', '', '', '', '', '', '', '', '', '', '', '', '', '', '', '', '', '', '', NULL, NULL),
(606, 'level', '', '', '', '', '', '', '', '', '', '', '', '', '', '', '', '', '', '', '', '', '', NULL, NULL),
(607, 'edit_administrator', '', '', '', '', '', '', '', '', '', '', '', '', '', '', '', '', '', '', '', '', '', NULL, NULL),
(608, 'super', '', '', '', '', '', '', '', '', '', '', '', '', '', '', '', '', '', '', '', '', '', NULL, NULL),
(609, 'CRUD_settings', '', '', '', '', '', '', '', '', '', '', '', '', '', '', '', '', '', '', '', '', '', NULL, NULL),
(610, 'CRUD_settings', '', '', '', '', '', '', '', '', '', '', '', '', '', '', '', '', '', '', '', '', '', NULL, NULL),
(611, 'CRUD_settings', '', '', '', '', '', '', '', '', '', '', '', '', '', '', '', '', '', '', '', '', '', NULL, NULL),
(612, 'CRUD_settings', '', '', '', '', '', '', '', '', '', '', '', '', '', '', '', '', '', '', '', '', '', NULL, NULL),
(613, 'no_items_found', '', '', '', '', '', '', '', '', '', '', '', '', '', '', '', '', '', '', '', '', '', NULL, NULL),
(614, 'process_failure', '', '', '', '', '', '', '', '', '', '', '', '', '', '', '', '', '', '', '', '', '', NULL, NULL),
(615, 'student_suspended', '', '', '', '', '', '', '', '', '', '', '', '', '', '', '', '', '', '', '', '', '', NULL, NULL),
(616, 'unsuspend_', '', '', '', '', '', '', '', '', '', '', '', '', '', '', '', '', '', '', '', '', '', NULL, NULL),
(617, 'success', '', '', '', '', '', '', '', '', '', '', '', '', '', '', '', '', '', '', '', '', '', NULL, NULL),
(618, 'targeted_participants', '', '', '', '', '', '', '', '', '', '', '', '', '', '', '', '', '', '', '', '', '', NULL, NULL),
(619, 'back', '', '', '', '', '', '', '', '', '', '', '', '', '', '', '', '', '', '', '', '', '', NULL, NULL),
(620, 'print_attendance', '', '', '', '', '', '', '', '', '', '', '', '', '', '', '', '', '', '', '', '', '', NULL, NULL),
(621, 'activity_register', '', '', '', '', '', '', '', '', '', '', '', '', '', '', '', '', '', '', '', '', '', NULL, NULL),
(622, 'print_activty_attendance', '', '', '', '', '', '', '', '', '', '', '', '', '', '', '', '', '', '', '', '', '', NULL, NULL),
(623, 'edit_exam', '', '', '', '', '', '', '', '', '', '', '', '', '', '', '', '', '', '', '', '', '', NULL, NULL),
(624, 'promote_students', '', '', '', '', '', '', '', '', '', '', '', '', '', '', '', '', '', '', '', '', '', NULL, NULL),
(625, 'promote', '', '', '', '', '', '', '', '', '', '', '', '', '', '', '', '', '', '', '', '', '', NULL, NULL),
(626, 'demote', '', '', '', '', '', '', '', '', '', '', '', '', '', '', '', '', '', '', '', '', '', NULL, NULL),
(627, 'invoices_created_successfully', '', '', '', '', '', '', '', '', '', '', '', '', '', '', '', '', '', '', '', '', '', NULL, NULL),
(628, 'failed:_some_invoices_exists', '', '', '', '', '', '', '', '', '', '', '', '', '', '', '', '', '', '', '', '', '', NULL, NULL),
(629, 'cancel_invoices', '', '', '', '', '', '', '', '', '', '', '', '', '', '', '', '', '', '', '', '', '', NULL, NULL),
(630, 'cancelled_invoices', '', '', '', '', '', '', '', '', '', '', '', '', '', '', '', '', '', '', '', '', '', NULL, NULL),
(631, 'cancel_invoice', '', '', '', '', '', '', '', '', '', '', '', '', '', '', '', '', '', '', '', '', '', NULL, NULL),
(632, 'invoice_cancelled', '', '', '', '', '', '', '', '', '', '', '', '', '', '', '', '', '', '', '', '', '', NULL, NULL),
(633, 'reclaim_invoice', '', '', '', '', '', '', '', '', '', '', '', '', '', '', '', '', '', '', '', '', '', NULL, NULL),
(634, 'invoice_reclaimed', '', '', '', '', '', '', '', '', '', '', '', '', '', '', '', '', '', '', '', '', '', NULL, NULL),
(635, 'invoice_information', '', '', '', '', '', '', '', '', '', '', '', '', '', '', '', '', '', '', '', '', '', NULL, NULL),
(636, 'adjusted_amount', '', '', '', '', '', '', '', '', '', '', '', '', '', '', '', '', '', '', '', '', '', NULL, NULL),
(637, 'invoice_amount', '', '', '', '', '', '', '', '', '', '', '', '', '', '', '', '', '', '', '', '', '', NULL, NULL),
(638, 'amount_lesser_than_paid', '', '', '', '', '', '', '', '', '', '', '', '', '', '', '', '', '', '', '', '', '', NULL, NULL),
(639, 'force_overpay', '', '', '', '', '', '', '', '', '', '', '', '', '', '', '', '', '', '', '', '', '', NULL, NULL),
(640, 'edit_successful', '', '', '', '', '', '', '', '', '', '', '', '', '', '', '', '', '', '', '', '', '', NULL, NULL),
(641, 'overpaid_invoices', '', '', '', '', '', '', '', '', '', '', '', '', '', '', '', '', '', '', '', '', '', NULL, NULL),
(642, 'no_student_found', '', '', '', '', '', '', '', '', '', '', '', '', '', '', '', '', '', '', '', '', '', NULL, NULL),
(643, 'add_new_income', '', '', '', '', '', '', '', '', '', '', '', '', '', '', '', '', '', '', '', '', '', NULL, NULL),
(644, 'add_income', '', '', '', '', '', '', '', '', '', '', '', '', '', '', '', '', '', '', '', '', '', NULL, NULL),
(645, 'view_income_batch', '', '', '', '', '', '', '', '', '', '', '', '', '', '', '', '', '', '', '', '', '', NULL, NULL),
(646, 'overpay_notes', '', '', '', '', '', '', '', '', '', '', '', '', '', '', '', '', '', '', '', '', '', NULL, NULL),
(647, 'add_note', '', '', '', '', '', '', '', '', '', '', '', '', '', '', '', '', '', '', '', '', '', NULL, NULL),
(648, 'batch_number_not_existing', '', '', '', '', '', '', '', '', '', '', '', '', '', '', '', '', '', '', '', '', '', NULL, NULL),
(649, 'checking...', '', '', '', '', '', '', '', '', '', '', '', '', '', '', '', '', '', '', '', '', '', NULL, NULL),
(650, 'error_occurred', '', '', '', '', '', '', '', '', '', '', '', '', '', '', '', '', '', '', '', '', '', NULL, NULL),
(651, 'details', '', '', '', '', '', '', '', '', '', '', '', '', '', '', '', '', '', '', '', '', '', NULL, NULL),
(652, 'failure', '', '', '', '', '', '', '', '', '', '', '', '', '', '', '', '', '', '', '', '', '', NULL, NULL),
(653, 'note_created', '', '', '', '', '', '', '', '', '', '', '', '', '', '', '', '', '', '', '', '', '', NULL, NULL),
(654, 'paying_more_than_balance', '', '', '', '', '', '', '', '', '', '', '', '', '', '', '', '', '', '', '', '', '', NULL, NULL),
(655, 'overpay', '', '', '', '', '', '', '', '', '', '', '', '', '', '', '', '', '', '', '', '', '', NULL, NULL),
(656, 'invoice_amount_greater_than_to_pay_amount', '', '', '', '', '', '', '', '', '', '', '', '', '', '', '', '', '', '', '', '', '', NULL, NULL),
(657, 'structure_payable', '', '', '', '', '', '', '', '', '', '', '', '', '', '', '', '', '', '', '', '', '', NULL, NULL),
(658, 'structure_total_amount', '', '', '', '', '', '', '', '', '', '', '', '', '', '', '', '', '', '', '', '', '', NULL, NULL),
(659, 'charge_overpay', '', '', '', '', '', '', '', '', '', '', '', '', '', '', '', '', '', '', '', '', '', NULL, NULL),
(660, 'cleared_overpay_notes', '', '', '', '', '', '', '', '', '', '', '', '', '', '', '', '', '', '', '', '', '', NULL, NULL);

-- --------------------------------------------------------

--
-- Table structure for table `login_type`
--

CREATE TABLE `login_type` (
  `login_type_id` int(100) NOT NULL,
  `name` varchar(10) NOT NULL
) ENGINE=InnoDB DEFAULT CHARSET=latin1;

--
-- Dumping data for table `login_type`
--

INSERT INTO `login_type` (`login_type_id`, `name`) VALUES
(1, 'admin'),
(2, 'teacher'),
(3, 'student'),
(4, 'parent');

-- --------------------------------------------------------

--
-- Table structure for table `mark`
--

CREATE TABLE `mark` (
  `mark_id` int(11) NOT NULL,
  `student_id` int(11) NOT NULL,
  `subject_id` int(11) NOT NULL,
  `class_id` int(11) NOT NULL,
  `exam_id` int(11) NOT NULL,
  `mark_obtained` int(11) NOT NULL DEFAULT '0',
  `mark_total` int(11) NOT NULL DEFAULT '100',
  `comment` longtext COLLATE utf8_unicode_ci NOT NULL
) ENGINE=InnoDB DEFAULT CHARSET=utf8 COLLATE=utf8_unicode_ci;

--
-- Dumping data for table `mark`
--

INSERT INTO `mark` (`mark_id`, `student_id`, `subject_id`, `class_id`, `exam_id`, `mark_obtained`, `mark_total`, `comment`) VALUES
(1, 4, 1, 2, 1, 72, 100, 'Good Work'),
(2, 1, 2, 1, 1, 0, 100, ''),
(3, 2, 2, 1, 1, 0, 100, ''),
(4, 3, 2, 1, 1, 0, 100, ''),
(5, 4, 7, 2, 1, 60, 100, 'Good'),
(6, 11, 7, 2, 1, 65, 100, 'Good'),
(7, 12, 7, 2, 1, 82, 100, 'Excellent'),
(8, 13, 7, 2, 1, 71, 100, 'Very Good'),
(9, 11, 1, 2, 1, 0, 100, ''),
(10, 12, 1, 2, 1, 0, 100, ''),
(11, 13, 1, 2, 1, 0, 100, '');

-- --------------------------------------------------------

--
-- Table structure for table `message`
--

CREATE TABLE `message` (
  `message_id` int(11) NOT NULL,
  `message_thread_code` longtext NOT NULL,
  `message` longtext NOT NULL,
  `sender` longtext NOT NULL,
  `timestamp` longtext NOT NULL,
  `read_status` int(11) NOT NULL DEFAULT '0' COMMENT '0 unread 1 read'
) ENGINE=MyISAM DEFAULT CHARSET=latin1;

--
-- Dumping data for table `message`
--

INSERT INTO `message` (`message_id`, `message_thread_code`, `message`, `sender`, `timestamp`, `read_status`) VALUES
(1, '8cbce2aa38abde1', 'Hey', 'admin-1', '1522852035', 0);

-- --------------------------------------------------------

--
-- Table structure for table `message_thread`
--

CREATE TABLE `message_thread` (
  `message_thread_id` int(11) NOT NULL,
  `message_thread_code` longtext COLLATE utf8_unicode_ci NOT NULL,
  `sender` longtext COLLATE utf8_unicode_ci NOT NULL,
  `reciever` longtext COLLATE utf8_unicode_ci NOT NULL,
  `last_message_timestamp` longtext COLLATE utf8_unicode_ci NOT NULL
) ENGINE=InnoDB DEFAULT CHARSET=utf8 COLLATE=utf8_unicode_ci;

--
-- Dumping data for table `message_thread`
--

INSERT INTO `message_thread` (`message_thread_id`, `message_thread_code`, `sender`, `reciever`, `last_message_timestamp`) VALUES
(1, '8cbce2aa38abde1', 'admin-1', 'parent-3', '');

-- --------------------------------------------------------

--
-- Table structure for table `noticeboard`
--

CREATE TABLE `noticeboard` (
  `notice_id` int(11) NOT NULL,
  `notice_title` longtext COLLATE utf8_unicode_ci NOT NULL,
  `notice` longtext COLLATE utf8_unicode_ci NOT NULL,
  `create_timestamp` int(11) NOT NULL
) ENGINE=MyISAM DEFAULT CHARSET=utf8 COLLATE=utf8_unicode_ci;

--
-- Dumping data for table `noticeboard`
--

INSERT INTO `noticeboard` (`notice_id`, `notice_title`, `notice`, `create_timestamp`) VALUES
(1, 'Academic Day', 'Academic Day', 1524002400);

-- --------------------------------------------------------

--
-- Table structure for table `opening_balance`
--

CREATE TABLE `opening_balance` (
  `opening_balance_id` int(50) NOT NULL,
  `income_category_id` int(50) NOT NULL,
  `amount` decimal(10,2) NOT NULL
) ENGINE=InnoDB DEFAULT CHARSET=latin1;

--
-- Dumping data for table `opening_balance`
--

INSERT INTO `opening_balance` (`opening_balance_id`, `income_category_id`, `amount`) VALUES
(1, 1, '407870.23');

-- --------------------------------------------------------

--
-- Table structure for table `overpay`
--

CREATE TABLE `overpay` (
  `overpay_id` int(100) NOT NULL,
  `student_id` int(100) NOT NULL,
  `income_id` int(100) NOT NULL,
  `amount` int(10) NOT NULL,
  `amount_due` int(10) NOT NULL,
  `description` longtext NOT NULL,
  `status` varchar(10) NOT NULL COMMENT 'active,cleared',
  `creation_timestamp` timestamp NOT NULL DEFAULT CURRENT_TIMESTAMP ON UPDATE CURRENT_TIMESTAMP
) ENGINE=InnoDB DEFAULT CHARSET=latin1;

--
-- Dumping data for table `overpay`
--

INSERT INTO `overpay` (`overpay_id`, `student_id`, `income_id`, `amount`, `amount_due`, `description`, `status`, `creation_timestamp`) VALUES
(3, 2, 1, 8500, 0, 'For Nicodemus Karisa', 'cleared', '2018-06-25 12:19:31'),
(4, 1, 2, 6200, 1000, 'For James Mulandi', 'active', '2018-06-25 12:33:23');

-- --------------------------------------------------------

--
-- Table structure for table `parent`
--

CREATE TABLE `parent` (
  `parent_id` int(11) NOT NULL,
  `name` longtext COLLATE utf8_unicode_ci NOT NULL,
  `email` longtext COLLATE utf8_unicode_ci NOT NULL,
  `phone` longtext COLLATE utf8_unicode_ci NOT NULL,
  `address` longtext COLLATE utf8_unicode_ci NOT NULL,
  `relationship_id` int(5) NOT NULL,
  `care_type` varchar(20) COLLATE utf8_unicode_ci NOT NULL,
  `profession` longtext COLLATE utf8_unicode_ci NOT NULL
) ENGINE=MyISAM DEFAULT CHARSET=utf8 COLLATE=utf8_unicode_ci;

--
-- Dumping data for table `parent`
--

INSERT INTO `parent` (`parent_id`, `name`, `email`, `phone`, `address`, `relationship_id`, `care_type`, `profession`) VALUES
(1, 'Mulandi Kyalo', 'JMulandi1@gmail.com', '0711808071', 'Nairobi', 1, 'primary', 'Businessman'),
(2, 'Mwambire Karisa', 'mwambire2017@gmail.com', '072267525', 'Kiserian', 5, 'primary', 'Teacher'),
(3, 'Maina Maina', 'MEgelan@gmail.com', '07124345654', '80 Ngong', 3, 'secondary', 'Teacher'),
(4, 'John Njugo', 'JNjugo2017@gmail.com', '0711876542', '1056 Karen Nairobi', 1, 'primary', 'Driver'),
(5, 'Mary Otieno', 'MOtieno12@gmail.com', '0711909076', '54 Malindi', 2, 'secondary', 'Business Woman'),
(6, 'Hellen Kamau', 'HKamau@yahoo.com', '0711876542', '45 Nairobi', 6, 'secondary', 'Air Hostess'),
(7, 'Bitange Joseph', 'BJosey@gmail.com', '', '', 5, 'secondary', 'Journalist'),
(8, 'Martina Chengo Garama', 'machess@gmail.com', '075787578', '80788', 2, 'primary', 'Air Hostess');

-- --------------------------------------------------------

--
-- Table structure for table `payment`
--

CREATE TABLE `payment` (
  `payment_id` int(11) NOT NULL,
  `batch_number` int(10) NOT NULL,
  `serial` int(10) NOT NULL,
  `detail_id` int(100) NOT NULL,
  `yr` int(10) NOT NULL,
  `invoice_id` int(11) NOT NULL,
  `student_id` int(11) NOT NULL,
  `method` longtext COLLATE utf8_unicode_ci NOT NULL,
  `term` int(5) NOT NULL,
  `amount` longtext COLLATE utf8_unicode_ci NOT NULL,
  `timestamp` longtext COLLATE utf8_unicode_ci NOT NULL
) ENGINE=MyISAM DEFAULT CHARSET=utf8 COLLATE=utf8_unicode_ci;

--
-- Dumping data for table `payment`
--

INSERT INTO `payment` (`payment_id`, `batch_number`, `serial`, `detail_id`, `yr`, `invoice_id`, `student_id`, `method`, `term`, `amount`, `timestamp`) VALUES
(28, 180605, 3, 12, 2018, 14, 2, '1', 1, '1000', '1529877600'),
(27, 180605, 3, 11, 2018, 14, 2, '1', 1, '2700', '1529877600'),
(26, 180605, 3, 10, 2018, 14, 2, '1', 1, '1000', '1529877600'),
(25, 180619, 2, 12, 2018, 14, 2, '1', 1, '500', '1529791200'),
(24, 180619, 2, 10, 2018, 14, 2, '1', 1, '2500', '1529791200'),
(23, 180618, 1, 13, 2018, 14, 2, '1', 1, '600', '1529791200'),
(22, 180618, 1, 11, 2018, 14, 2, '1', 1, '1500', '1529791200'),
(21, 180618, 1, 10, 2018, 14, 2, '1', 1, '4000', '1529791200'),
(29, 180605, 3, 13, 2018, 14, 2, '1', 1, '1200', '1529877600'),
(30, 180606, 4, 10, 2018, 11, 1, '2', 1, '7500', '1529791200'),
(31, 180606, 4, 11, 2018, 11, 1, '2', 1, '4200', '1529791200'),
(32, 180606, 4, 12, 2018, 11, 1, '2', 1, '1500', '1529791200'),
(33, 180606, 4, 13, 2018, 11, 1, '2', 1, '1800', '1529791200');

-- --------------------------------------------------------

--
-- Table structure for table `relationship`
--

CREATE TABLE `relationship` (
  `relationship_id` int(100) NOT NULL,
  `name` varchar(50) NOT NULL
) ENGINE=InnoDB DEFAULT CHARSET=latin1;

--
-- Dumping data for table `relationship`
--

INSERT INTO `relationship` (`relationship_id`, `name`) VALUES
(1, 'Father'),
(2, 'Mother'),
(3, 'Brother'),
(4, 'Sister'),
(5, 'Uncle'),
(6, 'Aunt');

-- --------------------------------------------------------

--
-- Table structure for table `section`
--

CREATE TABLE `section` (
  `section_id` int(11) NOT NULL,
  `name` longtext COLLATE utf8_unicode_ci NOT NULL,
  `nick_name` longtext COLLATE utf8_unicode_ci NOT NULL,
  `class_id` int(11) NOT NULL,
  `teacher_id` int(11) NOT NULL
) ENGINE=InnoDB DEFAULT CHARSET=utf8 COLLATE=utf8_unicode_ci;

--
-- Dumping data for table `section`
--

INSERT INTO `section` (`section_id`, `name`, `nick_name`, `class_id`, `teacher_id`) VALUES
(1, 'Judah', 'Judah', 2, 1),
(2, 'Siloam', 'Siloam', 2, 1),
(3, 'Eastern', 'E', 1, 2),
(5, 'West', 'W', 1, 1);

-- --------------------------------------------------------

--
-- Table structure for table `settings`
--

CREATE TABLE `settings` (
  `settings_id` int(11) NOT NULL,
  `type` longtext CHARACTER SET utf8 COLLATE utf8_unicode_ci NOT NULL,
  `description` longtext CHARACTER SET utf8 COLLATE utf8_unicode_ci NOT NULL
) ENGINE=MyISAM DEFAULT CHARSET=latin1;

--
-- Dumping data for table `settings`
--

INSERT INTO `settings` (`settings_id`, `type`, `description`) VALUES
(1, 'system_name', 'School Management System'),
(2, 'system_title', 'School Management System'),
(3, 'address', '80-80200 Malindi'),
(4, 'phone', '254764837462'),
(5, 'paypal_email', 'admin@techsys.com'),
(6, 'currency', 'Kes.'),
(7, 'system_email', 'mwambirenicodemus2017@gmail.com'),
(20, 'active_sms_service', 'disabled'),
(11, 'language', 'english'),
(12, 'text_align', 'left-to-right'),
(13, 'clickatell_user', ''),
(14, 'clickatell_password', ''),
(15, 'clickatell_api_id', ''),
(16, 'skin_colour', 'default'),
(17, 'twilio_account_sid', ''),
(18, 'twilio_auth_token', ''),
(19, 'twilio_sender_phone_number', ''),
(21, 'system_start_date', '2017-03-01');

-- --------------------------------------------------------

--
-- Table structure for table `student`
--

CREATE TABLE `student` (
  `student_id` int(11) NOT NULL,
  `name` longtext COLLATE utf8_unicode_ci NOT NULL,
  `birthday` longtext COLLATE utf8_unicode_ci NOT NULL,
  `sex` longtext COLLATE utf8_unicode_ci NOT NULL,
  `religion` longtext COLLATE utf8_unicode_ci NOT NULL,
  `blood_group` longtext COLLATE utf8_unicode_ci NOT NULL,
  `address` longtext COLLATE utf8_unicode_ci NOT NULL,
  `phone` longtext COLLATE utf8_unicode_ci NOT NULL,
  `email` longtext COLLATE utf8_unicode_ci NOT NULL,
  `father_name` longtext COLLATE utf8_unicode_ci NOT NULL,
  `mother_name` longtext COLLATE utf8_unicode_ci NOT NULL,
  `class_id` longtext COLLATE utf8_unicode_ci NOT NULL,
  `section_id` int(11) NOT NULL,
  `parent_id` int(11) NOT NULL,
  `roll` longtext COLLATE utf8_unicode_ci NOT NULL,
  `transport_id` int(11) NOT NULL,
  `dormitory_id` int(11) NOT NULL,
  `dormitory_room_number` longtext COLLATE utf8_unicode_ci NOT NULL,
  `active` int(5) NOT NULL DEFAULT '1'
) ENGINE=InnoDB DEFAULT CHARSET=utf8 COLLATE=utf8_unicode_ci;

--
-- Dumping data for table `student`
--

INSERT INTO `student` (`student_id`, `name`, `birthday`, `sex`, `religion`, `blood_group`, `address`, `phone`, `email`, `father_name`, `mother_name`, `class_id`, `section_id`, `parent_id`, `roll`, `transport_id`, `dormitory_id`, `dormitory_room_number`, `active`) VALUES
(1, 'James Mulandi', '10/25/2005', 'male', '', '', 'Nairobi', '', 'nkmwambs@gmail.com', '', '', '1', 0, 1, 'VGS/01/2017', 0, 0, '', 1),
(2, 'Nicodemus Karisa', '06/22/2009', 'male', '', '', 'Kiserian', '0722654372', 'mwambirekarisa@gmail.com', '', '', '1', 0, 2, 'VGC/24/2017', 1, 0, '', 1),
(3, 'Joyce Ted', '02/02/2009', '', '', '', '2', '0722654376', 'nkmwambs@gmail.com', '', '', '1', 0, 1, 'VGS/242/2017', 0, 0, '', 1),
(4, 'Beatrice Maina', '01/30/2014', 'female', '', '', '50', '0770978233', 'MEgelan@gmail.com', '', '', '4', 1, 3, 'BM/12/2018', 1, 0, '', 1),
(11, 'Ben Karanja', '03/11/2010', 'male', '', '', '', '', '', '', '', '2', 1, 4, '34242', 0, 0, '', 1),
(12, 'Brian Njogu', '', '', '', '', '', '', '', '', '', '4', 2, 4, '32423', 0, 0, '', 1),
(13, 'Blessing Mvera', '06/04/2009', 'female', '', '', '1945 Karen Nairobi', '0711909076', 'nkmwambs@gmail.com', '', '', '2', 2, 2, '24542', 0, 0, '', 1),
(14, 'Mapenzi Karani', '40211', 'female', '', '', '7672', '711897242', 'm.karani@gmail.com', '', '', '1', 0, 0, '543342', 0, 0, '', 0),
(15, 'James Baya', '40731', 'male', '', '', '542', '723447845', 'j.baya@gmail.com', '', '', '1', 0, 0, '533234', 0, 0, '', 0);

-- --------------------------------------------------------

--
-- Table structure for table `subject`
--

CREATE TABLE `subject` (
  `subject_id` int(11) NOT NULL,
  `name` longtext COLLATE utf8_unicode_ci NOT NULL,
  `class_id` int(11) NOT NULL,
  `teacher_id` int(11) NOT NULL
) ENGINE=InnoDB DEFAULT CHARSET=utf8 COLLATE=utf8_unicode_ci;

--
-- Dumping data for table `subject`
--

INSERT INTO `subject` (`subject_id`, `name`, `class_id`, `teacher_id`) VALUES
(1, 'English', 2, 1),
(2, 'Maths', 1, 1),
(3, 'English', 1, 2),
(4, 'Science', 1, 2),
(6, 'Swahili', 1, 1),
(7, 'Swahili', 2, 1);

-- --------------------------------------------------------

--
-- Table structure for table `teacher`
--

CREATE TABLE `teacher` (
  `teacher_id` int(11) NOT NULL,
  `name` longtext COLLATE utf8_unicode_ci NOT NULL,
  `birthday` longtext COLLATE utf8_unicode_ci NOT NULL,
  `sex` longtext COLLATE utf8_unicode_ci NOT NULL,
  `religion` longtext COLLATE utf8_unicode_ci NOT NULL,
  `blood_group` longtext COLLATE utf8_unicode_ci NOT NULL,
  `address` longtext COLLATE utf8_unicode_ci NOT NULL,
  `phone` longtext COLLATE utf8_unicode_ci NOT NULL,
  `email` longtext COLLATE utf8_unicode_ci NOT NULL
) ENGINE=InnoDB DEFAULT CHARSET=utf8 COLLATE=utf8_unicode_ci;

--
-- Dumping data for table `teacher`
--

INSERT INTO `teacher` (`teacher_id`, `name`, `birthday`, `sex`, `religion`, `blood_group`, `address`, `phone`, `email`) VALUES
(1, 'Patty Kamau Karanja', '02/23/1981', 'female', '', '', 'Nairobi', '07206876543', 'purityKamau2018@gmail.com'),
(2, 'Macmillan Ben ', '06/12/1979', 'male', '', '', '122 Nairobi', '0728367826', 'macben@gmail.com');

-- --------------------------------------------------------

--
-- Table structure for table `terms`
--

CREATE TABLE `terms` (
  `terms_id` int(100) NOT NULL,
  `term_number` int(5) NOT NULL,
  `name` varchar(100) NOT NULL
) ENGINE=InnoDB DEFAULT CHARSET=latin1;

--
-- Dumping data for table `terms`
--

INSERT INTO `terms` (`terms_id`, `term_number`, `name`) VALUES
(1, 1, 'One'),
(2, 2, 'Two'),
(3, 3, 'Three');

-- --------------------------------------------------------

--
-- Table structure for table `transport`
--

CREATE TABLE `transport` (
  `transport_id` int(11) NOT NULL,
  `route_name` longtext COLLATE utf8_unicode_ci NOT NULL,
  `number_of_vehicle` longtext COLLATE utf8_unicode_ci NOT NULL,
  `description` longtext COLLATE utf8_unicode_ci NOT NULL,
  `route_fare` longtext COLLATE utf8_unicode_ci NOT NULL
) ENGINE=MyISAM DEFAULT CHARSET=utf8 COLLATE=utf8_unicode_ci;

--
-- Dumping data for table `transport`
--

INSERT INTO `transport` (`transport_id`, `route_name`, `number_of_vehicle`, `description`, `route_fare`) VALUES
(1, 'Ngong-Kiserian', '2', 'Term Payment', '7500');

-- --------------------------------------------------------

--
-- Table structure for table `user`
--

CREATE TABLE `user` (
  `user_id` int(100) NOT NULL,
  `firstname` varchar(50) COLLATE utf8_unicode_ci NOT NULL,
  `lastname` varchar(50) COLLATE utf8_unicode_ci NOT NULL,
  `email` varchar(100) COLLATE utf8_unicode_ci NOT NULL,
  `password` varchar(100) COLLATE utf8_unicode_ci NOT NULL,
  `phone` varchar(20) COLLATE utf8_unicode_ci NOT NULL,
  `login_type_id` tinyint(10) NOT NULL,
  `type_table_id` tinyint(100) NOT NULL,
  `profile_id` tinyint(5) NOT NULL,
  `auth` tinyint(5) NOT NULL
) ENGINE=InnoDB DEFAULT CHARSET=utf8 COLLATE=utf8_unicode_ci;

--
-- Dumping data for table `user`
--

INSERT INTO `user` (`user_id`, `firstname`, `lastname`, `email`, `password`, `phone`, `login_type_id`, `type_table_id`, `profile_id`, `auth`) VALUES
(1, 'Nicodemus', 'Karisa', 'nkmwambs@gmail.com', 'compassion12', '254711808071', 1, 1, 1, 1),
(2, 'Betty', 'Kanze', 'betty.kanze@gmail.com', 'compassion12', '254711808071', 1, 2, 1, 1);

--
-- Indexes for dumped tables
--

--
-- Indexes for table `accounts`
--
ALTER TABLE `accounts`
  ADD PRIMARY KEY (`accounts_id`);

--
-- Indexes for table `activity`
--
ALTER TABLE `activity`
  ADD PRIMARY KEY (`activity_id`);

--
-- Indexes for table `activity_attendance`
--
ALTER TABLE `activity_attendance`
  ADD PRIMARY KEY (`activity_attendance_id`);

--
-- Indexes for table `admin`
--
ALTER TABLE `admin`
  ADD PRIMARY KEY (`admin_id`);

--
-- Indexes for table `attendance`
--
ALTER TABLE `attendance`
  ADD PRIMARY KEY (`attendance_id`);

--
-- Indexes for table `book`
--
ALTER TABLE `book`
  ADD PRIMARY KEY (`book_id`);

--
-- Indexes for table `budget`
--
ALTER TABLE `budget`
  ADD PRIMARY KEY (`budget_id`);

--
-- Indexes for table `budget_schedule`
--
ALTER TABLE `budget_schedule`
  ADD PRIMARY KEY (`budget_schedule_id`);

--
-- Indexes for table `caregiver`
--
ALTER TABLE `caregiver`
  ADD PRIMARY KEY (`caregiver_id`);

--
-- Indexes for table `cashbook`
--
ALTER TABLE `cashbook`
  ADD PRIMARY KEY (`cashbook_id`);

--
-- Indexes for table `ci_sessions`
--
ALTER TABLE `ci_sessions`
  ADD PRIMARY KEY (`id`),
  ADD KEY `ci_sessions_timestamp` (`timestamp`);

--
-- Indexes for table `class`
--
ALTER TABLE `class`
  ADD PRIMARY KEY (`class_id`);

--
-- Indexes for table `class_routine`
--
ALTER TABLE `class_routine`
  ADD PRIMARY KEY (`class_routine_id`);

--
-- Indexes for table `class_routine_attendance`
--
ALTER TABLE `class_routine_attendance`
  ADD PRIMARY KEY (`class_routine_attendance_id`);

--
-- Indexes for table `crud`
--
ALTER TABLE `crud`
  ADD PRIMARY KEY (`crud_id`);

--
-- Indexes for table `document`
--
ALTER TABLE `document`
  ADD PRIMARY KEY (`document_id`);

--
-- Indexes for table `dormitory`
--
ALTER TABLE `dormitory`
  ADD PRIMARY KEY (`dormitory_id`);

--
-- Indexes for table `exam`
--
ALTER TABLE `exam`
  ADD PRIMARY KEY (`exam_id`);

--
-- Indexes for table `expense`
--
ALTER TABLE `expense`
  ADD PRIMARY KEY (`expense_id`);

--
-- Indexes for table `expense_category`
--
ALTER TABLE `expense_category`
  ADD PRIMARY KEY (`expense_category_id`);

--
-- Indexes for table `expense_details`
--
ALTER TABLE `expense_details`
  ADD PRIMARY KEY (`expense_details_id`);

--
-- Indexes for table `fees_structure`
--
ALTER TABLE `fees_structure`
  ADD PRIMARY KEY (`fees_id`);

--
-- Indexes for table `fees_structure_details`
--
ALTER TABLE `fees_structure_details`
  ADD PRIMARY KEY (`detail_id`);

--
-- Indexes for table `grade`
--
ALTER TABLE `grade`
  ADD PRIMARY KEY (`grade_id`);

--
-- Indexes for table `income`
--
ALTER TABLE `income`
  ADD PRIMARY KEY (`income_id`);

--
-- Indexes for table `income_categories`
--
ALTER TABLE `income_categories`
  ADD PRIMARY KEY (`income_category_id`);

--
-- Indexes for table `income_details`
--
ALTER TABLE `income_details`
  ADD PRIMARY KEY (`income_details_id`);

--
-- Indexes for table `invoice`
--
ALTER TABLE `invoice`
  ADD PRIMARY KEY (`invoice_id`);

--
-- Indexes for table `invoice_details`
--
ALTER TABLE `invoice_details`
  ADD PRIMARY KEY (`invoice_details_id`);

--
-- Indexes for table `language`
--
ALTER TABLE `language`
  ADD PRIMARY KEY (`phrase_id`);

--
-- Indexes for table `login_type`
--
ALTER TABLE `login_type`
  ADD PRIMARY KEY (`login_type_id`);

--
-- Indexes for table `mark`
--
ALTER TABLE `mark`
  ADD PRIMARY KEY (`mark_id`);

--
-- Indexes for table `message`
--
ALTER TABLE `message`
  ADD PRIMARY KEY (`message_id`);

--
-- Indexes for table `message_thread`
--
ALTER TABLE `message_thread`
  ADD PRIMARY KEY (`message_thread_id`);

--
-- Indexes for table `noticeboard`
--
ALTER TABLE `noticeboard`
  ADD PRIMARY KEY (`notice_id`);

--
-- Indexes for table `opening_balance`
--
ALTER TABLE `opening_balance`
  ADD PRIMARY KEY (`opening_balance_id`);

--
-- Indexes for table `overpay`
--
ALTER TABLE `overpay`
  ADD PRIMARY KEY (`overpay_id`);

--
-- Indexes for table `parent`
--
ALTER TABLE `parent`
  ADD PRIMARY KEY (`parent_id`);

--
-- Indexes for table `payment`
--
ALTER TABLE `payment`
  ADD PRIMARY KEY (`payment_id`);

--
-- Indexes for table `relationship`
--
ALTER TABLE `relationship`
  ADD PRIMARY KEY (`relationship_id`);

--
-- Indexes for table `section`
--
ALTER TABLE `section`
  ADD PRIMARY KEY (`section_id`);

--
-- Indexes for table `settings`
--
ALTER TABLE `settings`
  ADD PRIMARY KEY (`settings_id`);

--
-- Indexes for table `student`
--
ALTER TABLE `student`
  ADD PRIMARY KEY (`student_id`);

--
-- Indexes for table `subject`
--
ALTER TABLE `subject`
  ADD PRIMARY KEY (`subject_id`);

--
-- Indexes for table `teacher`
--
ALTER TABLE `teacher`
  ADD PRIMARY KEY (`teacher_id`);

--
-- Indexes for table `terms`
--
ALTER TABLE `terms`
  ADD PRIMARY KEY (`terms_id`);

--
-- Indexes for table `transport`
--
ALTER TABLE `transport`
  ADD PRIMARY KEY (`transport_id`);

--
-- Indexes for table `user`
--
ALTER TABLE `user`
  ADD PRIMARY KEY (`user_id`);

--
-- AUTO_INCREMENT for dumped tables
--

--
-- AUTO_INCREMENT for table `accounts`
--
ALTER TABLE `accounts`
  MODIFY `accounts_id` int(10) NOT NULL AUTO_INCREMENT, AUTO_INCREMENT=3;

--
-- AUTO_INCREMENT for table `activity`
--
ALTER TABLE `activity`
  MODIFY `activity_id` int(100) NOT NULL AUTO_INCREMENT, AUTO_INCREMENT=9;

--
-- AUTO_INCREMENT for table `activity_attendance`
--
ALTER TABLE `activity_attendance`
  MODIFY `activity_attendance_id` int(100) NOT NULL AUTO_INCREMENT, AUTO_INCREMENT=30;

--
-- AUTO_INCREMENT for table `admin`
--
ALTER TABLE `admin`
  MODIFY `admin_id` int(11) NOT NULL AUTO_INCREMENT, AUTO_INCREMENT=5;

--
-- AUTO_INCREMENT for table `attendance`
--
ALTER TABLE `attendance`
  MODIFY `attendance_id` int(11) NOT NULL AUTO_INCREMENT, AUTO_INCREMENT=10;

--
-- AUTO_INCREMENT for table `book`
--
ALTER TABLE `book`
  MODIFY `book_id` int(11) NOT NULL AUTO_INCREMENT;

--
-- AUTO_INCREMENT for table `budget`
--
ALTER TABLE `budget`
  MODIFY `budget_id` int(100) NOT NULL AUTO_INCREMENT, AUTO_INCREMENT=9;

--
-- AUTO_INCREMENT for table `budget_schedule`
--
ALTER TABLE `budget_schedule`
  MODIFY `budget_schedule_id` int(100) NOT NULL AUTO_INCREMENT, AUTO_INCREMENT=97;

--
-- AUTO_INCREMENT for table `caregiver`
--
ALTER TABLE `caregiver`
  MODIFY `caregiver_id` int(100) NOT NULL AUTO_INCREMENT, AUTO_INCREMENT=28;

--
-- AUTO_INCREMENT for table `cashbook`
--
ALTER TABLE `cashbook`
  MODIFY `cashbook_id` int(200) NOT NULL AUTO_INCREMENT, AUTO_INCREMENT=41;

--
-- AUTO_INCREMENT for table `class`
--
ALTER TABLE `class`
  MODIFY `class_id` int(11) NOT NULL AUTO_INCREMENT, AUTO_INCREMENT=5;

--
-- AUTO_INCREMENT for table `class_routine`
--
ALTER TABLE `class_routine`
  MODIFY `class_routine_id` int(11) NOT NULL AUTO_INCREMENT, AUTO_INCREMENT=12;

--
-- AUTO_INCREMENT for table `class_routine_attendance`
--
ALTER TABLE `class_routine_attendance`
  MODIFY `class_routine_attendance_id` int(100) NOT NULL AUTO_INCREMENT, AUTO_INCREMENT=14;

--
-- AUTO_INCREMENT for table `crud`
--
ALTER TABLE `crud`
  MODIFY `crud_id` int(100) NOT NULL AUTO_INCREMENT, AUTO_INCREMENT=101;

--
-- AUTO_INCREMENT for table `document`
--
ALTER TABLE `document`
  MODIFY `document_id` int(11) NOT NULL AUTO_INCREMENT;

--
-- AUTO_INCREMENT for table `dormitory`
--
ALTER TABLE `dormitory`
  MODIFY `dormitory_id` int(11) NOT NULL AUTO_INCREMENT;

--
-- AUTO_INCREMENT for table `exam`
--
ALTER TABLE `exam`
  MODIFY `exam_id` int(11) NOT NULL AUTO_INCREMENT, AUTO_INCREMENT=2;

--
-- AUTO_INCREMENT for table `expense`
--
ALTER TABLE `expense`
  MODIFY `expense_id` int(200) NOT NULL AUTO_INCREMENT, AUTO_INCREMENT=2;

--
-- AUTO_INCREMENT for table `expense_category`
--
ALTER TABLE `expense_category`
  MODIFY `expense_category_id` int(11) NOT NULL AUTO_INCREMENT, AUTO_INCREMENT=6;

--
-- AUTO_INCREMENT for table `expense_details`
--
ALTER TABLE `expense_details`
  MODIFY `expense_details_id` int(200) NOT NULL AUTO_INCREMENT, AUTO_INCREMENT=31;

--
-- AUTO_INCREMENT for table `fees_structure`
--
ALTER TABLE `fees_structure`
  MODIFY `fees_id` int(10) NOT NULL AUTO_INCREMENT, AUTO_INCREMENT=12;

--
-- AUTO_INCREMENT for table `fees_structure_details`
--
ALTER TABLE `fees_structure_details`
  MODIFY `detail_id` int(10) NOT NULL AUTO_INCREMENT, AUTO_INCREMENT=30;

--
-- AUTO_INCREMENT for table `grade`
--
ALTER TABLE `grade`
  MODIFY `grade_id` int(11) NOT NULL AUTO_INCREMENT, AUTO_INCREMENT=4;

--
-- AUTO_INCREMENT for table `income`
--
ALTER TABLE `income`
  MODIFY `income_id` int(100) NOT NULL AUTO_INCREMENT, AUTO_INCREMENT=3;

--
-- AUTO_INCREMENT for table `income_categories`
--
ALTER TABLE `income_categories`
  MODIFY `income_category_id` int(100) NOT NULL AUTO_INCREMENT, AUTO_INCREMENT=7;

--
-- AUTO_INCREMENT for table `income_details`
--
ALTER TABLE `income_details`
  MODIFY `income_details_id` int(200) NOT NULL AUTO_INCREMENT, AUTO_INCREMENT=3;

--
-- AUTO_INCREMENT for table `invoice`
--
ALTER TABLE `invoice`
  MODIFY `invoice_id` int(11) NOT NULL AUTO_INCREMENT, AUTO_INCREMENT=22;

--
-- AUTO_INCREMENT for table `invoice_details`
--
ALTER TABLE `invoice_details`
  MODIFY `invoice_details_id` int(200) NOT NULL AUTO_INCREMENT, AUTO_INCREMENT=80;

--
-- AUTO_INCREMENT for table `language`
--
ALTER TABLE `language`
  MODIFY `phrase_id` int(11) NOT NULL AUTO_INCREMENT, AUTO_INCREMENT=661;

--
-- AUTO_INCREMENT for table `login_type`
--
ALTER TABLE `login_type`
  MODIFY `login_type_id` int(100) NOT NULL AUTO_INCREMENT, AUTO_INCREMENT=5;

--
-- AUTO_INCREMENT for table `mark`
--
ALTER TABLE `mark`
  MODIFY `mark_id` int(11) NOT NULL AUTO_INCREMENT, AUTO_INCREMENT=12;

--
-- AUTO_INCREMENT for table `message`
--
ALTER TABLE `message`
  MODIFY `message_id` int(11) NOT NULL AUTO_INCREMENT, AUTO_INCREMENT=2;

--
-- AUTO_INCREMENT for table `message_thread`
--
ALTER TABLE `message_thread`
  MODIFY `message_thread_id` int(11) NOT NULL AUTO_INCREMENT, AUTO_INCREMENT=2;

--
-- AUTO_INCREMENT for table `noticeboard`
--
ALTER TABLE `noticeboard`
  MODIFY `notice_id` int(11) NOT NULL AUTO_INCREMENT, AUTO_INCREMENT=2;

--
-- AUTO_INCREMENT for table `opening_balance`
--
ALTER TABLE `opening_balance`
  MODIFY `opening_balance_id` int(50) NOT NULL AUTO_INCREMENT, AUTO_INCREMENT=2;

--
-- AUTO_INCREMENT for table `overpay`
--
ALTER TABLE `overpay`
  MODIFY `overpay_id` int(100) NOT NULL AUTO_INCREMENT, AUTO_INCREMENT=5;

--
-- AUTO_INCREMENT for table `parent`
--
ALTER TABLE `parent`
  MODIFY `parent_id` int(11) NOT NULL AUTO_INCREMENT, AUTO_INCREMENT=9;

--
-- AUTO_INCREMENT for table `payment`
--
ALTER TABLE `payment`
  MODIFY `payment_id` int(11) NOT NULL AUTO_INCREMENT, AUTO_INCREMENT=34;

--
-- AUTO_INCREMENT for table `relationship`
--
ALTER TABLE `relationship`
  MODIFY `relationship_id` int(100) NOT NULL AUTO_INCREMENT, AUTO_INCREMENT=7;

--
-- AUTO_INCREMENT for table `section`
--
ALTER TABLE `section`
  MODIFY `section_id` int(11) NOT NULL AUTO_INCREMENT, AUTO_INCREMENT=6;

--
-- AUTO_INCREMENT for table `settings`
--
ALTER TABLE `settings`
  MODIFY `settings_id` int(11) NOT NULL AUTO_INCREMENT, AUTO_INCREMENT=22;

--
-- AUTO_INCREMENT for table `student`
--
ALTER TABLE `student`
  MODIFY `student_id` int(11) NOT NULL AUTO_INCREMENT, AUTO_INCREMENT=16;

--
-- AUTO_INCREMENT for table `subject`
--
ALTER TABLE `subject`
  MODIFY `subject_id` int(11) NOT NULL AUTO_INCREMENT, AUTO_INCREMENT=8;

--
-- AUTO_INCREMENT for table `teacher`
--
ALTER TABLE `teacher`
  MODIFY `teacher_id` int(11) NOT NULL AUTO_INCREMENT, AUTO_INCREMENT=3;

--
-- AUTO_INCREMENT for table `terms`
--
ALTER TABLE `terms`
  MODIFY `terms_id` int(100) NOT NULL AUTO_INCREMENT, AUTO_INCREMENT=4;

--
-- AUTO_INCREMENT for table `transport`
--
ALTER TABLE `transport`
  MODIFY `transport_id` int(11) NOT NULL AUTO_INCREMENT, AUTO_INCREMENT=2;

--
-- AUTO_INCREMENT for table `user`
--
ALTER TABLE `user`
  MODIFY `user_id` int(100) NOT NULL AUTO_INCREMENT, AUTO_INCREMENT=3;
COMMIT;

/*!40101 SET CHARACTER_SET_CLIENT=@OLD_CHARACTER_SET_CLIENT */;
/*!40101 SET CHARACTER_SET_RESULTS=@OLD_CHARACTER_SET_RESULTS */;
/*!40101 SET COLLATION_CONNECTION=@OLD_COLLATION_CONNECTION */;
