-- Adminer 4.6.3 MySQL dump

SET NAMES utf8;
SET time_zone = '+00:00';
SET foreign_key_checks = 0;
SET sql_mode = 'NO_AUTO_VALUE_ON_ZERO';

CREATE TABLE `access` (
  `access_id` int(100) NOT NULL AUTO_INCREMENT,
  `entitlement_id` int(100) NOT NULL,
  `profile_id` int(100) NOT NULL,
  PRIMARY KEY (`access_id`),
  KEY `entitlement_id` (`entitlement_id`),
  KEY `profile_id` (`profile_id`),
  CONSTRAINT `access_ibfk_1` FOREIGN KEY (`entitlement_id`) REFERENCES `entitlement` (`entitlement_id`),
  CONSTRAINT `access_ibfk_2` FOREIGN KEY (`profile_id`) REFERENCES `profile` (`profile_id`)
) ENGINE=InnoDB DEFAULT CHARSET=latin1;

INSERT INTO `access` (`access_id`, `entitlement_id`, `profile_id`) VALUES
(231,	262,	1),
(232,	298,	1),
(233,	299,	1),
(234,	300,	1),
(235,	301,	1),
(236,	302,	1),
(237,	303,	1),
(238,	304,	1),
(239,	305,	1),
(240,	306,	1),
(241,	307,	1),
(242,	308,	1),
(243,	309,	1),
(244,	310,	1),
(245,	311,	1),
(246,	312,	1),
(247,	313,	1),
(248,	314,	1),
(249,	315,	1),
(251,	263,	1),
(252,	264,	1),
(253,	265,	1),
(254,	267,	1),
(255,	266,	1),
(256,	268,	1),
(257,	269,	1),
(258,	270,	1),
(259,	271,	1),
(260,	272,	1),
(261,	282,	1),
(262,	281,	1),
(263,	280,	1),
(264,	279,	1),
(268,	275,	1),
(269,	274,	1),
(270,	273,	1),
(271,	283,	1),
(272,	284,	1),
(273,	285,	1),
(274,	286,	1),
(275,	287,	1),
(276,	288,	1),
(277,	289,	1),
(278,	290,	1),
(279,	291,	1),
(280,	292,	1),
(281,	293,	1),
(282,	294,	1),
(283,	295,	1),
(284,	296,	1),
(285,	297,	1),
(286,	336,	1),
(287,	335,	1),
(288,	334,	1),
(289,	333,	1),
(290,	332,	1),
(291,	325,	1),
(292,	324,	1),
(293,	323,	1),
(294,	322,	1),
(295,	321,	1),
(296,	320,	1),
(297,	319,	1),
(298,	318,	1),
(299,	317,	1),
(300,	331,	1),
(301,	330,	1),
(302,	329,	1),
(303,	328,	1),
(304,	327,	1),
(305,	326,	1),
(306,	340,	1),
(307,	339,	1),
(308,	338,	1),
(309,	345,	1),
(310,	344,	1),
(311,	343,	1),
(312,	342,	1),
(313,	341,	1),
(314,	337,	1),
(315,	277,	1),
(316,	278,	1),
(317,	276,	1),
(318,	350,	1),
(319,	316,	1),
(320,	349,	1),
(321,	348,	1),
(322,	346,	1),
(323,	347,	1),
(324,	353,	1),
(325,	352,	1),
(326,	351,	1),
(327,	355,	1),
(328,	356,	1),
(329,	357,	1),
(330,	358,	1),
(331,	359,	1),
(332,	360,	1),
(333,	361,	1),
(334,	363,	1),
(335,	362,	1),
(336,	354,	1),
(337,	366,	1),
(338,	365,	1),
(339,	364,	1),
(340,	367,	1),
(341,	368,	1),
(342,	369,	1);

CREATE TABLE `accounts` (
  `accounts_id` int(10) NOT NULL AUTO_INCREMENT,
  `numeric_code` int(10) NOT NULL,
  `name` varchar(20) NOT NULL,
  `opening_balance` decimal(10,2) NOT NULL,
  `opening_date` date DEFAULT NULL,
  PRIMARY KEY (`accounts_id`)
) ENGINE=InnoDB DEFAULT CHARSET=latin1;

INSERT INTO `accounts` (`accounts_id`, `numeric_code`, `name`, `opening_balance`, `opening_date`) VALUES
(1,	1,	'cash',	16200.00,	'2019-05-01'),
(2,	2,	'bank',	382240.95,	'2019-05-01');

CREATE TABLE `activity` (
  `activity_id` int(100) NOT NULL AUTO_INCREMENT,
  `name` varchar(20) NOT NULL,
  `description` varchar(100) NOT NULL,
  `start_date` date NOT NULL,
  `end_date` date NOT NULL,
  `stmp` timestamp NOT NULL DEFAULT CURRENT_TIMESTAMP ON UPDATE CURRENT_TIMESTAMP,
  PRIMARY KEY (`activity_id`)
) ENGINE=InnoDB DEFAULT CHARSET=latin1;

INSERT INTO `activity` (`activity_id`, `name`, `description`, `start_date`, `end_date`, `stmp`) VALUES
(1,	'Prize giving day',	'Prize giving day',	'2019-06-28',	'2019-06-28',	'2019-06-25 19:59:07');

CREATE TABLE `activity_attendance` (
  `activity_attendance_id` int(100) NOT NULL AUTO_INCREMENT,
  `activity_id` int(100) NOT NULL,
  `parent_id` int(11) NOT NULL,
  `expected` tinyint(5) NOT NULL,
  `attendance` int(5) NOT NULL COMMENT '0=Absent,1=Not Attending, 2=Attended',
  PRIMARY KEY (`activity_attendance_id`),
  KEY `activity_id` (`activity_id`),
  KEY `parent_id` (`parent_id`),
  CONSTRAINT `activity_attendance_ibfk_1` FOREIGN KEY (`activity_id`) REFERENCES `activity` (`activity_id`),
  CONSTRAINT `activity_attendance_ibfk_2` FOREIGN KEY (`activity_id`) REFERENCES `activity` (`activity_id`),
  CONSTRAINT `activity_attendance_ibfk_3` FOREIGN KEY (`parent_id`) REFERENCES `parent` (`parent_id`)
) ENGINE=InnoDB DEFAULT CHARSET=latin1;


CREATE TABLE `admin` (
  `admin_id` int(11) NOT NULL AUTO_INCREMENT,
  `name` longtext COLLATE utf8_unicode_ci NOT NULL,
  `email` varchar(100) COLLATE utf8_unicode_ci NOT NULL,
  `birthday` longtext COLLATE utf8_unicode_ci NOT NULL,
  `sex` longtext COLLATE utf8_unicode_ci NOT NULL,
  `phone` longtext COLLATE utf8_unicode_ci NOT NULL,
  `level` longtext COLLATE utf8_unicode_ci NOT NULL,
  `is_approver` int(5) NOT NULL DEFAULT '0',
  PRIMARY KEY (`admin_id`),
  UNIQUE KEY `email` (`email`)
) ENGINE=InnoDB DEFAULT CHARSET=utf8 COLLATE=utf8_unicode_ci;

INSERT INTO `admin` (`admin_id`, `name`, `email`, `birthday`, `sex`, `phone`, `level`, `is_approver`) VALUES
(1,	'Samuel Saiyorri',	'grcnamelok@gmail.com',	'05/08/1979',	'male',	'0728803985',	'super',	1),
(2,	'Stanley Mpelesi',	'stankipasi@gmail.com',	'02/14/1989',	'male',	'0722541945',	'super',	0),
(3,	'Judith Mwololo',	'judithmbaika1976@yahoo.com',	'06/12/1990',	'female',	'0723100130',	'super',	0),
(4,	'Benson Morinke',	'kmorinke@yahoo.com',	'01/01/1979',	'male',	'+17144680105',	'super',	1),
(5,	'Steve Morinke',	'stephenmorinke@yahoo.com',	'02/01/1974',	'male',	'0722921686',	'super',	1),
(6,	'Henry Kopirato',	'kopiratohenry@gmail.com',	'',	'male',	'0725517573',	'super',	0),
(7,	'Nicodemus Karisa',	'nkmwambs@gmail.com',	'12/22/1983',	'male',	'0711808071',	'super',	1),
(8,	'Mary Kai',	'marykai2019@gmail.com',	'02/04/2009',	'female',	'0711786543',	'super',	0),
(14,	'Thethe Mae',	'nk@gmail.com',	'2009-07-13',	'male',	'0711',	'manager',	0),
(15,	'Testing',	'n@gmail.com',	'2019-07-08',	'female',	'088',	'manager',	0),
(16,	'Victor',	'as@gmail.com',	'2019-07-03',	'male',	'888',	'manager',	0),
(17,	'Karisa Mwambire',	'mwambire2019@gmail.com',	'1999-06-21',	'male',	'0711202081',	'manager',	0);

CREATE TABLE `app` (
  `app_id` int(100) NOT NULL AUTO_INCREMENT,
  `app_name` varchar(20) NOT NULL,
  PRIMARY KEY (`app_id`)
) ENGINE=InnoDB DEFAULT CHARSET=latin1;

INSERT INTO `app` (`app_id`, `app_name`) VALUES
(1,	'default'),
(2,	'schoolapp');

CREATE TABLE `approval` (
  `approval_id` int(100) NOT NULL AUTO_INCREMENT,
  `affected_table_name` varchar(50) NOT NULL,
  `affected_record_id` int(100) NOT NULL,
  `affected_table_field` varchar(50) NOT NULL,
  `affected_table_field_value` varchar(20) NOT NULL,
  `action_to_approve` varchar(20) NOT NULL,
  `approval_detail` longtext NOT NULL,
  `approval_status` int(11) NOT NULL DEFAULT '0' COMMENT '0=new,1=approved,2=effected',
  `createdby` int(100) NOT NULL,
  `lastmodifiedby` int(100) NOT NULL,
  `createddate` date NOT NULL,
  `lastmodifieddate` timestamp NOT NULL DEFAULT CURRENT_TIMESTAMP ON UPDATE CURRENT_TIMESTAMP,
  PRIMARY KEY (`approval_id`)
) ENGINE=InnoDB DEFAULT CHARSET=latin1;

INSERT INTO `approval` (`approval_id`, `affected_table_name`, `affected_record_id`, `affected_table_field`, `affected_table_field_value`, `action_to_approve`, `approval_detail`, `approval_status`, `createdby`, `lastmodifiedby`, `createddate`, `lastmodifieddate`) VALUES
(8,	'transaction',	14,	'is_cancelled',	'1',	'reverse_transaction',	'Kindly approve the reversal of the record with details below:<br/>Transaction Date: 1st May 2019<br/>Transaction Type: Income<br/>Transaction Method: Bank<br/>Batch Number: 190514<br/>Payee: <br/>Description: School fees<br/>Amount: 9,000.00<br/>Originator: Stanley<br/>',	2,	8,	8,	'2019-05-29',	'2019-05-29 13:19:29');

CREATE TABLE `approval_request` (
  `approval_request_id` int(100) NOT NULL AUTO_INCREMENT,
  `record_type_id` int(100) NOT NULL COMMENT 'Table that originates the request e.g. Invoice',
  `record_type_primary_id` int(100) NOT NULL,
  `request_type_id` int(100) NOT NULL COMMENT '1-Create, 2-Update, 3-Delete, 4- Reverse/ Cancel, 5 - Reinstate',
  `status` int(5) NOT NULL DEFAULT '0' COMMENT '0-new,1-approved,2-declined,3-reinstated, 4-implemented',
  `created_date` date NOT NULL,
  `last_modified_date` timestamp NOT NULL DEFAULT CURRENT_TIMESTAMP ON UPDATE CURRENT_TIMESTAMP,
  `created_by` int(100) NOT NULL,
  `last_modified_by` int(100) NOT NULL,
  `approved_by` int(100) NOT NULL,
  PRIMARY KEY (`approval_request_id`),
  KEY `record_type_id` (`record_type_id`),
  KEY `request_type_id` (`request_type_id`),
  CONSTRAINT `approval_request_ibfk_1` FOREIGN KEY (`record_type_id`) REFERENCES `record_type` (`record_type_id`),
  CONSTRAINT `approval_request_ibfk_2` FOREIGN KEY (`request_type_id`) REFERENCES `request_type` (`request_type_id`)
) ENGINE=InnoDB DEFAULT CHARSET=latin1;

INSERT INTO `approval_request` (`approval_request_id`, `record_type_id`, `record_type_primary_id`, `request_type_id`, `status`, `created_date`, `last_modified_date`, `created_by`, `last_modified_by`, `approved_by`) VALUES
(1,	1,	399,	4,	4,	'2019-07-25',	'2019-07-26 12:00:50',	1,	1,	1),
(2,	1,	407,	4,	1,	'2019-07-26',	'2019-07-25 21:00:00',	1,	1,	1),
(3,	1,	402,	4,	4,	'2019-07-26',	'2019-07-26 10:44:44',	1,	1,	1),
(4,	1,	405,	4,	4,	'2019-07-26',	'2019-07-26 12:01:08',	1,	1,	1),
(5,	1,	400,	4,	2,	'2019-07-26',	'2019-07-25 21:00:00',	1,	1,	1),
(6,	1,	397,	4,	1,	'2019-07-26',	'2019-07-25 21:00:00',	1,	1,	1),
(7,	1,	403,	2,	4,	'2019-07-26',	'2019-07-26 11:53:46',	1,	1,	1),
(8,	1,	401,	2,	4,	'2019-07-26',	'2019-07-26 11:55:20',	1,	1,	1),
(11,	1,	396,	4,	2,	'2019-07-26',	'2019-07-25 21:00:00',	1,	1,	1),
(12,	1,	406,	4,	1,	'2019-07-26',	'2019-07-25 21:00:00',	1,	1,	1),
(13,	1,	408,	2,	1,	'2019-07-26',	'2019-07-25 21:00:00',	1,	1,	1),
(14,	1,	407,	5,	1,	'2019-07-26',	'2019-07-25 21:00:00',	1,	1,	1);

CREATE TABLE `approval_request_messaging` (
  `approval_request_messaging_id` int(100) NOT NULL AUTO_INCREMENT,
  `approval_request_id` int(100) NOT NULL,
  `sender_id` int(100) NOT NULL,
  `recipient_id` int(100) NOT NULL,
  `message` longtext NOT NULL,
  `created_date` date NOT NULL,
  `last_modified_date` timestamp NOT NULL DEFAULT CURRENT_TIMESTAMP ON UPDATE CURRENT_TIMESTAMP,
  PRIMARY KEY (`approval_request_messaging_id`),
  KEY `approval_request_id` (`approval_request_id`),
  CONSTRAINT `approval_request_messaging_ibfk_1` FOREIGN KEY (`approval_request_id`) REFERENCES `approval_request` (`approval_request_id`)
) ENGINE=InnoDB DEFAULT CHARSET=latin1;

INSERT INTO `approval_request_messaging` (`approval_request_messaging_id`, `approval_request_id`, `sender_id`, `recipient_id`, `message`, `created_date`, `last_modified_date`) VALUES
(1,	5,	1,	0,	'This is a test message',	'2019-07-26',	'2019-07-26 06:50:10'),
(2,	5,	9,	1,	'Lorem Ipsum is simply dummy text of the printing and typesetting industry. Lorem Ipsum has been the industry\'s standard dummy text ever since the 1500s, when an unknown printer took a galley of type and scrambled it to make a type specimen book. It has survived not only five centuries, but also the leap into electronic typesetting, remaining essentially unchanged. It was popularised in the 1960s with the release of Letraset sheets containing Lorem Ipsum passages, and more recently with desktop publishing software like Aldus PageMaker including versions of Lorem Ipsum.',	'2019-07-26',	'2019-07-26 06:52:01'),
(3,	5,	1,	0,	'Well understood',	'2019-07-26',	'2019-07-26 07:06:08'),
(4,	5,	1,	0,	'It is a long established fact that a reader will be distracted by the readable content of a page when looking at its layout. The point of using Lorem Ipsum is that it has a more-or-less normal distribution of letters, as opposed to using \'Content here, content here\', making it look like readable English. Many desktop publishing packages and web page editors now use Lorem Ipsum as their default model text, and a search for \'lorem ipsum\' will uncover many web sites still in their infancy. Various versions have evolved over the years, sometimes by accident, sometimes on purpose (injected humour and the like).',	'2019-07-26',	'2019-07-26 07:08:42'),
(5,	5,	1,	0,	'Approved. Go ahead.',	'2019-07-26',	'2019-07-26 07:40:56'),
(6,	5,	1,	0,	'Test approval',	'2019-07-26',	'2019-07-26 07:44:43'),
(7,	5,	1,	0,	'Approved erroneously',	'2019-07-26',	'2019-07-26 07:55:36'),
(8,	4,	1,	0,	'Just a note',	'2019-07-26',	'2019-07-26 08:03:21'),
(9,	1,	1,	0,	'Note this as well',	'2019-07-26',	'2019-07-26 08:03:59'),
(10,	6,	1,	0,	'Testing to cancel',	'2019-07-26',	'2019-07-26 10:17:08'),
(11,	7,	1,	0,	'We need to edit this item',	'2019-07-26',	'2019-07-26 10:20:33'),
(12,	7,	1,	0,	'There are many variations of passages of Lorem Ipsum available, but the majority have suffered alteration in some form, by injected humour, or randomised words which don\'t look even slightly believable. If you are going to use a passage of Lorem Ipsum, you need to be sure there isn\'t anything embarrassing hidden in the middle of text. All the Lorem Ipsum generators on the Internet tend to repeat predefined chunks as necessary, making this the first true generator on the Internet. It uses a dictionary of over 200 Latin words, combined with a handful of model sentence structures, to generate Lorem Ipsum which looks reasonable. The generated Lorem Ipsum is therefore always free from repetition, injected humour, or non-characteristic words etc.',	'2019-07-26',	'2019-07-26 10:22:09'),
(13,	8,	1,	0,	'The student fees has increased',	'2019-07-26',	'2019-07-26 11:54:15'),
(14,	8,	1,	0,	'Approved',	'2019-07-26',	'2019-07-26 11:54:58'),
(16,	11,	1,	0,	'This a test to approval lib',	'2019-07-26',	'2019-07-26 15:50:50'),
(17,	12,	1,	0,	'Another elevated test',	'2019-07-26',	'2019-07-26 15:51:12'),
(18,	13,	1,	0,	'Test edit elevated',	'2019-07-26',	'2019-07-26 15:57:20'),
(19,	6,	1,	0,	'Approved',	'2019-07-26',	'2019-07-26 16:27:29'),
(20,	6,	1,	0,	'Approved',	'2019-07-26',	'2019-07-26 16:28:13'),
(21,	6,	1,	0,	'Test approval',	'2019-07-26',	'2019-07-26 16:29:21'),
(22,	6,	1,	0,	'Again',	'2019-07-26',	'2019-07-26 16:30:17'),
(23,	11,	1,	0,	'Approved',	'2019-07-26',	'2019-07-26 16:31:47'),
(24,	13,	1,	0,	'Test',	'2019-07-26',	'2019-07-26 16:33:17'),
(25,	13,	1,	0,	'Hello',	'2019-07-26',	'2019-07-26 16:34:15'),
(26,	13,	1,	0,	'Hello',	'2019-07-26',	'2019-07-26 16:37:09'),
(27,	12,	1,	0,	'Test',	'2019-07-26',	'2019-07-26 16:37:54'),
(28,	11,	1,	0,	'True',	'2019-07-26',	'2019-07-26 16:38:47'),
(29,	6,	1,	0,	'time',	'2019-07-26',	'2019-07-26 16:39:34'),
(30,	13,	1,	0,	'Noted here',	'2019-07-26',	'2019-07-26 16:40:05'),
(31,	12,	1,	0,	'Approved',	'2019-07-26',	'2019-07-26 16:41:11'),
(32,	13,	1,	0,	'Declined',	'2019-07-26',	'2019-07-26 16:41:29'),
(33,	11,	1,	0,	'Declined here',	'2019-07-26',	'2019-07-26 16:41:57'),
(34,	14,	1,	0,	'Erroneous done',	'2019-07-26',	'2019-07-26 17:37:55');

CREATE TABLE `attendance` (
  `attendance_id` int(11) NOT NULL AUTO_INCREMENT,
  `morning` int(11) NOT NULL COMMENT '0 undefined , 1 present , 2  absent',
  `afternoon` int(11) NOT NULL COMMENT '0 undefined , 1 present , 2  absent',
  `student_id` int(11) NOT NULL,
  `date` date NOT NULL,
  PRIMARY KEY (`attendance_id`),
  KEY `student_id` (`student_id`),
  CONSTRAINT `attendance_ibfk_1` FOREIGN KEY (`student_id`) REFERENCES `student` (`student_id`)
) ENGINE=InnoDB DEFAULT CHARSET=latin1;

INSERT INTO `attendance` (`attendance_id`, `morning`, `afternoon`, `student_id`, `date`) VALUES
(1,	1,	0,	30,	'2019-05-15'),
(2,	1,	0,	31,	'2019-05-15'),
(3,	1,	0,	32,	'2019-05-15'),
(4,	1,	0,	33,	'2019-05-15'),
(5,	1,	0,	34,	'2019-05-15'),
(6,	1,	0,	35,	'2019-05-15'),
(7,	1,	0,	36,	'2019-05-15'),
(8,	1,	0,	37,	'2019-05-15'),
(9,	1,	0,	38,	'2019-05-15'),
(10,	1,	0,	39,	'2019-05-15'),
(11,	1,	0,	40,	'2019-05-15'),
(12,	1,	0,	41,	'2019-05-15'),
(13,	1,	0,	42,	'2019-05-15'),
(14,	1,	0,	43,	'2019-05-15'),
(15,	1,	0,	44,	'2019-05-15'),
(16,	1,	0,	45,	'2019-05-15'),
(17,	1,	0,	46,	'2019-05-15'),
(18,	1,	0,	47,	'2019-05-15'),
(19,	1,	0,	48,	'2019-05-15'),
(20,	1,	0,	49,	'2019-05-15'),
(21,	1,	0,	50,	'2019-05-15'),
(22,	1,	0,	51,	'2019-05-15'),
(23,	1,	0,	52,	'2019-05-15'),
(24,	1,	0,	53,	'2019-05-15'),
(25,	1,	0,	54,	'2019-05-15'),
(26,	1,	0,	55,	'2019-05-15'),
(27,	1,	0,	312,	'2019-05-16'),
(28,	1,	0,	314,	'2019-05-16'),
(29,	1,	0,	316,	'2019-05-16'),
(30,	1,	0,	317,	'2019-05-16'),
(31,	1,	0,	318,	'2019-05-16'),
(32,	1,	0,	319,	'2019-05-16'),
(33,	1,	0,	320,	'2019-05-16'),
(34,	1,	0,	321,	'2019-05-16'),
(35,	1,	0,	322,	'2019-05-16'),
(36,	1,	0,	324,	'2019-05-16'),
(37,	1,	0,	326,	'2019-05-16'),
(38,	1,	0,	327,	'2019-05-16'),
(39,	1,	0,	328,	'2019-05-16'),
(40,	1,	0,	330,	'2019-05-16'),
(41,	1,	0,	333,	'2019-05-16'),
(42,	1,	0,	335,	'2019-05-16'),
(43,	1,	0,	336,	'2019-05-16'),
(44,	1,	0,	338,	'2019-05-16'),
(45,	1,	0,	339,	'2019-05-16'),
(46,	1,	0,	340,	'2019-05-16'),
(47,	1,	0,	341,	'2019-05-16'),
(48,	1,	0,	342,	'2019-05-16'),
(49,	1,	0,	343,	'2019-05-16'),
(50,	1,	0,	344,	'2019-05-16'),
(51,	1,	0,	345,	'2019-05-16'),
(52,	1,	0,	347,	'2019-05-16'),
(53,	1,	0,	348,	'2019-05-16'),
(54,	1,	0,	349,	'2019-05-16'),
(55,	1,	0,	350,	'2019-05-16'),
(56,	1,	0,	351,	'2019-05-16'),
(57,	1,	0,	352,	'2019-05-16'),
(58,	1,	0,	353,	'2019-05-16'),
(59,	1,	0,	354,	'2019-05-16'),
(60,	1,	0,	355,	'2019-05-16'),
(61,	1,	0,	356,	'2019-05-16'),
(62,	1,	0,	357,	'2019-05-16'),
(63,	1,	0,	358,	'2019-05-16'),
(64,	1,	0,	359,	'2019-05-16'),
(65,	1,	0,	360,	'2019-05-16'),
(66,	1,	0,	361,	'2019-05-16'),
(67,	1,	0,	362,	'2019-05-16'),
(68,	1,	0,	363,	'2019-05-16'),
(69,	1,	0,	364,	'2019-05-16'),
(70,	1,	0,	365,	'2019-05-16'),
(71,	1,	0,	372,	'2019-05-16'),
(72,	1,	0,	374,	'2019-05-16'),
(73,	1,	0,	375,	'2019-05-16'),
(74,	1,	0,	376,	'2019-05-16'),
(75,	1,	0,	380,	'2019-05-16'),
(76,	1,	0,	56,	'2019-05-23'),
(77,	1,	0,	57,	'2019-05-23'),
(78,	1,	0,	59,	'2019-05-23'),
(79,	1,	0,	60,	'2019-05-23'),
(80,	1,	0,	61,	'2019-05-23'),
(81,	1,	0,	62,	'2019-05-23'),
(82,	1,	0,	63,	'2019-05-23'),
(83,	1,	0,	64,	'2019-05-23'),
(84,	1,	0,	65,	'2019-05-23'),
(85,	1,	0,	66,	'2019-05-23'),
(86,	1,	0,	67,	'2019-05-23'),
(87,	1,	0,	68,	'2019-05-23'),
(88,	1,	0,	69,	'2019-05-23'),
(89,	1,	0,	70,	'2019-05-23'),
(90,	1,	0,	71,	'2019-05-23'),
(91,	1,	0,	72,	'2019-05-23'),
(92,	1,	0,	73,	'2019-05-23'),
(93,	1,	0,	74,	'2019-05-23'),
(94,	1,	0,	75,	'2019-05-23'),
(95,	1,	0,	76,	'2019-05-23'),
(96,	1,	0,	77,	'2019-05-23'),
(97,	1,	0,	311,	'2019-05-23'),
(98,	1,	0,	402,	'2019-05-23'),
(99,	1,	0,	30,	'2019-05-02'),
(100,	1,	0,	31,	'2019-05-02'),
(101,	1,	0,	32,	'2019-05-02'),
(102,	1,	0,	33,	'2019-05-02'),
(103,	1,	0,	34,	'2019-05-02'),
(104,	1,	0,	35,	'2019-05-02'),
(105,	1,	0,	36,	'2019-05-02'),
(106,	1,	0,	37,	'2019-05-02'),
(107,	1,	0,	38,	'2019-05-02'),
(108,	1,	0,	39,	'2019-05-02'),
(109,	1,	0,	40,	'2019-05-02'),
(110,	1,	0,	41,	'2019-05-02'),
(111,	1,	0,	42,	'2019-05-02'),
(112,	1,	0,	43,	'2019-05-02'),
(113,	1,	0,	44,	'2019-05-02'),
(114,	1,	0,	45,	'2019-05-02'),
(115,	1,	0,	46,	'2019-05-02'),
(116,	1,	0,	47,	'2019-05-02'),
(117,	1,	0,	48,	'2019-05-02'),
(118,	1,	0,	49,	'2019-05-02'),
(119,	1,	0,	50,	'2019-05-02'),
(120,	1,	0,	51,	'2019-05-02'),
(121,	1,	0,	52,	'2019-05-02'),
(122,	1,	0,	53,	'2019-05-02'),
(123,	1,	0,	54,	'2019-05-02'),
(124,	1,	0,	55,	'2019-05-02'),
(125,	1,	0,	1,	'2019-05-03'),
(126,	1,	0,	2,	'2019-05-03'),
(127,	1,	0,	3,	'2019-05-03'),
(128,	1,	0,	4,	'2019-05-03'),
(129,	1,	0,	5,	'2019-05-03'),
(130,	1,	0,	6,	'2019-05-03'),
(131,	1,	0,	7,	'2019-05-03'),
(132,	1,	0,	308,	'2019-05-03'),
(133,	1,	0,	390,	'2019-05-03'),
(134,	1,	0,	1,	'2019-05-04'),
(135,	1,	0,	2,	'2019-05-04'),
(136,	1,	0,	3,	'2019-05-04'),
(137,	1,	0,	4,	'2019-05-04'),
(138,	1,	0,	5,	'2019-05-04'),
(139,	1,	0,	6,	'2019-05-04'),
(140,	1,	0,	7,	'2019-05-04'),
(141,	1,	0,	308,	'2019-05-04'),
(142,	1,	0,	390,	'2019-05-04'),
(143,	1,	0,	1,	'2019-05-06'),
(144,	1,	0,	2,	'2019-05-06'),
(145,	1,	0,	3,	'2019-05-06'),
(146,	1,	0,	4,	'2019-05-06'),
(147,	1,	0,	5,	'2019-05-06'),
(148,	1,	0,	6,	'2019-05-06'),
(149,	1,	0,	7,	'2019-05-06'),
(150,	1,	0,	308,	'2019-05-06'),
(151,	1,	0,	390,	'2019-05-06'),
(152,	1,	0,	1,	'2019-05-07'),
(153,	1,	0,	2,	'2019-05-07'),
(154,	1,	0,	3,	'2019-05-07'),
(155,	1,	0,	4,	'2019-05-07'),
(156,	1,	0,	5,	'2019-05-07'),
(157,	1,	0,	6,	'2019-05-07'),
(158,	1,	0,	7,	'2019-05-07'),
(159,	1,	0,	308,	'2019-05-07'),
(160,	1,	0,	390,	'2019-05-07'),
(161,	1,	0,	1,	'2019-05-08'),
(162,	1,	0,	2,	'2019-05-08'),
(163,	1,	0,	3,	'2019-05-08'),
(164,	1,	0,	4,	'2019-05-08'),
(165,	1,	0,	5,	'2019-05-08'),
(166,	1,	0,	6,	'2019-05-08'),
(167,	1,	0,	7,	'2019-05-08'),
(168,	1,	0,	308,	'2019-05-08'),
(169,	1,	0,	390,	'2019-05-08'),
(170,	1,	0,	1,	'2019-05-09'),
(171,	1,	0,	2,	'2019-05-09'),
(172,	1,	0,	3,	'2019-05-09'),
(173,	1,	0,	4,	'2019-05-09'),
(174,	1,	0,	5,	'2019-05-09'),
(175,	1,	0,	6,	'2019-05-09'),
(176,	1,	0,	7,	'2019-05-09'),
(177,	1,	0,	308,	'2019-05-09'),
(178,	1,	0,	390,	'2019-05-09'),
(179,	1,	0,	1,	'2019-05-10'),
(180,	1,	0,	2,	'2019-05-10'),
(181,	1,	0,	3,	'2019-05-10'),
(182,	1,	0,	4,	'2019-05-10'),
(183,	1,	0,	5,	'2019-05-10'),
(184,	1,	0,	6,	'2019-05-10'),
(185,	1,	0,	7,	'2019-05-10'),
(186,	1,	0,	308,	'2019-05-10'),
(187,	1,	0,	390,	'2019-05-10'),
(188,	1,	0,	1,	'2019-05-13'),
(189,	1,	0,	2,	'2019-05-13'),
(190,	1,	0,	3,	'2019-05-13'),
(191,	1,	0,	4,	'2019-05-13'),
(192,	1,	0,	5,	'2019-05-13'),
(193,	1,	0,	6,	'2019-05-13'),
(194,	1,	0,	7,	'2019-05-13'),
(195,	1,	0,	308,	'2019-05-13'),
(196,	1,	0,	390,	'2019-05-13'),
(197,	1,	0,	1,	'2019-05-14'),
(198,	1,	0,	2,	'2019-05-14'),
(199,	1,	0,	3,	'2019-05-14'),
(200,	1,	0,	4,	'2019-05-14'),
(201,	1,	0,	5,	'2019-05-14'),
(202,	1,	0,	6,	'2019-05-14'),
(203,	1,	0,	7,	'2019-05-14'),
(204,	1,	0,	308,	'2019-05-14'),
(205,	1,	0,	390,	'2019-05-14'),
(206,	1,	0,	1,	'2019-05-15'),
(207,	1,	0,	2,	'2019-05-15'),
(208,	1,	0,	3,	'2019-05-15'),
(209,	1,	0,	4,	'2019-05-15'),
(210,	1,	0,	5,	'2019-05-15'),
(211,	1,	0,	6,	'2019-05-15'),
(212,	1,	0,	7,	'2019-05-15'),
(213,	1,	0,	308,	'2019-05-15'),
(214,	1,	0,	390,	'2019-05-15'),
(215,	1,	0,	1,	'2019-05-16'),
(216,	1,	0,	2,	'2019-05-16'),
(217,	1,	0,	3,	'2019-05-16'),
(218,	1,	0,	4,	'2019-05-16'),
(219,	1,	0,	5,	'2019-05-16'),
(220,	1,	0,	6,	'2019-05-16'),
(221,	1,	0,	7,	'2019-05-16'),
(222,	1,	0,	308,	'2019-05-16'),
(223,	1,	0,	390,	'2019-05-16'),
(224,	1,	0,	1,	'2019-05-17'),
(225,	1,	0,	2,	'2019-05-17'),
(226,	1,	0,	3,	'2019-05-17'),
(227,	1,	0,	4,	'2019-05-17'),
(228,	1,	0,	5,	'2019-05-17'),
(229,	1,	0,	6,	'2019-05-17'),
(230,	1,	0,	7,	'2019-05-17'),
(231,	1,	0,	308,	'2019-05-17'),
(232,	1,	0,	390,	'2019-05-17'),
(233,	1,	0,	1,	'2019-05-27'),
(234,	1,	0,	2,	'2019-05-27'),
(235,	1,	0,	3,	'2019-05-27'),
(236,	1,	0,	4,	'2019-05-27'),
(237,	1,	0,	5,	'2019-05-27'),
(238,	1,	0,	6,	'2019-05-27'),
(239,	1,	0,	7,	'2019-05-27'),
(240,	1,	0,	308,	'2019-05-27'),
(241,	1,	0,	390,	'2019-05-27'),
(242,	1,	0,	1,	'2019-05-20'),
(243,	1,	0,	2,	'2019-05-20'),
(244,	1,	0,	3,	'2019-05-20'),
(245,	1,	0,	4,	'2019-05-20'),
(246,	1,	0,	5,	'2019-05-20'),
(247,	1,	0,	6,	'2019-05-20'),
(248,	1,	0,	7,	'2019-05-20'),
(249,	1,	0,	308,	'2019-05-20'),
(250,	1,	0,	390,	'2019-05-20'),
(251,	1,	0,	1,	'2019-05-21'),
(252,	1,	0,	2,	'2019-05-21'),
(253,	1,	0,	3,	'2019-05-21'),
(254,	1,	0,	4,	'2019-05-21'),
(255,	1,	0,	5,	'2019-05-21'),
(256,	1,	0,	6,	'2019-05-21'),
(257,	1,	0,	7,	'2019-05-21'),
(258,	1,	0,	308,	'2019-05-21'),
(259,	1,	0,	390,	'2019-05-21'),
(260,	1,	0,	1,	'2019-05-22'),
(261,	1,	0,	2,	'2019-05-22'),
(262,	1,	0,	3,	'2019-05-22'),
(263,	1,	0,	4,	'2019-05-22'),
(264,	1,	0,	5,	'2019-05-22'),
(265,	1,	0,	6,	'2019-05-22'),
(266,	1,	0,	7,	'2019-05-22'),
(267,	1,	0,	308,	'2019-05-22'),
(268,	1,	0,	390,	'2019-05-22'),
(269,	1,	0,	1,	'2019-05-23'),
(270,	1,	0,	2,	'2019-05-23'),
(271,	1,	0,	3,	'2019-05-23'),
(272,	1,	0,	4,	'2019-05-23'),
(273,	1,	0,	5,	'2019-05-23'),
(274,	1,	0,	6,	'2019-05-23'),
(275,	1,	0,	7,	'2019-05-23'),
(276,	1,	0,	308,	'2019-05-23'),
(277,	1,	0,	390,	'2019-05-23'),
(278,	1,	0,	1,	'2019-05-24'),
(279,	1,	0,	2,	'2019-05-24'),
(280,	1,	0,	3,	'2019-05-24'),
(281,	1,	0,	4,	'2019-05-24'),
(282,	1,	0,	5,	'2019-05-24'),
(283,	1,	0,	6,	'2019-05-24'),
(284,	1,	0,	7,	'2019-05-24'),
(285,	1,	0,	308,	'2019-05-24'),
(286,	1,	0,	390,	'2019-05-24'),
(287,	1,	0,	8,	'2019-05-03'),
(288,	1,	0,	9,	'2019-05-03'),
(289,	1,	0,	10,	'2019-05-03'),
(290,	1,	0,	11,	'2019-05-03'),
(291,	1,	0,	12,	'2019-05-03'),
(292,	1,	0,	13,	'2019-05-03'),
(293,	1,	0,	14,	'2019-05-03'),
(294,	1,	0,	15,	'2019-05-03'),
(295,	1,	0,	16,	'2019-05-03'),
(296,	1,	0,	17,	'2019-05-03'),
(297,	1,	0,	23,	'2019-05-03'),
(298,	1,	0,	337,	'2019-05-03'),
(299,	1,	0,	8,	'2019-05-04'),
(300,	1,	0,	9,	'2019-05-04'),
(301,	1,	0,	10,	'2019-05-04'),
(302,	1,	0,	11,	'2019-05-04'),
(303,	1,	0,	12,	'2019-05-04'),
(304,	1,	0,	13,	'2019-05-04'),
(305,	1,	0,	14,	'2019-05-04'),
(306,	1,	0,	15,	'2019-05-04'),
(307,	1,	0,	16,	'2019-05-04'),
(308,	1,	0,	17,	'2019-05-04'),
(309,	1,	0,	23,	'2019-05-04'),
(310,	1,	0,	337,	'2019-05-04'),
(311,	1,	0,	8,	'2019-05-06'),
(312,	1,	0,	9,	'2019-05-06'),
(313,	1,	0,	10,	'2019-05-06'),
(314,	1,	0,	11,	'2019-05-06'),
(315,	1,	0,	12,	'2019-05-06'),
(316,	1,	0,	13,	'2019-05-06'),
(317,	1,	0,	14,	'2019-05-06'),
(318,	1,	0,	15,	'2019-05-06'),
(319,	1,	0,	16,	'2019-05-06'),
(320,	1,	0,	17,	'2019-05-06'),
(321,	1,	0,	23,	'2019-05-06'),
(322,	1,	0,	337,	'2019-05-06'),
(323,	1,	0,	8,	'2019-05-07'),
(324,	1,	0,	9,	'2019-05-07'),
(325,	1,	0,	10,	'2019-05-07'),
(326,	1,	0,	11,	'2019-05-07'),
(327,	1,	0,	12,	'2019-05-07'),
(328,	1,	0,	13,	'2019-05-07'),
(329,	1,	0,	14,	'2019-05-07'),
(330,	1,	0,	15,	'2019-05-07'),
(331,	1,	0,	16,	'2019-05-07'),
(332,	1,	0,	17,	'2019-05-07'),
(333,	1,	0,	23,	'2019-05-07'),
(334,	1,	0,	337,	'2019-05-07'),
(335,	1,	0,	8,	'2019-05-08'),
(336,	1,	0,	9,	'2019-05-08'),
(337,	1,	0,	10,	'2019-05-08'),
(338,	1,	0,	11,	'2019-05-08'),
(339,	1,	0,	12,	'2019-05-08'),
(340,	1,	0,	13,	'2019-05-08'),
(341,	1,	0,	14,	'2019-05-08'),
(342,	1,	0,	15,	'2019-05-08'),
(343,	1,	0,	16,	'2019-05-08'),
(344,	1,	0,	17,	'2019-05-08'),
(345,	1,	0,	23,	'2019-05-08'),
(346,	1,	0,	337,	'2019-05-08'),
(347,	1,	0,	8,	'2019-05-09'),
(348,	1,	0,	9,	'2019-05-09'),
(349,	1,	0,	10,	'2019-05-09'),
(350,	1,	0,	11,	'2019-05-09'),
(351,	1,	0,	12,	'2019-05-09'),
(352,	1,	0,	13,	'2019-05-09'),
(353,	1,	0,	14,	'2019-05-09'),
(354,	1,	0,	15,	'2019-05-09'),
(355,	1,	0,	16,	'2019-05-09'),
(356,	1,	0,	17,	'2019-05-09'),
(357,	1,	0,	23,	'2019-05-09'),
(358,	1,	0,	337,	'2019-05-09'),
(359,	1,	0,	8,	'2019-05-10'),
(360,	1,	0,	9,	'2019-05-10'),
(361,	1,	0,	10,	'2019-05-10'),
(362,	1,	0,	11,	'2019-05-10'),
(363,	1,	0,	12,	'2019-05-10'),
(364,	1,	0,	13,	'2019-05-10'),
(365,	1,	0,	14,	'2019-05-10'),
(366,	1,	0,	15,	'2019-05-10'),
(367,	1,	0,	16,	'2019-05-10'),
(368,	1,	0,	17,	'2019-05-10'),
(369,	1,	0,	23,	'2019-05-10'),
(370,	1,	0,	337,	'2019-05-10'),
(371,	1,	0,	8,	'2019-05-13'),
(372,	1,	0,	9,	'2019-05-13'),
(373,	1,	0,	10,	'2019-05-13'),
(374,	1,	0,	11,	'2019-05-13'),
(375,	1,	0,	12,	'2019-05-13'),
(376,	1,	0,	13,	'2019-05-13'),
(377,	1,	0,	14,	'2019-05-13'),
(378,	1,	0,	15,	'2019-05-13'),
(379,	1,	0,	16,	'2019-05-13'),
(380,	1,	0,	17,	'2019-05-13'),
(381,	1,	0,	23,	'2019-05-13'),
(382,	1,	0,	337,	'2019-05-13'),
(383,	1,	0,	8,	'2019-05-14'),
(384,	1,	0,	9,	'2019-05-14'),
(385,	1,	0,	10,	'2019-05-14'),
(386,	1,	0,	11,	'2019-05-14'),
(387,	1,	0,	12,	'2019-05-14'),
(388,	1,	0,	13,	'2019-05-14'),
(389,	1,	0,	14,	'2019-05-14'),
(390,	1,	0,	15,	'2019-05-14'),
(391,	1,	0,	16,	'2019-05-14'),
(392,	1,	0,	17,	'2019-05-14'),
(393,	1,	0,	23,	'2019-05-14'),
(394,	1,	0,	337,	'2019-05-14'),
(395,	1,	0,	8,	'2019-05-15'),
(396,	1,	0,	9,	'2019-05-15'),
(397,	1,	0,	10,	'2019-05-15'),
(398,	1,	0,	11,	'2019-05-15'),
(399,	1,	0,	12,	'2019-05-15'),
(400,	1,	0,	13,	'2019-05-15'),
(401,	1,	0,	14,	'2019-05-15'),
(402,	1,	0,	15,	'2019-05-15'),
(403,	1,	0,	16,	'2019-05-15'),
(404,	1,	0,	17,	'2019-05-15'),
(405,	1,	0,	23,	'2019-05-15'),
(406,	1,	0,	337,	'2019-05-15'),
(407,	1,	0,	8,	'2019-05-16'),
(408,	1,	0,	9,	'2019-05-16'),
(409,	1,	0,	10,	'2019-05-16'),
(410,	1,	0,	11,	'2019-05-16'),
(411,	1,	0,	12,	'2019-05-16'),
(412,	1,	0,	13,	'2019-05-16'),
(413,	1,	0,	14,	'2019-05-16'),
(414,	1,	0,	15,	'2019-05-16'),
(415,	1,	0,	16,	'2019-05-16'),
(416,	1,	0,	17,	'2019-05-16'),
(417,	1,	0,	23,	'2019-05-16'),
(418,	1,	0,	337,	'2019-05-16'),
(419,	1,	0,	8,	'2019-05-17'),
(420,	1,	0,	9,	'2019-05-17'),
(421,	1,	0,	10,	'2019-05-17'),
(422,	1,	0,	11,	'2019-05-17'),
(423,	1,	0,	12,	'2019-05-17'),
(424,	1,	0,	13,	'2019-05-17'),
(425,	1,	0,	14,	'2019-05-17'),
(426,	1,	0,	15,	'2019-05-17'),
(427,	1,	0,	16,	'2019-05-17'),
(428,	1,	0,	17,	'2019-05-17'),
(429,	1,	0,	23,	'2019-05-17'),
(430,	1,	0,	337,	'2019-05-17'),
(431,	1,	0,	8,	'2019-05-20'),
(432,	1,	0,	9,	'2019-05-20'),
(433,	1,	0,	10,	'2019-05-20'),
(434,	1,	0,	11,	'2019-05-20'),
(435,	1,	0,	12,	'2019-05-20'),
(436,	1,	0,	13,	'2019-05-20'),
(437,	1,	0,	14,	'2019-05-20'),
(438,	1,	0,	15,	'2019-05-20'),
(439,	1,	0,	16,	'2019-05-20'),
(440,	1,	0,	17,	'2019-05-20'),
(441,	1,	0,	23,	'2019-05-20'),
(442,	1,	0,	337,	'2019-05-20'),
(443,	1,	0,	8,	'2019-05-21'),
(444,	1,	0,	9,	'2019-05-21'),
(445,	1,	0,	10,	'2019-05-21'),
(446,	1,	0,	11,	'2019-05-21'),
(447,	1,	0,	12,	'2019-05-21'),
(448,	1,	0,	13,	'2019-05-21'),
(449,	1,	0,	14,	'2019-05-21'),
(450,	1,	0,	15,	'2019-05-21'),
(451,	1,	0,	16,	'2019-05-21'),
(452,	1,	0,	17,	'2019-05-21'),
(453,	1,	0,	23,	'2019-05-21'),
(454,	1,	0,	337,	'2019-05-21'),
(455,	1,	0,	8,	'2019-05-22'),
(456,	1,	0,	9,	'2019-05-22'),
(457,	1,	0,	10,	'2019-05-22'),
(458,	1,	0,	11,	'2019-05-22'),
(459,	1,	0,	12,	'2019-05-22'),
(460,	1,	0,	13,	'2019-05-22'),
(461,	1,	0,	14,	'2019-05-22'),
(462,	1,	0,	15,	'2019-05-22'),
(463,	1,	0,	16,	'2019-05-22'),
(464,	1,	0,	17,	'2019-05-22'),
(465,	1,	0,	23,	'2019-05-22'),
(466,	1,	0,	337,	'2019-05-22'),
(467,	1,	0,	8,	'2019-05-23'),
(468,	1,	0,	9,	'2019-05-23'),
(469,	1,	0,	10,	'2019-05-23'),
(470,	1,	0,	11,	'2019-05-23'),
(471,	1,	0,	12,	'2019-05-23'),
(472,	1,	0,	13,	'2019-05-23'),
(473,	1,	0,	14,	'2019-05-23'),
(474,	1,	0,	15,	'2019-05-23'),
(475,	1,	0,	16,	'2019-05-23'),
(476,	1,	0,	17,	'2019-05-23'),
(477,	1,	0,	23,	'2019-05-23'),
(478,	1,	0,	337,	'2019-05-23'),
(479,	1,	0,	8,	'2019-05-24'),
(480,	1,	0,	9,	'2019-05-24'),
(481,	1,	0,	10,	'2019-05-24'),
(482,	1,	0,	11,	'2019-05-24'),
(483,	1,	0,	12,	'2019-05-24'),
(484,	1,	0,	13,	'2019-05-24'),
(485,	1,	0,	14,	'2019-05-24'),
(486,	1,	0,	15,	'2019-05-24'),
(487,	1,	0,	16,	'2019-05-24'),
(488,	1,	0,	17,	'2019-05-24'),
(489,	1,	0,	23,	'2019-05-24'),
(490,	1,	0,	337,	'2019-05-24'),
(491,	1,	0,	8,	'2019-05-27'),
(492,	1,	0,	9,	'2019-05-27'),
(493,	1,	0,	10,	'2019-05-27'),
(494,	1,	0,	11,	'2019-05-27'),
(495,	1,	0,	12,	'2019-05-27'),
(496,	1,	0,	13,	'2019-05-27'),
(497,	1,	0,	14,	'2019-05-27'),
(498,	1,	0,	15,	'2019-05-27'),
(499,	1,	0,	16,	'2019-05-27'),
(500,	1,	0,	17,	'2019-05-27'),
(501,	1,	0,	23,	'2019-05-27'),
(502,	1,	0,	337,	'2019-05-27'),
(503,	1,	0,	18,	'2019-05-03'),
(504,	1,	0,	19,	'2019-05-03'),
(505,	1,	0,	20,	'2019-05-03'),
(506,	1,	0,	21,	'2019-05-03'),
(507,	1,	0,	22,	'2019-05-03'),
(508,	1,	0,	24,	'2019-05-03'),
(509,	1,	0,	25,	'2019-05-03'),
(510,	1,	0,	26,	'2019-05-03'),
(511,	1,	0,	27,	'2019-05-03'),
(512,	1,	0,	28,	'2019-05-03'),
(513,	1,	0,	29,	'2019-05-03'),
(514,	1,	0,	313,	'2019-05-03'),
(515,	1,	0,	389,	'2019-05-03'),
(516,	1,	0,	395,	'2019-05-03'),
(517,	1,	0,	404,	'2019-05-03'),
(518,	1,	0,	407,	'2019-05-03'),
(519,	1,	0,	18,	'2019-05-04'),
(520,	1,	0,	19,	'2019-05-04'),
(521,	1,	0,	20,	'2019-05-04'),
(522,	1,	0,	21,	'2019-05-04'),
(523,	1,	0,	22,	'2019-05-04'),
(524,	1,	0,	24,	'2019-05-04'),
(525,	1,	0,	25,	'2019-05-04'),
(526,	1,	0,	26,	'2019-05-04'),
(527,	1,	0,	27,	'2019-05-04'),
(528,	1,	0,	28,	'2019-05-04'),
(529,	1,	0,	29,	'2019-05-04'),
(530,	1,	0,	313,	'2019-05-04'),
(531,	1,	0,	389,	'2019-05-04'),
(532,	1,	0,	395,	'2019-05-04'),
(533,	1,	0,	404,	'2019-05-04'),
(534,	1,	0,	407,	'2019-05-04'),
(535,	1,	0,	18,	'2019-05-06'),
(536,	1,	0,	19,	'2019-05-06'),
(537,	1,	0,	20,	'2019-05-06'),
(538,	1,	0,	21,	'2019-05-06'),
(539,	1,	0,	22,	'2019-05-06'),
(540,	1,	0,	24,	'2019-05-06'),
(541,	1,	0,	25,	'2019-05-06'),
(542,	1,	0,	26,	'2019-05-06'),
(543,	1,	0,	27,	'2019-05-06'),
(544,	1,	0,	28,	'2019-05-06'),
(545,	1,	0,	29,	'2019-05-06'),
(546,	1,	0,	313,	'2019-05-06'),
(547,	1,	0,	389,	'2019-05-06'),
(548,	1,	0,	395,	'2019-05-06'),
(549,	1,	0,	404,	'2019-05-06'),
(550,	1,	0,	407,	'2019-05-06'),
(551,	1,	0,	18,	'2019-05-07'),
(552,	1,	0,	19,	'2019-05-07'),
(553,	1,	0,	20,	'2019-05-07'),
(554,	1,	0,	21,	'2019-05-07'),
(555,	1,	0,	22,	'2019-05-07'),
(556,	1,	0,	24,	'2019-05-07'),
(557,	1,	0,	25,	'2019-05-07'),
(558,	1,	0,	26,	'2019-05-07'),
(559,	1,	0,	27,	'2019-05-07'),
(560,	1,	0,	28,	'2019-05-07'),
(561,	1,	0,	29,	'2019-05-07'),
(562,	1,	0,	313,	'2019-05-07'),
(563,	1,	0,	389,	'2019-05-07'),
(564,	1,	0,	395,	'2019-05-07'),
(565,	1,	0,	404,	'2019-05-07'),
(566,	1,	0,	407,	'2019-05-07'),
(567,	1,	0,	18,	'2019-05-08'),
(568,	1,	0,	19,	'2019-05-08'),
(569,	1,	0,	20,	'2019-05-08'),
(570,	1,	0,	21,	'2019-05-08'),
(571,	1,	0,	22,	'2019-05-08'),
(572,	1,	0,	24,	'2019-05-08'),
(573,	1,	0,	25,	'2019-05-08'),
(574,	1,	0,	26,	'2019-05-08'),
(575,	1,	0,	27,	'2019-05-08'),
(576,	1,	0,	28,	'2019-05-08'),
(577,	1,	0,	29,	'2019-05-08'),
(578,	1,	0,	313,	'2019-05-08'),
(579,	1,	0,	389,	'2019-05-08'),
(580,	1,	0,	395,	'2019-05-08'),
(581,	1,	0,	404,	'2019-05-08'),
(582,	1,	0,	407,	'2019-05-08'),
(583,	1,	0,	18,	'2019-05-09'),
(584,	1,	0,	19,	'2019-05-09'),
(585,	1,	0,	20,	'2019-05-09'),
(586,	1,	0,	21,	'2019-05-09'),
(587,	1,	0,	22,	'2019-05-09'),
(588,	1,	0,	24,	'2019-05-09'),
(589,	1,	0,	25,	'2019-05-09'),
(590,	1,	0,	26,	'2019-05-09'),
(591,	1,	0,	27,	'2019-05-09'),
(592,	1,	0,	28,	'2019-05-09'),
(593,	1,	0,	29,	'2019-05-09'),
(594,	1,	0,	313,	'2019-05-09'),
(595,	1,	0,	389,	'2019-05-09'),
(596,	1,	0,	395,	'2019-05-09'),
(597,	1,	0,	404,	'2019-05-09'),
(598,	1,	0,	407,	'2019-05-09'),
(599,	1,	0,	18,	'2019-05-10'),
(600,	1,	0,	19,	'2019-05-10'),
(601,	1,	0,	20,	'2019-05-10'),
(602,	1,	0,	21,	'2019-05-10'),
(603,	1,	0,	22,	'2019-05-10'),
(604,	1,	0,	24,	'2019-05-10'),
(605,	1,	0,	25,	'2019-05-10'),
(606,	1,	0,	26,	'2019-05-10'),
(607,	1,	0,	27,	'2019-05-10'),
(608,	1,	0,	28,	'2019-05-10'),
(609,	1,	0,	29,	'2019-05-10'),
(610,	1,	0,	313,	'2019-05-10'),
(611,	1,	0,	389,	'2019-05-10'),
(612,	1,	0,	395,	'2019-05-10'),
(613,	1,	0,	404,	'2019-05-10'),
(614,	1,	0,	407,	'2019-05-10'),
(615,	1,	0,	18,	'2019-05-13'),
(616,	1,	0,	19,	'2019-05-13'),
(617,	1,	0,	20,	'2019-05-13'),
(618,	1,	0,	21,	'2019-05-13'),
(619,	1,	0,	22,	'2019-05-13'),
(620,	1,	0,	24,	'2019-05-13'),
(621,	1,	0,	25,	'2019-05-13'),
(622,	1,	0,	26,	'2019-05-13'),
(623,	1,	0,	27,	'2019-05-13'),
(624,	1,	0,	28,	'2019-05-13'),
(625,	1,	0,	29,	'2019-05-13'),
(626,	1,	0,	313,	'2019-05-13'),
(627,	1,	0,	389,	'2019-05-13'),
(628,	1,	0,	395,	'2019-05-13'),
(629,	1,	0,	404,	'2019-05-13'),
(630,	1,	0,	407,	'2019-05-13'),
(631,	1,	0,	18,	'2019-05-14'),
(632,	1,	0,	19,	'2019-05-14'),
(633,	1,	0,	20,	'2019-05-14'),
(634,	1,	0,	21,	'2019-05-14'),
(635,	1,	0,	22,	'2019-05-14'),
(636,	1,	0,	24,	'2019-05-14'),
(637,	1,	0,	25,	'2019-05-14'),
(638,	1,	0,	26,	'2019-05-14'),
(639,	1,	0,	27,	'2019-05-14'),
(640,	1,	0,	28,	'2019-05-14'),
(641,	1,	0,	29,	'2019-05-14'),
(642,	1,	0,	313,	'2019-05-14'),
(643,	1,	0,	389,	'2019-05-14'),
(644,	1,	0,	395,	'2019-05-14'),
(645,	1,	0,	404,	'2019-05-14'),
(646,	1,	0,	407,	'2019-05-14'),
(647,	1,	0,	18,	'2019-05-15'),
(648,	1,	0,	19,	'2019-05-15'),
(649,	1,	0,	20,	'2019-05-15'),
(650,	1,	0,	21,	'2019-05-15'),
(651,	1,	0,	22,	'2019-05-15'),
(652,	1,	0,	24,	'2019-05-15'),
(653,	1,	0,	25,	'2019-05-15'),
(654,	1,	0,	26,	'2019-05-15'),
(655,	1,	0,	27,	'2019-05-15'),
(656,	1,	0,	28,	'2019-05-15'),
(657,	1,	0,	29,	'2019-05-15'),
(658,	1,	0,	313,	'2019-05-15'),
(659,	1,	0,	389,	'2019-05-15'),
(660,	1,	0,	395,	'2019-05-15'),
(661,	1,	0,	404,	'2019-05-15'),
(662,	1,	0,	407,	'2019-05-15'),
(663,	1,	0,	18,	'2019-05-16'),
(664,	1,	0,	19,	'2019-05-16'),
(665,	1,	0,	20,	'2019-05-16'),
(666,	1,	0,	21,	'2019-05-16'),
(667,	1,	0,	22,	'2019-05-16'),
(668,	1,	0,	24,	'2019-05-16'),
(669,	1,	0,	25,	'2019-05-16'),
(670,	1,	0,	26,	'2019-05-16'),
(671,	1,	0,	27,	'2019-05-16'),
(672,	1,	0,	28,	'2019-05-16'),
(673,	1,	0,	29,	'2019-05-16'),
(674,	1,	0,	313,	'2019-05-16'),
(675,	1,	0,	389,	'2019-05-16'),
(676,	1,	0,	395,	'2019-05-16'),
(677,	1,	0,	404,	'2019-05-16'),
(678,	1,	0,	407,	'2019-05-16'),
(679,	1,	0,	18,	'2019-05-17'),
(680,	1,	0,	19,	'2019-05-17'),
(681,	1,	0,	20,	'2019-05-17'),
(682,	1,	0,	21,	'2019-05-17'),
(683,	1,	0,	22,	'2019-05-17'),
(684,	1,	0,	24,	'2019-05-17'),
(685,	1,	0,	25,	'2019-05-17'),
(686,	1,	0,	26,	'2019-05-17'),
(687,	1,	0,	27,	'2019-05-17'),
(688,	1,	0,	28,	'2019-05-17'),
(689,	1,	0,	29,	'2019-05-17'),
(690,	1,	0,	313,	'2019-05-17'),
(691,	1,	0,	389,	'2019-05-17'),
(692,	1,	0,	395,	'2019-05-17'),
(693,	1,	0,	404,	'2019-05-17'),
(694,	1,	0,	407,	'2019-05-17'),
(695,	1,	0,	18,	'2019-05-20'),
(696,	1,	0,	19,	'2019-05-20'),
(697,	1,	0,	20,	'2019-05-20'),
(698,	1,	0,	21,	'2019-05-20'),
(699,	1,	0,	22,	'2019-05-20'),
(700,	1,	0,	24,	'2019-05-20'),
(701,	1,	0,	25,	'2019-05-20'),
(702,	1,	0,	26,	'2019-05-20'),
(703,	1,	0,	27,	'2019-05-20'),
(704,	1,	0,	28,	'2019-05-20'),
(705,	1,	0,	29,	'2019-05-20'),
(706,	1,	0,	313,	'2019-05-20'),
(707,	1,	0,	389,	'2019-05-20'),
(708,	1,	0,	395,	'2019-05-20'),
(709,	1,	0,	404,	'2019-05-20'),
(710,	1,	0,	407,	'2019-05-20'),
(711,	1,	0,	18,	'2019-05-21'),
(712,	1,	0,	19,	'2019-05-21'),
(713,	1,	0,	20,	'2019-05-21'),
(714,	1,	0,	21,	'2019-05-21'),
(715,	1,	0,	22,	'2019-05-21'),
(716,	1,	0,	24,	'2019-05-21'),
(717,	1,	0,	25,	'2019-05-21'),
(718,	1,	0,	26,	'2019-05-21'),
(719,	1,	0,	27,	'2019-05-21'),
(720,	1,	0,	28,	'2019-05-21'),
(721,	1,	0,	29,	'2019-05-21'),
(722,	1,	0,	313,	'2019-05-21'),
(723,	1,	0,	389,	'2019-05-21'),
(724,	1,	0,	395,	'2019-05-21'),
(725,	1,	0,	404,	'2019-05-21'),
(726,	1,	0,	407,	'2019-05-21'),
(727,	1,	0,	18,	'2019-05-22'),
(728,	1,	0,	19,	'2019-05-22'),
(729,	1,	0,	20,	'2019-05-22'),
(730,	1,	0,	21,	'2019-05-22'),
(731,	1,	0,	22,	'2019-05-22'),
(732,	1,	0,	24,	'2019-05-22'),
(733,	1,	0,	25,	'2019-05-22'),
(734,	1,	0,	26,	'2019-05-22'),
(735,	1,	0,	27,	'2019-05-22'),
(736,	1,	0,	28,	'2019-05-22'),
(737,	1,	0,	29,	'2019-05-22'),
(738,	1,	0,	313,	'2019-05-22'),
(739,	1,	0,	389,	'2019-05-22'),
(740,	1,	0,	395,	'2019-05-22'),
(741,	1,	0,	404,	'2019-05-22'),
(742,	1,	0,	407,	'2019-05-22'),
(743,	1,	0,	18,	'2019-05-23'),
(744,	1,	0,	19,	'2019-05-23'),
(745,	1,	0,	20,	'2019-05-23'),
(746,	1,	0,	21,	'2019-05-23'),
(747,	1,	0,	22,	'2019-05-23'),
(748,	1,	0,	24,	'2019-05-23'),
(749,	1,	0,	25,	'2019-05-23'),
(750,	1,	0,	26,	'2019-05-23'),
(751,	1,	0,	27,	'2019-05-23'),
(752,	1,	0,	28,	'2019-05-23'),
(753,	1,	0,	29,	'2019-05-23'),
(754,	1,	0,	313,	'2019-05-23'),
(755,	1,	0,	389,	'2019-05-23'),
(756,	1,	0,	395,	'2019-05-23'),
(757,	1,	0,	404,	'2019-05-23'),
(758,	1,	0,	407,	'2019-05-23'),
(759,	1,	0,	18,	'2019-05-24'),
(760,	1,	0,	19,	'2019-05-24'),
(761,	1,	0,	20,	'2019-05-24'),
(762,	1,	0,	21,	'2019-05-24'),
(763,	1,	0,	22,	'2019-05-24'),
(764,	1,	0,	24,	'2019-05-24'),
(765,	1,	0,	25,	'2019-05-24'),
(766,	1,	0,	26,	'2019-05-24'),
(767,	1,	0,	27,	'2019-05-24'),
(768,	1,	0,	28,	'2019-05-24'),
(769,	1,	0,	29,	'2019-05-24'),
(770,	1,	0,	313,	'2019-05-24'),
(771,	1,	0,	389,	'2019-05-24'),
(772,	1,	0,	395,	'2019-05-24'),
(773,	1,	0,	404,	'2019-05-24'),
(774,	1,	0,	407,	'2019-05-24'),
(775,	1,	0,	18,	'2019-05-27'),
(776,	1,	0,	19,	'2019-05-27'),
(777,	1,	0,	20,	'2019-05-27'),
(778,	1,	0,	21,	'2019-05-27'),
(779,	1,	0,	22,	'2019-05-27'),
(780,	1,	0,	24,	'2019-05-27'),
(781,	1,	0,	25,	'2019-05-27'),
(782,	1,	0,	26,	'2019-05-27'),
(783,	1,	0,	27,	'2019-05-27'),
(784,	1,	0,	28,	'2019-05-27'),
(785,	1,	0,	29,	'2019-05-27'),
(786,	1,	0,	313,	'2019-05-27'),
(787,	1,	0,	389,	'2019-05-27'),
(788,	1,	0,	395,	'2019-05-27'),
(789,	1,	0,	404,	'2019-05-27'),
(790,	1,	0,	407,	'2019-05-27'),
(791,	1,	0,	30,	'2019-05-03'),
(792,	1,	0,	31,	'2019-05-03'),
(793,	1,	0,	32,	'2019-05-03'),
(794,	1,	0,	33,	'2019-05-03'),
(795,	1,	0,	34,	'2019-05-03'),
(796,	1,	0,	35,	'2019-05-03'),
(797,	1,	0,	36,	'2019-05-03'),
(798,	1,	0,	37,	'2019-05-03'),
(799,	1,	0,	38,	'2019-05-03'),
(800,	1,	0,	39,	'2019-05-03'),
(801,	1,	0,	40,	'2019-05-03'),
(802,	1,	0,	41,	'2019-05-03'),
(803,	1,	0,	42,	'2019-05-03'),
(804,	1,	0,	43,	'2019-05-03'),
(805,	1,	0,	44,	'2019-05-03'),
(806,	1,	0,	45,	'2019-05-03'),
(807,	1,	0,	46,	'2019-05-03'),
(808,	1,	0,	47,	'2019-05-03'),
(809,	1,	0,	48,	'2019-05-03'),
(810,	1,	0,	49,	'2019-05-03'),
(811,	1,	0,	50,	'2019-05-03'),
(812,	1,	0,	51,	'2019-05-03'),
(813,	1,	0,	52,	'2019-05-03'),
(814,	1,	0,	53,	'2019-05-03'),
(815,	1,	0,	54,	'2019-05-03'),
(816,	1,	0,	55,	'2019-05-03'),
(817,	1,	0,	30,	'2019-05-04'),
(818,	1,	0,	31,	'2019-05-04'),
(819,	1,	0,	32,	'2019-05-04'),
(820,	1,	0,	33,	'2019-05-04'),
(821,	1,	0,	34,	'2019-05-04'),
(822,	1,	0,	35,	'2019-05-04'),
(823,	1,	0,	36,	'2019-05-04'),
(824,	1,	0,	37,	'2019-05-04'),
(825,	1,	0,	38,	'2019-05-04'),
(826,	1,	0,	39,	'2019-05-04'),
(827,	1,	0,	40,	'2019-05-04'),
(828,	1,	0,	41,	'2019-05-04'),
(829,	1,	0,	42,	'2019-05-04'),
(830,	1,	0,	43,	'2019-05-04'),
(831,	1,	0,	44,	'2019-05-04'),
(832,	1,	0,	45,	'2019-05-04'),
(833,	1,	0,	46,	'2019-05-04'),
(834,	1,	0,	47,	'2019-05-04'),
(835,	1,	0,	48,	'2019-05-04'),
(836,	1,	0,	49,	'2019-05-04'),
(837,	1,	0,	50,	'2019-05-04'),
(838,	1,	0,	51,	'2019-05-04'),
(839,	1,	0,	52,	'2019-05-04'),
(840,	1,	0,	53,	'2019-05-04'),
(841,	1,	0,	54,	'2019-05-04'),
(842,	1,	0,	55,	'2019-05-04'),
(843,	1,	0,	30,	'2019-05-05'),
(844,	1,	0,	31,	'2019-05-05'),
(845,	1,	0,	32,	'2019-05-05'),
(846,	1,	0,	33,	'2019-05-05'),
(847,	1,	0,	34,	'2019-05-05'),
(848,	1,	0,	35,	'2019-05-05'),
(849,	1,	0,	36,	'2019-05-05'),
(850,	1,	0,	37,	'2019-05-05'),
(851,	1,	0,	38,	'2019-05-05'),
(852,	1,	0,	39,	'2019-05-05'),
(853,	1,	0,	40,	'2019-05-05'),
(854,	1,	0,	41,	'2019-05-05'),
(855,	1,	0,	42,	'2019-05-05'),
(856,	1,	0,	43,	'2019-05-05'),
(857,	1,	0,	44,	'2019-05-05'),
(858,	1,	0,	45,	'2019-05-05'),
(859,	1,	0,	46,	'2019-05-05'),
(860,	1,	0,	47,	'2019-05-05'),
(861,	1,	0,	48,	'2019-05-05'),
(862,	1,	0,	49,	'2019-05-05'),
(863,	1,	0,	50,	'2019-05-05'),
(864,	1,	0,	51,	'2019-05-05'),
(865,	1,	0,	52,	'2019-05-05'),
(866,	1,	0,	53,	'2019-05-05'),
(867,	1,	0,	54,	'2019-05-05'),
(868,	1,	0,	55,	'2019-05-05'),
(869,	1,	0,	30,	'2019-05-07'),
(870,	1,	0,	31,	'2019-05-07'),
(871,	1,	0,	32,	'2019-05-07'),
(872,	1,	0,	33,	'2019-05-07'),
(873,	1,	0,	34,	'2019-05-07'),
(874,	1,	0,	35,	'2019-05-07'),
(875,	1,	0,	36,	'2019-05-07'),
(876,	1,	0,	37,	'2019-05-07'),
(877,	1,	0,	38,	'2019-05-07'),
(878,	1,	0,	39,	'2019-05-07'),
(879,	1,	0,	40,	'2019-05-07'),
(880,	1,	0,	41,	'2019-05-07'),
(881,	1,	0,	42,	'2019-05-07'),
(882,	1,	0,	43,	'2019-05-07'),
(883,	1,	0,	44,	'2019-05-07'),
(884,	1,	0,	45,	'2019-05-07'),
(885,	1,	0,	46,	'2019-05-07'),
(886,	1,	0,	47,	'2019-05-07'),
(887,	1,	0,	48,	'2019-05-07'),
(888,	1,	0,	49,	'2019-05-07'),
(889,	1,	0,	50,	'2019-05-07'),
(890,	1,	0,	51,	'2019-05-07'),
(891,	1,	0,	52,	'2019-05-07'),
(892,	1,	0,	53,	'2019-05-07'),
(893,	1,	0,	54,	'2019-05-07'),
(894,	1,	0,	55,	'2019-05-07'),
(895,	1,	0,	30,	'2019-05-06'),
(896,	1,	0,	31,	'2019-05-06'),
(897,	1,	0,	32,	'2019-05-06'),
(898,	1,	0,	33,	'2019-05-06'),
(899,	1,	0,	34,	'2019-05-06'),
(900,	1,	0,	35,	'2019-05-06'),
(901,	1,	0,	36,	'2019-05-06'),
(902,	1,	0,	37,	'2019-05-06'),
(903,	1,	0,	38,	'2019-05-06'),
(904,	1,	0,	39,	'2019-05-06'),
(905,	1,	0,	40,	'2019-05-06'),
(906,	1,	0,	41,	'2019-05-06'),
(907,	1,	0,	42,	'2019-05-06'),
(908,	1,	0,	43,	'2019-05-06'),
(909,	1,	0,	44,	'2019-05-06'),
(910,	1,	0,	45,	'2019-05-06'),
(911,	1,	0,	46,	'2019-05-06'),
(912,	1,	0,	47,	'2019-05-06'),
(913,	1,	0,	48,	'2019-05-06'),
(914,	1,	0,	49,	'2019-05-06'),
(915,	1,	0,	50,	'2019-05-06'),
(916,	1,	0,	51,	'2019-05-06'),
(917,	1,	0,	52,	'2019-05-06'),
(918,	1,	0,	53,	'2019-05-06'),
(919,	1,	0,	54,	'2019-05-06'),
(920,	1,	0,	55,	'2019-05-06'),
(921,	1,	0,	30,	'2019-05-08'),
(922,	1,	0,	31,	'2019-05-08'),
(923,	1,	0,	32,	'2019-05-08'),
(924,	1,	0,	33,	'2019-05-08'),
(925,	1,	0,	34,	'2019-05-08'),
(926,	1,	0,	35,	'2019-05-08'),
(927,	1,	0,	36,	'2019-05-08'),
(928,	1,	0,	37,	'2019-05-08'),
(929,	1,	0,	38,	'2019-05-08'),
(930,	1,	0,	39,	'2019-05-08'),
(931,	1,	0,	40,	'2019-05-08'),
(932,	1,	0,	41,	'2019-05-08'),
(933,	1,	0,	42,	'2019-05-08'),
(934,	1,	0,	43,	'2019-05-08'),
(935,	1,	0,	44,	'2019-05-08'),
(936,	1,	0,	45,	'2019-05-08'),
(937,	1,	0,	46,	'2019-05-08'),
(938,	1,	0,	47,	'2019-05-08'),
(939,	1,	0,	48,	'2019-05-08'),
(940,	1,	0,	49,	'2019-05-08'),
(941,	1,	0,	50,	'2019-05-08'),
(942,	1,	0,	51,	'2019-05-08'),
(943,	1,	0,	52,	'2019-05-08'),
(944,	1,	0,	53,	'2019-05-08'),
(945,	1,	0,	54,	'2019-05-08'),
(946,	1,	0,	55,	'2019-05-08'),
(947,	1,	0,	30,	'2019-05-09'),
(948,	1,	0,	31,	'2019-05-09'),
(949,	1,	0,	32,	'2019-05-09'),
(950,	1,	0,	33,	'2019-05-09'),
(951,	1,	0,	34,	'2019-05-09'),
(952,	1,	0,	35,	'2019-05-09'),
(953,	1,	0,	36,	'2019-05-09'),
(954,	1,	0,	37,	'2019-05-09'),
(955,	1,	0,	38,	'2019-05-09'),
(956,	1,	0,	39,	'2019-05-09'),
(957,	1,	0,	40,	'2019-05-09'),
(958,	1,	0,	41,	'2019-05-09'),
(959,	1,	0,	42,	'2019-05-09'),
(960,	1,	0,	43,	'2019-05-09'),
(961,	1,	0,	44,	'2019-05-09'),
(962,	1,	0,	45,	'2019-05-09'),
(963,	1,	0,	46,	'2019-05-09'),
(964,	1,	0,	47,	'2019-05-09'),
(965,	1,	0,	48,	'2019-05-09'),
(966,	1,	0,	49,	'2019-05-09'),
(967,	1,	0,	50,	'2019-05-09'),
(968,	1,	0,	51,	'2019-05-09'),
(969,	1,	0,	52,	'2019-05-09'),
(970,	1,	0,	53,	'2019-05-09'),
(971,	1,	0,	54,	'2019-05-09'),
(972,	1,	0,	55,	'2019-05-09'),
(973,	1,	0,	30,	'2019-05-10'),
(974,	1,	0,	31,	'2019-05-10'),
(975,	1,	0,	32,	'2019-05-10'),
(976,	1,	0,	33,	'2019-05-10'),
(977,	1,	0,	34,	'2019-05-10'),
(978,	1,	0,	35,	'2019-05-10'),
(979,	1,	0,	36,	'2019-05-10'),
(980,	1,	0,	37,	'2019-05-10'),
(981,	1,	0,	38,	'2019-05-10'),
(982,	1,	0,	39,	'2019-05-10'),
(983,	1,	0,	40,	'2019-05-10'),
(984,	1,	0,	41,	'2019-05-10'),
(985,	1,	0,	42,	'2019-05-10'),
(986,	1,	0,	43,	'2019-05-10'),
(987,	1,	0,	44,	'2019-05-10'),
(988,	1,	0,	45,	'2019-05-10'),
(989,	1,	0,	46,	'2019-05-10'),
(990,	1,	0,	47,	'2019-05-10'),
(991,	1,	0,	48,	'2019-05-10'),
(992,	1,	0,	49,	'2019-05-10'),
(993,	1,	0,	50,	'2019-05-10'),
(994,	1,	0,	51,	'2019-05-10'),
(995,	1,	0,	52,	'2019-05-10'),
(996,	1,	0,	53,	'2019-05-10'),
(997,	1,	0,	54,	'2019-05-10'),
(998,	1,	0,	55,	'2019-05-10'),
(999,	1,	0,	30,	'2019-05-13'),
(1000,	1,	0,	31,	'2019-05-13'),
(1001,	1,	0,	32,	'2019-05-13'),
(1002,	1,	0,	33,	'2019-05-13'),
(1003,	1,	0,	34,	'2019-05-13'),
(1004,	1,	0,	35,	'2019-05-13'),
(1005,	1,	0,	36,	'2019-05-13'),
(1006,	1,	0,	37,	'2019-05-13'),
(1007,	1,	0,	38,	'2019-05-13'),
(1008,	1,	0,	39,	'2019-05-13'),
(1009,	1,	0,	40,	'2019-05-13'),
(1010,	1,	0,	41,	'2019-05-13'),
(1011,	1,	0,	42,	'2019-05-13'),
(1012,	1,	0,	43,	'2019-05-13'),
(1013,	1,	0,	44,	'2019-05-13'),
(1014,	1,	0,	45,	'2019-05-13'),
(1015,	1,	0,	46,	'2019-05-13'),
(1016,	1,	0,	47,	'2019-05-13'),
(1017,	1,	0,	48,	'2019-05-13'),
(1018,	1,	0,	49,	'2019-05-13'),
(1019,	1,	0,	50,	'2019-05-13'),
(1020,	1,	0,	51,	'2019-05-13'),
(1021,	1,	0,	52,	'2019-05-13'),
(1022,	1,	0,	53,	'2019-05-13'),
(1023,	1,	0,	54,	'2019-05-13'),
(1024,	1,	0,	55,	'2019-05-13'),
(1025,	1,	0,	30,	'2019-05-14'),
(1026,	1,	0,	31,	'2019-05-14'),
(1027,	1,	0,	32,	'2019-05-14'),
(1028,	1,	0,	33,	'2019-05-14'),
(1029,	1,	0,	34,	'2019-05-14'),
(1030,	1,	0,	35,	'2019-05-14'),
(1031,	1,	0,	36,	'2019-05-14'),
(1032,	1,	0,	37,	'2019-05-14'),
(1033,	1,	0,	38,	'2019-05-14'),
(1034,	1,	0,	39,	'2019-05-14'),
(1035,	1,	0,	40,	'2019-05-14'),
(1036,	1,	0,	41,	'2019-05-14'),
(1037,	1,	0,	42,	'2019-05-14'),
(1038,	1,	0,	43,	'2019-05-14'),
(1039,	1,	0,	44,	'2019-05-14'),
(1040,	1,	0,	45,	'2019-05-14'),
(1041,	1,	0,	46,	'2019-05-14'),
(1042,	1,	0,	47,	'2019-05-14'),
(1043,	1,	0,	48,	'2019-05-14'),
(1044,	1,	0,	49,	'2019-05-14'),
(1045,	1,	0,	50,	'2019-05-14'),
(1046,	1,	0,	51,	'2019-05-14'),
(1047,	1,	0,	52,	'2019-05-14'),
(1048,	1,	0,	53,	'2019-05-14'),
(1049,	1,	0,	54,	'2019-05-14'),
(1050,	1,	0,	55,	'2019-05-14'),
(1051,	1,	0,	30,	'2019-05-16'),
(1052,	1,	0,	31,	'2019-05-16'),
(1053,	1,	0,	32,	'2019-05-16'),
(1054,	1,	0,	33,	'2019-05-16'),
(1055,	1,	0,	34,	'2019-05-16'),
(1056,	1,	0,	35,	'2019-05-16'),
(1057,	1,	0,	36,	'2019-05-16'),
(1058,	1,	0,	37,	'2019-05-16'),
(1059,	1,	0,	38,	'2019-05-16'),
(1060,	1,	0,	39,	'2019-05-16'),
(1061,	1,	0,	40,	'2019-05-16'),
(1062,	1,	0,	41,	'2019-05-16'),
(1063,	1,	0,	42,	'2019-05-16'),
(1064,	1,	0,	43,	'2019-05-16'),
(1065,	1,	0,	44,	'2019-05-16'),
(1066,	1,	0,	45,	'2019-05-16'),
(1067,	1,	0,	46,	'2019-05-16'),
(1068,	1,	0,	47,	'2019-05-16'),
(1069,	1,	0,	48,	'2019-05-16'),
(1070,	1,	0,	49,	'2019-05-16'),
(1071,	1,	0,	50,	'2019-05-16'),
(1072,	1,	0,	51,	'2019-05-16'),
(1073,	1,	0,	52,	'2019-05-16'),
(1074,	1,	0,	53,	'2019-05-16'),
(1075,	1,	0,	54,	'2019-05-16'),
(1076,	1,	0,	55,	'2019-05-16'),
(1077,	1,	0,	30,	'2019-05-17'),
(1078,	1,	0,	31,	'2019-05-17'),
(1079,	1,	0,	32,	'2019-05-17'),
(1080,	1,	0,	33,	'2019-05-17'),
(1081,	1,	0,	34,	'2019-05-17'),
(1082,	1,	0,	35,	'2019-05-17'),
(1083,	1,	0,	36,	'2019-05-17'),
(1084,	1,	0,	37,	'2019-05-17'),
(1085,	1,	0,	38,	'2019-05-17'),
(1086,	1,	0,	39,	'2019-05-17'),
(1087,	1,	0,	40,	'2019-05-17'),
(1088,	1,	0,	41,	'2019-05-17'),
(1089,	1,	0,	42,	'2019-05-17'),
(1090,	1,	0,	43,	'2019-05-17'),
(1091,	1,	0,	44,	'2019-05-17'),
(1092,	1,	0,	45,	'2019-05-17'),
(1093,	1,	0,	46,	'2019-05-17'),
(1094,	1,	0,	47,	'2019-05-17'),
(1095,	1,	0,	48,	'2019-05-17'),
(1096,	1,	0,	49,	'2019-05-17'),
(1097,	1,	0,	50,	'2019-05-17'),
(1098,	1,	0,	51,	'2019-05-17'),
(1099,	1,	0,	52,	'2019-05-17'),
(1100,	1,	0,	53,	'2019-05-17'),
(1101,	1,	0,	54,	'2019-05-17'),
(1102,	1,	0,	55,	'2019-05-17'),
(1103,	1,	0,	30,	'2019-05-20'),
(1104,	1,	0,	31,	'2019-05-20'),
(1105,	1,	0,	32,	'2019-05-20'),
(1106,	1,	0,	33,	'2019-05-20'),
(1107,	1,	0,	34,	'2019-05-20'),
(1108,	1,	0,	35,	'2019-05-20'),
(1109,	1,	0,	36,	'2019-05-20'),
(1110,	1,	0,	37,	'2019-05-20'),
(1111,	1,	0,	38,	'2019-05-20'),
(1112,	1,	0,	39,	'2019-05-20'),
(1113,	1,	0,	40,	'2019-05-20'),
(1114,	1,	0,	41,	'2019-05-20'),
(1115,	1,	0,	42,	'2019-05-20'),
(1116,	1,	0,	43,	'2019-05-20'),
(1117,	1,	0,	44,	'2019-05-20'),
(1118,	1,	0,	45,	'2019-05-20'),
(1119,	1,	0,	46,	'2019-05-20'),
(1120,	1,	0,	47,	'2019-05-20'),
(1121,	1,	0,	48,	'2019-05-20'),
(1122,	1,	0,	49,	'2019-05-20'),
(1123,	1,	0,	50,	'2019-05-20'),
(1124,	1,	0,	51,	'2019-05-20'),
(1125,	1,	0,	52,	'2019-05-20'),
(1126,	1,	0,	53,	'2019-05-20'),
(1127,	1,	0,	54,	'2019-05-20'),
(1128,	1,	0,	55,	'2019-05-20'),
(1129,	1,	0,	30,	'2019-05-21'),
(1130,	1,	0,	31,	'2019-05-21'),
(1131,	1,	0,	32,	'2019-05-21'),
(1132,	1,	0,	33,	'2019-05-21'),
(1133,	1,	0,	34,	'2019-05-21'),
(1134,	1,	0,	35,	'2019-05-21'),
(1135,	1,	0,	36,	'2019-05-21'),
(1136,	1,	0,	37,	'2019-05-21'),
(1137,	1,	0,	38,	'2019-05-21'),
(1138,	1,	0,	39,	'2019-05-21'),
(1139,	1,	0,	40,	'2019-05-21'),
(1140,	1,	0,	41,	'2019-05-21'),
(1141,	1,	0,	42,	'2019-05-21'),
(1142,	1,	0,	43,	'2019-05-21'),
(1143,	1,	0,	44,	'2019-05-21'),
(1144,	1,	0,	45,	'2019-05-21'),
(1145,	1,	0,	46,	'2019-05-21'),
(1146,	1,	0,	47,	'2019-05-21'),
(1147,	1,	0,	48,	'2019-05-21'),
(1148,	1,	0,	49,	'2019-05-21'),
(1149,	1,	0,	50,	'2019-05-21'),
(1150,	1,	0,	51,	'2019-05-21'),
(1151,	1,	0,	52,	'2019-05-21'),
(1152,	1,	0,	53,	'2019-05-21'),
(1153,	1,	0,	54,	'2019-05-21'),
(1154,	1,	0,	55,	'2019-05-21'),
(1155,	1,	0,	30,	'2019-05-22'),
(1156,	1,	0,	31,	'2019-05-22'),
(1157,	1,	0,	32,	'2019-05-22'),
(1158,	1,	0,	33,	'2019-05-22'),
(1159,	1,	0,	34,	'2019-05-22'),
(1160,	1,	0,	35,	'2019-05-22'),
(1161,	1,	0,	36,	'2019-05-22'),
(1162,	1,	0,	37,	'2019-05-22'),
(1163,	1,	0,	38,	'2019-05-22'),
(1164,	1,	0,	39,	'2019-05-22'),
(1165,	1,	0,	40,	'2019-05-22'),
(1166,	1,	0,	41,	'2019-05-22'),
(1167,	1,	0,	42,	'2019-05-22'),
(1168,	1,	0,	43,	'2019-05-22'),
(1169,	1,	0,	44,	'2019-05-22'),
(1170,	1,	0,	45,	'2019-05-22'),
(1171,	1,	0,	46,	'2019-05-22'),
(1172,	1,	0,	47,	'2019-05-22'),
(1173,	1,	0,	48,	'2019-05-22'),
(1174,	1,	0,	49,	'2019-05-22'),
(1175,	1,	0,	50,	'2019-05-22'),
(1176,	1,	0,	51,	'2019-05-22'),
(1177,	1,	0,	52,	'2019-05-22'),
(1178,	1,	0,	53,	'2019-05-22'),
(1179,	1,	0,	54,	'2019-05-22'),
(1180,	1,	0,	55,	'2019-05-22'),
(1181,	1,	0,	30,	'2019-05-23'),
(1182,	1,	0,	31,	'2019-05-23'),
(1183,	1,	0,	32,	'2019-05-23'),
(1184,	1,	0,	33,	'2019-05-23'),
(1185,	1,	0,	34,	'2019-05-23'),
(1186,	1,	0,	35,	'2019-05-23'),
(1187,	1,	0,	36,	'2019-05-23'),
(1188,	1,	0,	37,	'2019-05-23'),
(1189,	1,	0,	38,	'2019-05-23'),
(1190,	1,	0,	39,	'2019-05-23'),
(1191,	1,	0,	40,	'2019-05-23'),
(1192,	1,	0,	41,	'2019-05-23'),
(1193,	1,	0,	42,	'2019-05-23'),
(1194,	1,	0,	43,	'2019-05-23'),
(1195,	1,	0,	44,	'2019-05-23'),
(1196,	1,	0,	45,	'2019-05-23'),
(1197,	1,	0,	46,	'2019-05-23'),
(1198,	1,	0,	47,	'2019-05-23'),
(1199,	1,	0,	48,	'2019-05-23'),
(1200,	1,	0,	49,	'2019-05-23'),
(1201,	1,	0,	50,	'2019-05-23'),
(1202,	1,	0,	51,	'2019-05-23'),
(1203,	1,	0,	52,	'2019-05-23'),
(1204,	1,	0,	53,	'2019-05-23'),
(1205,	1,	0,	54,	'2019-05-23'),
(1206,	1,	0,	55,	'2019-05-23'),
(1207,	1,	0,	30,	'2019-05-24'),
(1208,	1,	0,	31,	'2019-05-24'),
(1209,	1,	0,	32,	'2019-05-24'),
(1210,	1,	0,	33,	'2019-05-24'),
(1211,	1,	0,	34,	'2019-05-24'),
(1212,	1,	0,	35,	'2019-05-24'),
(1213,	1,	0,	36,	'2019-05-24'),
(1214,	1,	0,	37,	'2019-05-24'),
(1215,	1,	0,	38,	'2019-05-24'),
(1216,	1,	0,	39,	'2019-05-24'),
(1217,	1,	0,	40,	'2019-05-24'),
(1218,	1,	0,	41,	'2019-05-24'),
(1219,	1,	0,	42,	'2019-05-24'),
(1220,	1,	0,	43,	'2019-05-24'),
(1221,	1,	0,	44,	'2019-05-24'),
(1222,	1,	0,	45,	'2019-05-24'),
(1223,	1,	0,	46,	'2019-05-24'),
(1224,	1,	0,	47,	'2019-05-24'),
(1225,	1,	0,	48,	'2019-05-24'),
(1226,	1,	0,	49,	'2019-05-24'),
(1227,	1,	0,	50,	'2019-05-24'),
(1228,	1,	0,	51,	'2019-05-24'),
(1229,	1,	0,	52,	'2019-05-24'),
(1230,	1,	0,	53,	'2019-05-24'),
(1231,	1,	0,	54,	'2019-05-24'),
(1232,	1,	0,	55,	'2019-05-24'),
(1233,	1,	0,	30,	'2019-05-28'),
(1234,	1,	0,	31,	'2019-05-28'),
(1235,	1,	0,	32,	'2019-05-28'),
(1236,	1,	0,	33,	'2019-05-28'),
(1237,	1,	0,	34,	'2019-05-28'),
(1238,	1,	0,	35,	'2019-05-28'),
(1239,	1,	0,	36,	'2019-05-28'),
(1240,	1,	0,	37,	'2019-05-28'),
(1241,	1,	0,	38,	'2019-05-28'),
(1242,	1,	0,	39,	'2019-05-28'),
(1243,	1,	0,	40,	'2019-05-28'),
(1244,	1,	0,	41,	'2019-05-28'),
(1245,	1,	0,	42,	'2019-05-28'),
(1246,	1,	0,	43,	'2019-05-28'),
(1247,	1,	0,	44,	'2019-05-28'),
(1248,	1,	0,	45,	'2019-05-28'),
(1249,	1,	0,	46,	'2019-05-28'),
(1250,	1,	0,	47,	'2019-05-28'),
(1251,	1,	0,	48,	'2019-05-28'),
(1252,	1,	0,	49,	'2019-05-28'),
(1253,	1,	0,	50,	'2019-05-28'),
(1254,	1,	0,	51,	'2019-05-28'),
(1255,	1,	0,	52,	'2019-05-28'),
(1256,	1,	0,	53,	'2019-05-28'),
(1257,	1,	0,	54,	'2019-05-28'),
(1258,	1,	0,	55,	'2019-05-28'),
(1259,	1,	0,	56,	'2019-05-03'),
(1260,	1,	0,	57,	'2019-05-03'),
(1261,	1,	0,	59,	'2019-05-03'),
(1262,	1,	0,	60,	'2019-05-03'),
(1263,	1,	0,	61,	'2019-05-03'),
(1264,	1,	0,	62,	'2019-05-03'),
(1265,	1,	0,	63,	'2019-05-03'),
(1266,	1,	0,	64,	'2019-05-03'),
(1267,	1,	0,	65,	'2019-05-03'),
(1268,	1,	0,	66,	'2019-05-03'),
(1269,	1,	0,	67,	'2019-05-03'),
(1270,	1,	0,	68,	'2019-05-03'),
(1271,	1,	0,	69,	'2019-05-03'),
(1272,	1,	0,	70,	'2019-05-03'),
(1273,	1,	0,	71,	'2019-05-03'),
(1274,	1,	0,	72,	'2019-05-03'),
(1275,	1,	0,	73,	'2019-05-03'),
(1276,	1,	0,	74,	'2019-05-03'),
(1277,	1,	0,	75,	'2019-05-03'),
(1278,	1,	0,	76,	'2019-05-03'),
(1279,	1,	0,	77,	'2019-05-03'),
(1280,	1,	0,	311,	'2019-05-03'),
(1281,	1,	0,	402,	'2019-05-03'),
(1282,	1,	0,	58,	'2019-05-03'),
(1283,	1,	0,	78,	'2019-05-03'),
(1284,	1,	0,	79,	'2019-05-03'),
(1285,	1,	0,	80,	'2019-05-03'),
(1286,	1,	0,	81,	'2019-05-03'),
(1287,	1,	0,	82,	'2019-05-03'),
(1288,	1,	0,	83,	'2019-05-03'),
(1289,	1,	0,	84,	'2019-05-03'),
(1290,	1,	0,	85,	'2019-05-03'),
(1291,	1,	0,	86,	'2019-05-03'),
(1292,	1,	0,	87,	'2019-05-03'),
(1293,	1,	0,	88,	'2019-05-03'),
(1294,	1,	0,	89,	'2019-05-03'),
(1295,	1,	0,	90,	'2019-05-03'),
(1296,	1,	0,	91,	'2019-05-03'),
(1297,	1,	0,	92,	'2019-05-03'),
(1298,	1,	0,	93,	'2019-05-03'),
(1299,	1,	0,	94,	'2019-05-03'),
(1300,	1,	0,	95,	'2019-05-03'),
(1301,	1,	0,	96,	'2019-05-03'),
(1302,	1,	0,	97,	'2019-05-03'),
(1303,	1,	0,	98,	'2019-05-03'),
(1304,	1,	0,	99,	'2019-05-03'),
(1305,	1,	0,	100,	'2019-05-03'),
(1306,	1,	0,	266,	'2019-05-03'),
(1307,	1,	0,	269,	'2019-05-03'),
(1308,	1,	0,	309,	'2019-05-03'),
(1309,	1,	0,	325,	'2019-05-03'),
(1310,	1,	0,	393,	'2019-05-03'),
(1311,	1,	0,	397,	'2019-05-03'),
(1312,	1,	0,	56,	'2019-05-05'),
(1313,	1,	0,	57,	'2019-05-05'),
(1314,	1,	0,	59,	'2019-05-05'),
(1315,	1,	0,	60,	'2019-05-05'),
(1316,	1,	0,	61,	'2019-05-05'),
(1317,	1,	0,	62,	'2019-05-05'),
(1318,	1,	0,	63,	'2019-05-05'),
(1319,	1,	0,	64,	'2019-05-05'),
(1320,	1,	0,	65,	'2019-05-05'),
(1321,	1,	0,	66,	'2019-05-05'),
(1322,	1,	0,	67,	'2019-05-05'),
(1323,	1,	0,	68,	'2019-05-05'),
(1324,	1,	0,	69,	'2019-05-05'),
(1325,	1,	0,	70,	'2019-05-05'),
(1326,	1,	0,	71,	'2019-05-05'),
(1327,	1,	0,	72,	'2019-05-05'),
(1328,	1,	0,	73,	'2019-05-05'),
(1329,	1,	0,	74,	'2019-05-05'),
(1330,	1,	0,	75,	'2019-05-05'),
(1331,	1,	0,	76,	'2019-05-05'),
(1332,	1,	0,	77,	'2019-05-05'),
(1333,	1,	0,	311,	'2019-05-05'),
(1334,	1,	0,	402,	'2019-05-05'),
(1335,	1,	0,	56,	'2019-05-02'),
(1336,	1,	0,	57,	'2019-05-02'),
(1337,	1,	0,	59,	'2019-05-02'),
(1338,	1,	0,	60,	'2019-05-02'),
(1339,	1,	0,	61,	'2019-05-02'),
(1340,	1,	0,	62,	'2019-05-02'),
(1341,	1,	0,	63,	'2019-05-02'),
(1342,	1,	0,	64,	'2019-05-02'),
(1343,	1,	0,	65,	'2019-05-02'),
(1344,	1,	0,	66,	'2019-05-02'),
(1345,	1,	0,	67,	'2019-05-02'),
(1346,	1,	0,	68,	'2019-05-02'),
(1347,	1,	0,	69,	'2019-05-02'),
(1348,	1,	0,	70,	'2019-05-02'),
(1349,	1,	0,	71,	'2019-05-02'),
(1350,	1,	0,	72,	'2019-05-02'),
(1351,	1,	0,	73,	'2019-05-02'),
(1352,	1,	0,	74,	'2019-05-02'),
(1353,	1,	0,	75,	'2019-05-02'),
(1354,	1,	0,	76,	'2019-05-02'),
(1355,	1,	0,	77,	'2019-05-02'),
(1356,	1,	0,	311,	'2019-05-02'),
(1357,	1,	0,	402,	'2019-05-02'),
(1358,	1,	0,	58,	'2019-05-05'),
(1359,	1,	0,	78,	'2019-05-05'),
(1360,	1,	0,	79,	'2019-05-05'),
(1361,	1,	0,	80,	'2019-05-05'),
(1362,	1,	0,	81,	'2019-05-05'),
(1363,	1,	0,	82,	'2019-05-05'),
(1364,	1,	0,	83,	'2019-05-05'),
(1365,	1,	0,	84,	'2019-05-05'),
(1366,	1,	0,	85,	'2019-05-05'),
(1367,	1,	0,	86,	'2019-05-05'),
(1368,	1,	0,	87,	'2019-05-05'),
(1369,	1,	0,	88,	'2019-05-05'),
(1370,	1,	0,	89,	'2019-05-05'),
(1371,	1,	0,	90,	'2019-05-05'),
(1372,	1,	0,	91,	'2019-05-05'),
(1373,	1,	0,	92,	'2019-05-05'),
(1374,	1,	0,	93,	'2019-05-05'),
(1375,	1,	0,	94,	'2019-05-05'),
(1376,	1,	0,	95,	'2019-05-05'),
(1377,	1,	0,	96,	'2019-05-05'),
(1378,	1,	0,	97,	'2019-05-05'),
(1379,	1,	0,	98,	'2019-05-05'),
(1380,	1,	0,	99,	'2019-05-05'),
(1381,	1,	0,	100,	'2019-05-05'),
(1382,	1,	0,	266,	'2019-05-05'),
(1383,	1,	0,	269,	'2019-05-05'),
(1384,	1,	0,	309,	'2019-05-05'),
(1385,	1,	0,	325,	'2019-05-05'),
(1386,	1,	0,	393,	'2019-05-05'),
(1387,	1,	0,	397,	'2019-05-05'),
(1388,	1,	0,	56,	'2019-05-06'),
(1389,	1,	0,	57,	'2019-05-06'),
(1390,	1,	0,	59,	'2019-05-06'),
(1391,	1,	0,	60,	'2019-05-06'),
(1392,	1,	0,	61,	'2019-05-06'),
(1393,	1,	0,	62,	'2019-05-06'),
(1394,	1,	0,	63,	'2019-05-06'),
(1395,	1,	0,	64,	'2019-05-06'),
(1396,	1,	0,	65,	'2019-05-06'),
(1397,	1,	0,	66,	'2019-05-06'),
(1398,	1,	0,	67,	'2019-05-06'),
(1399,	1,	0,	68,	'2019-05-06'),
(1400,	1,	0,	69,	'2019-05-06'),
(1401,	1,	0,	70,	'2019-05-06'),
(1402,	1,	0,	71,	'2019-05-06'),
(1403,	1,	0,	72,	'2019-05-06'),
(1404,	1,	0,	73,	'2019-05-06'),
(1405,	1,	0,	74,	'2019-05-06'),
(1406,	1,	0,	75,	'2019-05-06'),
(1407,	1,	0,	76,	'2019-05-06'),
(1408,	1,	0,	77,	'2019-05-06'),
(1409,	1,	0,	311,	'2019-05-06'),
(1410,	1,	0,	402,	'2019-05-06'),
(1411,	1,	0,	56,	'2019-05-07'),
(1412,	1,	0,	57,	'2019-05-07'),
(1413,	1,	0,	59,	'2019-05-07'),
(1414,	1,	0,	60,	'2019-05-07'),
(1415,	1,	0,	61,	'2019-05-07'),
(1416,	1,	0,	62,	'2019-05-07'),
(1417,	1,	0,	63,	'2019-05-07'),
(1418,	1,	0,	64,	'2019-05-07'),
(1419,	1,	0,	65,	'2019-05-07'),
(1420,	1,	0,	66,	'2019-05-07'),
(1421,	1,	0,	67,	'2019-05-07'),
(1422,	1,	0,	68,	'2019-05-07'),
(1423,	1,	0,	69,	'2019-05-07'),
(1424,	1,	0,	70,	'2019-05-07'),
(1425,	1,	0,	71,	'2019-05-07'),
(1426,	1,	0,	72,	'2019-05-07'),
(1427,	1,	0,	73,	'2019-05-07'),
(1428,	1,	0,	74,	'2019-05-07'),
(1429,	1,	0,	75,	'2019-05-07'),
(1430,	1,	0,	76,	'2019-05-07'),
(1431,	1,	0,	77,	'2019-05-07'),
(1432,	1,	0,	311,	'2019-05-07'),
(1433,	1,	0,	402,	'2019-05-07'),
(1434,	1,	0,	56,	'2019-05-08'),
(1435,	1,	0,	57,	'2019-05-08'),
(1436,	1,	0,	59,	'2019-05-08'),
(1437,	1,	0,	60,	'2019-05-08'),
(1438,	1,	0,	61,	'2019-05-08'),
(1439,	1,	0,	62,	'2019-05-08'),
(1440,	1,	0,	63,	'2019-05-08'),
(1441,	1,	0,	64,	'2019-05-08'),
(1442,	1,	0,	65,	'2019-05-08'),
(1443,	1,	0,	66,	'2019-05-08'),
(1444,	1,	0,	67,	'2019-05-08'),
(1445,	1,	0,	68,	'2019-05-08'),
(1446,	1,	0,	69,	'2019-05-08'),
(1447,	1,	0,	70,	'2019-05-08'),
(1448,	1,	0,	71,	'2019-05-08'),
(1449,	1,	0,	72,	'2019-05-08'),
(1450,	1,	0,	73,	'2019-05-08'),
(1451,	1,	0,	74,	'2019-05-08'),
(1452,	1,	0,	75,	'2019-05-08'),
(1453,	1,	0,	76,	'2019-05-08'),
(1454,	1,	0,	77,	'2019-05-08'),
(1455,	1,	0,	311,	'2019-05-08'),
(1456,	1,	0,	402,	'2019-05-08'),
(1457,	1,	0,	56,	'2019-05-09'),
(1458,	1,	0,	57,	'2019-05-09'),
(1459,	1,	0,	59,	'2019-05-09'),
(1460,	1,	0,	60,	'2019-05-09'),
(1461,	1,	0,	61,	'2019-05-09'),
(1462,	1,	0,	62,	'2019-05-09'),
(1463,	1,	0,	63,	'2019-05-09'),
(1464,	1,	0,	64,	'2019-05-09'),
(1465,	1,	0,	65,	'2019-05-09'),
(1466,	1,	0,	66,	'2019-05-09'),
(1467,	1,	0,	67,	'2019-05-09'),
(1468,	1,	0,	68,	'2019-05-09'),
(1469,	1,	0,	69,	'2019-05-09'),
(1470,	1,	0,	70,	'2019-05-09'),
(1471,	1,	0,	71,	'2019-05-09'),
(1472,	1,	0,	72,	'2019-05-09'),
(1473,	1,	0,	73,	'2019-05-09'),
(1474,	1,	0,	74,	'2019-05-09'),
(1475,	1,	0,	75,	'2019-05-09'),
(1476,	1,	0,	76,	'2019-05-09'),
(1477,	1,	0,	77,	'2019-05-09'),
(1478,	1,	0,	311,	'2019-05-09'),
(1479,	1,	0,	402,	'2019-05-09'),
(1480,	1,	0,	56,	'2019-05-10'),
(1481,	1,	0,	57,	'2019-05-10'),
(1482,	1,	0,	59,	'2019-05-10'),
(1483,	1,	0,	60,	'2019-05-10'),
(1484,	1,	0,	61,	'2019-05-10'),
(1485,	1,	0,	62,	'2019-05-10'),
(1486,	1,	0,	63,	'2019-05-10'),
(1487,	1,	0,	64,	'2019-05-10'),
(1488,	1,	0,	65,	'2019-05-10'),
(1489,	1,	0,	66,	'2019-05-10'),
(1490,	1,	0,	67,	'2019-05-10'),
(1491,	1,	0,	68,	'2019-05-10'),
(1492,	1,	0,	69,	'2019-05-10'),
(1493,	1,	0,	70,	'2019-05-10'),
(1494,	1,	0,	71,	'2019-05-10'),
(1495,	1,	0,	72,	'2019-05-10'),
(1496,	1,	0,	73,	'2019-05-10'),
(1497,	1,	0,	74,	'2019-05-10'),
(1498,	1,	0,	75,	'2019-05-10'),
(1499,	1,	0,	76,	'2019-05-10'),
(1500,	1,	0,	77,	'2019-05-10'),
(1501,	1,	0,	311,	'2019-05-10'),
(1502,	1,	0,	402,	'2019-05-10'),
(1503,	1,	0,	56,	'2019-05-13'),
(1504,	1,	0,	57,	'2019-05-13'),
(1505,	1,	0,	59,	'2019-05-13'),
(1506,	1,	0,	60,	'2019-05-13'),
(1507,	1,	0,	61,	'2019-05-13'),
(1508,	1,	0,	62,	'2019-05-13'),
(1509,	1,	0,	63,	'2019-05-13'),
(1510,	1,	0,	64,	'2019-05-13'),
(1511,	1,	0,	65,	'2019-05-13'),
(1512,	1,	0,	66,	'2019-05-13'),
(1513,	1,	0,	67,	'2019-05-13'),
(1514,	1,	0,	68,	'2019-05-13'),
(1515,	1,	0,	69,	'2019-05-13'),
(1516,	1,	0,	70,	'2019-05-13'),
(1517,	1,	0,	71,	'2019-05-13'),
(1518,	1,	0,	72,	'2019-05-13'),
(1519,	1,	0,	73,	'2019-05-13'),
(1520,	1,	0,	74,	'2019-05-13'),
(1521,	1,	0,	75,	'2019-05-13'),
(1522,	1,	0,	76,	'2019-05-13'),
(1523,	1,	0,	77,	'2019-05-13'),
(1524,	1,	0,	311,	'2019-05-13'),
(1525,	1,	0,	402,	'2019-05-13'),
(1526,	1,	0,	56,	'2019-05-14'),
(1527,	1,	0,	57,	'2019-05-14'),
(1528,	1,	0,	59,	'2019-05-14'),
(1529,	1,	0,	60,	'2019-05-14'),
(1530,	1,	0,	61,	'2019-05-14'),
(1531,	1,	0,	62,	'2019-05-14'),
(1532,	1,	0,	63,	'2019-05-14'),
(1533,	1,	0,	64,	'2019-05-14'),
(1534,	1,	0,	65,	'2019-05-14'),
(1535,	1,	0,	66,	'2019-05-14'),
(1536,	1,	0,	67,	'2019-05-14'),
(1537,	1,	0,	68,	'2019-05-14'),
(1538,	1,	0,	69,	'2019-05-14'),
(1539,	1,	0,	70,	'2019-05-14'),
(1540,	1,	0,	71,	'2019-05-14'),
(1541,	1,	0,	72,	'2019-05-14'),
(1542,	1,	0,	73,	'2019-05-14'),
(1543,	1,	0,	74,	'2019-05-14'),
(1544,	1,	0,	75,	'2019-05-14'),
(1545,	1,	0,	76,	'2019-05-14'),
(1546,	1,	0,	77,	'2019-05-14'),
(1547,	1,	0,	311,	'2019-05-14'),
(1548,	1,	0,	402,	'2019-05-14'),
(1549,	1,	0,	56,	'2019-05-15'),
(1550,	1,	0,	57,	'2019-05-15'),
(1551,	1,	0,	59,	'2019-05-15'),
(1552,	1,	0,	60,	'2019-05-15'),
(1553,	1,	0,	61,	'2019-05-15'),
(1554,	1,	0,	62,	'2019-05-15'),
(1555,	1,	0,	63,	'2019-05-15'),
(1556,	1,	0,	64,	'2019-05-15'),
(1557,	1,	0,	65,	'2019-05-15'),
(1558,	1,	0,	66,	'2019-05-15'),
(1559,	1,	0,	67,	'2019-05-15'),
(1560,	1,	0,	68,	'2019-05-15'),
(1561,	1,	0,	69,	'2019-05-15'),
(1562,	1,	0,	70,	'2019-05-15'),
(1563,	1,	0,	71,	'2019-05-15'),
(1564,	1,	0,	72,	'2019-05-15'),
(1565,	1,	0,	73,	'2019-05-15'),
(1566,	1,	0,	74,	'2019-05-15'),
(1567,	1,	0,	75,	'2019-05-15'),
(1568,	1,	0,	76,	'2019-05-15'),
(1569,	1,	0,	77,	'2019-05-15'),
(1570,	1,	0,	311,	'2019-05-15'),
(1571,	1,	0,	402,	'2019-05-15'),
(1572,	1,	0,	56,	'2019-05-16'),
(1573,	1,	0,	57,	'2019-05-16'),
(1574,	1,	0,	59,	'2019-05-16'),
(1575,	1,	0,	60,	'2019-05-16'),
(1576,	1,	0,	61,	'2019-05-16'),
(1577,	1,	0,	62,	'2019-05-16'),
(1578,	1,	0,	63,	'2019-05-16'),
(1579,	1,	0,	64,	'2019-05-16'),
(1580,	1,	0,	65,	'2019-05-16'),
(1581,	1,	0,	66,	'2019-05-16'),
(1582,	1,	0,	67,	'2019-05-16'),
(1583,	1,	0,	68,	'2019-05-16'),
(1584,	1,	0,	69,	'2019-05-16'),
(1585,	1,	0,	70,	'2019-05-16'),
(1586,	1,	0,	71,	'2019-05-16'),
(1587,	1,	0,	72,	'2019-05-16'),
(1588,	1,	0,	73,	'2019-05-16'),
(1589,	1,	0,	74,	'2019-05-16'),
(1590,	1,	0,	75,	'2019-05-16'),
(1591,	1,	0,	76,	'2019-05-16'),
(1592,	1,	0,	77,	'2019-05-16'),
(1593,	1,	0,	311,	'2019-05-16'),
(1594,	1,	0,	402,	'2019-05-16'),
(1595,	1,	0,	56,	'2019-05-17'),
(1596,	1,	0,	57,	'2019-05-17'),
(1597,	1,	0,	59,	'2019-05-17'),
(1598,	1,	0,	60,	'2019-05-17'),
(1599,	1,	0,	61,	'2019-05-17'),
(1600,	1,	0,	62,	'2019-05-17'),
(1601,	1,	0,	63,	'2019-05-17'),
(1602,	1,	0,	64,	'2019-05-17'),
(1603,	1,	0,	65,	'2019-05-17'),
(1604,	1,	0,	66,	'2019-05-17'),
(1605,	1,	0,	67,	'2019-05-17'),
(1606,	1,	0,	68,	'2019-05-17'),
(1607,	1,	0,	69,	'2019-05-17'),
(1608,	1,	0,	70,	'2019-05-17'),
(1609,	1,	0,	71,	'2019-05-17'),
(1610,	1,	0,	72,	'2019-05-17'),
(1611,	1,	0,	73,	'2019-05-17'),
(1612,	1,	0,	74,	'2019-05-17'),
(1613,	1,	0,	75,	'2019-05-17'),
(1614,	1,	0,	76,	'2019-05-17'),
(1615,	1,	0,	77,	'2019-05-17'),
(1616,	1,	0,	311,	'2019-05-17'),
(1617,	1,	0,	402,	'2019-05-17'),
(1618,	1,	0,	56,	'2019-05-20'),
(1619,	1,	0,	57,	'2019-05-20'),
(1620,	1,	0,	59,	'2019-05-20'),
(1621,	1,	0,	60,	'2019-05-20'),
(1622,	1,	0,	61,	'2019-05-20'),
(1623,	1,	0,	62,	'2019-05-20'),
(1624,	1,	0,	63,	'2019-05-20'),
(1625,	1,	0,	64,	'2019-05-20'),
(1626,	1,	0,	65,	'2019-05-20'),
(1627,	1,	0,	66,	'2019-05-20'),
(1628,	1,	0,	67,	'2019-05-20'),
(1629,	1,	0,	68,	'2019-05-20'),
(1630,	1,	0,	69,	'2019-05-20'),
(1631,	1,	0,	70,	'2019-05-20'),
(1632,	1,	0,	71,	'2019-05-20'),
(1633,	1,	0,	72,	'2019-05-20'),
(1634,	1,	0,	73,	'2019-05-20'),
(1635,	1,	0,	74,	'2019-05-20'),
(1636,	1,	0,	75,	'2019-05-20'),
(1637,	1,	0,	76,	'2019-05-20'),
(1638,	1,	0,	77,	'2019-05-20'),
(1639,	1,	0,	311,	'2019-05-20'),
(1640,	1,	0,	402,	'2019-05-20'),
(1641,	1,	0,	56,	'2019-05-21'),
(1642,	1,	0,	57,	'2019-05-21'),
(1643,	1,	0,	59,	'2019-05-21'),
(1644,	1,	0,	60,	'2019-05-21'),
(1645,	1,	0,	61,	'2019-05-21'),
(1646,	1,	0,	62,	'2019-05-21'),
(1647,	1,	0,	63,	'2019-05-21'),
(1648,	1,	0,	64,	'2019-05-21'),
(1649,	1,	0,	65,	'2019-05-21'),
(1650,	1,	0,	66,	'2019-05-21'),
(1651,	1,	0,	67,	'2019-05-21'),
(1652,	1,	0,	68,	'2019-05-21'),
(1653,	1,	0,	69,	'2019-05-21'),
(1654,	1,	0,	70,	'2019-05-21'),
(1655,	1,	0,	71,	'2019-05-21'),
(1656,	1,	0,	72,	'2019-05-21'),
(1657,	1,	0,	73,	'2019-05-21'),
(1658,	1,	0,	74,	'2019-05-21'),
(1659,	1,	0,	75,	'2019-05-21'),
(1660,	1,	0,	76,	'2019-05-21'),
(1661,	1,	0,	77,	'2019-05-21'),
(1662,	1,	0,	311,	'2019-05-21'),
(1663,	1,	0,	402,	'2019-05-21'),
(1664,	1,	0,	56,	'2019-05-22'),
(1665,	1,	0,	57,	'2019-05-22'),
(1666,	1,	0,	59,	'2019-05-22'),
(1667,	1,	0,	60,	'2019-05-22'),
(1668,	1,	0,	61,	'2019-05-22'),
(1669,	1,	0,	62,	'2019-05-22'),
(1670,	1,	0,	63,	'2019-05-22'),
(1671,	1,	0,	64,	'2019-05-22'),
(1672,	1,	0,	65,	'2019-05-22'),
(1673,	1,	0,	66,	'2019-05-22'),
(1674,	1,	0,	67,	'2019-05-22'),
(1675,	1,	0,	68,	'2019-05-22'),
(1676,	1,	0,	69,	'2019-05-22'),
(1677,	1,	0,	70,	'2019-05-22'),
(1678,	1,	0,	71,	'2019-05-22'),
(1679,	1,	0,	72,	'2019-05-22'),
(1680,	1,	0,	73,	'2019-05-22'),
(1681,	1,	0,	74,	'2019-05-22'),
(1682,	1,	0,	75,	'2019-05-22'),
(1683,	1,	0,	76,	'2019-05-22'),
(1684,	1,	0,	77,	'2019-05-22'),
(1685,	1,	0,	311,	'2019-05-22'),
(1686,	1,	0,	402,	'2019-05-22'),
(1687,	1,	0,	1,	'2019-05-29'),
(1688,	1,	0,	2,	'2019-05-29'),
(1689,	1,	0,	3,	'2019-05-29'),
(1690,	1,	0,	4,	'2019-05-29'),
(1691,	1,	0,	5,	'2019-05-29'),
(1692,	1,	0,	6,	'2019-05-29'),
(1693,	1,	0,	7,	'2019-05-29'),
(1694,	1,	0,	308,	'2019-05-29'),
(1695,	1,	0,	390,	'2019-05-29'),
(1696,	1,	0,	8,	'2019-05-29'),
(1697,	1,	0,	9,	'2019-05-29'),
(1698,	1,	0,	10,	'2019-05-29'),
(1699,	1,	0,	11,	'2019-05-29'),
(1700,	1,	0,	12,	'2019-05-29'),
(1701,	1,	0,	13,	'2019-05-29'),
(1702,	1,	0,	14,	'2019-05-29'),
(1703,	1,	0,	15,	'2019-05-29'),
(1704,	1,	0,	16,	'2019-05-29'),
(1705,	1,	0,	17,	'2019-05-29'),
(1706,	1,	0,	23,	'2019-05-29'),
(1707,	1,	0,	337,	'2019-05-29'),
(1708,	1,	0,	8,	'2019-05-28'),
(1709,	1,	0,	9,	'2019-05-28'),
(1710,	1,	0,	10,	'2019-05-28'),
(1711,	1,	0,	11,	'2019-05-28'),
(1712,	1,	0,	12,	'2019-05-28'),
(1713,	1,	0,	13,	'2019-05-28'),
(1714,	1,	0,	14,	'2019-05-28'),
(1715,	1,	0,	15,	'2019-05-28'),
(1716,	1,	0,	16,	'2019-05-28'),
(1717,	1,	0,	17,	'2019-05-28'),
(1718,	1,	0,	23,	'2019-05-28'),
(1719,	1,	0,	337,	'2019-05-28'),
(1720,	1,	0,	117,	'2019-05-29'),
(1721,	1,	0,	161,	'2019-05-29'),
(1722,	1,	0,	163,	'2019-05-29'),
(1723,	1,	0,	165,	'2019-05-29'),
(1724,	1,	0,	166,	'2019-05-29'),
(1725,	1,	0,	168,	'2019-05-29'),
(1726,	1,	0,	169,	'2019-05-29'),
(1727,	1,	0,	182,	'2019-05-29'),
(1728,	1,	0,	185,	'2019-05-29'),
(1729,	1,	0,	187,	'2019-05-29'),
(1730,	1,	0,	188,	'2019-05-29'),
(1731,	1,	0,	190,	'2019-05-29'),
(1732,	1,	0,	192,	'2019-05-29'),
(1733,	1,	0,	193,	'2019-05-29'),
(1734,	1,	0,	195,	'2019-05-29'),
(1735,	1,	0,	204,	'2019-05-29'),
(1736,	1,	0,	205,	'2019-05-29'),
(1737,	1,	0,	224,	'2019-05-29'),
(1738,	1,	0,	225,	'2019-05-29'),
(1739,	1,	0,	226,	'2019-05-29'),
(1740,	1,	0,	227,	'2019-05-29'),
(1741,	1,	0,	228,	'2019-05-29'),
(1742,	1,	0,	229,	'2019-05-29'),
(1743,	1,	0,	230,	'2019-05-29'),
(1744,	1,	0,	231,	'2019-05-29'),
(1745,	1,	0,	232,	'2019-05-29'),
(1746,	1,	0,	233,	'2019-05-29'),
(1747,	1,	0,	234,	'2019-05-29'),
(1748,	1,	0,	235,	'2019-05-29'),
(1749,	1,	0,	236,	'2019-05-29'),
(1750,	1,	0,	237,	'2019-05-29'),
(1751,	1,	0,	238,	'2019-05-29'),
(1752,	1,	0,	239,	'2019-05-29'),
(1753,	1,	0,	240,	'2019-05-29'),
(1754,	1,	0,	241,	'2019-05-29'),
(1755,	1,	0,	242,	'2019-05-29'),
(1756,	1,	0,	243,	'2019-05-29'),
(1757,	1,	0,	244,	'2019-05-29'),
(1758,	1,	0,	245,	'2019-05-29'),
(1759,	1,	0,	246,	'2019-05-29'),
(1760,	1,	0,	247,	'2019-05-29'),
(1761,	1,	0,	248,	'2019-05-29'),
(1762,	1,	0,	249,	'2019-05-29'),
(1763,	1,	0,	250,	'2019-05-29'),
(1764,	1,	0,	251,	'2019-05-29'),
(1765,	1,	0,	252,	'2019-05-29'),
(1766,	1,	0,	253,	'2019-05-29'),
(1767,	1,	0,	315,	'2019-05-29'),
(1768,	1,	0,	329,	'2019-05-29'),
(1769,	1,	0,	331,	'2019-05-29'),
(1770,	1,	0,	332,	'2019-05-29'),
(1771,	1,	0,	334,	'2019-05-29'),
(1772,	1,	0,	392,	'2019-05-29'),
(1773,	1,	0,	401,	'2019-05-29'),
(1774,	1,	0,	101,	'2019-05-29'),
(1775,	1,	0,	102,	'2019-05-29'),
(1776,	1,	0,	103,	'2019-05-29'),
(1777,	1,	0,	104,	'2019-05-29'),
(1778,	1,	0,	105,	'2019-05-29'),
(1779,	1,	0,	106,	'2019-05-29'),
(1780,	1,	0,	107,	'2019-05-29'),
(1781,	1,	0,	108,	'2019-05-29'),
(1782,	1,	0,	109,	'2019-05-29'),
(1783,	1,	0,	111,	'2019-05-29'),
(1784,	1,	0,	112,	'2019-05-29'),
(1785,	1,	0,	113,	'2019-05-29'),
(1786,	1,	0,	114,	'2019-05-29'),
(1787,	1,	0,	115,	'2019-05-29'),
(1788,	1,	0,	116,	'2019-05-29'),
(1789,	1,	0,	118,	'2019-05-29'),
(1790,	1,	0,	119,	'2019-05-29'),
(1791,	1,	0,	120,	'2019-05-29'),
(1792,	1,	0,	121,	'2019-05-29'),
(1793,	1,	0,	122,	'2019-05-29'),
(1794,	1,	0,	123,	'2019-05-29'),
(1795,	1,	0,	124,	'2019-05-29'),
(1796,	1,	0,	125,	'2019-05-29'),
(1797,	1,	0,	126,	'2019-05-29'),
(1798,	1,	0,	127,	'2019-05-29'),
(1799,	1,	0,	128,	'2019-05-29'),
(1800,	1,	0,	129,	'2019-05-29'),
(1801,	1,	0,	130,	'2019-05-29'),
(1802,	1,	0,	131,	'2019-05-29'),
(1803,	1,	0,	132,	'2019-05-29'),
(1804,	1,	0,	134,	'2019-05-29'),
(1805,	1,	0,	136,	'2019-05-29'),
(1806,	1,	0,	138,	'2019-05-29'),
(1807,	1,	0,	140,	'2019-05-29'),
(1808,	1,	0,	143,	'2019-05-29'),
(1809,	1,	0,	145,	'2019-05-29'),
(1810,	1,	0,	146,	'2019-05-29'),
(1811,	1,	0,	148,	'2019-05-29'),
(1812,	1,	0,	150,	'2019-05-29'),
(1813,	1,	0,	151,	'2019-05-29'),
(1814,	1,	0,	153,	'2019-05-29'),
(1815,	1,	0,	154,	'2019-05-29'),
(1816,	1,	0,	346,	'2019-05-29'),
(1817,	1,	0,	384,	'2019-05-29'),
(1818,	1,	0,	396,	'2019-05-29'),
(1819,	1,	0,	399,	'2019-05-29'),
(1820,	1,	0,	400,	'2019-05-29'),
(1821,	1,	0,	406,	'2019-05-29'),
(1822,	1,	0,	56,	'2019-05-24'),
(1823,	1,	0,	57,	'2019-05-24'),
(1824,	1,	0,	59,	'2019-05-24'),
(1825,	1,	0,	60,	'2019-05-24'),
(1826,	1,	0,	61,	'2019-05-24'),
(1827,	1,	0,	62,	'2019-05-24'),
(1828,	1,	0,	63,	'2019-05-24'),
(1829,	1,	0,	64,	'2019-05-24'),
(1830,	1,	0,	65,	'2019-05-24'),
(1831,	1,	0,	66,	'2019-05-24'),
(1832,	1,	0,	67,	'2019-05-24'),
(1833,	1,	0,	68,	'2019-05-24'),
(1834,	1,	0,	69,	'2019-05-24'),
(1835,	1,	0,	70,	'2019-05-24'),
(1836,	1,	0,	71,	'2019-05-24'),
(1837,	1,	0,	72,	'2019-05-24'),
(1838,	1,	0,	73,	'2019-05-24'),
(1839,	1,	0,	74,	'2019-05-24'),
(1840,	1,	0,	75,	'2019-05-24'),
(1841,	1,	0,	76,	'2019-05-24'),
(1842,	1,	0,	77,	'2019-05-24'),
(1843,	1,	0,	311,	'2019-05-24'),
(1844,	1,	0,	402,	'2019-05-24'),
(1845,	1,	0,	58,	'2019-05-04'),
(1846,	1,	0,	78,	'2019-05-04'),
(1847,	1,	0,	79,	'2019-05-04'),
(1848,	1,	0,	80,	'2019-05-04'),
(1849,	1,	0,	81,	'2019-05-04'),
(1850,	1,	0,	82,	'2019-05-04'),
(1851,	1,	0,	83,	'2019-05-04'),
(1852,	1,	0,	84,	'2019-05-04'),
(1853,	1,	0,	85,	'2019-05-04'),
(1854,	1,	0,	86,	'2019-05-04'),
(1855,	1,	0,	87,	'2019-05-04'),
(1856,	1,	0,	88,	'2019-05-04'),
(1857,	1,	0,	89,	'2019-05-04'),
(1858,	1,	0,	90,	'2019-05-04'),
(1859,	1,	0,	91,	'2019-05-04'),
(1860,	1,	0,	92,	'2019-05-04'),
(1861,	1,	0,	93,	'2019-05-04'),
(1862,	1,	0,	94,	'2019-05-04'),
(1863,	1,	0,	95,	'2019-05-04'),
(1864,	1,	0,	96,	'2019-05-04'),
(1865,	1,	0,	97,	'2019-05-04'),
(1866,	1,	0,	98,	'2019-05-04'),
(1867,	1,	0,	99,	'2019-05-04'),
(1868,	1,	0,	100,	'2019-05-04'),
(1869,	1,	0,	266,	'2019-05-04'),
(1870,	1,	0,	269,	'2019-05-04'),
(1871,	1,	0,	309,	'2019-05-04'),
(1872,	1,	0,	325,	'2019-05-04'),
(1873,	1,	0,	393,	'2019-05-04'),
(1874,	1,	0,	397,	'2019-05-04'),
(1875,	1,	0,	58,	'2019-05-06'),
(1876,	1,	0,	78,	'2019-05-06'),
(1877,	1,	0,	79,	'2019-05-06'),
(1878,	1,	0,	80,	'2019-05-06'),
(1879,	1,	0,	81,	'2019-05-06'),
(1880,	1,	0,	82,	'2019-05-06'),
(1881,	1,	0,	83,	'2019-05-06'),
(1882,	1,	0,	84,	'2019-05-06'),
(1883,	1,	0,	85,	'2019-05-06'),
(1884,	1,	0,	86,	'2019-05-06'),
(1885,	1,	0,	87,	'2019-05-06'),
(1886,	1,	0,	88,	'2019-05-06'),
(1887,	1,	0,	89,	'2019-05-06'),
(1888,	1,	0,	90,	'2019-05-06'),
(1889,	1,	0,	91,	'2019-05-06'),
(1890,	1,	0,	92,	'2019-05-06'),
(1891,	1,	0,	93,	'2019-05-06'),
(1892,	1,	0,	94,	'2019-05-06'),
(1893,	1,	0,	95,	'2019-05-06'),
(1894,	1,	0,	96,	'2019-05-06'),
(1895,	1,	0,	97,	'2019-05-06'),
(1896,	1,	0,	98,	'2019-05-06'),
(1897,	1,	0,	99,	'2019-05-06'),
(1898,	1,	0,	100,	'2019-05-06'),
(1899,	1,	0,	266,	'2019-05-06'),
(1900,	1,	0,	269,	'2019-05-06'),
(1901,	1,	0,	309,	'2019-05-06'),
(1902,	1,	0,	325,	'2019-05-06'),
(1903,	1,	0,	393,	'2019-05-06'),
(1904,	1,	0,	397,	'2019-05-06'),
(1905,	1,	0,	58,	'2019-05-07'),
(1906,	1,	0,	78,	'2019-05-07'),
(1907,	1,	0,	79,	'2019-05-07'),
(1908,	1,	0,	80,	'2019-05-07'),
(1909,	1,	0,	81,	'2019-05-07'),
(1910,	1,	0,	82,	'2019-05-07'),
(1911,	1,	0,	83,	'2019-05-07'),
(1912,	1,	0,	84,	'2019-05-07'),
(1913,	1,	0,	85,	'2019-05-07'),
(1914,	1,	0,	86,	'2019-05-07'),
(1915,	1,	0,	87,	'2019-05-07'),
(1916,	1,	0,	88,	'2019-05-07'),
(1917,	1,	0,	89,	'2019-05-07'),
(1918,	1,	0,	90,	'2019-05-07'),
(1919,	1,	0,	91,	'2019-05-07'),
(1920,	1,	0,	92,	'2019-05-07'),
(1921,	1,	0,	93,	'2019-05-07'),
(1922,	1,	0,	94,	'2019-05-07'),
(1923,	1,	0,	95,	'2019-05-07'),
(1924,	1,	0,	96,	'2019-05-07'),
(1925,	1,	0,	97,	'2019-05-07'),
(1926,	1,	0,	98,	'2019-05-07'),
(1927,	1,	0,	99,	'2019-05-07'),
(1928,	1,	0,	100,	'2019-05-07'),
(1929,	1,	0,	266,	'2019-05-07'),
(1930,	1,	0,	269,	'2019-05-07'),
(1931,	1,	0,	309,	'2019-05-07'),
(1932,	1,	0,	325,	'2019-05-07'),
(1933,	1,	0,	393,	'2019-05-07'),
(1934,	1,	0,	397,	'2019-05-07'),
(1935,	1,	0,	58,	'2019-05-08'),
(1936,	1,	0,	78,	'2019-05-08'),
(1937,	1,	0,	79,	'2019-05-08'),
(1938,	1,	0,	80,	'2019-05-08'),
(1939,	1,	0,	81,	'2019-05-08'),
(1940,	1,	0,	82,	'2019-05-08'),
(1941,	1,	0,	83,	'2019-05-08'),
(1942,	1,	0,	84,	'2019-05-08'),
(1943,	1,	0,	85,	'2019-05-08'),
(1944,	1,	0,	86,	'2019-05-08'),
(1945,	1,	0,	87,	'2019-05-08'),
(1946,	1,	0,	88,	'2019-05-08'),
(1947,	1,	0,	89,	'2019-05-08'),
(1948,	1,	0,	90,	'2019-05-08'),
(1949,	1,	0,	91,	'2019-05-08'),
(1950,	1,	0,	92,	'2019-05-08'),
(1951,	1,	0,	93,	'2019-05-08'),
(1952,	1,	0,	94,	'2019-05-08'),
(1953,	1,	0,	95,	'2019-05-08'),
(1954,	1,	0,	96,	'2019-05-08'),
(1955,	1,	0,	97,	'2019-05-08'),
(1956,	1,	0,	98,	'2019-05-08'),
(1957,	1,	0,	99,	'2019-05-08'),
(1958,	1,	0,	100,	'2019-05-08'),
(1959,	1,	0,	266,	'2019-05-08'),
(1960,	1,	0,	269,	'2019-05-08'),
(1961,	1,	0,	309,	'2019-05-08'),
(1962,	1,	0,	325,	'2019-05-08'),
(1963,	1,	0,	393,	'2019-05-08'),
(1964,	1,	0,	397,	'2019-05-08'),
(1965,	1,	0,	58,	'2019-05-09'),
(1966,	1,	0,	78,	'2019-05-09'),
(1967,	1,	0,	79,	'2019-05-09'),
(1968,	1,	0,	80,	'2019-05-09'),
(1969,	1,	0,	81,	'2019-05-09'),
(1970,	1,	0,	82,	'2019-05-09'),
(1971,	1,	0,	83,	'2019-05-09'),
(1972,	1,	0,	84,	'2019-05-09'),
(1973,	1,	0,	85,	'2019-05-09'),
(1974,	1,	0,	86,	'2019-05-09'),
(1975,	1,	0,	87,	'2019-05-09'),
(1976,	1,	0,	88,	'2019-05-09'),
(1977,	1,	0,	89,	'2019-05-09'),
(1978,	1,	0,	90,	'2019-05-09'),
(1979,	1,	0,	91,	'2019-05-09'),
(1980,	1,	0,	92,	'2019-05-09'),
(1981,	1,	0,	93,	'2019-05-09'),
(1982,	1,	0,	94,	'2019-05-09'),
(1983,	1,	0,	95,	'2019-05-09'),
(1984,	1,	0,	96,	'2019-05-09'),
(1985,	1,	0,	97,	'2019-05-09'),
(1986,	1,	0,	98,	'2019-05-09'),
(1987,	1,	0,	99,	'2019-05-09'),
(1988,	1,	0,	100,	'2019-05-09'),
(1989,	1,	0,	266,	'2019-05-09'),
(1990,	1,	0,	269,	'2019-05-09'),
(1991,	1,	0,	309,	'2019-05-09'),
(1992,	1,	0,	325,	'2019-05-09'),
(1993,	1,	0,	393,	'2019-05-09'),
(1994,	1,	0,	397,	'2019-05-09'),
(1995,	1,	0,	58,	'2019-05-10'),
(1996,	1,	0,	78,	'2019-05-10'),
(1997,	1,	0,	79,	'2019-05-10'),
(1998,	1,	0,	80,	'2019-05-10'),
(1999,	1,	0,	81,	'2019-05-10'),
(2000,	1,	0,	82,	'2019-05-10'),
(2001,	1,	0,	83,	'2019-05-10'),
(2002,	1,	0,	84,	'2019-05-10'),
(2003,	1,	0,	85,	'2019-05-10'),
(2004,	1,	0,	86,	'2019-05-10'),
(2005,	1,	0,	87,	'2019-05-10'),
(2006,	1,	0,	88,	'2019-05-10'),
(2007,	1,	0,	89,	'2019-05-10'),
(2008,	1,	0,	90,	'2019-05-10'),
(2009,	1,	0,	91,	'2019-05-10'),
(2010,	1,	0,	92,	'2019-05-10'),
(2011,	1,	0,	93,	'2019-05-10'),
(2012,	1,	0,	94,	'2019-05-10'),
(2013,	1,	0,	95,	'2019-05-10'),
(2014,	1,	0,	96,	'2019-05-10'),
(2015,	1,	0,	97,	'2019-05-10'),
(2016,	1,	0,	98,	'2019-05-10'),
(2017,	1,	0,	99,	'2019-05-10'),
(2018,	1,	0,	100,	'2019-05-10'),
(2019,	1,	0,	266,	'2019-05-10'),
(2020,	1,	0,	269,	'2019-05-10'),
(2021,	1,	0,	309,	'2019-05-10'),
(2022,	1,	0,	325,	'2019-05-10'),
(2023,	1,	0,	393,	'2019-05-10'),
(2024,	1,	0,	397,	'2019-05-10'),
(2025,	1,	0,	58,	'2019-05-13'),
(2026,	1,	0,	78,	'2019-05-13'),
(2027,	1,	0,	79,	'2019-05-13'),
(2028,	1,	0,	80,	'2019-05-13'),
(2029,	1,	0,	81,	'2019-05-13'),
(2030,	1,	0,	82,	'2019-05-13'),
(2031,	1,	0,	83,	'2019-05-13'),
(2032,	1,	0,	84,	'2019-05-13'),
(2033,	1,	0,	85,	'2019-05-13'),
(2034,	1,	0,	86,	'2019-05-13'),
(2035,	1,	0,	87,	'2019-05-13'),
(2036,	1,	0,	88,	'2019-05-13'),
(2037,	1,	0,	89,	'2019-05-13'),
(2038,	1,	0,	90,	'2019-05-13'),
(2039,	1,	0,	91,	'2019-05-13'),
(2040,	1,	0,	92,	'2019-05-13'),
(2041,	1,	0,	93,	'2019-05-13'),
(2042,	1,	0,	94,	'2019-05-13'),
(2043,	1,	0,	95,	'2019-05-13'),
(2044,	1,	0,	96,	'2019-05-13'),
(2045,	1,	0,	97,	'2019-05-13'),
(2046,	1,	0,	98,	'2019-05-13'),
(2047,	1,	0,	99,	'2019-05-13'),
(2048,	1,	0,	100,	'2019-05-13'),
(2049,	1,	0,	266,	'2019-05-13'),
(2050,	1,	0,	269,	'2019-05-13'),
(2051,	1,	0,	309,	'2019-05-13'),
(2052,	1,	0,	325,	'2019-05-13'),
(2053,	1,	0,	393,	'2019-05-13'),
(2054,	1,	0,	397,	'2019-05-13'),
(2055,	1,	0,	58,	'2019-05-14'),
(2056,	1,	0,	78,	'2019-05-14'),
(2057,	1,	0,	79,	'2019-05-14'),
(2058,	1,	0,	80,	'2019-05-14'),
(2059,	1,	0,	81,	'2019-05-14'),
(2060,	1,	0,	82,	'2019-05-14'),
(2061,	1,	0,	83,	'2019-05-14'),
(2062,	1,	0,	84,	'2019-05-14'),
(2063,	1,	0,	85,	'2019-05-14'),
(2064,	1,	0,	86,	'2019-05-14'),
(2065,	1,	0,	87,	'2019-05-14'),
(2066,	1,	0,	88,	'2019-05-14'),
(2067,	1,	0,	89,	'2019-05-14'),
(2068,	1,	0,	90,	'2019-05-14'),
(2069,	1,	0,	91,	'2019-05-14'),
(2070,	1,	0,	92,	'2019-05-14'),
(2071,	1,	0,	93,	'2019-05-14'),
(2072,	1,	0,	94,	'2019-05-14'),
(2073,	1,	0,	95,	'2019-05-14'),
(2074,	1,	0,	96,	'2019-05-14'),
(2075,	1,	0,	97,	'2019-05-14'),
(2076,	1,	0,	98,	'2019-05-14'),
(2077,	1,	0,	99,	'2019-05-14'),
(2078,	1,	0,	100,	'2019-05-14'),
(2079,	1,	0,	266,	'2019-05-14'),
(2080,	1,	0,	269,	'2019-05-14'),
(2081,	1,	0,	309,	'2019-05-14'),
(2082,	1,	0,	325,	'2019-05-14'),
(2083,	1,	0,	393,	'2019-05-14'),
(2084,	1,	0,	397,	'2019-05-14'),
(2085,	1,	0,	58,	'2019-05-15'),
(2086,	1,	0,	78,	'2019-05-15'),
(2087,	1,	0,	79,	'2019-05-15'),
(2088,	1,	0,	80,	'2019-05-15'),
(2089,	1,	0,	81,	'2019-05-15'),
(2090,	1,	0,	82,	'2019-05-15'),
(2091,	1,	0,	83,	'2019-05-15'),
(2092,	1,	0,	84,	'2019-05-15'),
(2093,	1,	0,	85,	'2019-05-15'),
(2094,	1,	0,	86,	'2019-05-15'),
(2095,	1,	0,	87,	'2019-05-15'),
(2096,	1,	0,	88,	'2019-05-15'),
(2097,	1,	0,	89,	'2019-05-15'),
(2098,	1,	0,	90,	'2019-05-15'),
(2099,	1,	0,	91,	'2019-05-15'),
(2100,	1,	0,	92,	'2019-05-15'),
(2101,	1,	0,	93,	'2019-05-15'),
(2102,	1,	0,	94,	'2019-05-15'),
(2103,	1,	0,	95,	'2019-05-15'),
(2104,	1,	0,	96,	'2019-05-15'),
(2105,	1,	0,	97,	'2019-05-15'),
(2106,	1,	0,	98,	'2019-05-15'),
(2107,	1,	0,	99,	'2019-05-15'),
(2108,	1,	0,	100,	'2019-05-15'),
(2109,	1,	0,	266,	'2019-05-15'),
(2110,	1,	0,	269,	'2019-05-15'),
(2111,	1,	0,	309,	'2019-05-15'),
(2112,	1,	0,	325,	'2019-05-15'),
(2113,	1,	0,	393,	'2019-05-15'),
(2114,	1,	0,	397,	'2019-05-15'),
(2115,	1,	0,	58,	'2019-05-16'),
(2116,	1,	0,	78,	'2019-05-16'),
(2117,	1,	0,	79,	'2019-05-16'),
(2118,	1,	0,	80,	'2019-05-16'),
(2119,	1,	0,	81,	'2019-05-16'),
(2120,	1,	0,	82,	'2019-05-16'),
(2121,	1,	0,	83,	'2019-05-16'),
(2122,	1,	0,	84,	'2019-05-16'),
(2123,	1,	0,	85,	'2019-05-16'),
(2124,	1,	0,	86,	'2019-05-16'),
(2125,	1,	0,	87,	'2019-05-16'),
(2126,	1,	0,	88,	'2019-05-16'),
(2127,	1,	0,	89,	'2019-05-16'),
(2128,	1,	0,	90,	'2019-05-16'),
(2129,	1,	0,	91,	'2019-05-16'),
(2130,	1,	0,	92,	'2019-05-16'),
(2131,	1,	0,	93,	'2019-05-16'),
(2132,	1,	0,	94,	'2019-05-16'),
(2133,	1,	0,	95,	'2019-05-16'),
(2134,	1,	0,	96,	'2019-05-16'),
(2135,	1,	0,	97,	'2019-05-16'),
(2136,	1,	0,	98,	'2019-05-16'),
(2137,	1,	0,	99,	'2019-05-16'),
(2138,	1,	0,	100,	'2019-05-16'),
(2139,	1,	0,	266,	'2019-05-16'),
(2140,	1,	0,	269,	'2019-05-16'),
(2141,	1,	0,	309,	'2019-05-16'),
(2142,	1,	0,	325,	'2019-05-16'),
(2143,	1,	0,	393,	'2019-05-16'),
(2144,	1,	0,	397,	'2019-05-16'),
(2145,	1,	0,	58,	'2019-05-17'),
(2146,	1,	0,	78,	'2019-05-17'),
(2147,	1,	0,	79,	'2019-05-17'),
(2148,	1,	0,	80,	'2019-05-17'),
(2149,	1,	0,	81,	'2019-05-17'),
(2150,	1,	0,	82,	'2019-05-17'),
(2151,	1,	0,	83,	'2019-05-17'),
(2152,	1,	0,	84,	'2019-05-17'),
(2153,	1,	0,	85,	'2019-05-17'),
(2154,	1,	0,	86,	'2019-05-17'),
(2155,	1,	0,	87,	'2019-05-17'),
(2156,	1,	0,	88,	'2019-05-17'),
(2157,	1,	0,	89,	'2019-05-17'),
(2158,	1,	0,	90,	'2019-05-17'),
(2159,	1,	0,	91,	'2019-05-17'),
(2160,	1,	0,	92,	'2019-05-17'),
(2161,	1,	0,	93,	'2019-05-17'),
(2162,	1,	0,	94,	'2019-05-17'),
(2163,	1,	0,	95,	'2019-05-17'),
(2164,	1,	0,	96,	'2019-05-17'),
(2165,	1,	0,	97,	'2019-05-17'),
(2166,	1,	0,	98,	'2019-05-17'),
(2167,	1,	0,	99,	'2019-05-17'),
(2168,	1,	0,	100,	'2019-05-17'),
(2169,	1,	0,	266,	'2019-05-17'),
(2170,	1,	0,	269,	'2019-05-17'),
(2171,	1,	0,	309,	'2019-05-17'),
(2172,	1,	0,	325,	'2019-05-17'),
(2173,	1,	0,	393,	'2019-05-17'),
(2174,	1,	0,	397,	'2019-05-17'),
(2175,	1,	0,	58,	'2019-05-20'),
(2176,	1,	0,	78,	'2019-05-20'),
(2177,	1,	0,	79,	'2019-05-20'),
(2178,	1,	0,	80,	'2019-05-20'),
(2179,	1,	0,	81,	'2019-05-20'),
(2180,	1,	0,	82,	'2019-05-20'),
(2181,	1,	0,	83,	'2019-05-20'),
(2182,	1,	0,	84,	'2019-05-20'),
(2183,	1,	0,	85,	'2019-05-20'),
(2184,	1,	0,	86,	'2019-05-20'),
(2185,	1,	0,	87,	'2019-05-20'),
(2186,	1,	0,	88,	'2019-05-20'),
(2187,	1,	0,	89,	'2019-05-20'),
(2188,	1,	0,	90,	'2019-05-20'),
(2189,	1,	0,	91,	'2019-05-20'),
(2190,	1,	0,	92,	'2019-05-20'),
(2191,	1,	0,	93,	'2019-05-20'),
(2192,	1,	0,	94,	'2019-05-20'),
(2193,	1,	0,	95,	'2019-05-20'),
(2194,	1,	0,	96,	'2019-05-20'),
(2195,	1,	0,	97,	'2019-05-20'),
(2196,	1,	0,	98,	'2019-05-20'),
(2197,	1,	0,	99,	'2019-05-20'),
(2198,	1,	0,	100,	'2019-05-20'),
(2199,	1,	0,	266,	'2019-05-20'),
(2200,	1,	0,	269,	'2019-05-20'),
(2201,	1,	0,	309,	'2019-05-20'),
(2202,	1,	0,	325,	'2019-05-20'),
(2203,	1,	0,	393,	'2019-05-20'),
(2204,	1,	0,	397,	'2019-05-20'),
(2205,	1,	0,	58,	'2019-05-21'),
(2206,	1,	0,	78,	'2019-05-21'),
(2207,	1,	0,	79,	'2019-05-21'),
(2208,	1,	0,	80,	'2019-05-21'),
(2209,	1,	0,	81,	'2019-05-21'),
(2210,	1,	0,	82,	'2019-05-21'),
(2211,	1,	0,	83,	'2019-05-21'),
(2212,	1,	0,	84,	'2019-05-21'),
(2213,	1,	0,	85,	'2019-05-21'),
(2214,	1,	0,	86,	'2019-05-21'),
(2215,	1,	0,	87,	'2019-05-21'),
(2216,	1,	0,	88,	'2019-05-21'),
(2217,	1,	0,	89,	'2019-05-21'),
(2218,	1,	0,	90,	'2019-05-21'),
(2219,	1,	0,	91,	'2019-05-21'),
(2220,	1,	0,	92,	'2019-05-21'),
(2221,	1,	0,	93,	'2019-05-21'),
(2222,	1,	0,	94,	'2019-05-21'),
(2223,	1,	0,	95,	'2019-05-21'),
(2224,	1,	0,	96,	'2019-05-21'),
(2225,	1,	0,	97,	'2019-05-21'),
(2226,	1,	0,	98,	'2019-05-21'),
(2227,	1,	0,	99,	'2019-05-21'),
(2228,	1,	0,	100,	'2019-05-21'),
(2229,	1,	0,	266,	'2019-05-21'),
(2230,	1,	0,	269,	'2019-05-21'),
(2231,	1,	0,	309,	'2019-05-21'),
(2232,	1,	0,	325,	'2019-05-21'),
(2233,	1,	0,	393,	'2019-05-21'),
(2234,	1,	0,	397,	'2019-05-21'),
(2235,	1,	0,	58,	'2019-05-23'),
(2236,	1,	0,	78,	'2019-05-23'),
(2237,	1,	0,	79,	'2019-05-23'),
(2238,	1,	0,	80,	'2019-05-23'),
(2239,	1,	0,	81,	'2019-05-23'),
(2240,	1,	0,	82,	'2019-05-23'),
(2241,	1,	0,	83,	'2019-05-23'),
(2242,	1,	0,	84,	'2019-05-23'),
(2243,	1,	0,	85,	'2019-05-23'),
(2244,	1,	0,	86,	'2019-05-23'),
(2245,	1,	0,	87,	'2019-05-23'),
(2246,	1,	0,	88,	'2019-05-23'),
(2247,	1,	0,	89,	'2019-05-23'),
(2248,	1,	0,	90,	'2019-05-23'),
(2249,	1,	0,	91,	'2019-05-23'),
(2250,	1,	0,	92,	'2019-05-23'),
(2251,	1,	0,	93,	'2019-05-23'),
(2252,	1,	0,	94,	'2019-05-23'),
(2253,	1,	0,	95,	'2019-05-23'),
(2254,	1,	0,	96,	'2019-05-23'),
(2255,	1,	0,	97,	'2019-05-23'),
(2256,	1,	0,	98,	'2019-05-23'),
(2257,	1,	0,	99,	'2019-05-23'),
(2258,	1,	0,	100,	'2019-05-23'),
(2259,	1,	0,	266,	'2019-05-23'),
(2260,	1,	0,	269,	'2019-05-23'),
(2261,	1,	0,	309,	'2019-05-23'),
(2262,	1,	0,	325,	'2019-05-23'),
(2263,	1,	0,	393,	'2019-05-23'),
(2264,	1,	0,	397,	'2019-05-23'),
(2265,	1,	0,	58,	'2019-05-22'),
(2266,	1,	0,	78,	'2019-05-22'),
(2267,	1,	0,	79,	'2019-05-22'),
(2268,	1,	0,	80,	'2019-05-22'),
(2269,	1,	0,	81,	'2019-05-22'),
(2270,	1,	0,	82,	'2019-05-22'),
(2271,	1,	0,	83,	'2019-05-22'),
(2272,	1,	0,	84,	'2019-05-22'),
(2273,	1,	0,	85,	'2019-05-22'),
(2274,	1,	0,	86,	'2019-05-22'),
(2275,	1,	0,	87,	'2019-05-22'),
(2276,	1,	0,	88,	'2019-05-22'),
(2277,	1,	0,	89,	'2019-05-22'),
(2278,	1,	0,	90,	'2019-05-22'),
(2279,	1,	0,	91,	'2019-05-22'),
(2280,	1,	0,	92,	'2019-05-22'),
(2281,	1,	0,	93,	'2019-05-22'),
(2282,	1,	0,	94,	'2019-05-22'),
(2283,	1,	0,	95,	'2019-05-22'),
(2284,	1,	0,	96,	'2019-05-22'),
(2285,	1,	0,	97,	'2019-05-22'),
(2286,	1,	0,	98,	'2019-05-22'),
(2287,	1,	0,	99,	'2019-05-22'),
(2288,	1,	0,	100,	'2019-05-22'),
(2289,	1,	0,	266,	'2019-05-22'),
(2290,	1,	0,	269,	'2019-05-22'),
(2291,	1,	0,	309,	'2019-05-22'),
(2292,	1,	0,	325,	'2019-05-22'),
(2293,	1,	0,	393,	'2019-05-22'),
(2294,	1,	0,	397,	'2019-05-22'),
(2295,	1,	0,	58,	'2019-05-24'),
(2296,	1,	0,	78,	'2019-05-24'),
(2297,	1,	0,	79,	'2019-05-24'),
(2298,	1,	0,	80,	'2019-05-24'),
(2299,	1,	0,	81,	'2019-05-24'),
(2300,	1,	0,	82,	'2019-05-24'),
(2301,	1,	0,	83,	'2019-05-24'),
(2302,	1,	0,	84,	'2019-05-24'),
(2303,	1,	0,	85,	'2019-05-24'),
(2304,	1,	0,	86,	'2019-05-24'),
(2305,	1,	0,	87,	'2019-05-24'),
(2306,	1,	0,	88,	'2019-05-24'),
(2307,	1,	0,	89,	'2019-05-24'),
(2308,	1,	0,	90,	'2019-05-24'),
(2309,	1,	0,	91,	'2019-05-24'),
(2310,	1,	0,	92,	'2019-05-24'),
(2311,	1,	0,	93,	'2019-05-24'),
(2312,	1,	0,	94,	'2019-05-24'),
(2313,	1,	0,	95,	'2019-05-24'),
(2314,	1,	0,	96,	'2019-05-24'),
(2315,	1,	0,	97,	'2019-05-24'),
(2316,	1,	0,	98,	'2019-05-24'),
(2317,	1,	0,	99,	'2019-05-24'),
(2318,	1,	0,	100,	'2019-05-24'),
(2319,	1,	0,	266,	'2019-05-24'),
(2320,	1,	0,	269,	'2019-05-24'),
(2321,	1,	0,	309,	'2019-05-24'),
(2322,	1,	0,	325,	'2019-05-24'),
(2323,	1,	0,	393,	'2019-05-24'),
(2324,	1,	0,	397,	'2019-05-24'),
(2325,	1,	0,	58,	'2019-05-18'),
(2326,	1,	0,	78,	'2019-05-18'),
(2327,	1,	0,	79,	'2019-05-18'),
(2328,	1,	0,	80,	'2019-05-18'),
(2329,	1,	0,	81,	'2019-05-18'),
(2330,	1,	0,	82,	'2019-05-18'),
(2331,	1,	0,	83,	'2019-05-18'),
(2332,	1,	0,	84,	'2019-05-18'),
(2333,	1,	0,	85,	'2019-05-18'),
(2334,	1,	0,	86,	'2019-05-18'),
(2335,	1,	0,	87,	'2019-05-18'),
(2336,	1,	0,	88,	'2019-05-18'),
(2337,	1,	0,	89,	'2019-05-18'),
(2338,	1,	0,	90,	'2019-05-18'),
(2339,	1,	0,	91,	'2019-05-18'),
(2340,	1,	0,	92,	'2019-05-18'),
(2341,	1,	0,	93,	'2019-05-18'),
(2342,	1,	0,	94,	'2019-05-18'),
(2343,	1,	0,	95,	'2019-05-18'),
(2344,	1,	0,	96,	'2019-05-18'),
(2345,	1,	0,	97,	'2019-05-18'),
(2346,	1,	0,	98,	'2019-05-18'),
(2347,	1,	0,	99,	'2019-05-18'),
(2348,	1,	0,	100,	'2019-05-18'),
(2349,	1,	0,	266,	'2019-05-18'),
(2350,	1,	0,	269,	'2019-05-18'),
(2351,	1,	0,	309,	'2019-05-18'),
(2352,	1,	0,	325,	'2019-05-18'),
(2353,	1,	0,	393,	'2019-05-18'),
(2354,	1,	0,	397,	'2019-05-18'),
(2355,	1,	0,	101,	'2019-05-03'),
(2356,	1,	0,	102,	'2019-05-03'),
(2357,	1,	0,	103,	'2019-05-03'),
(2358,	1,	0,	104,	'2019-05-03'),
(2359,	1,	0,	105,	'2019-05-03'),
(2360,	1,	0,	106,	'2019-05-03'),
(2361,	1,	0,	107,	'2019-05-03'),
(2362,	1,	0,	108,	'2019-05-03'),
(2363,	1,	0,	109,	'2019-05-03'),
(2364,	1,	0,	111,	'2019-05-03'),
(2365,	1,	0,	112,	'2019-05-03'),
(2366,	1,	0,	113,	'2019-05-03'),
(2367,	1,	0,	114,	'2019-05-03'),
(2368,	1,	0,	115,	'2019-05-03'),
(2369,	1,	0,	116,	'2019-05-03'),
(2370,	1,	0,	118,	'2019-05-03'),
(2371,	1,	0,	119,	'2019-05-03'),
(2372,	1,	0,	120,	'2019-05-03'),
(2373,	1,	0,	121,	'2019-05-03'),
(2374,	1,	0,	122,	'2019-05-03'),
(2375,	1,	0,	123,	'2019-05-03'),
(2376,	1,	0,	124,	'2019-05-03'),
(2377,	1,	0,	125,	'2019-05-03'),
(2378,	1,	0,	126,	'2019-05-03'),
(2379,	1,	0,	127,	'2019-05-03'),
(2380,	1,	0,	128,	'2019-05-03'),
(2381,	1,	0,	129,	'2019-05-03'),
(2382,	1,	0,	130,	'2019-05-03'),
(2383,	1,	0,	131,	'2019-05-03'),
(2384,	1,	0,	132,	'2019-05-03'),
(2385,	1,	0,	134,	'2019-05-03'),
(2386,	1,	0,	136,	'2019-05-03'),
(2387,	1,	0,	138,	'2019-05-03'),
(2388,	1,	0,	140,	'2019-05-03'),
(2389,	1,	0,	143,	'2019-05-03'),
(2390,	1,	0,	145,	'2019-05-03'),
(2391,	1,	0,	146,	'2019-05-03'),
(2392,	1,	0,	148,	'2019-05-03'),
(2393,	1,	0,	150,	'2019-05-03'),
(2394,	1,	0,	151,	'2019-05-03'),
(2395,	1,	0,	153,	'2019-05-03'),
(2396,	1,	0,	154,	'2019-05-03'),
(2397,	1,	0,	346,	'2019-05-03'),
(2398,	1,	0,	384,	'2019-05-03'),
(2399,	1,	0,	396,	'2019-05-03'),
(2400,	1,	0,	399,	'2019-05-03'),
(2401,	1,	0,	400,	'2019-05-03'),
(2402,	1,	0,	406,	'2019-05-03'),
(2403,	1,	0,	101,	'2019-05-06'),
(2404,	1,	0,	102,	'2019-05-06'),
(2405,	1,	0,	103,	'2019-05-06'),
(2406,	1,	0,	104,	'2019-05-06'),
(2407,	1,	0,	105,	'2019-05-06'),
(2408,	1,	0,	106,	'2019-05-06'),
(2409,	1,	0,	107,	'2019-05-06'),
(2410,	1,	0,	108,	'2019-05-06'),
(2411,	1,	0,	109,	'2019-05-06'),
(2412,	1,	0,	111,	'2019-05-06'),
(2413,	1,	0,	112,	'2019-05-06'),
(2414,	1,	0,	113,	'2019-05-06'),
(2415,	1,	0,	114,	'2019-05-06'),
(2416,	1,	0,	115,	'2019-05-06'),
(2417,	1,	0,	116,	'2019-05-06'),
(2418,	1,	0,	118,	'2019-05-06'),
(2419,	1,	0,	119,	'2019-05-06'),
(2420,	1,	0,	120,	'2019-05-06'),
(2421,	1,	0,	121,	'2019-05-06'),
(2422,	1,	0,	122,	'2019-05-06'),
(2423,	1,	0,	123,	'2019-05-06'),
(2424,	1,	0,	124,	'2019-05-06'),
(2425,	1,	0,	125,	'2019-05-06'),
(2426,	1,	0,	126,	'2019-05-06'),
(2427,	1,	0,	127,	'2019-05-06'),
(2428,	1,	0,	128,	'2019-05-06'),
(2429,	1,	0,	129,	'2019-05-06'),
(2430,	1,	0,	130,	'2019-05-06'),
(2431,	1,	0,	131,	'2019-05-06'),
(2432,	1,	0,	132,	'2019-05-06'),
(2433,	1,	0,	134,	'2019-05-06'),
(2434,	1,	0,	136,	'2019-05-06'),
(2435,	1,	0,	138,	'2019-05-06'),
(2436,	1,	0,	140,	'2019-05-06'),
(2437,	1,	0,	143,	'2019-05-06'),
(2438,	1,	0,	145,	'2019-05-06'),
(2439,	1,	0,	146,	'2019-05-06'),
(2440,	1,	0,	148,	'2019-05-06'),
(2441,	1,	0,	150,	'2019-05-06'),
(2442,	1,	0,	151,	'2019-05-06'),
(2443,	1,	0,	153,	'2019-05-06'),
(2444,	1,	0,	154,	'2019-05-06'),
(2445,	1,	0,	346,	'2019-05-06'),
(2446,	1,	0,	384,	'2019-05-06'),
(2447,	1,	0,	396,	'2019-05-06'),
(2448,	1,	0,	399,	'2019-05-06'),
(2449,	1,	0,	400,	'2019-05-06'),
(2450,	1,	0,	406,	'2019-05-06'),
(2451,	1,	0,	101,	'2019-05-07'),
(2452,	1,	0,	102,	'2019-05-07'),
(2453,	1,	0,	103,	'2019-05-07'),
(2454,	1,	0,	104,	'2019-05-07'),
(2455,	1,	0,	105,	'2019-05-07'),
(2456,	1,	0,	106,	'2019-05-07'),
(2457,	1,	0,	107,	'2019-05-07'),
(2458,	1,	0,	108,	'2019-05-07'),
(2459,	1,	0,	109,	'2019-05-07'),
(2460,	1,	0,	111,	'2019-05-07'),
(2461,	1,	0,	112,	'2019-05-07'),
(2462,	1,	0,	113,	'2019-05-07'),
(2463,	1,	0,	114,	'2019-05-07'),
(2464,	1,	0,	115,	'2019-05-07'),
(2465,	1,	0,	116,	'2019-05-07'),
(2466,	1,	0,	118,	'2019-05-07'),
(2467,	1,	0,	119,	'2019-05-07'),
(2468,	1,	0,	120,	'2019-05-07'),
(2469,	1,	0,	121,	'2019-05-07'),
(2470,	1,	0,	122,	'2019-05-07'),
(2471,	1,	0,	123,	'2019-05-07'),
(2472,	1,	0,	124,	'2019-05-07'),
(2473,	1,	0,	125,	'2019-05-07'),
(2474,	1,	0,	126,	'2019-05-07'),
(2475,	1,	0,	127,	'2019-05-07'),
(2476,	1,	0,	128,	'2019-05-07'),
(2477,	1,	0,	129,	'2019-05-07'),
(2478,	1,	0,	130,	'2019-05-07'),
(2479,	1,	0,	131,	'2019-05-07'),
(2480,	1,	0,	132,	'2019-05-07'),
(2481,	1,	0,	134,	'2019-05-07'),
(2482,	1,	0,	136,	'2019-05-07'),
(2483,	1,	0,	138,	'2019-05-07'),
(2484,	1,	0,	140,	'2019-05-07'),
(2485,	1,	0,	143,	'2019-05-07'),
(2486,	1,	0,	145,	'2019-05-07'),
(2487,	1,	0,	146,	'2019-05-07'),
(2488,	1,	0,	148,	'2019-05-07'),
(2489,	1,	0,	150,	'2019-05-07'),
(2490,	1,	0,	151,	'2019-05-07'),
(2491,	1,	0,	153,	'2019-05-07'),
(2492,	1,	0,	154,	'2019-05-07'),
(2493,	1,	0,	346,	'2019-05-07'),
(2494,	1,	0,	384,	'2019-05-07'),
(2495,	1,	0,	396,	'2019-05-07'),
(2496,	1,	0,	399,	'2019-05-07'),
(2497,	1,	0,	400,	'2019-05-07'),
(2498,	1,	0,	406,	'2019-05-07'),
(2499,	1,	0,	101,	'2019-05-08'),
(2500,	1,	0,	102,	'2019-05-08'),
(2501,	1,	0,	103,	'2019-05-08'),
(2502,	1,	0,	104,	'2019-05-08'),
(2503,	1,	0,	105,	'2019-05-08'),
(2504,	1,	0,	106,	'2019-05-08'),
(2505,	1,	0,	107,	'2019-05-08'),
(2506,	1,	0,	108,	'2019-05-08'),
(2507,	1,	0,	109,	'2019-05-08'),
(2508,	1,	0,	111,	'2019-05-08'),
(2509,	1,	0,	112,	'2019-05-08'),
(2510,	1,	0,	113,	'2019-05-08'),
(2511,	1,	0,	114,	'2019-05-08'),
(2512,	1,	0,	115,	'2019-05-08'),
(2513,	1,	0,	116,	'2019-05-08'),
(2514,	1,	0,	118,	'2019-05-08'),
(2515,	1,	0,	119,	'2019-05-08'),
(2516,	1,	0,	120,	'2019-05-08'),
(2517,	1,	0,	121,	'2019-05-08'),
(2518,	1,	0,	122,	'2019-05-08'),
(2519,	1,	0,	123,	'2019-05-08'),
(2520,	1,	0,	124,	'2019-05-08'),
(2521,	1,	0,	125,	'2019-05-08'),
(2522,	1,	0,	126,	'2019-05-08'),
(2523,	1,	0,	127,	'2019-05-08'),
(2524,	1,	0,	128,	'2019-05-08'),
(2525,	1,	0,	129,	'2019-05-08'),
(2526,	1,	0,	130,	'2019-05-08'),
(2527,	1,	0,	131,	'2019-05-08'),
(2528,	1,	0,	132,	'2019-05-08'),
(2529,	1,	0,	134,	'2019-05-08'),
(2530,	1,	0,	136,	'2019-05-08'),
(2531,	1,	0,	138,	'2019-05-08'),
(2532,	1,	0,	140,	'2019-05-08'),
(2533,	1,	0,	143,	'2019-05-08'),
(2534,	1,	0,	145,	'2019-05-08'),
(2535,	1,	0,	146,	'2019-05-08'),
(2536,	1,	0,	148,	'2019-05-08'),
(2537,	1,	0,	150,	'2019-05-08'),
(2538,	1,	0,	151,	'2019-05-08'),
(2539,	1,	0,	153,	'2019-05-08'),
(2540,	1,	0,	154,	'2019-05-08'),
(2541,	1,	0,	346,	'2019-05-08'),
(2542,	1,	0,	384,	'2019-05-08'),
(2543,	1,	0,	396,	'2019-05-08'),
(2544,	1,	0,	399,	'2019-05-08'),
(2545,	1,	0,	400,	'2019-05-08'),
(2546,	1,	0,	406,	'2019-05-08'),
(2547,	1,	0,	101,	'2019-05-09'),
(2548,	1,	0,	102,	'2019-05-09'),
(2549,	1,	0,	103,	'2019-05-09'),
(2550,	1,	0,	104,	'2019-05-09'),
(2551,	1,	0,	105,	'2019-05-09'),
(2552,	1,	0,	106,	'2019-05-09'),
(2553,	1,	0,	107,	'2019-05-09'),
(2554,	1,	0,	108,	'2019-05-09'),
(2555,	1,	0,	109,	'2019-05-09'),
(2556,	1,	0,	111,	'2019-05-09'),
(2557,	1,	0,	112,	'2019-05-09'),
(2558,	1,	0,	113,	'2019-05-09'),
(2559,	1,	0,	114,	'2019-05-09'),
(2560,	1,	0,	115,	'2019-05-09'),
(2561,	1,	0,	116,	'2019-05-09'),
(2562,	1,	0,	118,	'2019-05-09'),
(2563,	1,	0,	119,	'2019-05-09'),
(2564,	1,	0,	120,	'2019-05-09'),
(2565,	1,	0,	121,	'2019-05-09'),
(2566,	1,	0,	122,	'2019-05-09'),
(2567,	1,	0,	123,	'2019-05-09'),
(2568,	1,	0,	124,	'2019-05-09'),
(2569,	1,	0,	125,	'2019-05-09'),
(2570,	1,	0,	126,	'2019-05-09'),
(2571,	1,	0,	127,	'2019-05-09'),
(2572,	1,	0,	128,	'2019-05-09'),
(2573,	1,	0,	129,	'2019-05-09'),
(2574,	1,	0,	130,	'2019-05-09'),
(2575,	1,	0,	131,	'2019-05-09'),
(2576,	1,	0,	132,	'2019-05-09'),
(2577,	1,	0,	134,	'2019-05-09'),
(2578,	1,	0,	136,	'2019-05-09'),
(2579,	1,	0,	138,	'2019-05-09'),
(2580,	1,	0,	140,	'2019-05-09'),
(2581,	1,	0,	143,	'2019-05-09'),
(2582,	1,	0,	145,	'2019-05-09'),
(2583,	1,	0,	146,	'2019-05-09'),
(2584,	1,	0,	148,	'2019-05-09'),
(2585,	1,	0,	150,	'2019-05-09'),
(2586,	1,	0,	151,	'2019-05-09'),
(2587,	1,	0,	153,	'2019-05-09'),
(2588,	1,	0,	154,	'2019-05-09'),
(2589,	1,	0,	346,	'2019-05-09'),
(2590,	1,	0,	384,	'2019-05-09'),
(2591,	1,	0,	396,	'2019-05-09'),
(2592,	1,	0,	399,	'2019-05-09'),
(2593,	1,	0,	400,	'2019-05-09'),
(2594,	1,	0,	406,	'2019-05-09'),
(2595,	1,	0,	101,	'2019-05-10'),
(2596,	1,	0,	102,	'2019-05-10'),
(2597,	1,	0,	103,	'2019-05-10'),
(2598,	1,	0,	104,	'2019-05-10'),
(2599,	1,	0,	105,	'2019-05-10'),
(2600,	1,	0,	106,	'2019-05-10'),
(2601,	1,	0,	107,	'2019-05-10'),
(2602,	1,	0,	108,	'2019-05-10'),
(2603,	1,	0,	109,	'2019-05-10'),
(2604,	1,	0,	111,	'2019-05-10'),
(2605,	1,	0,	112,	'2019-05-10'),
(2606,	1,	0,	113,	'2019-05-10'),
(2607,	1,	0,	114,	'2019-05-10'),
(2608,	1,	0,	115,	'2019-05-10'),
(2609,	1,	0,	116,	'2019-05-10'),
(2610,	1,	0,	118,	'2019-05-10'),
(2611,	1,	0,	119,	'2019-05-10'),
(2612,	1,	0,	120,	'2019-05-10'),
(2613,	1,	0,	121,	'2019-05-10'),
(2614,	1,	0,	122,	'2019-05-10'),
(2615,	1,	0,	123,	'2019-05-10'),
(2616,	1,	0,	124,	'2019-05-10'),
(2617,	1,	0,	125,	'2019-05-10'),
(2618,	1,	0,	126,	'2019-05-10'),
(2619,	1,	0,	127,	'2019-05-10'),
(2620,	1,	0,	128,	'2019-05-10'),
(2621,	1,	0,	129,	'2019-05-10'),
(2622,	1,	0,	130,	'2019-05-10'),
(2623,	1,	0,	131,	'2019-05-10'),
(2624,	1,	0,	132,	'2019-05-10'),
(2625,	1,	0,	134,	'2019-05-10'),
(2626,	1,	0,	136,	'2019-05-10'),
(2627,	1,	0,	138,	'2019-05-10'),
(2628,	1,	0,	140,	'2019-05-10'),
(2629,	1,	0,	143,	'2019-05-10'),
(2630,	1,	0,	145,	'2019-05-10'),
(2631,	1,	0,	146,	'2019-05-10'),
(2632,	1,	0,	148,	'2019-05-10'),
(2633,	1,	0,	150,	'2019-05-10'),
(2634,	1,	0,	151,	'2019-05-10'),
(2635,	1,	0,	153,	'2019-05-10'),
(2636,	1,	0,	154,	'2019-05-10'),
(2637,	1,	0,	346,	'2019-05-10'),
(2638,	1,	0,	384,	'2019-05-10'),
(2639,	1,	0,	396,	'2019-05-10'),
(2640,	1,	0,	399,	'2019-05-10'),
(2641,	1,	0,	400,	'2019-05-10'),
(2642,	1,	0,	406,	'2019-05-10'),
(2643,	1,	0,	101,	'2019-05-17'),
(2644,	1,	0,	102,	'2019-05-17'),
(2645,	1,	0,	103,	'2019-05-17'),
(2646,	1,	0,	104,	'2019-05-17'),
(2647,	1,	0,	105,	'2019-05-17'),
(2648,	1,	0,	106,	'2019-05-17'),
(2649,	1,	0,	107,	'2019-05-17'),
(2650,	1,	0,	108,	'2019-05-17'),
(2651,	1,	0,	109,	'2019-05-17'),
(2652,	1,	0,	111,	'2019-05-17'),
(2653,	1,	0,	112,	'2019-05-17'),
(2654,	1,	0,	113,	'2019-05-17'),
(2655,	1,	0,	114,	'2019-05-17'),
(2656,	1,	0,	115,	'2019-05-17'),
(2657,	1,	0,	116,	'2019-05-17'),
(2658,	1,	0,	118,	'2019-05-17'),
(2659,	1,	0,	119,	'2019-05-17'),
(2660,	1,	0,	120,	'2019-05-17'),
(2661,	1,	0,	121,	'2019-05-17'),
(2662,	1,	0,	122,	'2019-05-17'),
(2663,	1,	0,	123,	'2019-05-17'),
(2664,	1,	0,	124,	'2019-05-17'),
(2665,	1,	0,	125,	'2019-05-17'),
(2666,	1,	0,	126,	'2019-05-17'),
(2667,	1,	0,	127,	'2019-05-17'),
(2668,	1,	0,	128,	'2019-05-17'),
(2669,	1,	0,	129,	'2019-05-17'),
(2670,	1,	0,	130,	'2019-05-17'),
(2671,	1,	0,	131,	'2019-05-17'),
(2672,	1,	0,	132,	'2019-05-17'),
(2673,	1,	0,	134,	'2019-05-17'),
(2674,	1,	0,	136,	'2019-05-17'),
(2675,	1,	0,	138,	'2019-05-17'),
(2676,	1,	0,	140,	'2019-05-17'),
(2677,	1,	0,	143,	'2019-05-17'),
(2678,	1,	0,	145,	'2019-05-17'),
(2679,	1,	0,	146,	'2019-05-17'),
(2680,	1,	0,	148,	'2019-05-17'),
(2681,	1,	0,	150,	'2019-05-17'),
(2682,	1,	0,	151,	'2019-05-17'),
(2683,	1,	0,	153,	'2019-05-17'),
(2684,	1,	0,	154,	'2019-05-17'),
(2685,	1,	0,	346,	'2019-05-17'),
(2686,	1,	0,	384,	'2019-05-17'),
(2687,	1,	0,	396,	'2019-05-17'),
(2688,	1,	0,	399,	'2019-05-17'),
(2689,	1,	0,	400,	'2019-05-17'),
(2690,	1,	0,	406,	'2019-05-17'),
(2691,	1,	0,	101,	'2019-05-16'),
(2692,	1,	0,	102,	'2019-05-16'),
(2693,	1,	0,	103,	'2019-05-16'),
(2694,	1,	0,	104,	'2019-05-16'),
(2695,	1,	0,	105,	'2019-05-16'),
(2696,	1,	0,	106,	'2019-05-16'),
(2697,	1,	0,	107,	'2019-05-16'),
(2698,	1,	0,	108,	'2019-05-16'),
(2699,	1,	0,	109,	'2019-05-16'),
(2700,	1,	0,	111,	'2019-05-16'),
(2701,	1,	0,	112,	'2019-05-16'),
(2702,	1,	0,	113,	'2019-05-16'),
(2703,	1,	0,	114,	'2019-05-16'),
(2704,	1,	0,	115,	'2019-05-16'),
(2705,	1,	0,	116,	'2019-05-16'),
(2706,	1,	0,	118,	'2019-05-16'),
(2707,	1,	0,	119,	'2019-05-16'),
(2708,	1,	0,	120,	'2019-05-16'),
(2709,	1,	0,	121,	'2019-05-16'),
(2710,	1,	0,	122,	'2019-05-16'),
(2711,	1,	0,	123,	'2019-05-16'),
(2712,	1,	0,	124,	'2019-05-16'),
(2713,	1,	0,	125,	'2019-05-16'),
(2714,	1,	0,	126,	'2019-05-16'),
(2715,	1,	0,	127,	'2019-05-16'),
(2716,	1,	0,	128,	'2019-05-16'),
(2717,	1,	0,	129,	'2019-05-16'),
(2718,	1,	0,	130,	'2019-05-16'),
(2719,	1,	0,	131,	'2019-05-16'),
(2720,	1,	0,	132,	'2019-05-16'),
(2721,	1,	0,	134,	'2019-05-16'),
(2722,	1,	0,	136,	'2019-05-16'),
(2723,	1,	0,	138,	'2019-05-16'),
(2724,	1,	0,	140,	'2019-05-16'),
(2725,	1,	0,	143,	'2019-05-16'),
(2726,	1,	0,	145,	'2019-05-16'),
(2727,	1,	0,	146,	'2019-05-16'),
(2728,	1,	0,	148,	'2019-05-16'),
(2729,	1,	0,	150,	'2019-05-16'),
(2730,	1,	0,	151,	'2019-05-16'),
(2731,	1,	0,	153,	'2019-05-16'),
(2732,	1,	0,	154,	'2019-05-16'),
(2733,	1,	0,	346,	'2019-05-16'),
(2734,	1,	0,	384,	'2019-05-16'),
(2735,	1,	0,	396,	'2019-05-16'),
(2736,	1,	0,	399,	'2019-05-16'),
(2737,	1,	0,	400,	'2019-05-16'),
(2738,	1,	0,	406,	'2019-05-16'),
(2739,	1,	0,	101,	'2019-05-13'),
(2740,	1,	0,	102,	'2019-05-13'),
(2741,	1,	0,	103,	'2019-05-13'),
(2742,	1,	0,	104,	'2019-05-13'),
(2743,	1,	0,	105,	'2019-05-13'),
(2744,	1,	0,	106,	'2019-05-13'),
(2745,	1,	0,	107,	'2019-05-13'),
(2746,	1,	0,	108,	'2019-05-13'),
(2747,	1,	0,	109,	'2019-05-13'),
(2748,	1,	0,	111,	'2019-05-13'),
(2749,	1,	0,	112,	'2019-05-13'),
(2750,	1,	0,	113,	'2019-05-13'),
(2751,	1,	0,	114,	'2019-05-13'),
(2752,	1,	0,	115,	'2019-05-13'),
(2753,	1,	0,	116,	'2019-05-13'),
(2754,	1,	0,	118,	'2019-05-13'),
(2755,	1,	0,	119,	'2019-05-13'),
(2756,	1,	0,	120,	'2019-05-13'),
(2757,	1,	0,	121,	'2019-05-13'),
(2758,	1,	0,	122,	'2019-05-13'),
(2759,	1,	0,	123,	'2019-05-13'),
(2760,	1,	0,	124,	'2019-05-13'),
(2761,	1,	0,	125,	'2019-05-13'),
(2762,	1,	0,	126,	'2019-05-13'),
(2763,	1,	0,	127,	'2019-05-13'),
(2764,	1,	0,	128,	'2019-05-13'),
(2765,	1,	0,	129,	'2019-05-13'),
(2766,	1,	0,	130,	'2019-05-13'),
(2767,	1,	0,	131,	'2019-05-13'),
(2768,	1,	0,	132,	'2019-05-13'),
(2769,	1,	0,	134,	'2019-05-13'),
(2770,	1,	0,	136,	'2019-05-13'),
(2771,	1,	0,	138,	'2019-05-13'),
(2772,	1,	0,	140,	'2019-05-13'),
(2773,	1,	0,	143,	'2019-05-13'),
(2774,	1,	0,	145,	'2019-05-13'),
(2775,	1,	0,	146,	'2019-05-13'),
(2776,	1,	0,	148,	'2019-05-13'),
(2777,	1,	0,	150,	'2019-05-13'),
(2778,	1,	0,	151,	'2019-05-13'),
(2779,	1,	0,	153,	'2019-05-13'),
(2780,	1,	0,	154,	'2019-05-13'),
(2781,	1,	0,	346,	'2019-05-13'),
(2782,	1,	0,	384,	'2019-05-13'),
(2783,	1,	0,	396,	'2019-05-13'),
(2784,	1,	0,	399,	'2019-05-13'),
(2785,	1,	0,	400,	'2019-05-13'),
(2786,	1,	0,	406,	'2019-05-13'),
(2787,	1,	0,	101,	'2019-05-14'),
(2788,	1,	0,	102,	'2019-05-14'),
(2789,	1,	0,	103,	'2019-05-14'),
(2790,	1,	0,	104,	'2019-05-14'),
(2791,	1,	0,	105,	'2019-05-14'),
(2792,	1,	0,	106,	'2019-05-14'),
(2793,	1,	0,	107,	'2019-05-14'),
(2794,	1,	0,	108,	'2019-05-14'),
(2795,	1,	0,	109,	'2019-05-14'),
(2796,	1,	0,	111,	'2019-05-14'),
(2797,	1,	0,	112,	'2019-05-14'),
(2798,	1,	0,	113,	'2019-05-14'),
(2799,	1,	0,	114,	'2019-05-14'),
(2800,	1,	0,	115,	'2019-05-14'),
(2801,	1,	0,	116,	'2019-05-14'),
(2802,	1,	0,	118,	'2019-05-14'),
(2803,	1,	0,	119,	'2019-05-14'),
(2804,	1,	0,	120,	'2019-05-14'),
(2805,	1,	0,	121,	'2019-05-14'),
(2806,	1,	0,	122,	'2019-05-14'),
(2807,	1,	0,	123,	'2019-05-14'),
(2808,	1,	0,	124,	'2019-05-14'),
(2809,	1,	0,	125,	'2019-05-14'),
(2810,	1,	0,	126,	'2019-05-14'),
(2811,	1,	0,	127,	'2019-05-14'),
(2812,	1,	0,	128,	'2019-05-14'),
(2813,	1,	0,	129,	'2019-05-14'),
(2814,	1,	0,	130,	'2019-05-14'),
(2815,	1,	0,	131,	'2019-05-14'),
(2816,	1,	0,	132,	'2019-05-14'),
(2817,	1,	0,	134,	'2019-05-14'),
(2818,	1,	0,	136,	'2019-05-14'),
(2819,	1,	0,	138,	'2019-05-14'),
(2820,	1,	0,	140,	'2019-05-14'),
(2821,	1,	0,	143,	'2019-05-14'),
(2822,	1,	0,	145,	'2019-05-14'),
(2823,	1,	0,	146,	'2019-05-14'),
(2824,	1,	0,	148,	'2019-05-14'),
(2825,	1,	0,	150,	'2019-05-14'),
(2826,	1,	0,	151,	'2019-05-14'),
(2827,	1,	0,	153,	'2019-05-14'),
(2828,	1,	0,	154,	'2019-05-14'),
(2829,	1,	0,	346,	'2019-05-14'),
(2830,	1,	0,	384,	'2019-05-14'),
(2831,	1,	0,	396,	'2019-05-14'),
(2832,	1,	0,	399,	'2019-05-14'),
(2833,	1,	0,	400,	'2019-05-14'),
(2834,	1,	0,	406,	'2019-05-14'),
(2835,	1,	0,	101,	'2019-05-20'),
(2836,	1,	0,	102,	'2019-05-20'),
(2837,	1,	0,	103,	'2019-05-20'),
(2838,	1,	0,	104,	'2019-05-20'),
(2839,	1,	0,	105,	'2019-05-20'),
(2840,	1,	0,	106,	'2019-05-20'),
(2841,	1,	0,	107,	'2019-05-20'),
(2842,	1,	0,	108,	'2019-05-20'),
(2843,	1,	0,	109,	'2019-05-20'),
(2844,	1,	0,	111,	'2019-05-20'),
(2845,	1,	0,	112,	'2019-05-20'),
(2846,	1,	0,	113,	'2019-05-20'),
(2847,	1,	0,	114,	'2019-05-20'),
(2848,	1,	0,	115,	'2019-05-20'),
(2849,	1,	0,	116,	'2019-05-20'),
(2850,	1,	0,	118,	'2019-05-20'),
(2851,	1,	0,	119,	'2019-05-20'),
(2852,	1,	0,	120,	'2019-05-20'),
(2853,	1,	0,	121,	'2019-05-20'),
(2854,	1,	0,	122,	'2019-05-20'),
(2855,	1,	0,	123,	'2019-05-20'),
(2856,	1,	0,	124,	'2019-05-20'),
(2857,	1,	0,	125,	'2019-05-20'),
(2858,	1,	0,	126,	'2019-05-20'),
(2859,	1,	0,	127,	'2019-05-20'),
(2860,	1,	0,	128,	'2019-05-20'),
(2861,	1,	0,	129,	'2019-05-20'),
(2862,	1,	0,	130,	'2019-05-20'),
(2863,	1,	0,	131,	'2019-05-20'),
(2864,	1,	0,	132,	'2019-05-20'),
(2865,	1,	0,	134,	'2019-05-20'),
(2866,	1,	0,	136,	'2019-05-20'),
(2867,	1,	0,	138,	'2019-05-20'),
(2868,	1,	0,	140,	'2019-05-20'),
(2869,	1,	0,	143,	'2019-05-20'),
(2870,	1,	0,	145,	'2019-05-20'),
(2871,	1,	0,	146,	'2019-05-20'),
(2872,	1,	0,	148,	'2019-05-20'),
(2873,	1,	0,	150,	'2019-05-20'),
(2874,	1,	0,	151,	'2019-05-20'),
(2875,	1,	0,	153,	'2019-05-20'),
(2876,	1,	0,	154,	'2019-05-20'),
(2877,	1,	0,	346,	'2019-05-20'),
(2878,	1,	0,	384,	'2019-05-20'),
(2879,	1,	0,	396,	'2019-05-20'),
(2880,	1,	0,	399,	'2019-05-20'),
(2881,	1,	0,	400,	'2019-05-20'),
(2882,	1,	0,	406,	'2019-05-20'),
(2883,	1,	0,	101,	'2019-05-15'),
(2884,	1,	0,	102,	'2019-05-15'),
(2885,	1,	0,	103,	'2019-05-15'),
(2886,	1,	0,	104,	'2019-05-15'),
(2887,	1,	0,	105,	'2019-05-15'),
(2888,	1,	0,	106,	'2019-05-15'),
(2889,	1,	0,	107,	'2019-05-15'),
(2890,	1,	0,	108,	'2019-05-15'),
(2891,	1,	0,	109,	'2019-05-15'),
(2892,	1,	0,	111,	'2019-05-15'),
(2893,	1,	0,	112,	'2019-05-15'),
(2894,	1,	0,	113,	'2019-05-15'),
(2895,	1,	0,	114,	'2019-05-15'),
(2896,	1,	0,	115,	'2019-05-15'),
(2897,	1,	0,	116,	'2019-05-15'),
(2898,	1,	0,	118,	'2019-05-15'),
(2899,	1,	0,	119,	'2019-05-15'),
(2900,	1,	0,	120,	'2019-05-15'),
(2901,	1,	0,	121,	'2019-05-15'),
(2902,	1,	0,	122,	'2019-05-15'),
(2903,	1,	0,	123,	'2019-05-15'),
(2904,	1,	0,	124,	'2019-05-15'),
(2905,	1,	0,	125,	'2019-05-15'),
(2906,	1,	0,	126,	'2019-05-15'),
(2907,	1,	0,	127,	'2019-05-15'),
(2908,	1,	0,	128,	'2019-05-15'),
(2909,	1,	0,	129,	'2019-05-15'),
(2910,	1,	0,	130,	'2019-05-15'),
(2911,	1,	0,	131,	'2019-05-15'),
(2912,	1,	0,	132,	'2019-05-15'),
(2913,	1,	0,	134,	'2019-05-15'),
(2914,	1,	0,	136,	'2019-05-15'),
(2915,	1,	0,	138,	'2019-05-15'),
(2916,	1,	0,	140,	'2019-05-15'),
(2917,	1,	0,	143,	'2019-05-15'),
(2918,	1,	0,	145,	'2019-05-15'),
(2919,	1,	0,	146,	'2019-05-15'),
(2920,	1,	0,	148,	'2019-05-15'),
(2921,	1,	0,	150,	'2019-05-15'),
(2922,	1,	0,	151,	'2019-05-15'),
(2923,	1,	0,	153,	'2019-05-15'),
(2924,	1,	0,	154,	'2019-05-15'),
(2925,	1,	0,	346,	'2019-05-15'),
(2926,	1,	0,	384,	'2019-05-15'),
(2927,	1,	0,	396,	'2019-05-15'),
(2928,	1,	0,	399,	'2019-05-15'),
(2929,	1,	0,	400,	'2019-05-15'),
(2930,	1,	0,	406,	'2019-05-15'),
(2931,	1,	0,	101,	'2019-05-21'),
(2932,	1,	0,	102,	'2019-05-21'),
(2933,	1,	0,	103,	'2019-05-21'),
(2934,	1,	0,	104,	'2019-05-21'),
(2935,	1,	0,	105,	'2019-05-21'),
(2936,	1,	0,	106,	'2019-05-21'),
(2937,	1,	0,	107,	'2019-05-21'),
(2938,	1,	0,	108,	'2019-05-21'),
(2939,	1,	0,	109,	'2019-05-21'),
(2940,	1,	0,	111,	'2019-05-21'),
(2941,	1,	0,	112,	'2019-05-21'),
(2942,	1,	0,	113,	'2019-05-21'),
(2943,	1,	0,	114,	'2019-05-21'),
(2944,	1,	0,	115,	'2019-05-21'),
(2945,	1,	0,	116,	'2019-05-21'),
(2946,	1,	0,	118,	'2019-05-21'),
(2947,	1,	0,	119,	'2019-05-21'),
(2948,	1,	0,	120,	'2019-05-21'),
(2949,	1,	0,	121,	'2019-05-21'),
(2950,	1,	0,	122,	'2019-05-21'),
(2951,	1,	0,	123,	'2019-05-21'),
(2952,	1,	0,	124,	'2019-05-21'),
(2953,	1,	0,	125,	'2019-05-21'),
(2954,	1,	0,	126,	'2019-05-21'),
(2955,	1,	0,	127,	'2019-05-21'),
(2956,	1,	0,	128,	'2019-05-21'),
(2957,	1,	0,	129,	'2019-05-21'),
(2958,	1,	0,	130,	'2019-05-21'),
(2959,	1,	0,	131,	'2019-05-21'),
(2960,	1,	0,	132,	'2019-05-21'),
(2961,	1,	0,	134,	'2019-05-21'),
(2962,	1,	0,	136,	'2019-05-21'),
(2963,	1,	0,	138,	'2019-05-21'),
(2964,	1,	0,	140,	'2019-05-21'),
(2965,	1,	0,	143,	'2019-05-21'),
(2966,	1,	0,	145,	'2019-05-21'),
(2967,	1,	0,	146,	'2019-05-21'),
(2968,	1,	0,	148,	'2019-05-21'),
(2969,	1,	0,	150,	'2019-05-21'),
(2970,	1,	0,	151,	'2019-05-21'),
(2971,	1,	0,	153,	'2019-05-21'),
(2972,	1,	0,	154,	'2019-05-21'),
(2973,	1,	0,	346,	'2019-05-21'),
(2974,	1,	0,	384,	'2019-05-21'),
(2975,	1,	0,	396,	'2019-05-21'),
(2976,	1,	0,	399,	'2019-05-21'),
(2977,	1,	0,	400,	'2019-05-21'),
(2978,	1,	0,	406,	'2019-05-21'),
(2979,	1,	0,	101,	'2019-05-22'),
(2980,	1,	0,	102,	'2019-05-22'),
(2981,	1,	0,	103,	'2019-05-22'),
(2982,	1,	0,	104,	'2019-05-22'),
(2983,	1,	0,	105,	'2019-05-22'),
(2984,	1,	0,	106,	'2019-05-22'),
(2985,	1,	0,	107,	'2019-05-22'),
(2986,	1,	0,	108,	'2019-05-22'),
(2987,	1,	0,	109,	'2019-05-22'),
(2988,	1,	0,	111,	'2019-05-22'),
(2989,	1,	0,	112,	'2019-05-22'),
(2990,	1,	0,	113,	'2019-05-22'),
(2991,	1,	0,	114,	'2019-05-22'),
(2992,	1,	0,	115,	'2019-05-22'),
(2993,	1,	0,	116,	'2019-05-22'),
(2994,	1,	0,	118,	'2019-05-22'),
(2995,	1,	0,	119,	'2019-05-22'),
(2996,	1,	0,	120,	'2019-05-22'),
(2997,	1,	0,	121,	'2019-05-22'),
(2998,	1,	0,	122,	'2019-05-22'),
(2999,	1,	0,	123,	'2019-05-22'),
(3000,	1,	0,	124,	'2019-05-22'),
(3001,	1,	0,	125,	'2019-05-22'),
(3002,	1,	0,	126,	'2019-05-22'),
(3003,	1,	0,	127,	'2019-05-22'),
(3004,	1,	0,	128,	'2019-05-22'),
(3005,	1,	0,	129,	'2019-05-22'),
(3006,	1,	0,	130,	'2019-05-22'),
(3007,	1,	0,	131,	'2019-05-22'),
(3008,	1,	0,	132,	'2019-05-22'),
(3009,	1,	0,	134,	'2019-05-22'),
(3010,	1,	0,	136,	'2019-05-22'),
(3011,	1,	0,	138,	'2019-05-22'),
(3012,	1,	0,	140,	'2019-05-22'),
(3013,	1,	0,	143,	'2019-05-22'),
(3014,	1,	0,	145,	'2019-05-22'),
(3015,	1,	0,	146,	'2019-05-22'),
(3016,	1,	0,	148,	'2019-05-22'),
(3017,	1,	0,	150,	'2019-05-22'),
(3018,	1,	0,	151,	'2019-05-22'),
(3019,	1,	0,	153,	'2019-05-22'),
(3020,	1,	0,	154,	'2019-05-22'),
(3021,	1,	0,	346,	'2019-05-22'),
(3022,	1,	0,	384,	'2019-05-22'),
(3023,	1,	0,	396,	'2019-05-22'),
(3024,	1,	0,	399,	'2019-05-22'),
(3025,	1,	0,	400,	'2019-05-22'),
(3026,	1,	0,	406,	'2019-05-22'),
(3027,	1,	0,	101,	'2019-05-23'),
(3028,	1,	0,	102,	'2019-05-23'),
(3029,	1,	0,	103,	'2019-05-23'),
(3030,	1,	0,	104,	'2019-05-23'),
(3031,	1,	0,	105,	'2019-05-23'),
(3032,	1,	0,	106,	'2019-05-23'),
(3033,	1,	0,	107,	'2019-05-23'),
(3034,	1,	0,	108,	'2019-05-23'),
(3035,	1,	0,	109,	'2019-05-23'),
(3036,	1,	0,	111,	'2019-05-23'),
(3037,	1,	0,	112,	'2019-05-23'),
(3038,	1,	0,	113,	'2019-05-23'),
(3039,	1,	0,	114,	'2019-05-23'),
(3040,	1,	0,	115,	'2019-05-23'),
(3041,	1,	0,	116,	'2019-05-23'),
(3042,	1,	0,	118,	'2019-05-23'),
(3043,	1,	0,	119,	'2019-05-23'),
(3044,	1,	0,	120,	'2019-05-23'),
(3045,	1,	0,	121,	'2019-05-23'),
(3046,	1,	0,	122,	'2019-05-23'),
(3047,	1,	0,	123,	'2019-05-23'),
(3048,	1,	0,	124,	'2019-05-23'),
(3049,	1,	0,	125,	'2019-05-23'),
(3050,	1,	0,	126,	'2019-05-23'),
(3051,	1,	0,	127,	'2019-05-23'),
(3052,	1,	0,	128,	'2019-05-23'),
(3053,	1,	0,	129,	'2019-05-23'),
(3054,	1,	0,	130,	'2019-05-23'),
(3055,	1,	0,	131,	'2019-05-23'),
(3056,	1,	0,	132,	'2019-05-23'),
(3057,	1,	0,	134,	'2019-05-23'),
(3058,	1,	0,	136,	'2019-05-23'),
(3059,	1,	0,	138,	'2019-05-23'),
(3060,	1,	0,	140,	'2019-05-23'),
(3061,	1,	0,	143,	'2019-05-23'),
(3062,	1,	0,	145,	'2019-05-23'),
(3063,	1,	0,	146,	'2019-05-23'),
(3064,	1,	0,	148,	'2019-05-23'),
(3065,	1,	0,	150,	'2019-05-23'),
(3066,	1,	0,	151,	'2019-05-23'),
(3067,	1,	0,	153,	'2019-05-23'),
(3068,	1,	0,	154,	'2019-05-23'),
(3069,	1,	0,	346,	'2019-05-23'),
(3070,	1,	0,	384,	'2019-05-23'),
(3071,	1,	0,	396,	'2019-05-23'),
(3072,	1,	0,	399,	'2019-05-23'),
(3073,	1,	0,	400,	'2019-05-23'),
(3074,	1,	0,	406,	'2019-05-23'),
(3075,	1,	0,	101,	'2019-05-24'),
(3076,	1,	0,	102,	'2019-05-24'),
(3077,	1,	0,	103,	'2019-05-24'),
(3078,	1,	0,	104,	'2019-05-24'),
(3079,	1,	0,	105,	'2019-05-24'),
(3080,	1,	0,	106,	'2019-05-24'),
(3081,	1,	0,	107,	'2019-05-24'),
(3082,	1,	0,	108,	'2019-05-24'),
(3083,	1,	0,	109,	'2019-05-24'),
(3084,	1,	0,	111,	'2019-05-24'),
(3085,	1,	0,	112,	'2019-05-24'),
(3086,	1,	0,	113,	'2019-05-24'),
(3087,	1,	0,	114,	'2019-05-24'),
(3088,	1,	0,	115,	'2019-05-24'),
(3089,	1,	0,	116,	'2019-05-24'),
(3090,	1,	0,	118,	'2019-05-24'),
(3091,	1,	0,	119,	'2019-05-24'),
(3092,	1,	0,	120,	'2019-05-24'),
(3093,	1,	0,	121,	'2019-05-24'),
(3094,	1,	0,	122,	'2019-05-24'),
(3095,	1,	0,	123,	'2019-05-24'),
(3096,	1,	0,	124,	'2019-05-24'),
(3097,	1,	0,	125,	'2019-05-24'),
(3098,	1,	0,	126,	'2019-05-24'),
(3099,	1,	0,	127,	'2019-05-24'),
(3100,	1,	0,	128,	'2019-05-24'),
(3101,	1,	0,	129,	'2019-05-24'),
(3102,	1,	0,	130,	'2019-05-24'),
(3103,	1,	0,	131,	'2019-05-24'),
(3104,	1,	0,	132,	'2019-05-24'),
(3105,	1,	0,	134,	'2019-05-24'),
(3106,	1,	0,	136,	'2019-05-24'),
(3107,	1,	0,	138,	'2019-05-24'),
(3108,	1,	0,	140,	'2019-05-24'),
(3109,	1,	0,	143,	'2019-05-24'),
(3110,	1,	0,	145,	'2019-05-24'),
(3111,	1,	0,	146,	'2019-05-24'),
(3112,	1,	0,	148,	'2019-05-24'),
(3113,	1,	0,	150,	'2019-05-24'),
(3114,	1,	0,	151,	'2019-05-24'),
(3115,	1,	0,	153,	'2019-05-24'),
(3116,	1,	0,	154,	'2019-05-24'),
(3117,	1,	0,	346,	'2019-05-24'),
(3118,	1,	0,	384,	'2019-05-24'),
(3119,	1,	0,	396,	'2019-05-24'),
(3120,	1,	0,	399,	'2019-05-24'),
(3121,	1,	0,	400,	'2019-05-24'),
(3122,	1,	0,	406,	'2019-05-24'),
(3123,	1,	0,	101,	'2019-05-27'),
(3124,	1,	0,	102,	'2019-05-27'),
(3125,	1,	0,	103,	'2019-05-27'),
(3126,	1,	0,	104,	'2019-05-27'),
(3127,	1,	0,	105,	'2019-05-27'),
(3128,	1,	0,	106,	'2019-05-27'),
(3129,	1,	0,	107,	'2019-05-27'),
(3130,	1,	0,	108,	'2019-05-27'),
(3131,	1,	0,	109,	'2019-05-27'),
(3132,	1,	0,	111,	'2019-05-27'),
(3133,	1,	0,	112,	'2019-05-27'),
(3134,	1,	0,	113,	'2019-05-27'),
(3135,	1,	0,	114,	'2019-05-27'),
(3136,	1,	0,	115,	'2019-05-27'),
(3137,	1,	0,	116,	'2019-05-27'),
(3138,	1,	0,	118,	'2019-05-27'),
(3139,	1,	0,	119,	'2019-05-27'),
(3140,	1,	0,	120,	'2019-05-27'),
(3141,	1,	0,	121,	'2019-05-27'),
(3142,	1,	0,	122,	'2019-05-27'),
(3143,	1,	0,	123,	'2019-05-27'),
(3144,	1,	0,	124,	'2019-05-27'),
(3145,	1,	0,	125,	'2019-05-27'),
(3146,	1,	0,	126,	'2019-05-27'),
(3147,	1,	0,	127,	'2019-05-27'),
(3148,	1,	0,	128,	'2019-05-27'),
(3149,	1,	0,	129,	'2019-05-27'),
(3150,	1,	0,	130,	'2019-05-27'),
(3151,	1,	0,	131,	'2019-05-27'),
(3152,	1,	0,	132,	'2019-05-27'),
(3153,	1,	0,	134,	'2019-05-27'),
(3154,	1,	0,	136,	'2019-05-27'),
(3155,	1,	0,	138,	'2019-05-27'),
(3156,	1,	0,	140,	'2019-05-27'),
(3157,	1,	0,	143,	'2019-05-27'),
(3158,	1,	0,	145,	'2019-05-27'),
(3159,	1,	0,	146,	'2019-05-27'),
(3160,	1,	0,	148,	'2019-05-27'),
(3161,	1,	0,	150,	'2019-05-27'),
(3162,	1,	0,	151,	'2019-05-27'),
(3163,	1,	0,	153,	'2019-05-27'),
(3164,	1,	0,	154,	'2019-05-27'),
(3165,	1,	0,	346,	'2019-05-27'),
(3166,	1,	0,	384,	'2019-05-27'),
(3167,	1,	0,	396,	'2019-05-27'),
(3168,	1,	0,	399,	'2019-05-27'),
(3169,	1,	0,	400,	'2019-05-27'),
(3170,	1,	0,	406,	'2019-05-27'),
(3171,	1,	0,	101,	'2019-05-28'),
(3172,	1,	0,	102,	'2019-05-28'),
(3173,	1,	0,	103,	'2019-05-28'),
(3174,	1,	0,	104,	'2019-05-28'),
(3175,	1,	0,	105,	'2019-05-28'),
(3176,	1,	0,	106,	'2019-05-28'),
(3177,	1,	0,	107,	'2019-05-28'),
(3178,	1,	0,	108,	'2019-05-28'),
(3179,	1,	0,	109,	'2019-05-28'),
(3180,	1,	0,	111,	'2019-05-28'),
(3181,	1,	0,	112,	'2019-05-28'),
(3182,	1,	0,	113,	'2019-05-28'),
(3183,	1,	0,	114,	'2019-05-28'),
(3184,	1,	0,	115,	'2019-05-28'),
(3185,	1,	0,	116,	'2019-05-28'),
(3186,	1,	0,	118,	'2019-05-28'),
(3187,	1,	0,	119,	'2019-05-28'),
(3188,	1,	0,	120,	'2019-05-28'),
(3189,	1,	0,	121,	'2019-05-28'),
(3190,	1,	0,	122,	'2019-05-28'),
(3191,	1,	0,	123,	'2019-05-28'),
(3192,	1,	0,	124,	'2019-05-28'),
(3193,	1,	0,	125,	'2019-05-28'),
(3194,	1,	0,	126,	'2019-05-28'),
(3195,	1,	0,	127,	'2019-05-28'),
(3196,	1,	0,	128,	'2019-05-28'),
(3197,	1,	0,	129,	'2019-05-28'),
(3198,	1,	0,	130,	'2019-05-28'),
(3199,	1,	0,	131,	'2019-05-28'),
(3200,	1,	0,	132,	'2019-05-28'),
(3201,	1,	0,	134,	'2019-05-28'),
(3202,	1,	0,	136,	'2019-05-28'),
(3203,	1,	0,	138,	'2019-05-28'),
(3204,	1,	0,	140,	'2019-05-28'),
(3205,	1,	0,	143,	'2019-05-28'),
(3206,	1,	0,	145,	'2019-05-28'),
(3207,	1,	0,	146,	'2019-05-28'),
(3208,	1,	0,	148,	'2019-05-28'),
(3209,	1,	0,	150,	'2019-05-28'),
(3210,	1,	0,	151,	'2019-05-28'),
(3211,	1,	0,	153,	'2019-05-28'),
(3212,	1,	0,	154,	'2019-05-28'),
(3213,	1,	0,	346,	'2019-05-28'),
(3214,	1,	0,	384,	'2019-05-28'),
(3215,	1,	0,	396,	'2019-05-28'),
(3216,	1,	0,	399,	'2019-05-28'),
(3217,	1,	0,	400,	'2019-05-28'),
(3218,	1,	0,	406,	'2019-05-28'),
(3219,	1,	0,	101,	'2019-05-30'),
(3220,	1,	0,	102,	'2019-05-30'),
(3221,	1,	0,	103,	'2019-05-30'),
(3222,	1,	0,	104,	'2019-05-30'),
(3223,	1,	0,	105,	'2019-05-30'),
(3224,	1,	0,	106,	'2019-05-30'),
(3225,	1,	0,	107,	'2019-05-30'),
(3226,	1,	0,	108,	'2019-05-30'),
(3227,	1,	0,	109,	'2019-05-30'),
(3228,	1,	0,	111,	'2019-05-30'),
(3229,	1,	0,	112,	'2019-05-30'),
(3230,	1,	0,	113,	'2019-05-30'),
(3231,	1,	0,	114,	'2019-05-30'),
(3232,	1,	0,	115,	'2019-05-30'),
(3233,	1,	0,	116,	'2019-05-30'),
(3234,	1,	0,	118,	'2019-05-30'),
(3235,	1,	0,	119,	'2019-05-30'),
(3236,	1,	0,	120,	'2019-05-30'),
(3237,	1,	0,	121,	'2019-05-30'),
(3238,	1,	0,	122,	'2019-05-30'),
(3239,	1,	0,	123,	'2019-05-30'),
(3240,	1,	0,	124,	'2019-05-30'),
(3241,	1,	0,	125,	'2019-05-30'),
(3242,	1,	0,	126,	'2019-05-30'),
(3243,	1,	0,	127,	'2019-05-30'),
(3244,	1,	0,	128,	'2019-05-30'),
(3245,	1,	0,	129,	'2019-05-30'),
(3246,	1,	0,	130,	'2019-05-30'),
(3247,	1,	0,	131,	'2019-05-30'),
(3248,	1,	0,	132,	'2019-05-30'),
(3249,	1,	0,	134,	'2019-05-30'),
(3250,	1,	0,	136,	'2019-05-30'),
(3251,	1,	0,	138,	'2019-05-30'),
(3252,	1,	0,	140,	'2019-05-30'),
(3253,	1,	0,	143,	'2019-05-30'),
(3254,	1,	0,	145,	'2019-05-30'),
(3255,	1,	0,	146,	'2019-05-30'),
(3256,	1,	0,	148,	'2019-05-30'),
(3257,	1,	0,	150,	'2019-05-30'),
(3258,	1,	0,	151,	'2019-05-30'),
(3259,	1,	0,	153,	'2019-05-30'),
(3260,	1,	0,	154,	'2019-05-30'),
(3261,	1,	0,	346,	'2019-05-30'),
(3262,	1,	0,	384,	'2019-05-30'),
(3263,	1,	0,	396,	'2019-05-30'),
(3264,	1,	0,	399,	'2019-05-30'),
(3265,	1,	0,	400,	'2019-05-30'),
(3266,	1,	0,	406,	'2019-05-30'),
(3267,	1,	0,	101,	'2019-05-31'),
(3268,	1,	0,	102,	'2019-05-31'),
(3269,	1,	0,	103,	'2019-05-31'),
(3270,	1,	0,	104,	'2019-05-31'),
(3271,	1,	0,	105,	'2019-05-31'),
(3272,	1,	0,	106,	'2019-05-31'),
(3273,	1,	0,	107,	'2019-05-31'),
(3274,	1,	0,	108,	'2019-05-31'),
(3275,	1,	0,	109,	'2019-05-31'),
(3276,	1,	0,	111,	'2019-05-31'),
(3277,	1,	0,	112,	'2019-05-31'),
(3278,	1,	0,	113,	'2019-05-31'),
(3279,	1,	0,	114,	'2019-05-31'),
(3280,	1,	0,	115,	'2019-05-31'),
(3281,	1,	0,	116,	'2019-05-31'),
(3282,	1,	0,	118,	'2019-05-31'),
(3283,	1,	0,	119,	'2019-05-31'),
(3284,	1,	0,	120,	'2019-05-31'),
(3285,	1,	0,	121,	'2019-05-31'),
(3286,	1,	0,	122,	'2019-05-31'),
(3287,	1,	0,	123,	'2019-05-31'),
(3288,	1,	0,	124,	'2019-05-31'),
(3289,	1,	0,	125,	'2019-05-31'),
(3290,	1,	0,	126,	'2019-05-31'),
(3291,	1,	0,	127,	'2019-05-31'),
(3292,	1,	0,	128,	'2019-05-31'),
(3293,	1,	0,	129,	'2019-05-31'),
(3294,	1,	0,	130,	'2019-05-31'),
(3295,	1,	0,	131,	'2019-05-31'),
(3296,	1,	0,	132,	'2019-05-31'),
(3297,	1,	0,	134,	'2019-05-31'),
(3298,	1,	0,	136,	'2019-05-31'),
(3299,	1,	0,	138,	'2019-05-31'),
(3300,	1,	0,	140,	'2019-05-31'),
(3301,	1,	0,	143,	'2019-05-31'),
(3302,	1,	0,	145,	'2019-05-31'),
(3303,	1,	0,	146,	'2019-05-31'),
(3304,	1,	0,	148,	'2019-05-31'),
(3305,	1,	0,	150,	'2019-05-31'),
(3306,	1,	0,	151,	'2019-05-31'),
(3307,	1,	0,	153,	'2019-05-31'),
(3308,	1,	0,	154,	'2019-05-31'),
(3309,	1,	0,	346,	'2019-05-31'),
(3310,	1,	0,	384,	'2019-05-31'),
(3311,	1,	0,	396,	'2019-05-31'),
(3312,	1,	0,	399,	'2019-05-31'),
(3313,	1,	0,	400,	'2019-05-31'),
(3314,	1,	0,	406,	'2019-05-31'),
(3315,	1,	0,	117,	'2019-05-03'),
(3316,	1,	0,	161,	'2019-05-03'),
(3317,	1,	0,	163,	'2019-05-03'),
(3318,	1,	0,	165,	'2019-05-03'),
(3319,	1,	0,	166,	'2019-05-03'),
(3320,	1,	0,	168,	'2019-05-03'),
(3321,	1,	0,	169,	'2019-05-03'),
(3322,	1,	0,	182,	'2019-05-03'),
(3323,	1,	0,	185,	'2019-05-03'),
(3324,	1,	0,	187,	'2019-05-03'),
(3325,	1,	0,	188,	'2019-05-03'),
(3326,	1,	0,	190,	'2019-05-03'),
(3327,	1,	0,	192,	'2019-05-03'),
(3328,	1,	0,	193,	'2019-05-03'),
(3329,	1,	0,	195,	'2019-05-03'),
(3330,	1,	0,	204,	'2019-05-03'),
(3331,	1,	0,	205,	'2019-05-03'),
(3332,	1,	0,	224,	'2019-05-03'),
(3333,	1,	0,	225,	'2019-05-03'),
(3334,	1,	0,	226,	'2019-05-03'),
(3335,	1,	0,	227,	'2019-05-03'),
(3336,	1,	0,	228,	'2019-05-03'),
(3337,	1,	0,	229,	'2019-05-03'),
(3338,	1,	0,	230,	'2019-05-03'),
(3339,	1,	0,	231,	'2019-05-03'),
(3340,	1,	0,	232,	'2019-05-03'),
(3341,	1,	0,	233,	'2019-05-03'),
(3342,	1,	0,	234,	'2019-05-03'),
(3343,	1,	0,	235,	'2019-05-03'),
(3344,	1,	0,	236,	'2019-05-03'),
(3345,	1,	0,	237,	'2019-05-03'),
(3346,	1,	0,	238,	'2019-05-03'),
(3347,	1,	0,	239,	'2019-05-03'),
(3348,	1,	0,	240,	'2019-05-03'),
(3349,	1,	0,	241,	'2019-05-03'),
(3350,	1,	0,	242,	'2019-05-03'),
(3351,	1,	0,	243,	'2019-05-03'),
(3352,	1,	0,	244,	'2019-05-03'),
(3353,	1,	0,	245,	'2019-05-03'),
(3354,	1,	0,	246,	'2019-05-03'),
(3355,	1,	0,	247,	'2019-05-03'),
(3356,	1,	0,	248,	'2019-05-03'),
(3357,	1,	0,	249,	'2019-05-03'),
(3358,	1,	0,	250,	'2019-05-03'),
(3359,	1,	0,	251,	'2019-05-03'),
(3360,	1,	0,	252,	'2019-05-03'),
(3361,	1,	0,	253,	'2019-05-03'),
(3362,	1,	0,	315,	'2019-05-03'),
(3363,	1,	0,	329,	'2019-05-03'),
(3364,	1,	0,	331,	'2019-05-03'),
(3365,	1,	0,	332,	'2019-05-03'),
(3366,	1,	0,	334,	'2019-05-03'),
(3367,	1,	0,	392,	'2019-05-03'),
(3368,	1,	0,	401,	'2019-05-03'),
(3369,	1,	0,	117,	'2019-05-06'),
(3370,	1,	0,	161,	'2019-05-06'),
(3371,	1,	0,	163,	'2019-05-06'),
(3372,	1,	0,	165,	'2019-05-06'),
(3373,	1,	0,	166,	'2019-05-06'),
(3374,	1,	0,	168,	'2019-05-06'),
(3375,	1,	0,	169,	'2019-05-06'),
(3376,	1,	0,	182,	'2019-05-06'),
(3377,	1,	0,	185,	'2019-05-06'),
(3378,	1,	0,	187,	'2019-05-06'),
(3379,	1,	0,	188,	'2019-05-06'),
(3380,	1,	0,	190,	'2019-05-06'),
(3381,	1,	0,	192,	'2019-05-06'),
(3382,	1,	0,	193,	'2019-05-06'),
(3383,	1,	0,	195,	'2019-05-06'),
(3384,	1,	0,	204,	'2019-05-06'),
(3385,	1,	0,	205,	'2019-05-06'),
(3386,	1,	0,	224,	'2019-05-06'),
(3387,	1,	0,	225,	'2019-05-06'),
(3388,	1,	0,	226,	'2019-05-06'),
(3389,	1,	0,	227,	'2019-05-06'),
(3390,	1,	0,	228,	'2019-05-06'),
(3391,	1,	0,	229,	'2019-05-06'),
(3392,	1,	0,	230,	'2019-05-06'),
(3393,	1,	0,	231,	'2019-05-06'),
(3394,	1,	0,	232,	'2019-05-06'),
(3395,	1,	0,	233,	'2019-05-06'),
(3396,	1,	0,	234,	'2019-05-06'),
(3397,	1,	0,	235,	'2019-05-06'),
(3398,	1,	0,	236,	'2019-05-06'),
(3399,	1,	0,	237,	'2019-05-06'),
(3400,	1,	0,	238,	'2019-05-06'),
(3401,	1,	0,	239,	'2019-05-06'),
(3402,	1,	0,	240,	'2019-05-06'),
(3403,	1,	0,	241,	'2019-05-06'),
(3404,	1,	0,	242,	'2019-05-06'),
(3405,	1,	0,	243,	'2019-05-06'),
(3406,	1,	0,	244,	'2019-05-06'),
(3407,	1,	0,	245,	'2019-05-06'),
(3408,	1,	0,	246,	'2019-05-06'),
(3409,	1,	0,	247,	'2019-05-06'),
(3410,	1,	0,	248,	'2019-05-06'),
(3411,	1,	0,	249,	'2019-05-06'),
(3412,	1,	0,	250,	'2019-05-06'),
(3413,	1,	0,	251,	'2019-05-06'),
(3414,	1,	0,	252,	'2019-05-06'),
(3415,	1,	0,	253,	'2019-05-06'),
(3416,	1,	0,	315,	'2019-05-06'),
(3417,	1,	0,	329,	'2019-05-06'),
(3418,	1,	0,	331,	'2019-05-06'),
(3419,	1,	0,	332,	'2019-05-06'),
(3420,	1,	0,	334,	'2019-05-06'),
(3421,	1,	0,	392,	'2019-05-06'),
(3422,	1,	0,	401,	'2019-05-06'),
(3423,	1,	0,	117,	'2019-05-07'),
(3424,	1,	0,	161,	'2019-05-07'),
(3425,	1,	0,	163,	'2019-05-07'),
(3426,	1,	0,	165,	'2019-05-07'),
(3427,	1,	0,	166,	'2019-05-07'),
(3428,	1,	0,	168,	'2019-05-07'),
(3429,	1,	0,	169,	'2019-05-07'),
(3430,	1,	0,	182,	'2019-05-07'),
(3431,	1,	0,	185,	'2019-05-07'),
(3432,	1,	0,	187,	'2019-05-07'),
(3433,	1,	0,	188,	'2019-05-07'),
(3434,	1,	0,	190,	'2019-05-07'),
(3435,	1,	0,	192,	'2019-05-07'),
(3436,	1,	0,	193,	'2019-05-07'),
(3437,	1,	0,	195,	'2019-05-07'),
(3438,	1,	0,	204,	'2019-05-07'),
(3439,	1,	0,	205,	'2019-05-07'),
(3440,	1,	0,	224,	'2019-05-07'),
(3441,	1,	0,	225,	'2019-05-07'),
(3442,	1,	0,	226,	'2019-05-07'),
(3443,	1,	0,	227,	'2019-05-07'),
(3444,	1,	0,	228,	'2019-05-07'),
(3445,	1,	0,	229,	'2019-05-07'),
(3446,	1,	0,	230,	'2019-05-07'),
(3447,	1,	0,	231,	'2019-05-07'),
(3448,	1,	0,	232,	'2019-05-07'),
(3449,	1,	0,	233,	'2019-05-07'),
(3450,	1,	0,	234,	'2019-05-07'),
(3451,	1,	0,	235,	'2019-05-07'),
(3452,	1,	0,	236,	'2019-05-07'),
(3453,	1,	0,	237,	'2019-05-07'),
(3454,	1,	0,	238,	'2019-05-07'),
(3455,	1,	0,	239,	'2019-05-07'),
(3456,	1,	0,	240,	'2019-05-07'),
(3457,	1,	0,	241,	'2019-05-07'),
(3458,	1,	0,	242,	'2019-05-07'),
(3459,	1,	0,	243,	'2019-05-07'),
(3460,	1,	0,	244,	'2019-05-07'),
(3461,	1,	0,	245,	'2019-05-07'),
(3462,	1,	0,	246,	'2019-05-07'),
(3463,	1,	0,	247,	'2019-05-07'),
(3464,	1,	0,	248,	'2019-05-07'),
(3465,	1,	0,	249,	'2019-05-07'),
(3466,	1,	0,	250,	'2019-05-07'),
(3467,	1,	0,	251,	'2019-05-07'),
(3468,	1,	0,	252,	'2019-05-07'),
(3469,	1,	0,	253,	'2019-05-07'),
(3470,	1,	0,	315,	'2019-05-07'),
(3471,	1,	0,	329,	'2019-05-07'),
(3472,	1,	0,	331,	'2019-05-07'),
(3473,	1,	0,	332,	'2019-05-07'),
(3474,	1,	0,	334,	'2019-05-07'),
(3475,	1,	0,	392,	'2019-05-07'),
(3476,	1,	0,	401,	'2019-05-07'),
(3477,	1,	0,	117,	'2019-05-08'),
(3478,	1,	0,	161,	'2019-05-08'),
(3479,	1,	0,	163,	'2019-05-08'),
(3480,	1,	0,	165,	'2019-05-08'),
(3481,	1,	0,	166,	'2019-05-08'),
(3482,	1,	0,	168,	'2019-05-08'),
(3483,	1,	0,	169,	'2019-05-08'),
(3484,	1,	0,	182,	'2019-05-08'),
(3485,	1,	0,	185,	'2019-05-08'),
(3486,	1,	0,	187,	'2019-05-08'),
(3487,	1,	0,	188,	'2019-05-08'),
(3488,	1,	0,	190,	'2019-05-08'),
(3489,	1,	0,	192,	'2019-05-08'),
(3490,	1,	0,	193,	'2019-05-08'),
(3491,	1,	0,	195,	'2019-05-08'),
(3492,	1,	0,	204,	'2019-05-08'),
(3493,	1,	0,	205,	'2019-05-08'),
(3494,	1,	0,	224,	'2019-05-08'),
(3495,	1,	0,	225,	'2019-05-08'),
(3496,	1,	0,	226,	'2019-05-08'),
(3497,	1,	0,	227,	'2019-05-08'),
(3498,	1,	0,	228,	'2019-05-08'),
(3499,	1,	0,	229,	'2019-05-08'),
(3500,	1,	0,	230,	'2019-05-08'),
(3501,	1,	0,	231,	'2019-05-08'),
(3502,	1,	0,	232,	'2019-05-08'),
(3503,	1,	0,	233,	'2019-05-08'),
(3504,	1,	0,	234,	'2019-05-08'),
(3505,	1,	0,	235,	'2019-05-08'),
(3506,	1,	0,	236,	'2019-05-08'),
(3507,	1,	0,	237,	'2019-05-08'),
(3508,	1,	0,	238,	'2019-05-08'),
(3509,	1,	0,	239,	'2019-05-08'),
(3510,	1,	0,	240,	'2019-05-08'),
(3511,	1,	0,	241,	'2019-05-08'),
(3512,	1,	0,	242,	'2019-05-08'),
(3513,	1,	0,	243,	'2019-05-08'),
(3514,	1,	0,	244,	'2019-05-08'),
(3515,	1,	0,	245,	'2019-05-08'),
(3516,	1,	0,	246,	'2019-05-08'),
(3517,	1,	0,	247,	'2019-05-08'),
(3518,	1,	0,	248,	'2019-05-08'),
(3519,	1,	0,	249,	'2019-05-08'),
(3520,	1,	0,	250,	'2019-05-08'),
(3521,	1,	0,	251,	'2019-05-08'),
(3522,	1,	0,	252,	'2019-05-08'),
(3523,	1,	0,	253,	'2019-05-08'),
(3524,	1,	0,	315,	'2019-05-08'),
(3525,	1,	0,	329,	'2019-05-08'),
(3526,	1,	0,	331,	'2019-05-08'),
(3527,	1,	0,	332,	'2019-05-08'),
(3528,	1,	0,	334,	'2019-05-08'),
(3529,	1,	0,	392,	'2019-05-08'),
(3530,	1,	0,	401,	'2019-05-08'),
(3531,	1,	0,	117,	'2019-05-09'),
(3532,	1,	0,	161,	'2019-05-09'),
(3533,	1,	0,	163,	'2019-05-09'),
(3534,	1,	0,	165,	'2019-05-09'),
(3535,	1,	0,	166,	'2019-05-09'),
(3536,	1,	0,	168,	'2019-05-09'),
(3537,	1,	0,	169,	'2019-05-09'),
(3538,	1,	0,	182,	'2019-05-09'),
(3539,	1,	0,	185,	'2019-05-09'),
(3540,	1,	0,	187,	'2019-05-09'),
(3541,	1,	0,	188,	'2019-05-09'),
(3542,	1,	0,	190,	'2019-05-09'),
(3543,	1,	0,	192,	'2019-05-09'),
(3544,	1,	0,	193,	'2019-05-09'),
(3545,	1,	0,	195,	'2019-05-09'),
(3546,	1,	0,	204,	'2019-05-09'),
(3547,	1,	0,	205,	'2019-05-09'),
(3548,	1,	0,	224,	'2019-05-09'),
(3549,	1,	0,	225,	'2019-05-09'),
(3550,	1,	0,	226,	'2019-05-09'),
(3551,	1,	0,	227,	'2019-05-09'),
(3552,	1,	0,	228,	'2019-05-09'),
(3553,	1,	0,	229,	'2019-05-09'),
(3554,	1,	0,	230,	'2019-05-09'),
(3555,	1,	0,	231,	'2019-05-09'),
(3556,	1,	0,	232,	'2019-05-09'),
(3557,	1,	0,	233,	'2019-05-09'),
(3558,	1,	0,	234,	'2019-05-09'),
(3559,	1,	0,	235,	'2019-05-09'),
(3560,	1,	0,	236,	'2019-05-09'),
(3561,	1,	0,	237,	'2019-05-09'),
(3562,	1,	0,	238,	'2019-05-09'),
(3563,	1,	0,	239,	'2019-05-09'),
(3564,	1,	0,	240,	'2019-05-09'),
(3565,	1,	0,	241,	'2019-05-09'),
(3566,	1,	0,	242,	'2019-05-09'),
(3567,	1,	0,	243,	'2019-05-09'),
(3568,	1,	0,	244,	'2019-05-09'),
(3569,	1,	0,	245,	'2019-05-09'),
(3570,	1,	0,	246,	'2019-05-09'),
(3571,	1,	0,	247,	'2019-05-09'),
(3572,	1,	0,	248,	'2019-05-09'),
(3573,	1,	0,	249,	'2019-05-09'),
(3574,	1,	0,	250,	'2019-05-09'),
(3575,	1,	0,	251,	'2019-05-09'),
(3576,	1,	0,	252,	'2019-05-09'),
(3577,	1,	0,	253,	'2019-05-09'),
(3578,	1,	0,	315,	'2019-05-09'),
(3579,	1,	0,	329,	'2019-05-09'),
(3580,	1,	0,	331,	'2019-05-09'),
(3581,	1,	0,	332,	'2019-05-09'),
(3582,	1,	0,	334,	'2019-05-09'),
(3583,	1,	0,	392,	'2019-05-09'),
(3584,	1,	0,	401,	'2019-05-09'),
(3585,	1,	0,	117,	'2019-05-10'),
(3586,	1,	0,	161,	'2019-05-10'),
(3587,	1,	0,	163,	'2019-05-10'),
(3588,	1,	0,	165,	'2019-05-10'),
(3589,	1,	0,	166,	'2019-05-10'),
(3590,	1,	0,	168,	'2019-05-10'),
(3591,	1,	0,	169,	'2019-05-10'),
(3592,	1,	0,	182,	'2019-05-10'),
(3593,	1,	0,	185,	'2019-05-10'),
(3594,	1,	0,	187,	'2019-05-10'),
(3595,	1,	0,	188,	'2019-05-10'),
(3596,	1,	0,	190,	'2019-05-10'),
(3597,	1,	0,	192,	'2019-05-10'),
(3598,	1,	0,	193,	'2019-05-10'),
(3599,	1,	0,	195,	'2019-05-10'),
(3600,	1,	0,	204,	'2019-05-10'),
(3601,	1,	0,	205,	'2019-05-10'),
(3602,	1,	0,	224,	'2019-05-10'),
(3603,	1,	0,	225,	'2019-05-10'),
(3604,	1,	0,	226,	'2019-05-10'),
(3605,	1,	0,	227,	'2019-05-10'),
(3606,	1,	0,	228,	'2019-05-10'),
(3607,	1,	0,	229,	'2019-05-10'),
(3608,	1,	0,	230,	'2019-05-10'),
(3609,	1,	0,	231,	'2019-05-10'),
(3610,	1,	0,	232,	'2019-05-10'),
(3611,	1,	0,	233,	'2019-05-10'),
(3612,	1,	0,	234,	'2019-05-10'),
(3613,	1,	0,	235,	'2019-05-10'),
(3614,	1,	0,	236,	'2019-05-10'),
(3615,	1,	0,	237,	'2019-05-10'),
(3616,	1,	0,	238,	'2019-05-10'),
(3617,	1,	0,	239,	'2019-05-10'),
(3618,	1,	0,	240,	'2019-05-10'),
(3619,	1,	0,	241,	'2019-05-10'),
(3620,	1,	0,	242,	'2019-05-10'),
(3621,	1,	0,	243,	'2019-05-10'),
(3622,	1,	0,	244,	'2019-05-10'),
(3623,	1,	0,	245,	'2019-05-10'),
(3624,	1,	0,	246,	'2019-05-10'),
(3625,	1,	0,	247,	'2019-05-10'),
(3626,	1,	0,	248,	'2019-05-10'),
(3627,	1,	0,	249,	'2019-05-10'),
(3628,	1,	0,	250,	'2019-05-10'),
(3629,	1,	0,	251,	'2019-05-10'),
(3630,	1,	0,	252,	'2019-05-10'),
(3631,	1,	0,	253,	'2019-05-10'),
(3632,	1,	0,	315,	'2019-05-10'),
(3633,	1,	0,	329,	'2019-05-10'),
(3634,	1,	0,	331,	'2019-05-10'),
(3635,	1,	0,	332,	'2019-05-10'),
(3636,	1,	0,	334,	'2019-05-10'),
(3637,	1,	0,	392,	'2019-05-10'),
(3638,	1,	0,	401,	'2019-05-10'),
(3639,	1,	0,	117,	'2019-05-13'),
(3640,	1,	0,	161,	'2019-05-13'),
(3641,	1,	0,	163,	'2019-05-13'),
(3642,	1,	0,	165,	'2019-05-13'),
(3643,	1,	0,	166,	'2019-05-13'),
(3644,	1,	0,	168,	'2019-05-13'),
(3645,	1,	0,	169,	'2019-05-13'),
(3646,	1,	0,	182,	'2019-05-13'),
(3647,	1,	0,	185,	'2019-05-13'),
(3648,	1,	0,	187,	'2019-05-13'),
(3649,	1,	0,	188,	'2019-05-13'),
(3650,	1,	0,	190,	'2019-05-13'),
(3651,	1,	0,	192,	'2019-05-13'),
(3652,	1,	0,	193,	'2019-05-13'),
(3653,	1,	0,	195,	'2019-05-13'),
(3654,	1,	0,	204,	'2019-05-13'),
(3655,	1,	0,	205,	'2019-05-13'),
(3656,	1,	0,	224,	'2019-05-13'),
(3657,	1,	0,	225,	'2019-05-13'),
(3658,	1,	0,	226,	'2019-05-13'),
(3659,	1,	0,	227,	'2019-05-13'),
(3660,	1,	0,	228,	'2019-05-13'),
(3661,	1,	0,	229,	'2019-05-13'),
(3662,	1,	0,	230,	'2019-05-13'),
(3663,	1,	0,	231,	'2019-05-13'),
(3664,	1,	0,	232,	'2019-05-13'),
(3665,	1,	0,	233,	'2019-05-13'),
(3666,	1,	0,	234,	'2019-05-13'),
(3667,	1,	0,	235,	'2019-05-13'),
(3668,	1,	0,	236,	'2019-05-13'),
(3669,	1,	0,	237,	'2019-05-13'),
(3670,	1,	0,	238,	'2019-05-13'),
(3671,	1,	0,	239,	'2019-05-13'),
(3672,	1,	0,	240,	'2019-05-13'),
(3673,	1,	0,	241,	'2019-05-13'),
(3674,	1,	0,	242,	'2019-05-13'),
(3675,	1,	0,	243,	'2019-05-13'),
(3676,	1,	0,	244,	'2019-05-13'),
(3677,	1,	0,	245,	'2019-05-13'),
(3678,	1,	0,	246,	'2019-05-13'),
(3679,	1,	0,	247,	'2019-05-13'),
(3680,	1,	0,	248,	'2019-05-13'),
(3681,	1,	0,	249,	'2019-05-13'),
(3682,	1,	0,	250,	'2019-05-13'),
(3683,	1,	0,	251,	'2019-05-13'),
(3684,	1,	0,	252,	'2019-05-13'),
(3685,	1,	0,	253,	'2019-05-13'),
(3686,	1,	0,	315,	'2019-05-13'),
(3687,	1,	0,	329,	'2019-05-13'),
(3688,	1,	0,	331,	'2019-05-13'),
(3689,	1,	0,	332,	'2019-05-13'),
(3690,	1,	0,	334,	'2019-05-13'),
(3691,	1,	0,	392,	'2019-05-13'),
(3692,	1,	0,	401,	'2019-05-13'),
(3693,	1,	0,	117,	'2019-05-14'),
(3694,	1,	0,	161,	'2019-05-14'),
(3695,	1,	0,	163,	'2019-05-14'),
(3696,	1,	0,	165,	'2019-05-14'),
(3697,	1,	0,	166,	'2019-05-14'),
(3698,	1,	0,	168,	'2019-05-14'),
(3699,	1,	0,	169,	'2019-05-14'),
(3700,	1,	0,	182,	'2019-05-14'),
(3701,	1,	0,	185,	'2019-05-14'),
(3702,	1,	0,	187,	'2019-05-14'),
(3703,	1,	0,	188,	'2019-05-14'),
(3704,	1,	0,	190,	'2019-05-14'),
(3705,	1,	0,	192,	'2019-05-14'),
(3706,	1,	0,	193,	'2019-05-14'),
(3707,	1,	0,	195,	'2019-05-14'),
(3708,	1,	0,	204,	'2019-05-14'),
(3709,	1,	0,	205,	'2019-05-14'),
(3710,	1,	0,	224,	'2019-05-14'),
(3711,	1,	0,	225,	'2019-05-14'),
(3712,	1,	0,	226,	'2019-05-14'),
(3713,	1,	0,	227,	'2019-05-14'),
(3714,	1,	0,	228,	'2019-05-14'),
(3715,	1,	0,	229,	'2019-05-14'),
(3716,	1,	0,	230,	'2019-05-14'),
(3717,	1,	0,	231,	'2019-05-14'),
(3718,	1,	0,	232,	'2019-05-14'),
(3719,	1,	0,	233,	'2019-05-14'),
(3720,	1,	0,	234,	'2019-05-14'),
(3721,	1,	0,	235,	'2019-05-14'),
(3722,	1,	0,	236,	'2019-05-14'),
(3723,	1,	0,	237,	'2019-05-14'),
(3724,	1,	0,	238,	'2019-05-14'),
(3725,	1,	0,	239,	'2019-05-14'),
(3726,	1,	0,	240,	'2019-05-14'),
(3727,	1,	0,	241,	'2019-05-14'),
(3728,	1,	0,	242,	'2019-05-14'),
(3729,	1,	0,	243,	'2019-05-14'),
(3730,	1,	0,	244,	'2019-05-14'),
(3731,	1,	0,	245,	'2019-05-14'),
(3732,	1,	0,	246,	'2019-05-14'),
(3733,	1,	0,	247,	'2019-05-14'),
(3734,	1,	0,	248,	'2019-05-14'),
(3735,	1,	0,	249,	'2019-05-14'),
(3736,	1,	0,	250,	'2019-05-14'),
(3737,	1,	0,	251,	'2019-05-14'),
(3738,	1,	0,	252,	'2019-05-14'),
(3739,	1,	0,	253,	'2019-05-14'),
(3740,	1,	0,	315,	'2019-05-14'),
(3741,	1,	0,	329,	'2019-05-14'),
(3742,	1,	0,	331,	'2019-05-14'),
(3743,	1,	0,	332,	'2019-05-14'),
(3744,	1,	0,	334,	'2019-05-14'),
(3745,	1,	0,	392,	'2019-05-14'),
(3746,	1,	0,	401,	'2019-05-14'),
(3747,	1,	0,	117,	'2019-05-15'),
(3748,	1,	0,	161,	'2019-05-15'),
(3749,	1,	0,	163,	'2019-05-15'),
(3750,	1,	0,	165,	'2019-05-15'),
(3751,	1,	0,	166,	'2019-05-15'),
(3752,	1,	0,	168,	'2019-05-15'),
(3753,	1,	0,	169,	'2019-05-15'),
(3754,	1,	0,	182,	'2019-05-15'),
(3755,	1,	0,	185,	'2019-05-15'),
(3756,	1,	0,	187,	'2019-05-15'),
(3757,	1,	0,	188,	'2019-05-15'),
(3758,	1,	0,	190,	'2019-05-15'),
(3759,	1,	0,	192,	'2019-05-15'),
(3760,	1,	0,	193,	'2019-05-15'),
(3761,	1,	0,	195,	'2019-05-15'),
(3762,	1,	0,	204,	'2019-05-15'),
(3763,	1,	0,	205,	'2019-05-15'),
(3764,	1,	0,	224,	'2019-05-15'),
(3765,	1,	0,	225,	'2019-05-15'),
(3766,	1,	0,	226,	'2019-05-15'),
(3767,	1,	0,	227,	'2019-05-15'),
(3768,	1,	0,	228,	'2019-05-15'),
(3769,	1,	0,	229,	'2019-05-15'),
(3770,	1,	0,	230,	'2019-05-15'),
(3771,	1,	0,	231,	'2019-05-15'),
(3772,	1,	0,	232,	'2019-05-15'),
(3773,	1,	0,	233,	'2019-05-15'),
(3774,	1,	0,	234,	'2019-05-15'),
(3775,	1,	0,	235,	'2019-05-15'),
(3776,	1,	0,	236,	'2019-05-15'),
(3777,	1,	0,	237,	'2019-05-15'),
(3778,	1,	0,	238,	'2019-05-15'),
(3779,	1,	0,	239,	'2019-05-15'),
(3780,	1,	0,	240,	'2019-05-15'),
(3781,	1,	0,	241,	'2019-05-15'),
(3782,	1,	0,	242,	'2019-05-15'),
(3783,	1,	0,	243,	'2019-05-15'),
(3784,	1,	0,	244,	'2019-05-15'),
(3785,	1,	0,	245,	'2019-05-15'),
(3786,	1,	0,	246,	'2019-05-15'),
(3787,	1,	0,	247,	'2019-05-15'),
(3788,	1,	0,	248,	'2019-05-15'),
(3789,	1,	0,	249,	'2019-05-15'),
(3790,	1,	0,	250,	'2019-05-15'),
(3791,	1,	0,	251,	'2019-05-15'),
(3792,	1,	0,	252,	'2019-05-15'),
(3793,	1,	0,	253,	'2019-05-15'),
(3794,	1,	0,	315,	'2019-05-15'),
(3795,	1,	0,	329,	'2019-05-15'),
(3796,	1,	0,	331,	'2019-05-15'),
(3797,	1,	0,	332,	'2019-05-15'),
(3798,	1,	0,	334,	'2019-05-15'),
(3799,	1,	0,	392,	'2019-05-15'),
(3800,	1,	0,	401,	'2019-05-15'),
(3801,	1,	0,	117,	'2019-05-16'),
(3802,	1,	0,	161,	'2019-05-16'),
(3803,	1,	0,	163,	'2019-05-16'),
(3804,	1,	0,	165,	'2019-05-16'),
(3805,	1,	0,	166,	'2019-05-16'),
(3806,	1,	0,	168,	'2019-05-16'),
(3807,	1,	0,	169,	'2019-05-16'),
(3808,	1,	0,	182,	'2019-05-16'),
(3809,	1,	0,	185,	'2019-05-16'),
(3810,	1,	0,	187,	'2019-05-16'),
(3811,	1,	0,	188,	'2019-05-16'),
(3812,	1,	0,	190,	'2019-05-16'),
(3813,	1,	0,	192,	'2019-05-16'),
(3814,	1,	0,	193,	'2019-05-16'),
(3815,	1,	0,	195,	'2019-05-16'),
(3816,	1,	0,	204,	'2019-05-16'),
(3817,	1,	0,	205,	'2019-05-16'),
(3818,	1,	0,	224,	'2019-05-16'),
(3819,	1,	0,	225,	'2019-05-16'),
(3820,	1,	0,	226,	'2019-05-16'),
(3821,	1,	0,	227,	'2019-05-16'),
(3822,	1,	0,	228,	'2019-05-16'),
(3823,	1,	0,	229,	'2019-05-16'),
(3824,	1,	0,	230,	'2019-05-16'),
(3825,	1,	0,	231,	'2019-05-16'),
(3826,	1,	0,	232,	'2019-05-16'),
(3827,	1,	0,	233,	'2019-05-16'),
(3828,	1,	0,	234,	'2019-05-16'),
(3829,	1,	0,	235,	'2019-05-16'),
(3830,	1,	0,	236,	'2019-05-16'),
(3831,	1,	0,	237,	'2019-05-16'),
(3832,	1,	0,	238,	'2019-05-16'),
(3833,	1,	0,	239,	'2019-05-16'),
(3834,	1,	0,	240,	'2019-05-16'),
(3835,	1,	0,	241,	'2019-05-16'),
(3836,	1,	0,	242,	'2019-05-16'),
(3837,	1,	0,	243,	'2019-05-16'),
(3838,	1,	0,	244,	'2019-05-16'),
(3839,	1,	0,	245,	'2019-05-16'),
(3840,	1,	0,	246,	'2019-05-16'),
(3841,	1,	0,	247,	'2019-05-16'),
(3842,	1,	0,	248,	'2019-05-16'),
(3843,	1,	0,	249,	'2019-05-16'),
(3844,	1,	0,	250,	'2019-05-16'),
(3845,	1,	0,	251,	'2019-05-16'),
(3846,	1,	0,	252,	'2019-05-16'),
(3847,	1,	0,	253,	'2019-05-16'),
(3848,	1,	0,	315,	'2019-05-16'),
(3849,	1,	0,	329,	'2019-05-16'),
(3850,	1,	0,	331,	'2019-05-16'),
(3851,	1,	0,	332,	'2019-05-16'),
(3852,	1,	0,	334,	'2019-05-16'),
(3853,	1,	0,	392,	'2019-05-16'),
(3854,	1,	0,	401,	'2019-05-16'),
(3855,	1,	0,	117,	'2019-05-17'),
(3856,	1,	0,	161,	'2019-05-17'),
(3857,	1,	0,	163,	'2019-05-17'),
(3858,	1,	0,	165,	'2019-05-17'),
(3859,	1,	0,	166,	'2019-05-17'),
(3860,	1,	0,	168,	'2019-05-17'),
(3861,	1,	0,	169,	'2019-05-17'),
(3862,	1,	0,	182,	'2019-05-17'),
(3863,	1,	0,	185,	'2019-05-17'),
(3864,	1,	0,	187,	'2019-05-17'),
(3865,	1,	0,	188,	'2019-05-17'),
(3866,	1,	0,	190,	'2019-05-17'),
(3867,	1,	0,	192,	'2019-05-17'),
(3868,	1,	0,	193,	'2019-05-17'),
(3869,	1,	0,	195,	'2019-05-17'),
(3870,	1,	0,	204,	'2019-05-17'),
(3871,	1,	0,	205,	'2019-05-17'),
(3872,	1,	0,	224,	'2019-05-17'),
(3873,	1,	0,	225,	'2019-05-17'),
(3874,	1,	0,	226,	'2019-05-17'),
(3875,	1,	0,	227,	'2019-05-17'),
(3876,	1,	0,	228,	'2019-05-17'),
(3877,	1,	0,	229,	'2019-05-17'),
(3878,	1,	0,	230,	'2019-05-17'),
(3879,	1,	0,	231,	'2019-05-17'),
(3880,	1,	0,	232,	'2019-05-17'),
(3881,	1,	0,	233,	'2019-05-17'),
(3882,	1,	0,	234,	'2019-05-17'),
(3883,	1,	0,	235,	'2019-05-17'),
(3884,	1,	0,	236,	'2019-05-17'),
(3885,	1,	0,	237,	'2019-05-17'),
(3886,	1,	0,	238,	'2019-05-17'),
(3887,	1,	0,	239,	'2019-05-17'),
(3888,	1,	0,	240,	'2019-05-17'),
(3889,	1,	0,	241,	'2019-05-17'),
(3890,	1,	0,	242,	'2019-05-17'),
(3891,	1,	0,	243,	'2019-05-17'),
(3892,	1,	0,	244,	'2019-05-17'),
(3893,	1,	0,	245,	'2019-05-17'),
(3894,	1,	0,	246,	'2019-05-17'),
(3895,	1,	0,	247,	'2019-05-17'),
(3896,	1,	0,	248,	'2019-05-17'),
(3897,	1,	0,	249,	'2019-05-17'),
(3898,	1,	0,	250,	'2019-05-17'),
(3899,	1,	0,	251,	'2019-05-17'),
(3900,	1,	0,	252,	'2019-05-17'),
(3901,	1,	0,	253,	'2019-05-17'),
(3902,	1,	0,	315,	'2019-05-17'),
(3903,	1,	0,	329,	'2019-05-17'),
(3904,	1,	0,	331,	'2019-05-17'),
(3905,	1,	0,	332,	'2019-05-17'),
(3906,	1,	0,	334,	'2019-05-17'),
(3907,	1,	0,	392,	'2019-05-17'),
(3908,	1,	0,	401,	'2019-05-17'),
(3909,	1,	0,	117,	'2019-05-20'),
(3910,	1,	0,	161,	'2019-05-20'),
(3911,	1,	0,	163,	'2019-05-20'),
(3912,	1,	0,	165,	'2019-05-20'),
(3913,	1,	0,	166,	'2019-05-20'),
(3914,	1,	0,	168,	'2019-05-20'),
(3915,	1,	0,	169,	'2019-05-20'),
(3916,	1,	0,	182,	'2019-05-20'),
(3917,	1,	0,	185,	'2019-05-20'),
(3918,	1,	0,	187,	'2019-05-20'),
(3919,	1,	0,	188,	'2019-05-20'),
(3920,	1,	0,	190,	'2019-05-20'),
(3921,	1,	0,	192,	'2019-05-20'),
(3922,	1,	0,	193,	'2019-05-20'),
(3923,	1,	0,	195,	'2019-05-20'),
(3924,	1,	0,	204,	'2019-05-20'),
(3925,	1,	0,	205,	'2019-05-20'),
(3926,	1,	0,	224,	'2019-05-20'),
(3927,	1,	0,	225,	'2019-05-20'),
(3928,	1,	0,	226,	'2019-05-20'),
(3929,	1,	0,	227,	'2019-05-20'),
(3930,	1,	0,	228,	'2019-05-20'),
(3931,	1,	0,	229,	'2019-05-20'),
(3932,	1,	0,	230,	'2019-05-20'),
(3933,	1,	0,	231,	'2019-05-20'),
(3934,	1,	0,	232,	'2019-05-20'),
(3935,	1,	0,	233,	'2019-05-20'),
(3936,	1,	0,	234,	'2019-05-20'),
(3937,	1,	0,	235,	'2019-05-20'),
(3938,	1,	0,	236,	'2019-05-20'),
(3939,	1,	0,	237,	'2019-05-20'),
(3940,	1,	0,	238,	'2019-05-20'),
(3941,	1,	0,	239,	'2019-05-20'),
(3942,	1,	0,	240,	'2019-05-20'),
(3943,	1,	0,	241,	'2019-05-20'),
(3944,	1,	0,	242,	'2019-05-20'),
(3945,	1,	0,	243,	'2019-05-20'),
(3946,	1,	0,	244,	'2019-05-20'),
(3947,	1,	0,	245,	'2019-05-20'),
(3948,	1,	0,	246,	'2019-05-20'),
(3949,	1,	0,	247,	'2019-05-20'),
(3950,	1,	0,	248,	'2019-05-20'),
(3951,	1,	0,	249,	'2019-05-20'),
(3952,	1,	0,	250,	'2019-05-20'),
(3953,	1,	0,	251,	'2019-05-20'),
(3954,	1,	0,	252,	'2019-05-20'),
(3955,	1,	0,	253,	'2019-05-20'),
(3956,	1,	0,	315,	'2019-05-20'),
(3957,	1,	0,	329,	'2019-05-20'),
(3958,	1,	0,	331,	'2019-05-20'),
(3959,	1,	0,	332,	'2019-05-20'),
(3960,	1,	0,	334,	'2019-05-20'),
(3961,	1,	0,	392,	'2019-05-20'),
(3962,	1,	0,	401,	'2019-05-20'),
(3963,	1,	0,	117,	'2019-05-21'),
(3964,	1,	0,	161,	'2019-05-21'),
(3965,	1,	0,	163,	'2019-05-21'),
(3966,	1,	0,	165,	'2019-05-21'),
(3967,	1,	0,	166,	'2019-05-21'),
(3968,	1,	0,	168,	'2019-05-21'),
(3969,	1,	0,	169,	'2019-05-21'),
(3970,	1,	0,	182,	'2019-05-21'),
(3971,	1,	0,	185,	'2019-05-21'),
(3972,	1,	0,	187,	'2019-05-21'),
(3973,	1,	0,	188,	'2019-05-21'),
(3974,	1,	0,	190,	'2019-05-21'),
(3975,	1,	0,	192,	'2019-05-21'),
(3976,	1,	0,	193,	'2019-05-21'),
(3977,	1,	0,	195,	'2019-05-21'),
(3978,	1,	0,	204,	'2019-05-21'),
(3979,	1,	0,	205,	'2019-05-21'),
(3980,	1,	0,	224,	'2019-05-21'),
(3981,	1,	0,	225,	'2019-05-21'),
(3982,	1,	0,	226,	'2019-05-21'),
(3983,	1,	0,	227,	'2019-05-21'),
(3984,	1,	0,	228,	'2019-05-21'),
(3985,	1,	0,	229,	'2019-05-21'),
(3986,	1,	0,	230,	'2019-05-21'),
(3987,	1,	0,	231,	'2019-05-21'),
(3988,	1,	0,	232,	'2019-05-21'),
(3989,	1,	0,	233,	'2019-05-21'),
(3990,	1,	0,	234,	'2019-05-21'),
(3991,	1,	0,	235,	'2019-05-21'),
(3992,	1,	0,	236,	'2019-05-21'),
(3993,	1,	0,	237,	'2019-05-21'),
(3994,	1,	0,	238,	'2019-05-21'),
(3995,	1,	0,	239,	'2019-05-21'),
(3996,	1,	0,	240,	'2019-05-21'),
(3997,	1,	0,	241,	'2019-05-21'),
(3998,	1,	0,	242,	'2019-05-21'),
(3999,	1,	0,	243,	'2019-05-21'),
(4000,	1,	0,	244,	'2019-05-21'),
(4001,	1,	0,	245,	'2019-05-21'),
(4002,	1,	0,	246,	'2019-05-21'),
(4003,	1,	0,	247,	'2019-05-21'),
(4004,	1,	0,	248,	'2019-05-21'),
(4005,	1,	0,	249,	'2019-05-21'),
(4006,	1,	0,	250,	'2019-05-21'),
(4007,	1,	0,	251,	'2019-05-21'),
(4008,	1,	0,	252,	'2019-05-21'),
(4009,	1,	0,	253,	'2019-05-21'),
(4010,	1,	0,	315,	'2019-05-21'),
(4011,	1,	0,	329,	'2019-05-21'),
(4012,	1,	0,	331,	'2019-05-21'),
(4013,	1,	0,	332,	'2019-05-21'),
(4014,	1,	0,	334,	'2019-05-21'),
(4015,	1,	0,	392,	'2019-05-21'),
(4016,	1,	0,	401,	'2019-05-21'),
(4017,	1,	0,	117,	'2019-05-22'),
(4018,	1,	0,	161,	'2019-05-22'),
(4019,	1,	0,	163,	'2019-05-22'),
(4020,	1,	0,	165,	'2019-05-22'),
(4021,	1,	0,	166,	'2019-05-22'),
(4022,	1,	0,	168,	'2019-05-22'),
(4023,	1,	0,	169,	'2019-05-22'),
(4024,	1,	0,	182,	'2019-05-22'),
(4025,	1,	0,	185,	'2019-05-22'),
(4026,	1,	0,	187,	'2019-05-22'),
(4027,	1,	0,	188,	'2019-05-22'),
(4028,	1,	0,	190,	'2019-05-22'),
(4029,	1,	0,	192,	'2019-05-22'),
(4030,	1,	0,	193,	'2019-05-22'),
(4031,	1,	0,	195,	'2019-05-22'),
(4032,	1,	0,	204,	'2019-05-22'),
(4033,	1,	0,	205,	'2019-05-22'),
(4034,	1,	0,	224,	'2019-05-22'),
(4035,	1,	0,	225,	'2019-05-22'),
(4036,	1,	0,	226,	'2019-05-22'),
(4037,	1,	0,	227,	'2019-05-22'),
(4038,	1,	0,	228,	'2019-05-22'),
(4039,	1,	0,	229,	'2019-05-22'),
(4040,	1,	0,	230,	'2019-05-22'),
(4041,	1,	0,	231,	'2019-05-22'),
(4042,	1,	0,	232,	'2019-05-22'),
(4043,	1,	0,	233,	'2019-05-22'),
(4044,	1,	0,	234,	'2019-05-22'),
(4045,	1,	0,	235,	'2019-05-22'),
(4046,	1,	0,	236,	'2019-05-22'),
(4047,	1,	0,	237,	'2019-05-22'),
(4048,	1,	0,	238,	'2019-05-22'),
(4049,	1,	0,	239,	'2019-05-22'),
(4050,	1,	0,	240,	'2019-05-22'),
(4051,	1,	0,	241,	'2019-05-22'),
(4052,	1,	0,	242,	'2019-05-22'),
(4053,	1,	0,	243,	'2019-05-22'),
(4054,	1,	0,	244,	'2019-05-22'),
(4055,	1,	0,	245,	'2019-05-22'),
(4056,	1,	0,	246,	'2019-05-22'),
(4057,	1,	0,	247,	'2019-05-22'),
(4058,	1,	0,	248,	'2019-05-22'),
(4059,	1,	0,	249,	'2019-05-22'),
(4060,	1,	0,	250,	'2019-05-22'),
(4061,	1,	0,	251,	'2019-05-22'),
(4062,	1,	0,	252,	'2019-05-22'),
(4063,	1,	0,	253,	'2019-05-22'),
(4064,	1,	0,	315,	'2019-05-22'),
(4065,	1,	0,	329,	'2019-05-22'),
(4066,	1,	0,	331,	'2019-05-22'),
(4067,	1,	0,	332,	'2019-05-22'),
(4068,	1,	0,	334,	'2019-05-22'),
(4069,	1,	0,	392,	'2019-05-22'),
(4070,	1,	0,	401,	'2019-05-22'),
(4071,	1,	0,	117,	'2019-05-23'),
(4072,	1,	0,	161,	'2019-05-23'),
(4073,	1,	0,	163,	'2019-05-23'),
(4074,	1,	0,	165,	'2019-05-23'),
(4075,	1,	0,	166,	'2019-05-23'),
(4076,	1,	0,	168,	'2019-05-23'),
(4077,	1,	0,	169,	'2019-05-23'),
(4078,	1,	0,	182,	'2019-05-23'),
(4079,	1,	0,	185,	'2019-05-23'),
(4080,	1,	0,	187,	'2019-05-23'),
(4081,	1,	0,	188,	'2019-05-23'),
(4082,	1,	0,	190,	'2019-05-23'),
(4083,	1,	0,	192,	'2019-05-23'),
(4084,	1,	0,	193,	'2019-05-23'),
(4085,	1,	0,	195,	'2019-05-23'),
(4086,	1,	0,	204,	'2019-05-23'),
(4087,	1,	0,	205,	'2019-05-23'),
(4088,	1,	0,	224,	'2019-05-23'),
(4089,	1,	0,	225,	'2019-05-23'),
(4090,	1,	0,	226,	'2019-05-23'),
(4091,	1,	0,	227,	'2019-05-23'),
(4092,	1,	0,	228,	'2019-05-23'),
(4093,	1,	0,	229,	'2019-05-23'),
(4094,	1,	0,	230,	'2019-05-23'),
(4095,	1,	0,	231,	'2019-05-23'),
(4096,	1,	0,	232,	'2019-05-23'),
(4097,	1,	0,	233,	'2019-05-23'),
(4098,	1,	0,	234,	'2019-05-23'),
(4099,	1,	0,	235,	'2019-05-23'),
(4100,	1,	0,	236,	'2019-05-23'),
(4101,	1,	0,	237,	'2019-05-23'),
(4102,	1,	0,	238,	'2019-05-23'),
(4103,	1,	0,	239,	'2019-05-23'),
(4104,	1,	0,	240,	'2019-05-23'),
(4105,	1,	0,	241,	'2019-05-23'),
(4106,	1,	0,	242,	'2019-05-23'),
(4107,	1,	0,	243,	'2019-05-23'),
(4108,	1,	0,	244,	'2019-05-23'),
(4109,	1,	0,	245,	'2019-05-23'),
(4110,	1,	0,	246,	'2019-05-23'),
(4111,	1,	0,	247,	'2019-05-23'),
(4112,	1,	0,	248,	'2019-05-23'),
(4113,	1,	0,	249,	'2019-05-23'),
(4114,	1,	0,	250,	'2019-05-23'),
(4115,	1,	0,	251,	'2019-05-23'),
(4116,	1,	0,	252,	'2019-05-23'),
(4117,	1,	0,	253,	'2019-05-23'),
(4118,	1,	0,	315,	'2019-05-23'),
(4119,	1,	0,	329,	'2019-05-23'),
(4120,	1,	0,	331,	'2019-05-23'),
(4121,	1,	0,	332,	'2019-05-23'),
(4122,	1,	0,	334,	'2019-05-23'),
(4123,	1,	0,	392,	'2019-05-23'),
(4124,	1,	0,	401,	'2019-05-23'),
(4125,	1,	0,	413,	'2019-05-23'),
(4126,	1,	0,	117,	'2019-05-24'),
(4127,	1,	0,	161,	'2019-05-24'),
(4128,	1,	0,	163,	'2019-05-24'),
(4129,	1,	0,	165,	'2019-05-24'),
(4130,	1,	0,	166,	'2019-05-24'),
(4131,	1,	0,	168,	'2019-05-24'),
(4132,	1,	0,	169,	'2019-05-24'),
(4133,	1,	0,	182,	'2019-05-24'),
(4134,	1,	0,	185,	'2019-05-24'),
(4135,	1,	0,	187,	'2019-05-24'),
(4136,	1,	0,	188,	'2019-05-24'),
(4137,	1,	0,	190,	'2019-05-24'),
(4138,	1,	0,	192,	'2019-05-24'),
(4139,	1,	0,	193,	'2019-05-24'),
(4140,	1,	0,	195,	'2019-05-24'),
(4141,	1,	0,	204,	'2019-05-24'),
(4142,	1,	0,	205,	'2019-05-24'),
(4143,	1,	0,	224,	'2019-05-24'),
(4144,	1,	0,	225,	'2019-05-24'),
(4145,	1,	0,	226,	'2019-05-24'),
(4146,	1,	0,	227,	'2019-05-24'),
(4147,	1,	0,	228,	'2019-05-24'),
(4148,	1,	0,	229,	'2019-05-24'),
(4149,	1,	0,	230,	'2019-05-24'),
(4150,	1,	0,	231,	'2019-05-24'),
(4151,	1,	0,	232,	'2019-05-24'),
(4152,	1,	0,	233,	'2019-05-24'),
(4153,	1,	0,	234,	'2019-05-24'),
(4154,	1,	0,	235,	'2019-05-24'),
(4155,	1,	0,	236,	'2019-05-24'),
(4156,	1,	0,	237,	'2019-05-24'),
(4157,	1,	0,	238,	'2019-05-24'),
(4158,	1,	0,	239,	'2019-05-24'),
(4159,	1,	0,	240,	'2019-05-24'),
(4160,	1,	0,	241,	'2019-05-24'),
(4161,	1,	0,	242,	'2019-05-24'),
(4162,	1,	0,	243,	'2019-05-24'),
(4163,	1,	0,	244,	'2019-05-24'),
(4164,	1,	0,	245,	'2019-05-24'),
(4165,	1,	0,	246,	'2019-05-24'),
(4166,	1,	0,	247,	'2019-05-24'),
(4167,	1,	0,	248,	'2019-05-24'),
(4168,	1,	0,	249,	'2019-05-24'),
(4169,	1,	0,	250,	'2019-05-24'),
(4170,	1,	0,	251,	'2019-05-24'),
(4171,	1,	0,	252,	'2019-05-24'),
(4172,	1,	0,	253,	'2019-05-24'),
(4173,	1,	0,	315,	'2019-05-24'),
(4174,	1,	0,	329,	'2019-05-24'),
(4175,	1,	0,	331,	'2019-05-24'),
(4176,	1,	0,	332,	'2019-05-24'),
(4177,	1,	0,	334,	'2019-05-24'),
(4178,	1,	0,	392,	'2019-05-24'),
(4179,	1,	0,	401,	'2019-05-24'),
(4180,	1,	0,	413,	'2019-05-24'),
(4181,	1,	0,	117,	'2019-05-27'),
(4182,	1,	0,	161,	'2019-05-27'),
(4183,	1,	0,	163,	'2019-05-27'),
(4184,	1,	0,	165,	'2019-05-27'),
(4185,	1,	0,	166,	'2019-05-27'),
(4186,	1,	0,	168,	'2019-05-27'),
(4187,	1,	0,	169,	'2019-05-27'),
(4188,	1,	0,	182,	'2019-05-27'),
(4189,	1,	0,	185,	'2019-05-27'),
(4190,	1,	0,	187,	'2019-05-27'),
(4191,	1,	0,	188,	'2019-05-27'),
(4192,	1,	0,	190,	'2019-05-27'),
(4193,	1,	0,	192,	'2019-05-27'),
(4194,	1,	0,	193,	'2019-05-27'),
(4195,	1,	0,	195,	'2019-05-27'),
(4196,	1,	0,	204,	'2019-05-27'),
(4197,	1,	0,	205,	'2019-05-27'),
(4198,	1,	0,	224,	'2019-05-27'),
(4199,	1,	0,	225,	'2019-05-27'),
(4200,	1,	0,	226,	'2019-05-27'),
(4201,	1,	0,	227,	'2019-05-27'),
(4202,	1,	0,	228,	'2019-05-27'),
(4203,	1,	0,	229,	'2019-05-27'),
(4204,	1,	0,	230,	'2019-05-27'),
(4205,	1,	0,	231,	'2019-05-27'),
(4206,	1,	0,	232,	'2019-05-27'),
(4207,	1,	0,	233,	'2019-05-27'),
(4208,	1,	0,	234,	'2019-05-27'),
(4209,	1,	0,	235,	'2019-05-27'),
(4210,	1,	0,	236,	'2019-05-27'),
(4211,	1,	0,	237,	'2019-05-27'),
(4212,	1,	0,	238,	'2019-05-27'),
(4213,	1,	0,	239,	'2019-05-27'),
(4214,	1,	0,	240,	'2019-05-27'),
(4215,	1,	0,	241,	'2019-05-27'),
(4216,	1,	0,	242,	'2019-05-27'),
(4217,	1,	0,	243,	'2019-05-27'),
(4218,	1,	0,	244,	'2019-05-27'),
(4219,	1,	0,	245,	'2019-05-27'),
(4220,	1,	0,	246,	'2019-05-27'),
(4221,	1,	0,	247,	'2019-05-27'),
(4222,	1,	0,	248,	'2019-05-27'),
(4223,	1,	0,	249,	'2019-05-27'),
(4224,	1,	0,	250,	'2019-05-27'),
(4225,	1,	0,	251,	'2019-05-27'),
(4226,	1,	0,	252,	'2019-05-27'),
(4227,	1,	0,	253,	'2019-05-27'),
(4228,	1,	0,	315,	'2019-05-27'),
(4229,	1,	0,	329,	'2019-05-27'),
(4230,	1,	0,	331,	'2019-05-27'),
(4231,	1,	0,	332,	'2019-05-27'),
(4232,	1,	0,	334,	'2019-05-27'),
(4233,	1,	0,	392,	'2019-05-27'),
(4234,	1,	0,	401,	'2019-05-27'),
(4235,	1,	0,	413,	'2019-05-27'),
(4236,	1,	0,	117,	'2019-05-28'),
(4237,	1,	0,	161,	'2019-05-28'),
(4238,	1,	0,	163,	'2019-05-28'),
(4239,	1,	0,	165,	'2019-05-28'),
(4240,	1,	0,	166,	'2019-05-28'),
(4241,	1,	0,	168,	'2019-05-28'),
(4242,	1,	0,	169,	'2019-05-28'),
(4243,	1,	0,	182,	'2019-05-28'),
(4244,	1,	0,	185,	'2019-05-28'),
(4245,	1,	0,	187,	'2019-05-28'),
(4246,	1,	0,	188,	'2019-05-28'),
(4247,	1,	0,	190,	'2019-05-28'),
(4248,	1,	0,	192,	'2019-05-28'),
(4249,	1,	0,	193,	'2019-05-28'),
(4250,	1,	0,	195,	'2019-05-28'),
(4251,	1,	0,	204,	'2019-05-28'),
(4252,	1,	0,	205,	'2019-05-28'),
(4253,	1,	0,	224,	'2019-05-28'),
(4254,	1,	0,	225,	'2019-05-28'),
(4255,	1,	0,	226,	'2019-05-28'),
(4256,	1,	0,	227,	'2019-05-28'),
(4257,	1,	0,	228,	'2019-05-28'),
(4258,	1,	0,	229,	'2019-05-28'),
(4259,	1,	0,	230,	'2019-05-28'),
(4260,	1,	0,	231,	'2019-05-28'),
(4261,	1,	0,	232,	'2019-05-28'),
(4262,	1,	0,	233,	'2019-05-28'),
(4263,	1,	0,	234,	'2019-05-28'),
(4264,	1,	0,	235,	'2019-05-28'),
(4265,	1,	0,	236,	'2019-05-28'),
(4266,	1,	0,	237,	'2019-05-28'),
(4267,	1,	0,	238,	'2019-05-28'),
(4268,	1,	0,	239,	'2019-05-28'),
(4269,	1,	0,	240,	'2019-05-28'),
(4270,	1,	0,	241,	'2019-05-28'),
(4271,	1,	0,	242,	'2019-05-28'),
(4272,	1,	0,	243,	'2019-05-28'),
(4273,	1,	0,	244,	'2019-05-28'),
(4274,	1,	0,	245,	'2019-05-28'),
(4275,	1,	0,	246,	'2019-05-28'),
(4276,	1,	0,	247,	'2019-05-28'),
(4277,	1,	0,	248,	'2019-05-28'),
(4278,	1,	0,	249,	'2019-05-28'),
(4279,	1,	0,	250,	'2019-05-28'),
(4280,	1,	0,	251,	'2019-05-28'),
(4281,	1,	0,	252,	'2019-05-28'),
(4282,	1,	0,	253,	'2019-05-28'),
(4283,	1,	0,	315,	'2019-05-28'),
(4284,	1,	0,	329,	'2019-05-28'),
(4285,	1,	0,	331,	'2019-05-28'),
(4286,	1,	0,	332,	'2019-05-28'),
(4287,	1,	0,	334,	'2019-05-28'),
(4288,	1,	0,	392,	'2019-05-28'),
(4289,	1,	0,	401,	'2019-05-28'),
(4290,	1,	0,	413,	'2019-05-28'),
(4291,	1,	0,	413,	'2019-05-29'),
(4292,	1,	0,	117,	'2019-05-30'),
(4293,	1,	0,	161,	'2019-05-30'),
(4294,	1,	0,	163,	'2019-05-30'),
(4295,	1,	0,	165,	'2019-05-30'),
(4296,	1,	0,	166,	'2019-05-30'),
(4297,	1,	0,	168,	'2019-05-30'),
(4298,	1,	0,	169,	'2019-05-30'),
(4299,	1,	0,	182,	'2019-05-30'),
(4300,	1,	0,	185,	'2019-05-30'),
(4301,	1,	0,	187,	'2019-05-30'),
(4302,	1,	0,	188,	'2019-05-30'),
(4303,	1,	0,	190,	'2019-05-30'),
(4304,	1,	0,	192,	'2019-05-30'),
(4305,	1,	0,	193,	'2019-05-30'),
(4306,	1,	0,	195,	'2019-05-30'),
(4307,	1,	0,	204,	'2019-05-30'),
(4308,	1,	0,	205,	'2019-05-30'),
(4309,	1,	0,	224,	'2019-05-30'),
(4310,	1,	0,	225,	'2019-05-30'),
(4311,	1,	0,	226,	'2019-05-30'),
(4312,	1,	0,	227,	'2019-05-30'),
(4313,	1,	0,	228,	'2019-05-30'),
(4314,	1,	0,	229,	'2019-05-30'),
(4315,	1,	0,	230,	'2019-05-30'),
(4316,	1,	0,	231,	'2019-05-30'),
(4317,	1,	0,	232,	'2019-05-30'),
(4318,	1,	0,	233,	'2019-05-30'),
(4319,	1,	0,	234,	'2019-05-30'),
(4320,	1,	0,	235,	'2019-05-30'),
(4321,	1,	0,	236,	'2019-05-30'),
(4322,	1,	0,	237,	'2019-05-30'),
(4323,	1,	0,	238,	'2019-05-30'),
(4324,	1,	0,	239,	'2019-05-30'),
(4325,	1,	0,	240,	'2019-05-30'),
(4326,	1,	0,	241,	'2019-05-30'),
(4327,	1,	0,	242,	'2019-05-30'),
(4328,	1,	0,	243,	'2019-05-30'),
(4329,	1,	0,	244,	'2019-05-30'),
(4330,	1,	0,	245,	'2019-05-30'),
(4331,	1,	0,	246,	'2019-05-30'),
(4332,	1,	0,	247,	'2019-05-30'),
(4333,	1,	0,	248,	'2019-05-30'),
(4334,	1,	0,	249,	'2019-05-30'),
(4335,	1,	0,	250,	'2019-05-30'),
(4336,	1,	0,	251,	'2019-05-30'),
(4337,	1,	0,	252,	'2019-05-30'),
(4338,	1,	0,	253,	'2019-05-30'),
(4339,	1,	0,	315,	'2019-05-30'),
(4340,	1,	0,	329,	'2019-05-30'),
(4341,	1,	0,	331,	'2019-05-30'),
(4342,	1,	0,	332,	'2019-05-30'),
(4343,	1,	0,	334,	'2019-05-30'),
(4344,	1,	0,	392,	'2019-05-30'),
(4345,	1,	0,	401,	'2019-05-30'),
(4346,	1,	0,	413,	'2019-05-30'),
(4347,	1,	0,	117,	'2019-05-31'),
(4348,	1,	0,	161,	'2019-05-31'),
(4349,	1,	0,	163,	'2019-05-31'),
(4350,	1,	0,	165,	'2019-05-31'),
(4351,	1,	0,	166,	'2019-05-31'),
(4352,	1,	0,	168,	'2019-05-31'),
(4353,	1,	0,	169,	'2019-05-31'),
(4354,	1,	0,	182,	'2019-05-31'),
(4355,	1,	0,	185,	'2019-05-31'),
(4356,	1,	0,	187,	'2019-05-31'),
(4357,	1,	0,	188,	'2019-05-31'),
(4358,	1,	0,	190,	'2019-05-31'),
(4359,	1,	0,	192,	'2019-05-31'),
(4360,	1,	0,	193,	'2019-05-31'),
(4361,	1,	0,	195,	'2019-05-31'),
(4362,	1,	0,	204,	'2019-05-31'),
(4363,	1,	0,	205,	'2019-05-31'),
(4364,	1,	0,	224,	'2019-05-31'),
(4365,	1,	0,	225,	'2019-05-31'),
(4366,	1,	0,	226,	'2019-05-31'),
(4367,	1,	0,	227,	'2019-05-31'),
(4368,	1,	0,	228,	'2019-05-31'),
(4369,	1,	0,	229,	'2019-05-31'),
(4370,	1,	0,	230,	'2019-05-31'),
(4371,	1,	0,	231,	'2019-05-31'),
(4372,	1,	0,	232,	'2019-05-31'),
(4373,	1,	0,	233,	'2019-05-31'),
(4374,	1,	0,	234,	'2019-05-31'),
(4375,	1,	0,	235,	'2019-05-31'),
(4376,	1,	0,	236,	'2019-05-31'),
(4377,	1,	0,	237,	'2019-05-31'),
(4378,	1,	0,	238,	'2019-05-31'),
(4379,	1,	0,	239,	'2019-05-31'),
(4380,	1,	0,	240,	'2019-05-31'),
(4381,	1,	0,	241,	'2019-05-31'),
(4382,	1,	0,	242,	'2019-05-31'),
(4383,	1,	0,	243,	'2019-05-31'),
(4384,	1,	0,	244,	'2019-05-31'),
(4385,	1,	0,	245,	'2019-05-31'),
(4386,	1,	0,	246,	'2019-05-31'),
(4387,	1,	0,	247,	'2019-05-31'),
(4388,	1,	0,	248,	'2019-05-31'),
(4389,	1,	0,	249,	'2019-05-31'),
(4390,	1,	0,	250,	'2019-05-31'),
(4391,	1,	0,	251,	'2019-05-31'),
(4392,	1,	0,	252,	'2019-05-31'),
(4393,	1,	0,	253,	'2019-05-31'),
(4394,	1,	0,	315,	'2019-05-31'),
(4395,	1,	0,	329,	'2019-05-31'),
(4396,	1,	0,	331,	'2019-05-31'),
(4397,	1,	0,	332,	'2019-05-31'),
(4398,	1,	0,	334,	'2019-05-31'),
(4399,	1,	0,	392,	'2019-05-31'),
(4400,	1,	0,	401,	'2019-05-31'),
(4401,	1,	0,	413,	'2019-05-31'),
(4402,	1,	0,	110,	'2019-05-03'),
(4403,	1,	0,	133,	'2019-05-03'),
(4404,	1,	0,	135,	'2019-05-03'),
(4405,	1,	0,	137,	'2019-05-03'),
(4406,	1,	0,	139,	'2019-05-03'),
(4407,	1,	0,	141,	'2019-05-03'),
(4408,	1,	0,	142,	'2019-05-03'),
(4409,	1,	0,	144,	'2019-05-03'),
(4410,	1,	0,	147,	'2019-05-03'),
(4411,	1,	0,	149,	'2019-05-03'),
(4412,	1,	0,	152,	'2019-05-03'),
(4413,	1,	0,	155,	'2019-05-03'),
(4414,	1,	0,	156,	'2019-05-03'),
(4415,	1,	0,	157,	'2019-05-03'),
(4416,	1,	0,	158,	'2019-05-03'),
(4417,	1,	0,	159,	'2019-05-03'),
(4418,	1,	0,	160,	'2019-05-03'),
(4419,	1,	0,	162,	'2019-05-03'),
(4420,	1,	0,	164,	'2019-05-03'),
(4421,	1,	0,	167,	'2019-05-03'),
(4422,	1,	0,	170,	'2019-05-03'),
(4423,	1,	0,	171,	'2019-05-03'),
(4424,	1,	0,	172,	'2019-05-03'),
(4425,	1,	0,	173,	'2019-05-03'),
(4426,	1,	0,	174,	'2019-05-03'),
(4427,	1,	0,	175,	'2019-05-03'),
(4428,	1,	0,	176,	'2019-05-03'),
(4429,	1,	0,	177,	'2019-05-03'),
(4430,	1,	0,	178,	'2019-05-03'),
(4431,	1,	0,	179,	'2019-05-03'),
(4432,	1,	0,	180,	'2019-05-03'),
(4433,	1,	0,	181,	'2019-05-03'),
(4434,	1,	0,	183,	'2019-05-03'),
(4435,	1,	0,	184,	'2019-05-03'),
(4436,	1,	0,	186,	'2019-05-03'),
(4437,	1,	0,	189,	'2019-05-03'),
(4438,	1,	0,	191,	'2019-05-03'),
(4439,	1,	0,	194,	'2019-05-03'),
(4440,	1,	0,	196,	'2019-05-03'),
(4441,	1,	0,	197,	'2019-05-03'),
(4442,	1,	0,	198,	'2019-05-03'),
(4443,	1,	0,	199,	'2019-05-03'),
(4444,	1,	0,	200,	'2019-05-03'),
(4445,	1,	0,	201,	'2019-05-03'),
(4446,	1,	0,	202,	'2019-05-03'),
(4447,	1,	0,	203,	'2019-05-03'),
(4448,	1,	0,	206,	'2019-05-03'),
(4449,	1,	0,	207,	'2019-05-03'),
(4450,	1,	0,	208,	'2019-05-03'),
(4451,	1,	0,	209,	'2019-05-03'),
(4452,	1,	0,	210,	'2019-05-03'),
(4453,	1,	0,	211,	'2019-05-03'),
(4454,	1,	0,	212,	'2019-05-03'),
(4455,	1,	0,	213,	'2019-05-03'),
(4456,	1,	0,	214,	'2019-05-03'),
(4457,	1,	0,	215,	'2019-05-03'),
(4458,	1,	0,	216,	'2019-05-03'),
(4459,	1,	0,	217,	'2019-05-03'),
(4460,	1,	0,	218,	'2019-05-03'),
(4461,	1,	0,	219,	'2019-05-03'),
(4462,	1,	0,	220,	'2019-05-03'),
(4463,	1,	0,	221,	'2019-05-03'),
(4464,	1,	0,	222,	'2019-05-03'),
(4465,	1,	0,	223,	'2019-05-03'),
(4466,	1,	0,	310,	'2019-05-03'),
(4467,	1,	0,	323,	'2019-05-03'),
(4468,	1,	0,	366,	'2019-05-03'),
(4469,	1,	0,	367,	'2019-05-03'),
(4470,	1,	0,	369,	'2019-05-03'),
(4471,	1,	0,	370,	'2019-05-03'),
(4472,	1,	0,	379,	'2019-05-03'),
(4473,	1,	0,	381,	'2019-05-03'),
(4474,	1,	0,	391,	'2019-05-03'),
(4475,	1,	0,	394,	'2019-05-03'),
(4476,	1,	0,	403,	'2019-05-03'),
(4477,	1,	0,	405,	'2019-05-03'),
(4478,	1,	0,	409,	'2019-05-03'),
(4479,	1,	0,	410,	'2019-05-03'),
(4480,	1,	0,	411,	'2019-05-03'),
(4481,	1,	0,	414,	'2019-05-03'),
(4482,	1,	0,	110,	'2019-05-06'),
(4483,	1,	0,	133,	'2019-05-06'),
(4484,	1,	0,	135,	'2019-05-06'),
(4485,	1,	0,	137,	'2019-05-06'),
(4486,	1,	0,	139,	'2019-05-06'),
(4487,	1,	0,	141,	'2019-05-06'),
(4488,	1,	0,	142,	'2019-05-06'),
(4489,	1,	0,	144,	'2019-05-06'),
(4490,	1,	0,	147,	'2019-05-06'),
(4491,	1,	0,	149,	'2019-05-06'),
(4492,	1,	0,	152,	'2019-05-06'),
(4493,	1,	0,	155,	'2019-05-06'),
(4494,	1,	0,	156,	'2019-05-06'),
(4495,	1,	0,	157,	'2019-05-06'),
(4496,	1,	0,	158,	'2019-05-06'),
(4497,	1,	0,	159,	'2019-05-06'),
(4498,	1,	0,	160,	'2019-05-06'),
(4499,	1,	0,	162,	'2019-05-06'),
(4500,	1,	0,	164,	'2019-05-06'),
(4501,	1,	0,	167,	'2019-05-06'),
(4502,	1,	0,	170,	'2019-05-06'),
(4503,	1,	0,	171,	'2019-05-06'),
(4504,	1,	0,	172,	'2019-05-06'),
(4505,	1,	0,	173,	'2019-05-06'),
(4506,	1,	0,	174,	'2019-05-06'),
(4507,	1,	0,	175,	'2019-05-06'),
(4508,	1,	0,	176,	'2019-05-06'),
(4509,	1,	0,	177,	'2019-05-06'),
(4510,	1,	0,	178,	'2019-05-06'),
(4511,	1,	0,	179,	'2019-05-06'),
(4512,	1,	0,	180,	'2019-05-06'),
(4513,	1,	0,	181,	'2019-05-06'),
(4514,	1,	0,	183,	'2019-05-06'),
(4515,	1,	0,	184,	'2019-05-06'),
(4516,	1,	0,	186,	'2019-05-06'),
(4517,	1,	0,	189,	'2019-05-06'),
(4518,	1,	0,	191,	'2019-05-06'),
(4519,	1,	0,	194,	'2019-05-06'),
(4520,	1,	0,	196,	'2019-05-06'),
(4521,	1,	0,	197,	'2019-05-06'),
(4522,	1,	0,	198,	'2019-05-06'),
(4523,	1,	0,	199,	'2019-05-06'),
(4524,	1,	0,	200,	'2019-05-06'),
(4525,	1,	0,	201,	'2019-05-06'),
(4526,	1,	0,	202,	'2019-05-06'),
(4527,	1,	0,	203,	'2019-05-06'),
(4528,	1,	0,	206,	'2019-05-06'),
(4529,	1,	0,	207,	'2019-05-06'),
(4530,	1,	0,	208,	'2019-05-06'),
(4531,	1,	0,	209,	'2019-05-06'),
(4532,	1,	0,	210,	'2019-05-06'),
(4533,	1,	0,	211,	'2019-05-06'),
(4534,	1,	0,	212,	'2019-05-06'),
(4535,	1,	0,	213,	'2019-05-06'),
(4536,	1,	0,	214,	'2019-05-06'),
(4537,	1,	0,	215,	'2019-05-06'),
(4538,	1,	0,	216,	'2019-05-06'),
(4539,	1,	0,	217,	'2019-05-06'),
(4540,	1,	0,	218,	'2019-05-06'),
(4541,	1,	0,	219,	'2019-05-06'),
(4542,	1,	0,	220,	'2019-05-06'),
(4543,	1,	0,	221,	'2019-05-06'),
(4544,	1,	0,	222,	'2019-05-06'),
(4545,	1,	0,	223,	'2019-05-06'),
(4546,	1,	0,	310,	'2019-05-06'),
(4547,	1,	0,	323,	'2019-05-06'),
(4548,	1,	0,	366,	'2019-05-06'),
(4549,	1,	0,	367,	'2019-05-06'),
(4550,	1,	0,	369,	'2019-05-06'),
(4551,	1,	0,	370,	'2019-05-06'),
(4552,	1,	0,	379,	'2019-05-06'),
(4553,	1,	0,	381,	'2019-05-06'),
(4554,	1,	0,	391,	'2019-05-06'),
(4555,	1,	0,	394,	'2019-05-06'),
(4556,	1,	0,	403,	'2019-05-06'),
(4557,	1,	0,	405,	'2019-05-06'),
(4558,	1,	0,	409,	'2019-05-06'),
(4559,	1,	0,	410,	'2019-05-06'),
(4560,	1,	0,	411,	'2019-05-06'),
(4561,	1,	0,	414,	'2019-05-06'),
(4562,	1,	0,	110,	'2019-05-07'),
(4563,	1,	0,	133,	'2019-05-07'),
(4564,	1,	0,	135,	'2019-05-07'),
(4565,	1,	0,	137,	'2019-05-07'),
(4566,	1,	0,	139,	'2019-05-07'),
(4567,	1,	0,	141,	'2019-05-07'),
(4568,	1,	0,	142,	'2019-05-07'),
(4569,	1,	0,	144,	'2019-05-07'),
(4570,	1,	0,	147,	'2019-05-07'),
(4571,	1,	0,	149,	'2019-05-07'),
(4572,	1,	0,	152,	'2019-05-07'),
(4573,	1,	0,	155,	'2019-05-07'),
(4574,	1,	0,	156,	'2019-05-07'),
(4575,	1,	0,	157,	'2019-05-07'),
(4576,	1,	0,	158,	'2019-05-07'),
(4577,	1,	0,	159,	'2019-05-07'),
(4578,	1,	0,	160,	'2019-05-07'),
(4579,	1,	0,	162,	'2019-05-07'),
(4580,	1,	0,	164,	'2019-05-07'),
(4581,	1,	0,	167,	'2019-05-07'),
(4582,	1,	0,	170,	'2019-05-07'),
(4583,	1,	0,	171,	'2019-05-07'),
(4584,	1,	0,	172,	'2019-05-07'),
(4585,	1,	0,	173,	'2019-05-07'),
(4586,	1,	0,	174,	'2019-05-07'),
(4587,	1,	0,	175,	'2019-05-07'),
(4588,	1,	0,	176,	'2019-05-07'),
(4589,	1,	0,	177,	'2019-05-07'),
(4590,	1,	0,	178,	'2019-05-07'),
(4591,	1,	0,	179,	'2019-05-07'),
(4592,	1,	0,	180,	'2019-05-07'),
(4593,	1,	0,	181,	'2019-05-07'),
(4594,	1,	0,	183,	'2019-05-07'),
(4595,	1,	0,	184,	'2019-05-07'),
(4596,	1,	0,	186,	'2019-05-07'),
(4597,	1,	0,	189,	'2019-05-07'),
(4598,	1,	0,	191,	'2019-05-07'),
(4599,	1,	0,	194,	'2019-05-07'),
(4600,	1,	0,	196,	'2019-05-07'),
(4601,	1,	0,	197,	'2019-05-07'),
(4602,	1,	0,	198,	'2019-05-07'),
(4603,	1,	0,	199,	'2019-05-07'),
(4604,	1,	0,	200,	'2019-05-07'),
(4605,	1,	0,	201,	'2019-05-07'),
(4606,	1,	0,	202,	'2019-05-07'),
(4607,	1,	0,	203,	'2019-05-07'),
(4608,	1,	0,	206,	'2019-05-07'),
(4609,	1,	0,	207,	'2019-05-07'),
(4610,	1,	0,	208,	'2019-05-07'),
(4611,	1,	0,	209,	'2019-05-07'),
(4612,	1,	0,	210,	'2019-05-07'),
(4613,	1,	0,	211,	'2019-05-07'),
(4614,	1,	0,	212,	'2019-05-07'),
(4615,	1,	0,	213,	'2019-05-07'),
(4616,	1,	0,	214,	'2019-05-07'),
(4617,	1,	0,	215,	'2019-05-07'),
(4618,	1,	0,	216,	'2019-05-07'),
(4619,	1,	0,	217,	'2019-05-07'),
(4620,	1,	0,	218,	'2019-05-07'),
(4621,	1,	0,	219,	'2019-05-07'),
(4622,	1,	0,	220,	'2019-05-07'),
(4623,	1,	0,	221,	'2019-05-07'),
(4624,	1,	0,	222,	'2019-05-07'),
(4625,	1,	0,	223,	'2019-05-07'),
(4626,	1,	0,	310,	'2019-05-07'),
(4627,	1,	0,	323,	'2019-05-07'),
(4628,	1,	0,	366,	'2019-05-07'),
(4629,	1,	0,	367,	'2019-05-07'),
(4630,	1,	0,	369,	'2019-05-07'),
(4631,	1,	0,	370,	'2019-05-07'),
(4632,	1,	0,	379,	'2019-05-07'),
(4633,	1,	0,	381,	'2019-05-07'),
(4634,	1,	0,	391,	'2019-05-07'),
(4635,	1,	0,	394,	'2019-05-07'),
(4636,	1,	0,	403,	'2019-05-07'),
(4637,	1,	0,	405,	'2019-05-07'),
(4638,	1,	0,	409,	'2019-05-07'),
(4639,	1,	0,	410,	'2019-05-07'),
(4640,	1,	0,	411,	'2019-05-07'),
(4641,	1,	0,	414,	'2019-05-07'),
(4642,	1,	0,	110,	'2019-05-08'),
(4643,	1,	0,	133,	'2019-05-08'),
(4644,	1,	0,	135,	'2019-05-08'),
(4645,	1,	0,	137,	'2019-05-08'),
(4646,	1,	0,	139,	'2019-05-08'),
(4647,	1,	0,	141,	'2019-05-08'),
(4648,	1,	0,	142,	'2019-05-08'),
(4649,	1,	0,	144,	'2019-05-08'),
(4650,	1,	0,	147,	'2019-05-08'),
(4651,	1,	0,	149,	'2019-05-08'),
(4652,	1,	0,	152,	'2019-05-08'),
(4653,	1,	0,	155,	'2019-05-08'),
(4654,	1,	0,	156,	'2019-05-08'),
(4655,	1,	0,	157,	'2019-05-08'),
(4656,	1,	0,	158,	'2019-05-08'),
(4657,	1,	0,	159,	'2019-05-08'),
(4658,	1,	0,	160,	'2019-05-08'),
(4659,	1,	0,	162,	'2019-05-08'),
(4660,	1,	0,	164,	'2019-05-08'),
(4661,	1,	0,	167,	'2019-05-08'),
(4662,	1,	0,	170,	'2019-05-08'),
(4663,	1,	0,	171,	'2019-05-08'),
(4664,	1,	0,	172,	'2019-05-08'),
(4665,	1,	0,	173,	'2019-05-08'),
(4666,	1,	0,	174,	'2019-05-08'),
(4667,	1,	0,	175,	'2019-05-08'),
(4668,	1,	0,	176,	'2019-05-08'),
(4669,	1,	0,	177,	'2019-05-08'),
(4670,	1,	0,	178,	'2019-05-08'),
(4671,	1,	0,	179,	'2019-05-08'),
(4672,	1,	0,	180,	'2019-05-08'),
(4673,	1,	0,	181,	'2019-05-08'),
(4674,	1,	0,	183,	'2019-05-08'),
(4675,	1,	0,	184,	'2019-05-08'),
(4676,	1,	0,	186,	'2019-05-08'),
(4677,	1,	0,	189,	'2019-05-08'),
(4678,	1,	0,	191,	'2019-05-08'),
(4679,	1,	0,	194,	'2019-05-08'),
(4680,	1,	0,	196,	'2019-05-08'),
(4681,	1,	0,	197,	'2019-05-08'),
(4682,	1,	0,	198,	'2019-05-08'),
(4683,	1,	0,	199,	'2019-05-08'),
(4684,	1,	0,	200,	'2019-05-08'),
(4685,	1,	0,	201,	'2019-05-08'),
(4686,	1,	0,	202,	'2019-05-08'),
(4687,	1,	0,	203,	'2019-05-08'),
(4688,	1,	0,	206,	'2019-05-08'),
(4689,	1,	0,	207,	'2019-05-08'),
(4690,	1,	0,	208,	'2019-05-08'),
(4691,	1,	0,	209,	'2019-05-08'),
(4692,	1,	0,	210,	'2019-05-08'),
(4693,	1,	0,	211,	'2019-05-08'),
(4694,	1,	0,	212,	'2019-05-08'),
(4695,	1,	0,	213,	'2019-05-08'),
(4696,	1,	0,	214,	'2019-05-08'),
(4697,	1,	0,	215,	'2019-05-08'),
(4698,	1,	0,	216,	'2019-05-08'),
(4699,	1,	0,	217,	'2019-05-08'),
(4700,	1,	0,	218,	'2019-05-08'),
(4701,	1,	0,	219,	'2019-05-08'),
(4702,	1,	0,	220,	'2019-05-08'),
(4703,	1,	0,	221,	'2019-05-08'),
(4704,	1,	0,	222,	'2019-05-08'),
(4705,	1,	0,	223,	'2019-05-08'),
(4706,	1,	0,	310,	'2019-05-08'),
(4707,	1,	0,	323,	'2019-05-08'),
(4708,	1,	0,	366,	'2019-05-08'),
(4709,	1,	0,	367,	'2019-05-08'),
(4710,	1,	0,	369,	'2019-05-08'),
(4711,	1,	0,	370,	'2019-05-08'),
(4712,	1,	0,	379,	'2019-05-08'),
(4713,	1,	0,	381,	'2019-05-08'),
(4714,	1,	0,	391,	'2019-05-08'),
(4715,	1,	0,	394,	'2019-05-08'),
(4716,	1,	0,	403,	'2019-05-08'),
(4717,	1,	0,	405,	'2019-05-08'),
(4718,	1,	0,	409,	'2019-05-08'),
(4719,	1,	0,	410,	'2019-05-08'),
(4720,	1,	0,	411,	'2019-05-08'),
(4721,	1,	0,	414,	'2019-05-08'),
(4722,	1,	0,	110,	'2019-05-09'),
(4723,	1,	0,	133,	'2019-05-09'),
(4724,	1,	0,	135,	'2019-05-09'),
(4725,	1,	0,	137,	'2019-05-09'),
(4726,	1,	0,	139,	'2019-05-09'),
(4727,	1,	0,	141,	'2019-05-09'),
(4728,	1,	0,	142,	'2019-05-09'),
(4729,	1,	0,	144,	'2019-05-09'),
(4730,	1,	0,	147,	'2019-05-09'),
(4731,	1,	0,	149,	'2019-05-09'),
(4732,	1,	0,	152,	'2019-05-09'),
(4733,	1,	0,	155,	'2019-05-09'),
(4734,	1,	0,	156,	'2019-05-09'),
(4735,	1,	0,	157,	'2019-05-09'),
(4736,	1,	0,	158,	'2019-05-09'),
(4737,	1,	0,	159,	'2019-05-09'),
(4738,	1,	0,	160,	'2019-05-09'),
(4739,	1,	0,	162,	'2019-05-09'),
(4740,	1,	0,	164,	'2019-05-09'),
(4741,	1,	0,	167,	'2019-05-09'),
(4742,	1,	0,	170,	'2019-05-09'),
(4743,	1,	0,	171,	'2019-05-09'),
(4744,	1,	0,	172,	'2019-05-09'),
(4745,	1,	0,	173,	'2019-05-09'),
(4746,	1,	0,	174,	'2019-05-09'),
(4747,	1,	0,	175,	'2019-05-09'),
(4748,	1,	0,	176,	'2019-05-09'),
(4749,	1,	0,	177,	'2019-05-09'),
(4750,	1,	0,	178,	'2019-05-09'),
(4751,	1,	0,	179,	'2019-05-09'),
(4752,	1,	0,	180,	'2019-05-09'),
(4753,	1,	0,	181,	'2019-05-09'),
(4754,	1,	0,	183,	'2019-05-09'),
(4755,	1,	0,	184,	'2019-05-09'),
(4756,	1,	0,	186,	'2019-05-09'),
(4757,	1,	0,	189,	'2019-05-09'),
(4758,	1,	0,	191,	'2019-05-09'),
(4759,	1,	0,	194,	'2019-05-09'),
(4760,	1,	0,	196,	'2019-05-09'),
(4761,	1,	0,	197,	'2019-05-09'),
(4762,	1,	0,	198,	'2019-05-09'),
(4763,	1,	0,	199,	'2019-05-09'),
(4764,	1,	0,	200,	'2019-05-09'),
(4765,	1,	0,	201,	'2019-05-09'),
(4766,	1,	0,	202,	'2019-05-09'),
(4767,	1,	0,	203,	'2019-05-09'),
(4768,	1,	0,	206,	'2019-05-09'),
(4769,	1,	0,	207,	'2019-05-09'),
(4770,	1,	0,	208,	'2019-05-09'),
(4771,	1,	0,	209,	'2019-05-09'),
(4772,	1,	0,	210,	'2019-05-09'),
(4773,	1,	0,	211,	'2019-05-09'),
(4774,	1,	0,	212,	'2019-05-09'),
(4775,	1,	0,	213,	'2019-05-09'),
(4776,	1,	0,	214,	'2019-05-09'),
(4777,	1,	0,	215,	'2019-05-09'),
(4778,	1,	0,	216,	'2019-05-09'),
(4779,	1,	0,	217,	'2019-05-09'),
(4780,	1,	0,	218,	'2019-05-09'),
(4781,	1,	0,	219,	'2019-05-09'),
(4782,	1,	0,	220,	'2019-05-09'),
(4783,	1,	0,	221,	'2019-05-09'),
(4784,	1,	0,	222,	'2019-05-09'),
(4785,	1,	0,	223,	'2019-05-09'),
(4786,	1,	0,	310,	'2019-05-09'),
(4787,	1,	0,	323,	'2019-05-09'),
(4788,	1,	0,	366,	'2019-05-09'),
(4789,	1,	0,	367,	'2019-05-09'),
(4790,	1,	0,	369,	'2019-05-09'),
(4791,	1,	0,	370,	'2019-05-09'),
(4792,	1,	0,	379,	'2019-05-09'),
(4793,	1,	0,	381,	'2019-05-09'),
(4794,	1,	0,	391,	'2019-05-09'),
(4795,	1,	0,	394,	'2019-05-09'),
(4796,	1,	0,	403,	'2019-05-09'),
(4797,	1,	0,	405,	'2019-05-09'),
(4798,	1,	0,	409,	'2019-05-09'),
(4799,	1,	0,	410,	'2019-05-09'),
(4800,	1,	0,	411,	'2019-05-09'),
(4801,	1,	0,	414,	'2019-05-09'),
(4802,	1,	0,	110,	'2019-05-10'),
(4803,	1,	0,	133,	'2019-05-10'),
(4804,	1,	0,	135,	'2019-05-10'),
(4805,	1,	0,	137,	'2019-05-10'),
(4806,	1,	0,	139,	'2019-05-10'),
(4807,	1,	0,	141,	'2019-05-10'),
(4808,	1,	0,	142,	'2019-05-10'),
(4809,	1,	0,	144,	'2019-05-10'),
(4810,	1,	0,	147,	'2019-05-10'),
(4811,	1,	0,	149,	'2019-05-10'),
(4812,	1,	0,	152,	'2019-05-10'),
(4813,	1,	0,	155,	'2019-05-10'),
(4814,	1,	0,	156,	'2019-05-10'),
(4815,	1,	0,	157,	'2019-05-10'),
(4816,	1,	0,	158,	'2019-05-10'),
(4817,	1,	0,	159,	'2019-05-10'),
(4818,	1,	0,	160,	'2019-05-10'),
(4819,	1,	0,	162,	'2019-05-10'),
(4820,	1,	0,	164,	'2019-05-10'),
(4821,	1,	0,	167,	'2019-05-10'),
(4822,	1,	0,	170,	'2019-05-10'),
(4823,	1,	0,	171,	'2019-05-10'),
(4824,	1,	0,	172,	'2019-05-10'),
(4825,	1,	0,	173,	'2019-05-10'),
(4826,	1,	0,	174,	'2019-05-10'),
(4827,	1,	0,	175,	'2019-05-10'),
(4828,	1,	0,	176,	'2019-05-10'),
(4829,	1,	0,	177,	'2019-05-10'),
(4830,	1,	0,	178,	'2019-05-10'),
(4831,	1,	0,	179,	'2019-05-10'),
(4832,	1,	0,	180,	'2019-05-10'),
(4833,	1,	0,	181,	'2019-05-10'),
(4834,	1,	0,	183,	'2019-05-10'),
(4835,	1,	0,	184,	'2019-05-10'),
(4836,	1,	0,	186,	'2019-05-10'),
(4837,	1,	0,	189,	'2019-05-10'),
(4838,	1,	0,	191,	'2019-05-10'),
(4839,	1,	0,	194,	'2019-05-10'),
(4840,	1,	0,	196,	'2019-05-10'),
(4841,	1,	0,	197,	'2019-05-10'),
(4842,	1,	0,	198,	'2019-05-10'),
(4843,	1,	0,	199,	'2019-05-10'),
(4844,	1,	0,	200,	'2019-05-10'),
(4845,	1,	0,	201,	'2019-05-10'),
(4846,	1,	0,	202,	'2019-05-10'),
(4847,	1,	0,	203,	'2019-05-10'),
(4848,	1,	0,	206,	'2019-05-10'),
(4849,	1,	0,	207,	'2019-05-10'),
(4850,	1,	0,	208,	'2019-05-10'),
(4851,	1,	0,	209,	'2019-05-10'),
(4852,	1,	0,	210,	'2019-05-10'),
(4853,	1,	0,	211,	'2019-05-10'),
(4854,	1,	0,	212,	'2019-05-10'),
(4855,	1,	0,	213,	'2019-05-10'),
(4856,	1,	0,	214,	'2019-05-10'),
(4857,	1,	0,	215,	'2019-05-10'),
(4858,	1,	0,	216,	'2019-05-10'),
(4859,	1,	0,	217,	'2019-05-10'),
(4860,	1,	0,	218,	'2019-05-10'),
(4861,	1,	0,	219,	'2019-05-10'),
(4862,	1,	0,	220,	'2019-05-10'),
(4863,	1,	0,	221,	'2019-05-10'),
(4864,	1,	0,	222,	'2019-05-10'),
(4865,	1,	0,	223,	'2019-05-10'),
(4866,	1,	0,	310,	'2019-05-10'),
(4867,	1,	0,	323,	'2019-05-10'),
(4868,	1,	0,	366,	'2019-05-10'),
(4869,	1,	0,	367,	'2019-05-10'),
(4870,	1,	0,	369,	'2019-05-10'),
(4871,	1,	0,	370,	'2019-05-10'),
(4872,	1,	0,	379,	'2019-05-10'),
(4873,	1,	0,	381,	'2019-05-10'),
(4874,	1,	0,	391,	'2019-05-10'),
(4875,	1,	0,	394,	'2019-05-10'),
(4876,	1,	0,	403,	'2019-05-10'),
(4877,	1,	0,	405,	'2019-05-10'),
(4878,	1,	0,	409,	'2019-05-10'),
(4879,	1,	0,	410,	'2019-05-10'),
(4880,	1,	0,	411,	'2019-05-10'),
(4881,	1,	0,	414,	'2019-05-10'),
(4882,	1,	0,	110,	'2019-05-13'),
(4883,	1,	0,	133,	'2019-05-13'),
(4884,	1,	0,	135,	'2019-05-13'),
(4885,	1,	0,	137,	'2019-05-13'),
(4886,	1,	0,	139,	'2019-05-13'),
(4887,	1,	0,	141,	'2019-05-13'),
(4888,	1,	0,	142,	'2019-05-13'),
(4889,	1,	0,	144,	'2019-05-13'),
(4890,	1,	0,	147,	'2019-05-13'),
(4891,	1,	0,	149,	'2019-05-13'),
(4892,	1,	0,	152,	'2019-05-13'),
(4893,	1,	0,	155,	'2019-05-13'),
(4894,	1,	0,	156,	'2019-05-13'),
(4895,	1,	0,	157,	'2019-05-13'),
(4896,	1,	0,	158,	'2019-05-13'),
(4897,	1,	0,	159,	'2019-05-13'),
(4898,	1,	0,	160,	'2019-05-13'),
(4899,	1,	0,	162,	'2019-05-13'),
(4900,	1,	0,	164,	'2019-05-13'),
(4901,	1,	0,	167,	'2019-05-13'),
(4902,	1,	0,	170,	'2019-05-13'),
(4903,	1,	0,	171,	'2019-05-13'),
(4904,	1,	0,	172,	'2019-05-13'),
(4905,	1,	0,	173,	'2019-05-13'),
(4906,	1,	0,	174,	'2019-05-13'),
(4907,	1,	0,	175,	'2019-05-13'),
(4908,	1,	0,	176,	'2019-05-13'),
(4909,	1,	0,	177,	'2019-05-13'),
(4910,	1,	0,	178,	'2019-05-13'),
(4911,	1,	0,	179,	'2019-05-13'),
(4912,	1,	0,	180,	'2019-05-13'),
(4913,	1,	0,	181,	'2019-05-13'),
(4914,	1,	0,	183,	'2019-05-13'),
(4915,	1,	0,	184,	'2019-05-13'),
(4916,	1,	0,	186,	'2019-05-13'),
(4917,	1,	0,	189,	'2019-05-13'),
(4918,	1,	0,	191,	'2019-05-13'),
(4919,	1,	0,	194,	'2019-05-13'),
(4920,	1,	0,	196,	'2019-05-13'),
(4921,	1,	0,	197,	'2019-05-13'),
(4922,	1,	0,	198,	'2019-05-13'),
(4923,	1,	0,	199,	'2019-05-13'),
(4924,	1,	0,	200,	'2019-05-13'),
(4925,	1,	0,	201,	'2019-05-13'),
(4926,	1,	0,	202,	'2019-05-13'),
(4927,	1,	0,	203,	'2019-05-13'),
(4928,	1,	0,	206,	'2019-05-13'),
(4929,	1,	0,	207,	'2019-05-13'),
(4930,	1,	0,	208,	'2019-05-13'),
(4931,	1,	0,	209,	'2019-05-13'),
(4932,	1,	0,	210,	'2019-05-13'),
(4933,	1,	0,	211,	'2019-05-13'),
(4934,	1,	0,	212,	'2019-05-13'),
(4935,	1,	0,	213,	'2019-05-13'),
(4936,	1,	0,	214,	'2019-05-13'),
(4937,	1,	0,	215,	'2019-05-13'),
(4938,	1,	0,	216,	'2019-05-13'),
(4939,	1,	0,	217,	'2019-05-13'),
(4940,	1,	0,	218,	'2019-05-13'),
(4941,	1,	0,	219,	'2019-05-13'),
(4942,	1,	0,	220,	'2019-05-13'),
(4943,	1,	0,	221,	'2019-05-13'),
(4944,	1,	0,	222,	'2019-05-13'),
(4945,	1,	0,	223,	'2019-05-13'),
(4946,	1,	0,	310,	'2019-05-13'),
(4947,	1,	0,	323,	'2019-05-13'),
(4948,	1,	0,	366,	'2019-05-13'),
(4949,	1,	0,	367,	'2019-05-13'),
(4950,	1,	0,	369,	'2019-05-13'),
(4951,	1,	0,	370,	'2019-05-13'),
(4952,	1,	0,	379,	'2019-05-13'),
(4953,	1,	0,	381,	'2019-05-13'),
(4954,	1,	0,	391,	'2019-05-13'),
(4955,	1,	0,	394,	'2019-05-13'),
(4956,	1,	0,	403,	'2019-05-13'),
(4957,	1,	0,	405,	'2019-05-13'),
(4958,	1,	0,	409,	'2019-05-13'),
(4959,	1,	0,	410,	'2019-05-13'),
(4960,	1,	0,	411,	'2019-05-13'),
(4961,	1,	0,	414,	'2019-05-13'),
(4962,	1,	0,	110,	'2019-05-14'),
(4963,	1,	0,	133,	'2019-05-14'),
(4964,	1,	0,	135,	'2019-05-14'),
(4965,	1,	0,	137,	'2019-05-14'),
(4966,	1,	0,	139,	'2019-05-14'),
(4967,	1,	0,	141,	'2019-05-14'),
(4968,	1,	0,	142,	'2019-05-14'),
(4969,	1,	0,	144,	'2019-05-14'),
(4970,	1,	0,	147,	'2019-05-14'),
(4971,	1,	0,	149,	'2019-05-14'),
(4972,	1,	0,	152,	'2019-05-14'),
(4973,	1,	0,	155,	'2019-05-14'),
(4974,	1,	0,	156,	'2019-05-14'),
(4975,	1,	0,	157,	'2019-05-14'),
(4976,	1,	0,	158,	'2019-05-14'),
(4977,	1,	0,	159,	'2019-05-14'),
(4978,	1,	0,	160,	'2019-05-14'),
(4979,	1,	0,	162,	'2019-05-14'),
(4980,	1,	0,	164,	'2019-05-14'),
(4981,	1,	0,	167,	'2019-05-14'),
(4982,	1,	0,	170,	'2019-05-14'),
(4983,	1,	0,	171,	'2019-05-14'),
(4984,	1,	0,	172,	'2019-05-14'),
(4985,	1,	0,	173,	'2019-05-14'),
(4986,	1,	0,	174,	'2019-05-14'),
(4987,	1,	0,	175,	'2019-05-14'),
(4988,	1,	0,	176,	'2019-05-14'),
(4989,	1,	0,	177,	'2019-05-14'),
(4990,	1,	0,	178,	'2019-05-14'),
(4991,	1,	0,	179,	'2019-05-14'),
(4992,	1,	0,	180,	'2019-05-14'),
(4993,	1,	0,	181,	'2019-05-14'),
(4994,	1,	0,	183,	'2019-05-14'),
(4995,	1,	0,	184,	'2019-05-14'),
(4996,	1,	0,	186,	'2019-05-14'),
(4997,	1,	0,	189,	'2019-05-14'),
(4998,	1,	0,	191,	'2019-05-14'),
(4999,	1,	0,	194,	'2019-05-14'),
(5000,	1,	0,	196,	'2019-05-14'),
(5001,	1,	0,	197,	'2019-05-14'),
(5002,	1,	0,	198,	'2019-05-14'),
(5003,	1,	0,	199,	'2019-05-14'),
(5004,	1,	0,	200,	'2019-05-14'),
(5005,	1,	0,	201,	'2019-05-14'),
(5006,	1,	0,	202,	'2019-05-14'),
(5007,	1,	0,	203,	'2019-05-14'),
(5008,	1,	0,	206,	'2019-05-14'),
(5009,	1,	0,	207,	'2019-05-14'),
(5010,	1,	0,	208,	'2019-05-14'),
(5011,	1,	0,	209,	'2019-05-14'),
(5012,	1,	0,	210,	'2019-05-14'),
(5013,	1,	0,	211,	'2019-05-14'),
(5014,	1,	0,	212,	'2019-05-14'),
(5015,	1,	0,	213,	'2019-05-14'),
(5016,	1,	0,	214,	'2019-05-14'),
(5017,	1,	0,	215,	'2019-05-14'),
(5018,	1,	0,	216,	'2019-05-14'),
(5019,	1,	0,	217,	'2019-05-14'),
(5020,	1,	0,	218,	'2019-05-14'),
(5021,	1,	0,	219,	'2019-05-14'),
(5022,	1,	0,	220,	'2019-05-14'),
(5023,	1,	0,	221,	'2019-05-14'),
(5024,	1,	0,	222,	'2019-05-14'),
(5025,	1,	0,	223,	'2019-05-14'),
(5026,	1,	0,	310,	'2019-05-14'),
(5027,	1,	0,	323,	'2019-05-14'),
(5028,	1,	0,	366,	'2019-05-14'),
(5029,	1,	0,	367,	'2019-05-14'),
(5030,	1,	0,	369,	'2019-05-14'),
(5031,	1,	0,	370,	'2019-05-14'),
(5032,	1,	0,	379,	'2019-05-14'),
(5033,	1,	0,	381,	'2019-05-14'),
(5034,	1,	0,	391,	'2019-05-14'),
(5035,	1,	0,	394,	'2019-05-14'),
(5036,	1,	0,	403,	'2019-05-14'),
(5037,	1,	0,	405,	'2019-05-14'),
(5038,	1,	0,	409,	'2019-05-14'),
(5039,	1,	0,	410,	'2019-05-14'),
(5040,	1,	0,	411,	'2019-05-14'),
(5041,	1,	0,	414,	'2019-05-14'),
(5042,	1,	0,	110,	'2019-05-17'),
(5043,	1,	0,	133,	'2019-05-17'),
(5044,	1,	0,	135,	'2019-05-17'),
(5045,	1,	0,	137,	'2019-05-17'),
(5046,	1,	0,	139,	'2019-05-17'),
(5047,	1,	0,	141,	'2019-05-17'),
(5048,	1,	0,	142,	'2019-05-17'),
(5049,	1,	0,	144,	'2019-05-17'),
(5050,	1,	0,	147,	'2019-05-17'),
(5051,	1,	0,	149,	'2019-05-17'),
(5052,	1,	0,	152,	'2019-05-17'),
(5053,	1,	0,	155,	'2019-05-17'),
(5054,	1,	0,	156,	'2019-05-17'),
(5055,	1,	0,	157,	'2019-05-17'),
(5056,	1,	0,	158,	'2019-05-17'),
(5057,	1,	0,	159,	'2019-05-17'),
(5058,	1,	0,	160,	'2019-05-17'),
(5059,	1,	0,	162,	'2019-05-17'),
(5060,	1,	0,	164,	'2019-05-17'),
(5061,	1,	0,	167,	'2019-05-17'),
(5062,	1,	0,	170,	'2019-05-17'),
(5063,	1,	0,	171,	'2019-05-17'),
(5064,	1,	0,	172,	'2019-05-17'),
(5065,	1,	0,	173,	'2019-05-17'),
(5066,	1,	0,	174,	'2019-05-17'),
(5067,	1,	0,	175,	'2019-05-17'),
(5068,	1,	0,	176,	'2019-05-17'),
(5069,	1,	0,	177,	'2019-05-17'),
(5070,	1,	0,	178,	'2019-05-17'),
(5071,	1,	0,	179,	'2019-05-17'),
(5072,	1,	0,	180,	'2019-05-17'),
(5073,	1,	0,	181,	'2019-05-17'),
(5074,	1,	0,	183,	'2019-05-17'),
(5075,	1,	0,	184,	'2019-05-17'),
(5076,	1,	0,	186,	'2019-05-17'),
(5077,	1,	0,	189,	'2019-05-17'),
(5078,	1,	0,	191,	'2019-05-17'),
(5079,	1,	0,	194,	'2019-05-17'),
(5080,	1,	0,	196,	'2019-05-17'),
(5081,	1,	0,	197,	'2019-05-17'),
(5082,	1,	0,	198,	'2019-05-17'),
(5083,	1,	0,	199,	'2019-05-17'),
(5084,	1,	0,	200,	'2019-05-17'),
(5085,	1,	0,	201,	'2019-05-17'),
(5086,	1,	0,	202,	'2019-05-17'),
(5087,	1,	0,	203,	'2019-05-17'),
(5088,	1,	0,	206,	'2019-05-17'),
(5089,	1,	0,	207,	'2019-05-17'),
(5090,	1,	0,	208,	'2019-05-17'),
(5091,	1,	0,	209,	'2019-05-17'),
(5092,	1,	0,	210,	'2019-05-17'),
(5093,	1,	0,	211,	'2019-05-17'),
(5094,	1,	0,	212,	'2019-05-17'),
(5095,	1,	0,	213,	'2019-05-17'),
(5096,	1,	0,	214,	'2019-05-17'),
(5097,	1,	0,	215,	'2019-05-17'),
(5098,	1,	0,	216,	'2019-05-17'),
(5099,	1,	0,	217,	'2019-05-17'),
(5100,	1,	0,	218,	'2019-05-17'),
(5101,	1,	0,	219,	'2019-05-17'),
(5102,	1,	0,	220,	'2019-05-17'),
(5103,	1,	0,	221,	'2019-05-17'),
(5104,	1,	0,	222,	'2019-05-17'),
(5105,	1,	0,	223,	'2019-05-17'),
(5106,	1,	0,	310,	'2019-05-17'),
(5107,	1,	0,	323,	'2019-05-17'),
(5108,	1,	0,	366,	'2019-05-17'),
(5109,	1,	0,	367,	'2019-05-17'),
(5110,	1,	0,	369,	'2019-05-17'),
(5111,	1,	0,	370,	'2019-05-17'),
(5112,	1,	0,	379,	'2019-05-17'),
(5113,	1,	0,	381,	'2019-05-17'),
(5114,	1,	0,	391,	'2019-05-17'),
(5115,	1,	0,	394,	'2019-05-17'),
(5116,	1,	0,	403,	'2019-05-17'),
(5117,	1,	0,	405,	'2019-05-17'),
(5118,	1,	0,	409,	'2019-05-17'),
(5119,	1,	0,	410,	'2019-05-17'),
(5120,	1,	0,	411,	'2019-05-17'),
(5121,	1,	0,	414,	'2019-05-17'),
(5122,	1,	0,	110,	'2019-05-15'),
(5123,	1,	0,	133,	'2019-05-15'),
(5124,	1,	0,	135,	'2019-05-15'),
(5125,	1,	0,	137,	'2019-05-15'),
(5126,	1,	0,	139,	'2019-05-15'),
(5127,	1,	0,	141,	'2019-05-15'),
(5128,	1,	0,	142,	'2019-05-15'),
(5129,	1,	0,	144,	'2019-05-15'),
(5130,	1,	0,	147,	'2019-05-15'),
(5131,	1,	0,	149,	'2019-05-15'),
(5132,	1,	0,	152,	'2019-05-15'),
(5133,	1,	0,	155,	'2019-05-15'),
(5134,	1,	0,	156,	'2019-05-15'),
(5135,	1,	0,	157,	'2019-05-15'),
(5136,	1,	0,	158,	'2019-05-15'),
(5137,	1,	0,	159,	'2019-05-15'),
(5138,	1,	0,	160,	'2019-05-15'),
(5139,	1,	0,	162,	'2019-05-15'),
(5140,	1,	0,	164,	'2019-05-15'),
(5141,	1,	0,	167,	'2019-05-15'),
(5142,	1,	0,	170,	'2019-05-15'),
(5143,	1,	0,	171,	'2019-05-15'),
(5144,	1,	0,	172,	'2019-05-15'),
(5145,	1,	0,	173,	'2019-05-15'),
(5146,	1,	0,	174,	'2019-05-15'),
(5147,	1,	0,	175,	'2019-05-15'),
(5148,	1,	0,	176,	'2019-05-15'),
(5149,	1,	0,	177,	'2019-05-15'),
(5150,	1,	0,	178,	'2019-05-15'),
(5151,	1,	0,	179,	'2019-05-15'),
(5152,	1,	0,	180,	'2019-05-15'),
(5153,	1,	0,	181,	'2019-05-15'),
(5154,	1,	0,	183,	'2019-05-15'),
(5155,	1,	0,	184,	'2019-05-15'),
(5156,	1,	0,	186,	'2019-05-15'),
(5157,	1,	0,	189,	'2019-05-15'),
(5158,	1,	0,	191,	'2019-05-15'),
(5159,	1,	0,	194,	'2019-05-15'),
(5160,	1,	0,	196,	'2019-05-15'),
(5161,	1,	0,	197,	'2019-05-15'),
(5162,	1,	0,	198,	'2019-05-15'),
(5163,	1,	0,	199,	'2019-05-15'),
(5164,	1,	0,	200,	'2019-05-15'),
(5165,	1,	0,	201,	'2019-05-15'),
(5166,	1,	0,	202,	'2019-05-15'),
(5167,	1,	0,	203,	'2019-05-15'),
(5168,	1,	0,	206,	'2019-05-15'),
(5169,	1,	0,	207,	'2019-05-15'),
(5170,	1,	0,	208,	'2019-05-15'),
(5171,	1,	0,	209,	'2019-05-15'),
(5172,	1,	0,	210,	'2019-05-15'),
(5173,	1,	0,	211,	'2019-05-15'),
(5174,	1,	0,	212,	'2019-05-15'),
(5175,	1,	0,	213,	'2019-05-15'),
(5176,	1,	0,	214,	'2019-05-15'),
(5177,	1,	0,	215,	'2019-05-15'),
(5178,	1,	0,	216,	'2019-05-15'),
(5179,	1,	0,	217,	'2019-05-15'),
(5180,	1,	0,	218,	'2019-05-15'),
(5181,	1,	0,	219,	'2019-05-15'),
(5182,	1,	0,	220,	'2019-05-15'),
(5183,	1,	0,	221,	'2019-05-15'),
(5184,	1,	0,	222,	'2019-05-15'),
(5185,	1,	0,	223,	'2019-05-15'),
(5186,	1,	0,	310,	'2019-05-15'),
(5187,	1,	0,	323,	'2019-05-15'),
(5188,	1,	0,	366,	'2019-05-15'),
(5189,	1,	0,	367,	'2019-05-15'),
(5190,	1,	0,	369,	'2019-05-15'),
(5191,	1,	0,	370,	'2019-05-15'),
(5192,	1,	0,	379,	'2019-05-15'),
(5193,	1,	0,	381,	'2019-05-15'),
(5194,	1,	0,	391,	'2019-05-15'),
(5195,	1,	0,	394,	'2019-05-15'),
(5196,	1,	0,	403,	'2019-05-15'),
(5197,	1,	0,	405,	'2019-05-15'),
(5198,	1,	0,	409,	'2019-05-15'),
(5199,	1,	0,	410,	'2019-05-15'),
(5200,	1,	0,	411,	'2019-05-15'),
(5201,	1,	0,	414,	'2019-05-15'),
(5202,	1,	0,	110,	'2019-05-16'),
(5203,	1,	0,	133,	'2019-05-16'),
(5204,	1,	0,	135,	'2019-05-16'),
(5205,	1,	0,	137,	'2019-05-16'),
(5206,	1,	0,	139,	'2019-05-16'),
(5207,	1,	0,	141,	'2019-05-16'),
(5208,	1,	0,	142,	'2019-05-16'),
(5209,	1,	0,	144,	'2019-05-16'),
(5210,	1,	0,	147,	'2019-05-16'),
(5211,	1,	0,	149,	'2019-05-16'),
(5212,	1,	0,	152,	'2019-05-16'),
(5213,	1,	0,	155,	'2019-05-16'),
(5214,	1,	0,	156,	'2019-05-16'),
(5215,	1,	0,	157,	'2019-05-16'),
(5216,	1,	0,	158,	'2019-05-16'),
(5217,	1,	0,	159,	'2019-05-16'),
(5218,	1,	0,	160,	'2019-05-16'),
(5219,	1,	0,	162,	'2019-05-16'),
(5220,	1,	0,	164,	'2019-05-16'),
(5221,	1,	0,	167,	'2019-05-16'),
(5222,	1,	0,	170,	'2019-05-16'),
(5223,	1,	0,	171,	'2019-05-16'),
(5224,	1,	0,	172,	'2019-05-16'),
(5225,	1,	0,	173,	'2019-05-16'),
(5226,	1,	0,	174,	'2019-05-16'),
(5227,	1,	0,	175,	'2019-05-16'),
(5228,	1,	0,	176,	'2019-05-16'),
(5229,	1,	0,	177,	'2019-05-16'),
(5230,	1,	0,	178,	'2019-05-16'),
(5231,	1,	0,	179,	'2019-05-16'),
(5232,	1,	0,	180,	'2019-05-16'),
(5233,	1,	0,	181,	'2019-05-16'),
(5234,	1,	0,	183,	'2019-05-16'),
(5235,	1,	0,	184,	'2019-05-16'),
(5236,	1,	0,	186,	'2019-05-16'),
(5237,	1,	0,	189,	'2019-05-16'),
(5238,	1,	0,	191,	'2019-05-16'),
(5239,	1,	0,	194,	'2019-05-16'),
(5240,	1,	0,	196,	'2019-05-16'),
(5241,	1,	0,	197,	'2019-05-16'),
(5242,	1,	0,	198,	'2019-05-16'),
(5243,	1,	0,	199,	'2019-05-16'),
(5244,	1,	0,	200,	'2019-05-16'),
(5245,	1,	0,	201,	'2019-05-16'),
(5246,	1,	0,	202,	'2019-05-16'),
(5247,	1,	0,	203,	'2019-05-16'),
(5248,	1,	0,	206,	'2019-05-16'),
(5249,	1,	0,	207,	'2019-05-16'),
(5250,	1,	0,	208,	'2019-05-16'),
(5251,	1,	0,	209,	'2019-05-16'),
(5252,	1,	0,	210,	'2019-05-16'),
(5253,	1,	0,	211,	'2019-05-16'),
(5254,	1,	0,	212,	'2019-05-16'),
(5255,	1,	0,	213,	'2019-05-16'),
(5256,	1,	0,	214,	'2019-05-16'),
(5257,	1,	0,	215,	'2019-05-16'),
(5258,	1,	0,	216,	'2019-05-16'),
(5259,	1,	0,	217,	'2019-05-16'),
(5260,	1,	0,	218,	'2019-05-16'),
(5261,	1,	0,	219,	'2019-05-16'),
(5262,	1,	0,	220,	'2019-05-16'),
(5263,	1,	0,	221,	'2019-05-16'),
(5264,	1,	0,	222,	'2019-05-16'),
(5265,	1,	0,	223,	'2019-05-16'),
(5266,	1,	0,	310,	'2019-05-16'),
(5267,	1,	0,	323,	'2019-05-16'),
(5268,	1,	0,	366,	'2019-05-16'),
(5269,	1,	0,	367,	'2019-05-16'),
(5270,	1,	0,	369,	'2019-05-16'),
(5271,	1,	0,	370,	'2019-05-16'),
(5272,	1,	0,	379,	'2019-05-16'),
(5273,	1,	0,	381,	'2019-05-16'),
(5274,	1,	0,	391,	'2019-05-16'),
(5275,	1,	0,	394,	'2019-05-16'),
(5276,	1,	0,	403,	'2019-05-16'),
(5277,	1,	0,	405,	'2019-05-16'),
(5278,	1,	0,	409,	'2019-05-16'),
(5279,	1,	0,	410,	'2019-05-16'),
(5280,	1,	0,	411,	'2019-05-16'),
(5281,	1,	0,	414,	'2019-05-16'),
(5282,	1,	0,	110,	'2019-05-20'),
(5283,	1,	0,	133,	'2019-05-20'),
(5284,	1,	0,	135,	'2019-05-20'),
(5285,	1,	0,	137,	'2019-05-20'),
(5286,	1,	0,	139,	'2019-05-20'),
(5287,	1,	0,	141,	'2019-05-20'),
(5288,	1,	0,	142,	'2019-05-20'),
(5289,	1,	0,	144,	'2019-05-20'),
(5290,	1,	0,	147,	'2019-05-20'),
(5291,	1,	0,	149,	'2019-05-20'),
(5292,	1,	0,	152,	'2019-05-20'),
(5293,	1,	0,	155,	'2019-05-20'),
(5294,	1,	0,	156,	'2019-05-20'),
(5295,	1,	0,	157,	'2019-05-20'),
(5296,	1,	0,	158,	'2019-05-20'),
(5297,	1,	0,	159,	'2019-05-20'),
(5298,	1,	0,	160,	'2019-05-20'),
(5299,	1,	0,	162,	'2019-05-20'),
(5300,	1,	0,	164,	'2019-05-20'),
(5301,	1,	0,	167,	'2019-05-20'),
(5302,	1,	0,	170,	'2019-05-20'),
(5303,	1,	0,	171,	'2019-05-20'),
(5304,	1,	0,	172,	'2019-05-20'),
(5305,	1,	0,	173,	'2019-05-20'),
(5306,	1,	0,	174,	'2019-05-20'),
(5307,	1,	0,	175,	'2019-05-20'),
(5308,	1,	0,	176,	'2019-05-20'),
(5309,	1,	0,	177,	'2019-05-20'),
(5310,	1,	0,	178,	'2019-05-20'),
(5311,	1,	0,	179,	'2019-05-20'),
(5312,	1,	0,	180,	'2019-05-20'),
(5313,	1,	0,	181,	'2019-05-20'),
(5314,	1,	0,	183,	'2019-05-20'),
(5315,	1,	0,	184,	'2019-05-20'),
(5316,	1,	0,	186,	'2019-05-20'),
(5317,	1,	0,	189,	'2019-05-20'),
(5318,	1,	0,	191,	'2019-05-20'),
(5319,	1,	0,	194,	'2019-05-20'),
(5320,	1,	0,	196,	'2019-05-20'),
(5321,	1,	0,	197,	'2019-05-20'),
(5322,	1,	0,	198,	'2019-05-20'),
(5323,	1,	0,	199,	'2019-05-20'),
(5324,	1,	0,	200,	'2019-05-20'),
(5325,	1,	0,	201,	'2019-05-20'),
(5326,	1,	0,	202,	'2019-05-20'),
(5327,	1,	0,	203,	'2019-05-20'),
(5328,	1,	0,	206,	'2019-05-20'),
(5329,	1,	0,	207,	'2019-05-20'),
(5330,	1,	0,	208,	'2019-05-20'),
(5331,	1,	0,	209,	'2019-05-20'),
(5332,	1,	0,	210,	'2019-05-20'),
(5333,	1,	0,	211,	'2019-05-20'),
(5334,	1,	0,	212,	'2019-05-20'),
(5335,	1,	0,	213,	'2019-05-20'),
(5336,	1,	0,	214,	'2019-05-20'),
(5337,	1,	0,	215,	'2019-05-20'),
(5338,	1,	0,	216,	'2019-05-20'),
(5339,	1,	0,	217,	'2019-05-20'),
(5340,	1,	0,	218,	'2019-05-20'),
(5341,	1,	0,	219,	'2019-05-20'),
(5342,	1,	0,	220,	'2019-05-20'),
(5343,	1,	0,	221,	'2019-05-20'),
(5344,	1,	0,	222,	'2019-05-20'),
(5345,	1,	0,	223,	'2019-05-20'),
(5346,	1,	0,	310,	'2019-05-20'),
(5347,	1,	0,	323,	'2019-05-20'),
(5348,	1,	0,	366,	'2019-05-20'),
(5349,	1,	0,	367,	'2019-05-20'),
(5350,	1,	0,	369,	'2019-05-20'),
(5351,	1,	0,	370,	'2019-05-20'),
(5352,	1,	0,	379,	'2019-05-20'),
(5353,	1,	0,	381,	'2019-05-20'),
(5354,	1,	0,	391,	'2019-05-20'),
(5355,	1,	0,	394,	'2019-05-20'),
(5356,	1,	0,	403,	'2019-05-20'),
(5357,	1,	0,	405,	'2019-05-20'),
(5358,	1,	0,	409,	'2019-05-20'),
(5359,	1,	0,	410,	'2019-05-20'),
(5360,	1,	0,	411,	'2019-05-20'),
(5361,	1,	0,	414,	'2019-05-20'),
(5362,	1,	0,	110,	'2019-05-21'),
(5363,	1,	0,	133,	'2019-05-21'),
(5364,	1,	0,	135,	'2019-05-21'),
(5365,	1,	0,	137,	'2019-05-21'),
(5366,	1,	0,	139,	'2019-05-21'),
(5367,	1,	0,	141,	'2019-05-21'),
(5368,	1,	0,	142,	'2019-05-21'),
(5369,	1,	0,	144,	'2019-05-21'),
(5370,	1,	0,	147,	'2019-05-21'),
(5371,	1,	0,	149,	'2019-05-21'),
(5372,	1,	0,	152,	'2019-05-21'),
(5373,	1,	0,	155,	'2019-05-21'),
(5374,	1,	0,	156,	'2019-05-21'),
(5375,	1,	0,	157,	'2019-05-21'),
(5376,	1,	0,	158,	'2019-05-21'),
(5377,	1,	0,	159,	'2019-05-21'),
(5378,	1,	0,	160,	'2019-05-21'),
(5379,	1,	0,	162,	'2019-05-21'),
(5380,	1,	0,	164,	'2019-05-21'),
(5381,	1,	0,	167,	'2019-05-21'),
(5382,	1,	0,	170,	'2019-05-21'),
(5383,	1,	0,	171,	'2019-05-21'),
(5384,	1,	0,	172,	'2019-05-21'),
(5385,	1,	0,	173,	'2019-05-21'),
(5386,	1,	0,	174,	'2019-05-21'),
(5387,	1,	0,	175,	'2019-05-21'),
(5388,	1,	0,	176,	'2019-05-21'),
(5389,	1,	0,	177,	'2019-05-21'),
(5390,	1,	0,	178,	'2019-05-21'),
(5391,	1,	0,	179,	'2019-05-21'),
(5392,	1,	0,	180,	'2019-05-21'),
(5393,	1,	0,	181,	'2019-05-21'),
(5394,	1,	0,	183,	'2019-05-21'),
(5395,	1,	0,	184,	'2019-05-21'),
(5396,	1,	0,	186,	'2019-05-21'),
(5397,	1,	0,	189,	'2019-05-21'),
(5398,	1,	0,	191,	'2019-05-21'),
(5399,	1,	0,	194,	'2019-05-21'),
(5400,	1,	0,	196,	'2019-05-21'),
(5401,	1,	0,	197,	'2019-05-21'),
(5402,	1,	0,	198,	'2019-05-21'),
(5403,	1,	0,	199,	'2019-05-21'),
(5404,	1,	0,	200,	'2019-05-21'),
(5405,	1,	0,	201,	'2019-05-21'),
(5406,	1,	0,	202,	'2019-05-21'),
(5407,	1,	0,	203,	'2019-05-21'),
(5408,	1,	0,	206,	'2019-05-21'),
(5409,	1,	0,	207,	'2019-05-21'),
(5410,	1,	0,	208,	'2019-05-21'),
(5411,	1,	0,	209,	'2019-05-21'),
(5412,	1,	0,	210,	'2019-05-21'),
(5413,	1,	0,	211,	'2019-05-21'),
(5414,	1,	0,	212,	'2019-05-21'),
(5415,	1,	0,	213,	'2019-05-21'),
(5416,	1,	0,	214,	'2019-05-21'),
(5417,	1,	0,	215,	'2019-05-21'),
(5418,	1,	0,	216,	'2019-05-21'),
(5419,	1,	0,	217,	'2019-05-21'),
(5420,	1,	0,	218,	'2019-05-21'),
(5421,	1,	0,	219,	'2019-05-21'),
(5422,	1,	0,	220,	'2019-05-21'),
(5423,	1,	0,	221,	'2019-05-21'),
(5424,	1,	0,	222,	'2019-05-21'),
(5425,	1,	0,	223,	'2019-05-21'),
(5426,	1,	0,	310,	'2019-05-21'),
(5427,	1,	0,	323,	'2019-05-21'),
(5428,	1,	0,	366,	'2019-05-21'),
(5429,	1,	0,	367,	'2019-05-21'),
(5430,	1,	0,	369,	'2019-05-21'),
(5431,	1,	0,	370,	'2019-05-21'),
(5432,	1,	0,	379,	'2019-05-21'),
(5433,	1,	0,	381,	'2019-05-21'),
(5434,	1,	0,	391,	'2019-05-21'),
(5435,	1,	0,	394,	'2019-05-21'),
(5436,	1,	0,	403,	'2019-05-21'),
(5437,	1,	0,	405,	'2019-05-21'),
(5438,	1,	0,	409,	'2019-05-21'),
(5439,	1,	0,	410,	'2019-05-21'),
(5440,	1,	0,	411,	'2019-05-21'),
(5441,	1,	0,	414,	'2019-05-21'),
(5442,	1,	0,	110,	'2019-05-22'),
(5443,	1,	0,	133,	'2019-05-22'),
(5444,	1,	0,	135,	'2019-05-22'),
(5445,	1,	0,	137,	'2019-05-22'),
(5446,	1,	0,	139,	'2019-05-22'),
(5447,	1,	0,	141,	'2019-05-22'),
(5448,	1,	0,	142,	'2019-05-22'),
(5449,	1,	0,	144,	'2019-05-22'),
(5450,	1,	0,	147,	'2019-05-22'),
(5451,	1,	0,	149,	'2019-05-22'),
(5452,	1,	0,	152,	'2019-05-22'),
(5453,	1,	0,	155,	'2019-05-22'),
(5454,	1,	0,	156,	'2019-05-22'),
(5455,	1,	0,	157,	'2019-05-22'),
(5456,	1,	0,	158,	'2019-05-22'),
(5457,	1,	0,	159,	'2019-05-22'),
(5458,	1,	0,	160,	'2019-05-22'),
(5459,	1,	0,	162,	'2019-05-22'),
(5460,	1,	0,	164,	'2019-05-22'),
(5461,	1,	0,	167,	'2019-05-22'),
(5462,	1,	0,	170,	'2019-05-22'),
(5463,	1,	0,	171,	'2019-05-22'),
(5464,	1,	0,	172,	'2019-05-22'),
(5465,	1,	0,	173,	'2019-05-22'),
(5466,	1,	0,	174,	'2019-05-22'),
(5467,	1,	0,	175,	'2019-05-22'),
(5468,	1,	0,	176,	'2019-05-22'),
(5469,	1,	0,	177,	'2019-05-22'),
(5470,	1,	0,	178,	'2019-05-22'),
(5471,	1,	0,	179,	'2019-05-22'),
(5472,	1,	0,	180,	'2019-05-22'),
(5473,	1,	0,	181,	'2019-05-22'),
(5474,	1,	0,	183,	'2019-05-22'),
(5475,	1,	0,	184,	'2019-05-22'),
(5476,	1,	0,	186,	'2019-05-22'),
(5477,	1,	0,	189,	'2019-05-22'),
(5478,	1,	0,	191,	'2019-05-22'),
(5479,	1,	0,	194,	'2019-05-22'),
(5480,	1,	0,	196,	'2019-05-22'),
(5481,	1,	0,	197,	'2019-05-22'),
(5482,	1,	0,	198,	'2019-05-22'),
(5483,	1,	0,	199,	'2019-05-22'),
(5484,	1,	0,	200,	'2019-05-22'),
(5485,	1,	0,	201,	'2019-05-22'),
(5486,	1,	0,	202,	'2019-05-22'),
(5487,	1,	0,	203,	'2019-05-22'),
(5488,	1,	0,	206,	'2019-05-22'),
(5489,	1,	0,	207,	'2019-05-22'),
(5490,	1,	0,	208,	'2019-05-22'),
(5491,	1,	0,	209,	'2019-05-22'),
(5492,	1,	0,	210,	'2019-05-22'),
(5493,	1,	0,	211,	'2019-05-22'),
(5494,	1,	0,	212,	'2019-05-22'),
(5495,	1,	0,	213,	'2019-05-22'),
(5496,	1,	0,	214,	'2019-05-22'),
(5497,	1,	0,	215,	'2019-05-22'),
(5498,	1,	0,	216,	'2019-05-22'),
(5499,	1,	0,	217,	'2019-05-22'),
(5500,	1,	0,	218,	'2019-05-22'),
(5501,	1,	0,	219,	'2019-05-22'),
(5502,	1,	0,	220,	'2019-05-22'),
(5503,	1,	0,	221,	'2019-05-22'),
(5504,	1,	0,	222,	'2019-05-22'),
(5505,	1,	0,	223,	'2019-05-22'),
(5506,	1,	0,	310,	'2019-05-22'),
(5507,	1,	0,	323,	'2019-05-22'),
(5508,	1,	0,	366,	'2019-05-22'),
(5509,	1,	0,	367,	'2019-05-22'),
(5510,	1,	0,	369,	'2019-05-22'),
(5511,	1,	0,	370,	'2019-05-22'),
(5512,	1,	0,	379,	'2019-05-22'),
(5513,	1,	0,	381,	'2019-05-22'),
(5514,	1,	0,	391,	'2019-05-22'),
(5515,	1,	0,	394,	'2019-05-22'),
(5516,	1,	0,	403,	'2019-05-22'),
(5517,	1,	0,	405,	'2019-05-22'),
(5518,	1,	0,	409,	'2019-05-22'),
(5519,	1,	0,	410,	'2019-05-22'),
(5520,	1,	0,	411,	'2019-05-22'),
(5521,	1,	0,	414,	'2019-05-22'),
(5522,	1,	0,	110,	'2019-05-23'),
(5523,	1,	0,	133,	'2019-05-23'),
(5524,	1,	0,	135,	'2019-05-23'),
(5525,	1,	0,	137,	'2019-05-23'),
(5526,	1,	0,	139,	'2019-05-23'),
(5527,	1,	0,	141,	'2019-05-23'),
(5528,	1,	0,	142,	'2019-05-23'),
(5529,	1,	0,	144,	'2019-05-23'),
(5530,	1,	0,	147,	'2019-05-23'),
(5531,	1,	0,	149,	'2019-05-23'),
(5532,	1,	0,	152,	'2019-05-23'),
(5533,	1,	0,	155,	'2019-05-23'),
(5534,	1,	0,	156,	'2019-05-23'),
(5535,	1,	0,	157,	'2019-05-23'),
(5536,	1,	0,	158,	'2019-05-23'),
(5537,	1,	0,	159,	'2019-05-23'),
(5538,	1,	0,	160,	'2019-05-23'),
(5539,	1,	0,	162,	'2019-05-23'),
(5540,	1,	0,	164,	'2019-05-23'),
(5541,	1,	0,	167,	'2019-05-23'),
(5542,	1,	0,	170,	'2019-05-23'),
(5543,	1,	0,	171,	'2019-05-23'),
(5544,	1,	0,	172,	'2019-05-23'),
(5545,	1,	0,	173,	'2019-05-23'),
(5546,	1,	0,	174,	'2019-05-23'),
(5547,	1,	0,	175,	'2019-05-23'),
(5548,	1,	0,	176,	'2019-05-23'),
(5549,	1,	0,	177,	'2019-05-23'),
(5550,	1,	0,	178,	'2019-05-23'),
(5551,	1,	0,	179,	'2019-05-23'),
(5552,	1,	0,	180,	'2019-05-23'),
(5553,	1,	0,	181,	'2019-05-23'),
(5554,	1,	0,	183,	'2019-05-23'),
(5555,	1,	0,	184,	'2019-05-23'),
(5556,	1,	0,	186,	'2019-05-23'),
(5557,	1,	0,	189,	'2019-05-23'),
(5558,	1,	0,	191,	'2019-05-23'),
(5559,	1,	0,	194,	'2019-05-23'),
(5560,	1,	0,	196,	'2019-05-23'),
(5561,	1,	0,	197,	'2019-05-23'),
(5562,	1,	0,	198,	'2019-05-23'),
(5563,	1,	0,	199,	'2019-05-23'),
(5564,	1,	0,	200,	'2019-05-23'),
(5565,	1,	0,	201,	'2019-05-23'),
(5566,	1,	0,	202,	'2019-05-23'),
(5567,	1,	0,	203,	'2019-05-23'),
(5568,	1,	0,	206,	'2019-05-23'),
(5569,	1,	0,	207,	'2019-05-23'),
(5570,	1,	0,	208,	'2019-05-23'),
(5571,	1,	0,	209,	'2019-05-23'),
(5572,	1,	0,	210,	'2019-05-23'),
(5573,	1,	0,	211,	'2019-05-23'),
(5574,	1,	0,	212,	'2019-05-23'),
(5575,	1,	0,	213,	'2019-05-23'),
(5576,	1,	0,	214,	'2019-05-23'),
(5577,	1,	0,	215,	'2019-05-23'),
(5578,	1,	0,	216,	'2019-05-23'),
(5579,	1,	0,	217,	'2019-05-23'),
(5580,	1,	0,	218,	'2019-05-23'),
(5581,	1,	0,	219,	'2019-05-23'),
(5582,	1,	0,	220,	'2019-05-23'),
(5583,	1,	0,	221,	'2019-05-23'),
(5584,	1,	0,	222,	'2019-05-23'),
(5585,	1,	0,	223,	'2019-05-23'),
(5586,	1,	0,	310,	'2019-05-23'),
(5587,	1,	0,	323,	'2019-05-23'),
(5588,	1,	0,	366,	'2019-05-23'),
(5589,	1,	0,	367,	'2019-05-23'),
(5590,	1,	0,	369,	'2019-05-23'),
(5591,	1,	0,	370,	'2019-05-23'),
(5592,	1,	0,	379,	'2019-05-23'),
(5593,	1,	0,	381,	'2019-05-23'),
(5594,	1,	0,	391,	'2019-05-23'),
(5595,	1,	0,	394,	'2019-05-23'),
(5596,	1,	0,	403,	'2019-05-23'),
(5597,	1,	0,	405,	'2019-05-23'),
(5598,	1,	0,	409,	'2019-05-23'),
(5599,	1,	0,	410,	'2019-05-23'),
(5600,	1,	0,	411,	'2019-05-23'),
(5601,	1,	0,	414,	'2019-05-23'),
(5602,	1,	0,	110,	'2019-05-24'),
(5603,	1,	0,	133,	'2019-05-24'),
(5604,	1,	0,	135,	'2019-05-24'),
(5605,	1,	0,	137,	'2019-05-24'),
(5606,	1,	0,	139,	'2019-05-24'),
(5607,	1,	0,	141,	'2019-05-24'),
(5608,	1,	0,	142,	'2019-05-24'),
(5609,	1,	0,	144,	'2019-05-24'),
(5610,	1,	0,	147,	'2019-05-24'),
(5611,	1,	0,	149,	'2019-05-24'),
(5612,	1,	0,	152,	'2019-05-24'),
(5613,	1,	0,	155,	'2019-05-24'),
(5614,	1,	0,	156,	'2019-05-24'),
(5615,	1,	0,	157,	'2019-05-24'),
(5616,	1,	0,	158,	'2019-05-24'),
(5617,	1,	0,	159,	'2019-05-24'),
(5618,	1,	0,	160,	'2019-05-24'),
(5619,	1,	0,	162,	'2019-05-24'),
(5620,	1,	0,	164,	'2019-05-24'),
(5621,	1,	0,	167,	'2019-05-24'),
(5622,	1,	0,	170,	'2019-05-24'),
(5623,	1,	0,	171,	'2019-05-24'),
(5624,	1,	0,	172,	'2019-05-24'),
(5625,	1,	0,	173,	'2019-05-24'),
(5626,	1,	0,	174,	'2019-05-24'),
(5627,	1,	0,	175,	'2019-05-24'),
(5628,	1,	0,	176,	'2019-05-24'),
(5629,	1,	0,	177,	'2019-05-24'),
(5630,	1,	0,	178,	'2019-05-24'),
(5631,	1,	0,	179,	'2019-05-24'),
(5632,	1,	0,	180,	'2019-05-24'),
(5633,	1,	0,	181,	'2019-05-24'),
(5634,	1,	0,	183,	'2019-05-24'),
(5635,	1,	0,	184,	'2019-05-24'),
(5636,	1,	0,	186,	'2019-05-24'),
(5637,	1,	0,	189,	'2019-05-24'),
(5638,	1,	0,	191,	'2019-05-24'),
(5639,	1,	0,	194,	'2019-05-24'),
(5640,	1,	0,	196,	'2019-05-24'),
(5641,	1,	0,	197,	'2019-05-24'),
(5642,	1,	0,	198,	'2019-05-24'),
(5643,	1,	0,	199,	'2019-05-24'),
(5644,	1,	0,	200,	'2019-05-24'),
(5645,	1,	0,	201,	'2019-05-24'),
(5646,	1,	0,	202,	'2019-05-24'),
(5647,	1,	0,	203,	'2019-05-24'),
(5648,	1,	0,	206,	'2019-05-24'),
(5649,	1,	0,	207,	'2019-05-24'),
(5650,	1,	0,	208,	'2019-05-24'),
(5651,	1,	0,	209,	'2019-05-24'),
(5652,	1,	0,	210,	'2019-05-24'),
(5653,	1,	0,	211,	'2019-05-24'),
(5654,	1,	0,	212,	'2019-05-24'),
(5655,	1,	0,	213,	'2019-05-24'),
(5656,	1,	0,	214,	'2019-05-24'),
(5657,	1,	0,	215,	'2019-05-24'),
(5658,	1,	0,	216,	'2019-05-24'),
(5659,	1,	0,	217,	'2019-05-24'),
(5660,	1,	0,	218,	'2019-05-24'),
(5661,	1,	0,	219,	'2019-05-24'),
(5662,	1,	0,	220,	'2019-05-24'),
(5663,	1,	0,	221,	'2019-05-24'),
(5664,	1,	0,	222,	'2019-05-24'),
(5665,	1,	0,	223,	'2019-05-24'),
(5666,	1,	0,	310,	'2019-05-24'),
(5667,	1,	0,	323,	'2019-05-24'),
(5668,	1,	0,	366,	'2019-05-24'),
(5669,	1,	0,	367,	'2019-05-24'),
(5670,	1,	0,	369,	'2019-05-24'),
(5671,	1,	0,	370,	'2019-05-24'),
(5672,	1,	0,	379,	'2019-05-24'),
(5673,	1,	0,	381,	'2019-05-24'),
(5674,	1,	0,	391,	'2019-05-24'),
(5675,	1,	0,	394,	'2019-05-24'),
(5676,	1,	0,	403,	'2019-05-24'),
(5677,	1,	0,	405,	'2019-05-24'),
(5678,	1,	0,	409,	'2019-05-24'),
(5679,	1,	0,	410,	'2019-05-24'),
(5680,	1,	0,	411,	'2019-05-24'),
(5681,	1,	0,	414,	'2019-05-24'),
(5682,	1,	0,	110,	'2019-05-27'),
(5683,	1,	0,	133,	'2019-05-27'),
(5684,	1,	0,	135,	'2019-05-27'),
(5685,	1,	0,	137,	'2019-05-27'),
(5686,	1,	0,	139,	'2019-05-27'),
(5687,	1,	0,	141,	'2019-05-27'),
(5688,	1,	0,	142,	'2019-05-27'),
(5689,	1,	0,	144,	'2019-05-27'),
(5690,	1,	0,	147,	'2019-05-27'),
(5691,	1,	0,	149,	'2019-05-27'),
(5692,	1,	0,	152,	'2019-05-27'),
(5693,	1,	0,	155,	'2019-05-27'),
(5694,	1,	0,	156,	'2019-05-27'),
(5695,	1,	0,	157,	'2019-05-27'),
(5696,	1,	0,	158,	'2019-05-27'),
(5697,	1,	0,	159,	'2019-05-27'),
(5698,	1,	0,	160,	'2019-05-27'),
(5699,	1,	0,	162,	'2019-05-27'),
(5700,	1,	0,	164,	'2019-05-27'),
(5701,	1,	0,	167,	'2019-05-27'),
(5702,	1,	0,	170,	'2019-05-27'),
(5703,	1,	0,	171,	'2019-05-27'),
(5704,	1,	0,	172,	'2019-05-27'),
(5705,	1,	0,	173,	'2019-05-27'),
(5706,	1,	0,	174,	'2019-05-27'),
(5707,	1,	0,	175,	'2019-05-27'),
(5708,	1,	0,	176,	'2019-05-27'),
(5709,	1,	0,	177,	'2019-05-27'),
(5710,	1,	0,	178,	'2019-05-27'),
(5711,	1,	0,	179,	'2019-05-27'),
(5712,	1,	0,	180,	'2019-05-27'),
(5713,	1,	0,	181,	'2019-05-27'),
(5714,	1,	0,	183,	'2019-05-27'),
(5715,	1,	0,	184,	'2019-05-27'),
(5716,	1,	0,	186,	'2019-05-27'),
(5717,	1,	0,	189,	'2019-05-27'),
(5718,	1,	0,	191,	'2019-05-27'),
(5719,	1,	0,	194,	'2019-05-27'),
(5720,	1,	0,	196,	'2019-05-27'),
(5721,	1,	0,	197,	'2019-05-27'),
(5722,	1,	0,	198,	'2019-05-27'),
(5723,	1,	0,	199,	'2019-05-27'),
(5724,	1,	0,	200,	'2019-05-27'),
(5725,	1,	0,	201,	'2019-05-27'),
(5726,	1,	0,	202,	'2019-05-27'),
(5727,	1,	0,	203,	'2019-05-27'),
(5728,	1,	0,	206,	'2019-05-27'),
(5729,	1,	0,	207,	'2019-05-27'),
(5730,	1,	0,	208,	'2019-05-27'),
(5731,	1,	0,	209,	'2019-05-27'),
(5732,	1,	0,	210,	'2019-05-27'),
(5733,	1,	0,	211,	'2019-05-27'),
(5734,	1,	0,	212,	'2019-05-27'),
(5735,	1,	0,	213,	'2019-05-27'),
(5736,	1,	0,	214,	'2019-05-27'),
(5737,	1,	0,	215,	'2019-05-27'),
(5738,	1,	0,	216,	'2019-05-27'),
(5739,	1,	0,	217,	'2019-05-27'),
(5740,	1,	0,	218,	'2019-05-27'),
(5741,	1,	0,	219,	'2019-05-27'),
(5742,	1,	0,	220,	'2019-05-27'),
(5743,	1,	0,	221,	'2019-05-27'),
(5744,	1,	0,	222,	'2019-05-27'),
(5745,	1,	0,	223,	'2019-05-27'),
(5746,	1,	0,	310,	'2019-05-27'),
(5747,	1,	0,	323,	'2019-05-27'),
(5748,	1,	0,	366,	'2019-05-27'),
(5749,	1,	0,	367,	'2019-05-27'),
(5750,	1,	0,	369,	'2019-05-27'),
(5751,	1,	0,	370,	'2019-05-27'),
(5752,	1,	0,	379,	'2019-05-27'),
(5753,	1,	0,	381,	'2019-05-27'),
(5754,	1,	0,	391,	'2019-05-27'),
(5755,	1,	0,	394,	'2019-05-27'),
(5756,	1,	0,	403,	'2019-05-27'),
(5757,	1,	0,	405,	'2019-05-27'),
(5758,	1,	0,	409,	'2019-05-27'),
(5759,	1,	0,	410,	'2019-05-27'),
(5760,	1,	0,	411,	'2019-05-27'),
(5761,	1,	0,	414,	'2019-05-27'),
(5762,	1,	0,	110,	'2019-05-28'),
(5763,	1,	0,	133,	'2019-05-28'),
(5764,	1,	0,	135,	'2019-05-28'),
(5765,	1,	0,	137,	'2019-05-28'),
(5766,	1,	0,	139,	'2019-05-28'),
(5767,	1,	0,	141,	'2019-05-28'),
(5768,	1,	0,	142,	'2019-05-28'),
(5769,	1,	0,	144,	'2019-05-28'),
(5770,	1,	0,	147,	'2019-05-28'),
(5771,	1,	0,	149,	'2019-05-28'),
(5772,	1,	0,	152,	'2019-05-28'),
(5773,	1,	0,	155,	'2019-05-28'),
(5774,	1,	0,	156,	'2019-05-28'),
(5775,	1,	0,	157,	'2019-05-28'),
(5776,	1,	0,	158,	'2019-05-28'),
(5777,	1,	0,	159,	'2019-05-28'),
(5778,	1,	0,	160,	'2019-05-28'),
(5779,	1,	0,	162,	'2019-05-28'),
(5780,	1,	0,	164,	'2019-05-28'),
(5781,	1,	0,	167,	'2019-05-28'),
(5782,	1,	0,	170,	'2019-05-28'),
(5783,	1,	0,	171,	'2019-05-28'),
(5784,	1,	0,	172,	'2019-05-28'),
(5785,	1,	0,	173,	'2019-05-28'),
(5786,	1,	0,	174,	'2019-05-28'),
(5787,	1,	0,	175,	'2019-05-28'),
(5788,	1,	0,	176,	'2019-05-28'),
(5789,	1,	0,	177,	'2019-05-28'),
(5790,	1,	0,	178,	'2019-05-28'),
(5791,	1,	0,	179,	'2019-05-28'),
(5792,	1,	0,	180,	'2019-05-28'),
(5793,	1,	0,	181,	'2019-05-28'),
(5794,	1,	0,	183,	'2019-05-28'),
(5795,	1,	0,	184,	'2019-05-28'),
(5796,	1,	0,	186,	'2019-05-28'),
(5797,	1,	0,	189,	'2019-05-28'),
(5798,	1,	0,	191,	'2019-05-28'),
(5799,	1,	0,	194,	'2019-05-28'),
(5800,	1,	0,	196,	'2019-05-28'),
(5801,	1,	0,	197,	'2019-05-28'),
(5802,	1,	0,	198,	'2019-05-28'),
(5803,	1,	0,	199,	'2019-05-28'),
(5804,	1,	0,	200,	'2019-05-28'),
(5805,	1,	0,	201,	'2019-05-28'),
(5806,	1,	0,	202,	'2019-05-28'),
(5807,	1,	0,	203,	'2019-05-28'),
(5808,	1,	0,	206,	'2019-05-28'),
(5809,	1,	0,	207,	'2019-05-28'),
(5810,	1,	0,	208,	'2019-05-28'),
(5811,	1,	0,	209,	'2019-05-28'),
(5812,	1,	0,	210,	'2019-05-28'),
(5813,	1,	0,	211,	'2019-05-28'),
(5814,	1,	0,	212,	'2019-05-28'),
(5815,	1,	0,	213,	'2019-05-28'),
(5816,	1,	0,	214,	'2019-05-28'),
(5817,	1,	0,	215,	'2019-05-28'),
(5818,	1,	0,	216,	'2019-05-28'),
(5819,	1,	0,	217,	'2019-05-28'),
(5820,	1,	0,	218,	'2019-05-28'),
(5821,	1,	0,	219,	'2019-05-28'),
(5822,	1,	0,	220,	'2019-05-28'),
(5823,	1,	0,	221,	'2019-05-28'),
(5824,	1,	0,	222,	'2019-05-28'),
(5825,	1,	0,	223,	'2019-05-28'),
(5826,	1,	0,	310,	'2019-05-28'),
(5827,	1,	0,	323,	'2019-05-28'),
(5828,	1,	0,	366,	'2019-05-28'),
(5829,	1,	0,	367,	'2019-05-28'),
(5830,	1,	0,	369,	'2019-05-28'),
(5831,	1,	0,	370,	'2019-05-28'),
(5832,	1,	0,	379,	'2019-05-28'),
(5833,	1,	0,	381,	'2019-05-28'),
(5834,	1,	0,	391,	'2019-05-28'),
(5835,	1,	0,	394,	'2019-05-28'),
(5836,	1,	0,	403,	'2019-05-28'),
(5837,	1,	0,	405,	'2019-05-28'),
(5838,	1,	0,	409,	'2019-05-28'),
(5839,	1,	0,	410,	'2019-05-28'),
(5840,	1,	0,	411,	'2019-05-28'),
(5841,	1,	0,	414,	'2019-05-28'),
(5842,	1,	0,	110,	'2019-05-29'),
(5843,	1,	0,	133,	'2019-05-29'),
(5844,	1,	0,	135,	'2019-05-29'),
(5845,	1,	0,	137,	'2019-05-29'),
(5846,	1,	0,	139,	'2019-05-29'),
(5847,	1,	0,	141,	'2019-05-29'),
(5848,	1,	0,	142,	'2019-05-29'),
(5849,	1,	0,	144,	'2019-05-29'),
(5850,	1,	0,	147,	'2019-05-29'),
(5851,	1,	0,	149,	'2019-05-29'),
(5852,	1,	0,	152,	'2019-05-29'),
(5853,	1,	0,	155,	'2019-05-29'),
(5854,	1,	0,	156,	'2019-05-29'),
(5855,	1,	0,	157,	'2019-05-29'),
(5856,	1,	0,	158,	'2019-05-29'),
(5857,	1,	0,	159,	'2019-05-29'),
(5858,	1,	0,	160,	'2019-05-29'),
(5859,	1,	0,	162,	'2019-05-29'),
(5860,	1,	0,	164,	'2019-05-29'),
(5861,	1,	0,	167,	'2019-05-29'),
(5862,	1,	0,	170,	'2019-05-29'),
(5863,	1,	0,	171,	'2019-05-29'),
(5864,	1,	0,	172,	'2019-05-29'),
(5865,	1,	0,	173,	'2019-05-29'),
(5866,	1,	0,	174,	'2019-05-29'),
(5867,	1,	0,	175,	'2019-05-29'),
(5868,	1,	0,	176,	'2019-05-29'),
(5869,	1,	0,	177,	'2019-05-29'),
(5870,	1,	0,	178,	'2019-05-29'),
(5871,	1,	0,	179,	'2019-05-29'),
(5872,	1,	0,	180,	'2019-05-29'),
(5873,	1,	0,	181,	'2019-05-29'),
(5874,	1,	0,	183,	'2019-05-29'),
(5875,	1,	0,	184,	'2019-05-29'),
(5876,	1,	0,	186,	'2019-05-29'),
(5877,	1,	0,	189,	'2019-05-29'),
(5878,	1,	0,	191,	'2019-05-29'),
(5879,	1,	0,	194,	'2019-05-29'),
(5880,	1,	0,	196,	'2019-05-29'),
(5881,	1,	0,	197,	'2019-05-29'),
(5882,	1,	0,	198,	'2019-05-29'),
(5883,	1,	0,	199,	'2019-05-29'),
(5884,	1,	0,	200,	'2019-05-29'),
(5885,	1,	0,	201,	'2019-05-29'),
(5886,	1,	0,	202,	'2019-05-29'),
(5887,	1,	0,	203,	'2019-05-29'),
(5888,	1,	0,	206,	'2019-05-29'),
(5889,	1,	0,	207,	'2019-05-29'),
(5890,	1,	0,	208,	'2019-05-29'),
(5891,	1,	0,	209,	'2019-05-29'),
(5892,	1,	0,	210,	'2019-05-29'),
(5893,	1,	0,	211,	'2019-05-29'),
(5894,	1,	0,	212,	'2019-05-29'),
(5895,	1,	0,	213,	'2019-05-29'),
(5896,	1,	0,	214,	'2019-05-29'),
(5897,	1,	0,	215,	'2019-05-29'),
(5898,	1,	0,	216,	'2019-05-29'),
(5899,	1,	0,	217,	'2019-05-29'),
(5900,	1,	0,	218,	'2019-05-29'),
(5901,	1,	0,	219,	'2019-05-29'),
(5902,	1,	0,	220,	'2019-05-29'),
(5903,	1,	0,	221,	'2019-05-29'),
(5904,	1,	0,	222,	'2019-05-29'),
(5905,	1,	0,	223,	'2019-05-29'),
(5906,	1,	0,	310,	'2019-05-29'),
(5907,	1,	0,	323,	'2019-05-29'),
(5908,	1,	0,	366,	'2019-05-29'),
(5909,	1,	0,	367,	'2019-05-29'),
(5910,	1,	0,	369,	'2019-05-29'),
(5911,	1,	0,	370,	'2019-05-29'),
(5912,	1,	0,	379,	'2019-05-29'),
(5913,	1,	0,	381,	'2019-05-29'),
(5914,	1,	0,	391,	'2019-05-29'),
(5915,	1,	0,	394,	'2019-05-29'),
(5916,	1,	0,	403,	'2019-05-29'),
(5917,	1,	0,	405,	'2019-05-29'),
(5918,	1,	0,	409,	'2019-05-29'),
(5919,	1,	0,	410,	'2019-05-29'),
(5920,	1,	0,	411,	'2019-05-29'),
(5921,	1,	0,	414,	'2019-05-29'),
(5922,	1,	0,	110,	'2019-05-30'),
(5923,	1,	0,	133,	'2019-05-30'),
(5924,	1,	0,	135,	'2019-05-30'),
(5925,	1,	0,	137,	'2019-05-30'),
(5926,	1,	0,	139,	'2019-05-30'),
(5927,	1,	0,	141,	'2019-05-30'),
(5928,	1,	0,	142,	'2019-05-30'),
(5929,	1,	0,	144,	'2019-05-30'),
(5930,	1,	0,	147,	'2019-05-30'),
(5931,	1,	0,	149,	'2019-05-30'),
(5932,	1,	0,	152,	'2019-05-30'),
(5933,	1,	0,	155,	'2019-05-30'),
(5934,	1,	0,	156,	'2019-05-30'),
(5935,	1,	0,	157,	'2019-05-30'),
(5936,	1,	0,	158,	'2019-05-30'),
(5937,	1,	0,	159,	'2019-05-30'),
(5938,	1,	0,	160,	'2019-05-30'),
(5939,	1,	0,	162,	'2019-05-30'),
(5940,	1,	0,	164,	'2019-05-30'),
(5941,	1,	0,	167,	'2019-05-30'),
(5942,	1,	0,	170,	'2019-05-30'),
(5943,	1,	0,	171,	'2019-05-30'),
(5944,	1,	0,	172,	'2019-05-30'),
(5945,	1,	0,	173,	'2019-05-30'),
(5946,	1,	0,	174,	'2019-05-30'),
(5947,	1,	0,	175,	'2019-05-30'),
(5948,	1,	0,	176,	'2019-05-30'),
(5949,	1,	0,	177,	'2019-05-30'),
(5950,	1,	0,	178,	'2019-05-30'),
(5951,	1,	0,	179,	'2019-05-30'),
(5952,	1,	0,	180,	'2019-05-30'),
(5953,	1,	0,	181,	'2019-05-30'),
(5954,	1,	0,	183,	'2019-05-30'),
(5955,	1,	0,	184,	'2019-05-30'),
(5956,	1,	0,	186,	'2019-05-30'),
(5957,	1,	0,	189,	'2019-05-30'),
(5958,	1,	0,	191,	'2019-05-30'),
(5959,	1,	0,	194,	'2019-05-30'),
(5960,	1,	0,	196,	'2019-05-30'),
(5961,	1,	0,	197,	'2019-05-30'),
(5962,	1,	0,	198,	'2019-05-30'),
(5963,	1,	0,	199,	'2019-05-30'),
(5964,	1,	0,	200,	'2019-05-30'),
(5965,	1,	0,	201,	'2019-05-30'),
(5966,	1,	0,	202,	'2019-05-30'),
(5967,	1,	0,	203,	'2019-05-30'),
(5968,	1,	0,	206,	'2019-05-30'),
(5969,	1,	0,	207,	'2019-05-30'),
(5970,	1,	0,	208,	'2019-05-30'),
(5971,	1,	0,	209,	'2019-05-30'),
(5972,	1,	0,	210,	'2019-05-30'),
(5973,	1,	0,	211,	'2019-05-30'),
(5974,	1,	0,	212,	'2019-05-30'),
(5975,	1,	0,	213,	'2019-05-30'),
(5976,	1,	0,	214,	'2019-05-30'),
(5977,	1,	0,	215,	'2019-05-30'),
(5978,	1,	0,	216,	'2019-05-30'),
(5979,	1,	0,	217,	'2019-05-30'),
(5980,	1,	0,	218,	'2019-05-30'),
(5981,	1,	0,	219,	'2019-05-30'),
(5982,	1,	0,	220,	'2019-05-30'),
(5983,	1,	0,	221,	'2019-05-30'),
(5984,	1,	0,	222,	'2019-05-30'),
(5985,	1,	0,	223,	'2019-05-30'),
(5986,	1,	0,	310,	'2019-05-30'),
(5987,	1,	0,	323,	'2019-05-30'),
(5988,	1,	0,	366,	'2019-05-30'),
(5989,	1,	0,	367,	'2019-05-30'),
(5990,	1,	0,	369,	'2019-05-30'),
(5991,	1,	0,	370,	'2019-05-30'),
(5992,	1,	0,	379,	'2019-05-30'),
(5993,	1,	0,	381,	'2019-05-30'),
(5994,	1,	0,	391,	'2019-05-30'),
(5995,	1,	0,	394,	'2019-05-30'),
(5996,	1,	0,	403,	'2019-05-30'),
(5997,	1,	0,	405,	'2019-05-30'),
(5998,	1,	0,	409,	'2019-05-30'),
(5999,	1,	0,	410,	'2019-05-30'),
(6000,	1,	0,	411,	'2019-05-30'),
(6001,	1,	0,	414,	'2019-05-30'),
(6002,	1,	0,	110,	'2019-05-31'),
(6003,	1,	0,	133,	'2019-05-31'),
(6004,	1,	0,	135,	'2019-05-31'),
(6005,	1,	0,	137,	'2019-05-31'),
(6006,	1,	0,	139,	'2019-05-31'),
(6007,	1,	0,	141,	'2019-05-31'),
(6008,	1,	0,	142,	'2019-05-31'),
(6009,	1,	0,	144,	'2019-05-31'),
(6010,	1,	0,	147,	'2019-05-31'),
(6011,	1,	0,	149,	'2019-05-31'),
(6012,	1,	0,	152,	'2019-05-31'),
(6013,	1,	0,	155,	'2019-05-31'),
(6014,	1,	0,	156,	'2019-05-31'),
(6015,	1,	0,	157,	'2019-05-31'),
(6016,	1,	0,	158,	'2019-05-31'),
(6017,	1,	0,	159,	'2019-05-31'),
(6018,	1,	0,	160,	'2019-05-31'),
(6019,	1,	0,	162,	'2019-05-31'),
(6020,	1,	0,	164,	'2019-05-31'),
(6021,	1,	0,	167,	'2019-05-31'),
(6022,	1,	0,	170,	'2019-05-31'),
(6023,	1,	0,	171,	'2019-05-31'),
(6024,	1,	0,	172,	'2019-05-31'),
(6025,	1,	0,	173,	'2019-05-31'),
(6026,	1,	0,	174,	'2019-05-31'),
(6027,	1,	0,	175,	'2019-05-31'),
(6028,	1,	0,	176,	'2019-05-31'),
(6029,	1,	0,	177,	'2019-05-31'),
(6030,	1,	0,	178,	'2019-05-31'),
(6031,	1,	0,	179,	'2019-05-31'),
(6032,	1,	0,	180,	'2019-05-31'),
(6033,	1,	0,	181,	'2019-05-31'),
(6034,	1,	0,	183,	'2019-05-31'),
(6035,	1,	0,	184,	'2019-05-31'),
(6036,	1,	0,	186,	'2019-05-31'),
(6037,	1,	0,	189,	'2019-05-31'),
(6038,	1,	0,	191,	'2019-05-31'),
(6039,	1,	0,	194,	'2019-05-31'),
(6040,	1,	0,	196,	'2019-05-31'),
(6041,	1,	0,	197,	'2019-05-31'),
(6042,	1,	0,	198,	'2019-05-31'),
(6043,	1,	0,	199,	'2019-05-31'),
(6044,	1,	0,	200,	'2019-05-31'),
(6045,	1,	0,	201,	'2019-05-31'),
(6046,	1,	0,	202,	'2019-05-31'),
(6047,	1,	0,	203,	'2019-05-31'),
(6048,	1,	0,	206,	'2019-05-31'),
(6049,	1,	0,	207,	'2019-05-31'),
(6050,	1,	0,	208,	'2019-05-31'),
(6051,	1,	0,	209,	'2019-05-31'),
(6052,	1,	0,	210,	'2019-05-31'),
(6053,	1,	0,	211,	'2019-05-31'),
(6054,	1,	0,	212,	'2019-05-31'),
(6055,	1,	0,	213,	'2019-05-31'),
(6056,	1,	0,	214,	'2019-05-31'),
(6057,	1,	0,	215,	'2019-05-31'),
(6058,	1,	0,	216,	'2019-05-31'),
(6059,	1,	0,	217,	'2019-05-31'),
(6060,	1,	0,	218,	'2019-05-31'),
(6061,	1,	0,	219,	'2019-05-31'),
(6062,	1,	0,	220,	'2019-05-31'),
(6063,	1,	0,	221,	'2019-05-31'),
(6064,	1,	0,	222,	'2019-05-31'),
(6065,	1,	0,	223,	'2019-05-31'),
(6066,	1,	0,	310,	'2019-05-31'),
(6067,	1,	0,	323,	'2019-05-31'),
(6068,	1,	0,	366,	'2019-05-31'),
(6069,	1,	0,	367,	'2019-05-31'),
(6070,	1,	0,	369,	'2019-05-31'),
(6071,	1,	0,	370,	'2019-05-31'),
(6072,	1,	0,	379,	'2019-05-31'),
(6073,	1,	0,	381,	'2019-05-31'),
(6074,	1,	0,	391,	'2019-05-31'),
(6075,	1,	0,	394,	'2019-05-31'),
(6076,	1,	0,	403,	'2019-05-31'),
(6077,	1,	0,	405,	'2019-05-31'),
(6078,	1,	0,	409,	'2019-05-31'),
(6079,	1,	0,	410,	'2019-05-31'),
(6080,	1,	0,	411,	'2019-05-31'),
(6081,	1,	0,	414,	'2019-05-31'),
(6082,	1,	0,	110,	'2019-06-03'),
(6083,	1,	0,	133,	'2019-06-03'),
(6084,	1,	0,	135,	'2019-06-03'),
(6085,	1,	0,	137,	'2019-06-03'),
(6086,	1,	0,	139,	'2019-06-03'),
(6087,	1,	0,	141,	'2019-06-03'),
(6088,	1,	0,	142,	'2019-06-03'),
(6089,	1,	0,	144,	'2019-06-03'),
(6090,	1,	0,	147,	'2019-06-03'),
(6091,	1,	0,	149,	'2019-06-03'),
(6092,	1,	0,	152,	'2019-06-03'),
(6093,	1,	0,	155,	'2019-06-03'),
(6094,	1,	0,	156,	'2019-06-03'),
(6095,	1,	0,	157,	'2019-06-03'),
(6096,	1,	0,	158,	'2019-06-03'),
(6097,	1,	0,	159,	'2019-06-03'),
(6098,	1,	0,	160,	'2019-06-03'),
(6099,	1,	0,	162,	'2019-06-03'),
(6100,	1,	0,	164,	'2019-06-03'),
(6101,	1,	0,	167,	'2019-06-03'),
(6102,	1,	0,	170,	'2019-06-03'),
(6103,	1,	0,	171,	'2019-06-03'),
(6104,	1,	0,	172,	'2019-06-03'),
(6105,	1,	0,	173,	'2019-06-03'),
(6106,	1,	0,	174,	'2019-06-03'),
(6107,	1,	0,	175,	'2019-06-03'),
(6108,	1,	0,	176,	'2019-06-03'),
(6109,	1,	0,	177,	'2019-06-03'),
(6110,	1,	0,	178,	'2019-06-03'),
(6111,	1,	0,	179,	'2019-06-03'),
(6112,	1,	0,	180,	'2019-06-03'),
(6113,	1,	0,	181,	'2019-06-03'),
(6114,	1,	0,	183,	'2019-06-03'),
(6115,	1,	0,	184,	'2019-06-03'),
(6116,	1,	0,	186,	'2019-06-03'),
(6117,	1,	0,	189,	'2019-06-03'),
(6118,	1,	0,	191,	'2019-06-03'),
(6119,	1,	0,	194,	'2019-06-03'),
(6120,	1,	0,	196,	'2019-06-03'),
(6121,	1,	0,	197,	'2019-06-03'),
(6122,	1,	0,	198,	'2019-06-03'),
(6123,	1,	0,	199,	'2019-06-03'),
(6124,	1,	0,	200,	'2019-06-03'),
(6125,	1,	0,	201,	'2019-06-03'),
(6126,	1,	0,	202,	'2019-06-03'),
(6127,	1,	0,	203,	'2019-06-03'),
(6128,	1,	0,	206,	'2019-06-03'),
(6129,	1,	0,	207,	'2019-06-03'),
(6130,	1,	0,	208,	'2019-06-03'),
(6131,	1,	0,	209,	'2019-06-03'),
(6132,	1,	0,	210,	'2019-06-03'),
(6133,	1,	0,	211,	'2019-06-03'),
(6134,	1,	0,	212,	'2019-06-03'),
(6135,	1,	0,	213,	'2019-06-03'),
(6136,	1,	0,	214,	'2019-06-03'),
(6137,	1,	0,	215,	'2019-06-03'),
(6138,	1,	0,	216,	'2019-06-03'),
(6139,	1,	0,	217,	'2019-06-03'),
(6140,	1,	0,	218,	'2019-06-03'),
(6141,	1,	0,	219,	'2019-06-03'),
(6142,	1,	0,	220,	'2019-06-03'),
(6143,	1,	0,	221,	'2019-06-03'),
(6144,	1,	0,	222,	'2019-06-03'),
(6145,	1,	0,	223,	'2019-06-03'),
(6146,	1,	0,	310,	'2019-06-03'),
(6147,	1,	0,	323,	'2019-06-03'),
(6148,	1,	0,	366,	'2019-06-03'),
(6149,	1,	0,	367,	'2019-06-03'),
(6150,	1,	0,	369,	'2019-06-03'),
(6151,	1,	0,	370,	'2019-06-03'),
(6152,	1,	0,	379,	'2019-06-03'),
(6153,	1,	0,	381,	'2019-06-03'),
(6154,	1,	0,	391,	'2019-06-03'),
(6155,	1,	0,	394,	'2019-06-03'),
(6156,	1,	0,	403,	'2019-06-03'),
(6157,	1,	0,	405,	'2019-06-03'),
(6158,	1,	0,	409,	'2019-06-03'),
(6159,	1,	0,	410,	'2019-06-03'),
(6160,	1,	0,	411,	'2019-06-03'),
(6161,	1,	0,	414,	'2019-06-03'),
(6162,	1,	0,	110,	'2019-06-04'),
(6163,	1,	0,	133,	'2019-06-04'),
(6164,	1,	0,	135,	'2019-06-04'),
(6165,	1,	0,	137,	'2019-06-04'),
(6166,	1,	0,	139,	'2019-06-04'),
(6167,	1,	0,	141,	'2019-06-04'),
(6168,	1,	0,	142,	'2019-06-04'),
(6169,	1,	0,	144,	'2019-06-04'),
(6170,	1,	0,	147,	'2019-06-04'),
(6171,	1,	0,	149,	'2019-06-04'),
(6172,	1,	0,	152,	'2019-06-04'),
(6173,	1,	0,	155,	'2019-06-04'),
(6174,	1,	0,	156,	'2019-06-04'),
(6175,	1,	0,	157,	'2019-06-04'),
(6176,	1,	0,	158,	'2019-06-04'),
(6177,	1,	0,	159,	'2019-06-04'),
(6178,	1,	0,	160,	'2019-06-04'),
(6179,	1,	0,	162,	'2019-06-04'),
(6180,	1,	0,	164,	'2019-06-04'),
(6181,	1,	0,	167,	'2019-06-04'),
(6182,	1,	0,	170,	'2019-06-04'),
(6183,	1,	0,	171,	'2019-06-04'),
(6184,	1,	0,	172,	'2019-06-04'),
(6185,	1,	0,	173,	'2019-06-04'),
(6186,	1,	0,	174,	'2019-06-04'),
(6187,	1,	0,	175,	'2019-06-04'),
(6188,	1,	0,	176,	'2019-06-04'),
(6189,	1,	0,	177,	'2019-06-04'),
(6190,	1,	0,	178,	'2019-06-04'),
(6191,	1,	0,	179,	'2019-06-04'),
(6192,	1,	0,	180,	'2019-06-04'),
(6193,	1,	0,	181,	'2019-06-04'),
(6194,	1,	0,	183,	'2019-06-04'),
(6195,	1,	0,	184,	'2019-06-04'),
(6196,	1,	0,	186,	'2019-06-04'),
(6197,	1,	0,	189,	'2019-06-04'),
(6198,	1,	0,	191,	'2019-06-04'),
(6199,	1,	0,	194,	'2019-06-04'),
(6200,	1,	0,	196,	'2019-06-04'),
(6201,	1,	0,	197,	'2019-06-04'),
(6202,	1,	0,	198,	'2019-06-04'),
(6203,	1,	0,	199,	'2019-06-04'),
(6204,	1,	0,	200,	'2019-06-04'),
(6205,	1,	0,	201,	'2019-06-04'),
(6206,	1,	0,	202,	'2019-06-04'),
(6207,	1,	0,	203,	'2019-06-04'),
(6208,	1,	0,	206,	'2019-06-04'),
(6209,	1,	0,	207,	'2019-06-04'),
(6210,	1,	0,	208,	'2019-06-04'),
(6211,	1,	0,	209,	'2019-06-04'),
(6212,	1,	0,	210,	'2019-06-04'),
(6213,	1,	0,	211,	'2019-06-04'),
(6214,	1,	0,	212,	'2019-06-04'),
(6215,	1,	0,	213,	'2019-06-04'),
(6216,	1,	0,	214,	'2019-06-04'),
(6217,	1,	0,	215,	'2019-06-04'),
(6218,	1,	0,	216,	'2019-06-04'),
(6219,	1,	0,	217,	'2019-06-04'),
(6220,	1,	0,	218,	'2019-06-04'),
(6221,	1,	0,	219,	'2019-06-04'),
(6222,	1,	0,	220,	'2019-06-04'),
(6223,	1,	0,	221,	'2019-06-04'),
(6224,	1,	0,	222,	'2019-06-04'),
(6225,	1,	0,	223,	'2019-06-04'),
(6226,	1,	0,	310,	'2019-06-04'),
(6227,	1,	0,	323,	'2019-06-04'),
(6228,	1,	0,	366,	'2019-06-04'),
(6229,	1,	0,	367,	'2019-06-04'),
(6230,	1,	0,	369,	'2019-06-04'),
(6231,	1,	0,	370,	'2019-06-04'),
(6232,	1,	0,	379,	'2019-06-04'),
(6233,	1,	0,	381,	'2019-06-04'),
(6234,	1,	0,	391,	'2019-06-04'),
(6235,	1,	0,	394,	'2019-06-04'),
(6236,	1,	0,	403,	'2019-06-04'),
(6237,	1,	0,	405,	'2019-06-04'),
(6238,	1,	0,	409,	'2019-06-04'),
(6239,	1,	0,	410,	'2019-06-04'),
(6240,	1,	0,	411,	'2019-06-04'),
(6241,	1,	0,	414,	'2019-06-04'),
(6242,	1,	0,	110,	'2019-06-06'),
(6243,	1,	0,	133,	'2019-06-06'),
(6244,	1,	0,	135,	'2019-06-06'),
(6245,	1,	0,	137,	'2019-06-06'),
(6246,	1,	0,	139,	'2019-06-06'),
(6247,	1,	0,	141,	'2019-06-06'),
(6248,	1,	0,	142,	'2019-06-06'),
(6249,	1,	0,	144,	'2019-06-06'),
(6250,	1,	0,	147,	'2019-06-06'),
(6251,	1,	0,	149,	'2019-06-06'),
(6252,	1,	0,	152,	'2019-06-06'),
(6253,	1,	0,	155,	'2019-06-06'),
(6254,	1,	0,	156,	'2019-06-06'),
(6255,	1,	0,	157,	'2019-06-06'),
(6256,	1,	0,	158,	'2019-06-06'),
(6257,	1,	0,	159,	'2019-06-06'),
(6258,	1,	0,	160,	'2019-06-06'),
(6259,	1,	0,	162,	'2019-06-06'),
(6260,	1,	0,	164,	'2019-06-06'),
(6261,	1,	0,	167,	'2019-06-06'),
(6262,	1,	0,	170,	'2019-06-06'),
(6263,	1,	0,	171,	'2019-06-06'),
(6264,	1,	0,	172,	'2019-06-06'),
(6265,	1,	0,	173,	'2019-06-06'),
(6266,	1,	0,	174,	'2019-06-06'),
(6267,	1,	0,	175,	'2019-06-06'),
(6268,	1,	0,	176,	'2019-06-06'),
(6269,	1,	0,	177,	'2019-06-06'),
(6270,	1,	0,	178,	'2019-06-06'),
(6271,	1,	0,	179,	'2019-06-06'),
(6272,	1,	0,	180,	'2019-06-06'),
(6273,	1,	0,	181,	'2019-06-06'),
(6274,	1,	0,	183,	'2019-06-06'),
(6275,	1,	0,	184,	'2019-06-06'),
(6276,	1,	0,	186,	'2019-06-06'),
(6277,	1,	0,	189,	'2019-06-06'),
(6278,	1,	0,	191,	'2019-06-06'),
(6279,	1,	0,	194,	'2019-06-06'),
(6280,	1,	0,	196,	'2019-06-06'),
(6281,	1,	0,	197,	'2019-06-06'),
(6282,	1,	0,	198,	'2019-06-06'),
(6283,	1,	0,	199,	'2019-06-06'),
(6284,	1,	0,	200,	'2019-06-06'),
(6285,	1,	0,	201,	'2019-06-06'),
(6286,	1,	0,	202,	'2019-06-06'),
(6287,	1,	0,	203,	'2019-06-06'),
(6288,	1,	0,	206,	'2019-06-06'),
(6289,	1,	0,	207,	'2019-06-06'),
(6290,	1,	0,	208,	'2019-06-06'),
(6291,	1,	0,	209,	'2019-06-06'),
(6292,	1,	0,	210,	'2019-06-06'),
(6293,	1,	0,	211,	'2019-06-06'),
(6294,	1,	0,	212,	'2019-06-06'),
(6295,	1,	0,	213,	'2019-06-06'),
(6296,	1,	0,	214,	'2019-06-06'),
(6297,	1,	0,	215,	'2019-06-06'),
(6298,	1,	0,	216,	'2019-06-06'),
(6299,	1,	0,	217,	'2019-06-06'),
(6300,	1,	0,	218,	'2019-06-06'),
(6301,	1,	0,	219,	'2019-06-06'),
(6302,	1,	0,	220,	'2019-06-06'),
(6303,	1,	0,	221,	'2019-06-06'),
(6304,	1,	0,	222,	'2019-06-06'),
(6305,	1,	0,	223,	'2019-06-06'),
(6306,	1,	0,	310,	'2019-06-06'),
(6307,	1,	0,	323,	'2019-06-06'),
(6308,	1,	0,	366,	'2019-06-06'),
(6309,	1,	0,	367,	'2019-06-06'),
(6310,	1,	0,	369,	'2019-06-06'),
(6311,	1,	0,	370,	'2019-06-06'),
(6312,	1,	0,	379,	'2019-06-06'),
(6313,	1,	0,	381,	'2019-06-06'),
(6314,	1,	0,	391,	'2019-06-06'),
(6315,	1,	0,	394,	'2019-06-06'),
(6316,	1,	0,	403,	'2019-06-06'),
(6317,	1,	0,	405,	'2019-06-06'),
(6318,	1,	0,	409,	'2019-06-06'),
(6319,	1,	0,	410,	'2019-06-06'),
(6320,	1,	0,	411,	'2019-06-06'),
(6321,	1,	0,	414,	'2019-06-06'),
(6322,	1,	0,	110,	'2019-06-07'),
(6323,	1,	0,	133,	'2019-06-07'),
(6324,	1,	0,	135,	'2019-06-07'),
(6325,	1,	0,	137,	'2019-06-07'),
(6326,	1,	0,	139,	'2019-06-07'),
(6327,	1,	0,	141,	'2019-06-07'),
(6328,	1,	0,	142,	'2019-06-07'),
(6329,	1,	0,	144,	'2019-06-07'),
(6330,	1,	0,	147,	'2019-06-07'),
(6331,	1,	0,	149,	'2019-06-07'),
(6332,	1,	0,	152,	'2019-06-07'),
(6333,	1,	0,	155,	'2019-06-07'),
(6334,	1,	0,	156,	'2019-06-07'),
(6335,	1,	0,	157,	'2019-06-07'),
(6336,	1,	0,	158,	'2019-06-07'),
(6337,	1,	0,	159,	'2019-06-07'),
(6338,	1,	0,	160,	'2019-06-07'),
(6339,	1,	0,	162,	'2019-06-07'),
(6340,	1,	0,	164,	'2019-06-07'),
(6341,	1,	0,	167,	'2019-06-07'),
(6342,	1,	0,	170,	'2019-06-07'),
(6343,	1,	0,	171,	'2019-06-07'),
(6344,	1,	0,	172,	'2019-06-07'),
(6345,	1,	0,	173,	'2019-06-07'),
(6346,	1,	0,	174,	'2019-06-07'),
(6347,	1,	0,	175,	'2019-06-07'),
(6348,	1,	0,	176,	'2019-06-07'),
(6349,	1,	0,	177,	'2019-06-07'),
(6350,	1,	0,	178,	'2019-06-07'),
(6351,	1,	0,	179,	'2019-06-07'),
(6352,	1,	0,	180,	'2019-06-07'),
(6353,	1,	0,	181,	'2019-06-07'),
(6354,	1,	0,	183,	'2019-06-07'),
(6355,	1,	0,	184,	'2019-06-07'),
(6356,	1,	0,	186,	'2019-06-07'),
(6357,	1,	0,	189,	'2019-06-07'),
(6358,	1,	0,	191,	'2019-06-07'),
(6359,	1,	0,	194,	'2019-06-07'),
(6360,	1,	0,	196,	'2019-06-07'),
(6361,	1,	0,	197,	'2019-06-07'),
(6362,	1,	0,	198,	'2019-06-07'),
(6363,	1,	0,	199,	'2019-06-07'),
(6364,	1,	0,	200,	'2019-06-07'),
(6365,	1,	0,	201,	'2019-06-07'),
(6366,	1,	0,	202,	'2019-06-07'),
(6367,	1,	0,	203,	'2019-06-07'),
(6368,	1,	0,	206,	'2019-06-07'),
(6369,	1,	0,	207,	'2019-06-07'),
(6370,	1,	0,	208,	'2019-06-07'),
(6371,	1,	0,	209,	'2019-06-07'),
(6372,	1,	0,	210,	'2019-06-07'),
(6373,	1,	0,	211,	'2019-06-07'),
(6374,	1,	0,	212,	'2019-06-07'),
(6375,	1,	0,	213,	'2019-06-07'),
(6376,	1,	0,	214,	'2019-06-07'),
(6377,	1,	0,	215,	'2019-06-07'),
(6378,	1,	0,	216,	'2019-06-07'),
(6379,	1,	0,	217,	'2019-06-07'),
(6380,	1,	0,	218,	'2019-06-07'),
(6381,	1,	0,	219,	'2019-06-07'),
(6382,	1,	0,	220,	'2019-06-07'),
(6383,	1,	0,	221,	'2019-06-07'),
(6384,	1,	0,	222,	'2019-06-07'),
(6385,	1,	0,	223,	'2019-06-07'),
(6386,	1,	0,	310,	'2019-06-07'),
(6387,	1,	0,	323,	'2019-06-07'),
(6388,	1,	0,	366,	'2019-06-07'),
(6389,	1,	0,	367,	'2019-06-07'),
(6390,	1,	0,	369,	'2019-06-07'),
(6391,	1,	0,	370,	'2019-06-07'),
(6392,	1,	0,	379,	'2019-06-07'),
(6393,	1,	0,	381,	'2019-06-07'),
(6394,	1,	0,	391,	'2019-06-07'),
(6395,	1,	0,	394,	'2019-06-07'),
(6396,	1,	0,	403,	'2019-06-07'),
(6397,	1,	0,	405,	'2019-06-07'),
(6398,	1,	0,	409,	'2019-06-07'),
(6399,	1,	0,	410,	'2019-06-07'),
(6400,	1,	0,	411,	'2019-06-07'),
(6401,	1,	0,	414,	'2019-06-07'),
(6402,	1,	0,	110,	'2019-06-28'),
(6403,	1,	0,	133,	'2019-06-28'),
(6404,	1,	0,	135,	'2019-06-28'),
(6405,	1,	0,	137,	'2019-06-28'),
(6406,	1,	0,	139,	'2019-06-28'),
(6407,	1,	0,	141,	'2019-06-28'),
(6408,	1,	0,	142,	'2019-06-28'),
(6409,	1,	0,	144,	'2019-06-28'),
(6410,	1,	0,	147,	'2019-06-28'),
(6411,	1,	0,	149,	'2019-06-28'),
(6412,	1,	0,	152,	'2019-06-28'),
(6413,	1,	0,	155,	'2019-06-28'),
(6414,	1,	0,	156,	'2019-06-28'),
(6415,	1,	0,	157,	'2019-06-28'),
(6416,	1,	0,	158,	'2019-06-28'),
(6417,	1,	0,	159,	'2019-06-28'),
(6418,	1,	0,	160,	'2019-06-28'),
(6419,	1,	0,	162,	'2019-06-28'),
(6420,	1,	0,	164,	'2019-06-28'),
(6421,	1,	0,	167,	'2019-06-28'),
(6422,	1,	0,	170,	'2019-06-28'),
(6423,	1,	0,	171,	'2019-06-28'),
(6424,	1,	0,	172,	'2019-06-28'),
(6425,	1,	0,	173,	'2019-06-28'),
(6426,	1,	0,	174,	'2019-06-28'),
(6427,	1,	0,	175,	'2019-06-28'),
(6428,	1,	0,	176,	'2019-06-28'),
(6429,	1,	0,	177,	'2019-06-28'),
(6430,	1,	0,	178,	'2019-06-28'),
(6431,	1,	0,	179,	'2019-06-28'),
(6432,	1,	0,	180,	'2019-06-28'),
(6433,	1,	0,	181,	'2019-06-28'),
(6434,	1,	0,	183,	'2019-06-28'),
(6435,	1,	0,	184,	'2019-06-28'),
(6436,	1,	0,	186,	'2019-06-28'),
(6437,	1,	0,	189,	'2019-06-28'),
(6438,	1,	0,	191,	'2019-06-28'),
(6439,	1,	0,	194,	'2019-06-28'),
(6440,	1,	0,	196,	'2019-06-28'),
(6441,	1,	0,	197,	'2019-06-28'),
(6442,	1,	0,	198,	'2019-06-28'),
(6443,	1,	0,	199,	'2019-06-28'),
(6444,	1,	0,	200,	'2019-06-28'),
(6445,	1,	0,	201,	'2019-06-28'),
(6446,	1,	0,	202,	'2019-06-28'),
(6447,	1,	0,	203,	'2019-06-28'),
(6448,	1,	0,	206,	'2019-06-28'),
(6449,	1,	0,	207,	'2019-06-28'),
(6450,	1,	0,	208,	'2019-06-28'),
(6451,	1,	0,	209,	'2019-06-28'),
(6452,	1,	0,	210,	'2019-06-28'),
(6453,	1,	0,	211,	'2019-06-28'),
(6454,	1,	0,	212,	'2019-06-28'),
(6455,	1,	0,	213,	'2019-06-28'),
(6456,	1,	0,	214,	'2019-06-28'),
(6457,	1,	0,	215,	'2019-06-28'),
(6458,	1,	0,	216,	'2019-06-28'),
(6459,	1,	0,	217,	'2019-06-28'),
(6460,	1,	0,	218,	'2019-06-28'),
(6461,	1,	0,	219,	'2019-06-28'),
(6462,	1,	0,	220,	'2019-06-28'),
(6463,	1,	0,	221,	'2019-06-28'),
(6464,	1,	0,	222,	'2019-06-28'),
(6465,	1,	0,	223,	'2019-06-28'),
(6466,	1,	0,	310,	'2019-06-28'),
(6467,	1,	0,	323,	'2019-06-28'),
(6468,	1,	0,	366,	'2019-06-28'),
(6469,	1,	0,	367,	'2019-06-28'),
(6470,	1,	0,	369,	'2019-06-28'),
(6471,	1,	0,	370,	'2019-06-28'),
(6472,	1,	0,	379,	'2019-06-28'),
(6473,	1,	0,	381,	'2019-06-28'),
(6474,	1,	0,	391,	'2019-06-28'),
(6475,	1,	0,	394,	'2019-06-28'),
(6476,	1,	0,	403,	'2019-06-28'),
(6477,	1,	0,	405,	'2019-06-28'),
(6478,	1,	0,	409,	'2019-06-28'),
(6479,	1,	0,	410,	'2019-06-28'),
(6480,	1,	0,	411,	'2019-06-28'),
(6481,	1,	0,	414,	'2019-06-28'),
(6482,	1,	1,	8,	'2019-06-11'),
(6483,	1,	0,	9,	'2019-06-11'),
(6484,	1,	1,	10,	'2019-06-11'),
(6485,	1,	0,	11,	'2019-06-11'),
(6486,	1,	1,	12,	'2019-06-11'),
(6487,	1,	0,	13,	'2019-06-11'),
(6488,	1,	0,	14,	'2019-06-11'),
(6489,	1,	0,	15,	'2019-06-11'),
(6490,	1,	0,	16,	'2019-06-11'),
(6491,	1,	0,	17,	'2019-06-11'),
(6492,	1,	0,	23,	'2019-06-11'),
(6493,	1,	0,	337,	'2019-06-11'),
(6494,	1,	0,	417,	'2019-06-11'),
(6495,	1,	1,	312,	'2019-06-11'),
(6496,	1,	1,	314,	'2019-06-11'),
(6497,	1,	1,	316,	'2019-06-11'),
(6498,	1,	1,	317,	'2019-06-11'),
(6499,	1,	2,	318,	'2019-06-11'),
(6500,	1,	2,	319,	'2019-06-11'),
(6501,	1,	2,	320,	'2019-06-11'),
(6502,	1,	1,	321,	'2019-06-11'),
(6503,	1,	0,	322,	'2019-06-11'),
(6504,	1,	0,	324,	'2019-06-11'),
(6505,	1,	0,	326,	'2019-06-11'),
(6506,	1,	0,	327,	'2019-06-11'),
(6507,	1,	0,	328,	'2019-06-11'),
(6508,	1,	0,	330,	'2019-06-11'),
(6509,	1,	0,	333,	'2019-06-11'),
(6510,	1,	0,	335,	'2019-06-11'),
(6511,	1,	0,	336,	'2019-06-11'),
(6512,	1,	0,	338,	'2019-06-11'),
(6513,	1,	0,	339,	'2019-06-11'),
(6514,	1,	0,	340,	'2019-06-11'),
(6515,	1,	0,	341,	'2019-06-11'),
(6516,	1,	0,	342,	'2019-06-11'),
(6517,	1,	0,	343,	'2019-06-11'),
(6518,	1,	0,	344,	'2019-06-11'),
(6519,	1,	0,	345,	'2019-06-11'),
(6520,	1,	0,	347,	'2019-06-11'),
(6521,	1,	0,	348,	'2019-06-11'),
(6522,	1,	0,	349,	'2019-06-11'),
(6523,	1,	0,	350,	'2019-06-11'),
(6524,	1,	0,	351,	'2019-06-11'),
(6525,	1,	0,	352,	'2019-06-11'),
(6526,	1,	0,	353,	'2019-06-11'),
(6527,	1,	0,	354,	'2019-06-11'),
(6528,	1,	0,	355,	'2019-06-11'),
(6529,	1,	0,	356,	'2019-06-11'),
(6530,	1,	0,	357,	'2019-06-11'),
(6531,	1,	0,	358,	'2019-06-11'),
(6532,	1,	0,	359,	'2019-06-11'),
(6533,	1,	0,	360,	'2019-06-11'),
(6534,	1,	0,	361,	'2019-06-11'),
(6535,	1,	0,	362,	'2019-06-11'),
(6536,	1,	0,	363,	'2019-06-11'),
(6537,	1,	0,	364,	'2019-06-11'),
(6538,	1,	0,	365,	'2019-06-11'),
(6539,	1,	0,	372,	'2019-06-11'),
(6540,	1,	0,	374,	'2019-06-11'),
(6541,	1,	0,	375,	'2019-06-11'),
(6542,	1,	0,	376,	'2019-06-11'),
(6543,	1,	0,	380,	'2019-06-11'),
(6544,	1,	0,	412,	'2019-06-11'),
(6545,	1,	0,	312,	'2019-06-10'),
(6546,	1,	0,	314,	'2019-06-10'),
(6547,	1,	0,	316,	'2019-06-10'),
(6548,	1,	0,	317,	'2019-06-10'),
(6549,	1,	0,	318,	'2019-06-10'),
(6550,	2,	0,	319,	'2019-06-10'),
(6551,	1,	0,	320,	'2019-06-10'),
(6552,	1,	0,	321,	'2019-06-10'),
(6553,	1,	0,	322,	'2019-06-10'),
(6554,	1,	0,	324,	'2019-06-10'),
(6555,	1,	0,	326,	'2019-06-10'),
(6556,	1,	0,	327,	'2019-06-10'),
(6557,	1,	0,	328,	'2019-06-10'),
(6558,	1,	0,	330,	'2019-06-10'),
(6559,	2,	0,	333,	'2019-06-10'),
(6560,	2,	0,	335,	'2019-06-10'),
(6561,	1,	0,	336,	'2019-06-10'),
(6562,	0,	0,	338,	'2019-06-10'),
(6563,	0,	0,	339,	'2019-06-10'),
(6564,	0,	0,	340,	'2019-06-10'),
(6565,	0,	0,	341,	'2019-06-10'),
(6566,	0,	0,	342,	'2019-06-10'),
(6567,	0,	0,	343,	'2019-06-10'),
(6568,	0,	0,	344,	'2019-06-10'),
(6569,	0,	0,	345,	'2019-06-10'),
(6570,	0,	0,	347,	'2019-06-10'),
(6571,	0,	0,	348,	'2019-06-10'),
(6572,	0,	0,	349,	'2019-06-10'),
(6573,	0,	0,	350,	'2019-06-10'),
(6574,	0,	0,	351,	'2019-06-10'),
(6575,	0,	0,	352,	'2019-06-10'),
(6576,	0,	0,	353,	'2019-06-10'),
(6577,	0,	0,	354,	'2019-06-10'),
(6578,	0,	0,	355,	'2019-06-10'),
(6579,	0,	0,	356,	'2019-06-10'),
(6580,	0,	0,	357,	'2019-06-10'),
(6581,	0,	0,	358,	'2019-06-10'),
(6582,	0,	0,	359,	'2019-06-10'),
(6583,	0,	0,	360,	'2019-06-10'),
(6584,	0,	0,	361,	'2019-06-10'),
(6585,	0,	0,	362,	'2019-06-10'),
(6586,	0,	0,	363,	'2019-06-10'),
(6587,	0,	0,	364,	'2019-06-10'),
(6588,	0,	0,	365,	'2019-06-10'),
(6589,	0,	0,	372,	'2019-06-10'),
(6590,	0,	0,	374,	'2019-06-10'),
(6591,	0,	0,	375,	'2019-06-10'),
(6592,	0,	0,	376,	'2019-06-10'),
(6593,	0,	0,	380,	'2019-06-10'),
(6594,	0,	0,	412,	'2019-06-10');

CREATE TABLE `book` (
  `book_id` int(11) NOT NULL AUTO_INCREMENT,
  `name` longtext COLLATE utf8_unicode_ci NOT NULL,
  `description` longtext COLLATE utf8_unicode_ci NOT NULL,
  `author` longtext COLLATE utf8_unicode_ci NOT NULL,
  `class_id` longtext COLLATE utf8_unicode_ci NOT NULL,
  `status` longtext COLLATE utf8_unicode_ci NOT NULL,
  `price` longtext COLLATE utf8_unicode_ci NOT NULL,
  PRIMARY KEY (`book_id`)
) ENGINE=InnoDB DEFAULT CHARSET=utf8 COLLATE=utf8_unicode_ci;

INSERT INTO `book` (`book_id`, `name`, `description`, `author`, `class_id`, `status`, `price`) VALUES
(1,	'Test',	'Test',	'Test',	'3',	'available',	'200');

CREATE TABLE `budget` (
  `budget_id` int(100) NOT NULL AUTO_INCREMENT,
  `expense_category_id` int(11) NOT NULL,
  `description` varchar(200) NOT NULL,
  `fy` int(5) NOT NULL,
  `terms_id` int(100) NOT NULL,
  `qty` decimal(10,2) NOT NULL,
  `unitcost` decimal(10,2) NOT NULL,
  `often` int(10) NOT NULL,
  `total` decimal(10,2) NOT NULL,
  `status` int(2) NOT NULL DEFAULT '0' COMMENT '0-new,1-approved,2-declined,3-reinstated',
  `smtp` timestamp NOT NULL DEFAULT CURRENT_TIMESTAMP ON UPDATE CURRENT_TIMESTAMP,
  PRIMARY KEY (`budget_id`),
  KEY `expense_category_id` (`expense_category_id`),
  KEY `terms_id` (`terms_id`),
  CONSTRAINT `budget_ibfk_1` FOREIGN KEY (`expense_category_id`) REFERENCES `expense_category` (`expense_category_id`),
  CONSTRAINT `budget_ibfk_2` FOREIGN KEY (`terms_id`) REFERENCES `terms` (`terms_id`)
) ENGINE=InnoDB DEFAULT CHARSET=latin1;

INSERT INTO `budget` (`budget_id`, `expense_category_id`, `description`, `fy`, `terms_id`, `qty`, `unitcost`, `often`, `total`, `status`, `smtp`) VALUES
(1,	20,	'Construction Loan',	2019,	1,	8.00,	300000.00,	1,	3200000.00,	0,	'2019-05-02 14:13:00'),
(2,	19,	'Electricity bills',	2019,	1,	1.00,	31143.00,	7,	218001.00,	0,	'2019-05-02 14:18:15'),
(3,	9,	'Advertising and promotion',	2019,	1,	1.00,	40000.00,	2,	80000.00,	0,	'2019-05-02 14:20:15'),
(4,	6,	'Balls',	2019,	1,	4.00,	4000.00,	1,	16000.00,	0,	'2019-05-02 14:22:14'),
(5,	6,	'branded sports uniform  for football team',	2019,	1,	15.00,	800.00,	1,	12000.00,	0,	'2019-05-02 14:23:28'),
(6,	6,	'sports ',	2019,	1,	2.00,	6000.00,	1,	12000.00,	0,	'2019-05-02 14:25:39'),
(7,	4,	'Exams',	2019,	1,	1.00,	55000.00,	2,	110000.00,	0,	'2019-05-02 14:33:02'),
(8,	1,	'Salaries',	2019,	2,	2.00,	7500.00,	4,	60000.00,	0,	'2019-06-13 04:36:40'),
(9,	17,	'Matron Wages',	2019,	2,	1.00,	14000.00,	4,	56000.00,	0,	'2019-06-13 04:47:52'),
(10,	2,	'Communication cost',	2019,	2,	1.00,	2000.00,	4,	8000.00,	0,	'2019-06-18 19:22:58'),
(11,	17,	'Matron Salary',	2019,	2,	1.00,	14500.00,	4,	58000.00,	0,	'2019-06-18 19:25:22'),
(12,	1,	'Nursery School Teachers Salaries',	2019,	2,	3.00,	8500.00,	4,	102000.00,	0,	'2019-06-18 20:12:46');

CREATE TABLE `budget_schedule` (
  `budget_schedule_id` int(100) NOT NULL AUTO_INCREMENT,
  `budget_id` int(100) NOT NULL,
  `month` int(10) NOT NULL,
  `amount` decimal(10,2) NOT NULL,
  `stmp` timestamp NOT NULL DEFAULT CURRENT_TIMESTAMP ON UPDATE CURRENT_TIMESTAMP,
  PRIMARY KEY (`budget_schedule_id`),
  KEY `budget_id` (`budget_id`),
  CONSTRAINT `budget_schedule_ibfk_1` FOREIGN KEY (`budget_id`) REFERENCES `budget` (`budget_id`)
) ENGINE=InnoDB DEFAULT CHARSET=latin1;

INSERT INTO `budget_schedule` (`budget_schedule_id`, `budget_id`, `month`, `amount`, `stmp`) VALUES
(1,	1,	1,	266666.67,	'2019-05-02 14:13:01'),
(2,	1,	2,	266666.67,	'2019-05-02 14:13:01'),
(3,	1,	3,	266666.67,	'2019-05-02 14:13:01'),
(4,	1,	4,	266666.67,	'2019-05-02 14:13:01'),
(5,	1,	5,	266666.67,	'2019-05-02 14:13:01'),
(6,	1,	6,	266666.67,	'2019-05-02 14:13:01'),
(7,	1,	7,	266666.67,	'2019-05-02 14:13:01'),
(8,	1,	8,	266666.67,	'2019-05-02 14:13:01'),
(9,	1,	9,	266666.67,	'2019-05-02 14:13:01'),
(10,	1,	10,	266666.67,	'2019-05-02 14:13:01'),
(11,	1,	11,	266666.67,	'2019-05-02 14:13:01'),
(12,	1,	12,	266666.67,	'2019-05-02 14:13:01'),
(13,	2,	1,	0.00,	'2019-05-02 14:18:15'),
(14,	2,	2,	0.00,	'2019-05-02 14:18:15'),
(15,	2,	3,	0.00,	'2019-05-02 14:18:15'),
(16,	2,	4,	0.00,	'2019-05-02 14:18:15'),
(17,	2,	5,	31143.00,	'2019-05-02 14:18:15'),
(18,	2,	6,	31143.00,	'2019-05-02 14:18:15'),
(19,	2,	7,	31143.00,	'2019-05-02 14:18:15'),
(20,	2,	8,	31143.00,	'2019-05-02 14:18:15'),
(21,	2,	9,	31143.00,	'2019-05-02 14:18:15'),
(22,	2,	10,	31143.00,	'2019-05-02 14:18:15'),
(23,	2,	11,	31143.00,	'2019-05-02 14:18:15'),
(24,	2,	12,	0.00,	'2019-05-02 14:18:15'),
(25,	3,	1,	0.00,	'2019-05-02 14:20:15'),
(26,	3,	2,	0.00,	'2019-05-02 14:20:15'),
(27,	3,	3,	0.00,	'2019-05-02 14:20:15'),
(28,	3,	4,	0.00,	'2019-05-02 14:20:15'),
(29,	3,	5,	0.00,	'2019-05-02 14:20:15'),
(30,	3,	6,	0.00,	'2019-05-02 14:20:15'),
(31,	3,	7,	0.00,	'2019-05-02 14:20:15'),
(32,	3,	8,	0.00,	'2019-05-02 14:20:15'),
(33,	3,	9,	0.00,	'2019-05-02 14:20:15'),
(34,	3,	10,	40000.00,	'2019-05-02 14:20:15'),
(35,	3,	11,	40000.00,	'2019-05-02 14:20:15'),
(36,	3,	12,	0.00,	'2019-05-02 14:20:15'),
(37,	4,	1,	0.00,	'2019-05-02 14:22:14'),
(38,	4,	2,	0.00,	'2019-05-02 14:22:14'),
(39,	4,	3,	0.00,	'2019-05-02 14:22:14'),
(40,	4,	4,	0.00,	'2019-05-02 14:22:14'),
(41,	4,	5,	16000.00,	'2019-05-02 14:22:14'),
(42,	4,	6,	0.00,	'2019-05-02 14:22:14'),
(43,	4,	7,	0.00,	'2019-05-02 14:22:14'),
(44,	4,	8,	0.00,	'2019-05-02 14:22:14'),
(45,	4,	9,	0.00,	'2019-05-02 14:22:14'),
(46,	4,	10,	0.00,	'2019-05-02 14:22:14'),
(47,	4,	11,	0.00,	'2019-05-02 14:22:14'),
(48,	4,	12,	0.00,	'2019-05-02 14:22:14'),
(49,	5,	1,	0.00,	'2019-05-02 14:23:30'),
(50,	5,	2,	0.00,	'2019-05-02 14:23:30'),
(51,	5,	3,	0.00,	'2019-05-02 14:23:30'),
(52,	5,	4,	0.00,	'2019-05-02 14:23:30'),
(53,	5,	5,	12000.00,	'2019-05-02 14:23:30'),
(54,	5,	6,	0.00,	'2019-05-02 14:23:30'),
(55,	5,	7,	0.00,	'2019-05-02 14:23:30'),
(56,	5,	8,	0.00,	'2019-05-02 14:23:30'),
(57,	5,	9,	0.00,	'2019-05-02 14:23:30'),
(58,	5,	10,	0.00,	'2019-05-02 14:23:30'),
(59,	5,	11,	0.00,	'2019-05-02 14:23:30'),
(60,	5,	12,	0.00,	'2019-05-02 14:23:30'),
(61,	6,	1,	0.00,	'2019-05-02 14:25:39'),
(62,	6,	2,	0.00,	'2019-05-02 14:25:39'),
(63,	6,	3,	0.00,	'2019-05-02 14:25:39'),
(64,	6,	4,	0.00,	'2019-05-02 14:25:39'),
(65,	6,	5,	0.00,	'2019-05-02 14:25:39'),
(66,	6,	6,	12000.00,	'2019-05-02 14:25:39'),
(67,	6,	7,	0.00,	'2019-05-02 14:25:39'),
(68,	6,	8,	0.00,	'2019-05-02 14:25:39'),
(69,	6,	9,	0.00,	'2019-05-02 14:25:39'),
(70,	6,	10,	0.00,	'2019-05-02 14:25:39'),
(71,	6,	11,	0.00,	'2019-05-02 14:25:39'),
(72,	6,	12,	0.00,	'2019-05-02 14:25:39'),
(73,	7,	1,	0.00,	'2019-05-02 14:33:02'),
(74,	7,	2,	0.00,	'2019-05-02 14:33:02'),
(75,	7,	3,	0.00,	'2019-05-02 14:33:02'),
(76,	7,	4,	0.00,	'2019-05-02 14:33:02'),
(77,	7,	5,	18333.33,	'2019-05-02 14:33:02'),
(78,	7,	6,	18333.33,	'2019-05-02 14:33:02'),
(79,	7,	7,	18333.33,	'2019-05-02 14:33:02'),
(80,	7,	8,	0.00,	'2019-05-02 14:33:02'),
(81,	7,	9,	18333.33,	'2019-05-02 14:33:02'),
(82,	7,	10,	18333.33,	'2019-05-02 14:33:02'),
(83,	7,	11,	18333.33,	'2019-05-02 14:33:02'),
(84,	7,	12,	0.00,	'2019-05-02 14:33:02'),
(85,	8,	1,	15000.00,	'2019-06-13 04:36:40'),
(86,	8,	2,	15000.00,	'2019-06-13 04:36:40'),
(87,	8,	3,	15000.00,	'2019-06-13 04:36:40'),
(88,	8,	4,	15000.00,	'2019-06-13 04:36:40'),
(89,	9,	1,	14000.00,	'2019-06-13 04:47:52'),
(90,	9,	2,	14000.00,	'2019-06-13 04:47:52'),
(91,	9,	3,	14000.00,	'2019-06-13 04:47:52'),
(92,	9,	4,	14000.00,	'2019-06-13 04:47:52'),
(93,	10,	1,	2000.00,	'2019-06-18 19:22:58'),
(94,	10,	2,	2000.00,	'2019-06-18 19:22:58'),
(95,	10,	3,	2000.00,	'2019-06-18 19:22:58'),
(96,	10,	4,	2000.00,	'2019-06-18 19:22:58'),
(97,	11,	1,	14500.00,	'2019-06-18 19:25:22'),
(98,	11,	2,	14500.00,	'2019-06-18 19:25:22'),
(99,	11,	3,	14500.00,	'2019-06-18 19:25:22'),
(100,	11,	4,	14500.00,	'2019-06-18 19:25:22'),
(101,	12,	1,	25500.00,	'2019-06-18 20:12:46'),
(102,	12,	2,	25500.00,	'2019-06-18 20:12:46'),
(103,	12,	3,	25500.00,	'2019-06-18 20:12:46'),
(104,	12,	4,	25500.00,	'2019-06-18 20:12:46');

CREATE TABLE `caregiver` (
  `caregiver_id` int(100) NOT NULL AUTO_INCREMENT,
  `parent_id` int(11) NOT NULL,
  `student_id` int(11) NOT NULL,
  PRIMARY KEY (`caregiver_id`),
  KEY `student_id` (`student_id`),
  KEY `parent_id` (`parent_id`),
  CONSTRAINT `caregiver_ibfk_1` FOREIGN KEY (`student_id`) REFERENCES `student` (`student_id`),
  CONSTRAINT `caregiver_ibfk_2` FOREIGN KEY (`parent_id`) REFERENCES `parent` (`parent_id`)
) ENGINE=InnoDB DEFAULT CHARSET=latin1;

INSERT INTO `caregiver` (`caregiver_id`, `parent_id`, `student_id`) VALUES
(1,	144,	124),
(2,	144,	232),
(3,	254,	315),
(4,	254,	392),
(5,	334,	404);

CREATE TABLE `changelog` (
  `changelog_id` int(100) NOT NULL AUTO_INCREMENT,
  `log_date` date NOT NULL,
  `log_type` int(5) NOT NULL DEFAULT '2' COMMENT '0=unreleased,1=added, 2=changed, 3= deprecated, 4=  removed, 5=fixed, 6= security   ',
  `version` varchar(10) NOT NULL,
  `description` longtext NOT NULL,
  `createddate` timestamp NOT NULL DEFAULT CURRENT_TIMESTAMP ON UPDATE CURRENT_TIMESTAMP,
  PRIMARY KEY (`changelog_id`)
) ENGINE=InnoDB DEFAULT CHARSET=latin1;


CREATE TABLE `ci_sessions` (
  `id` varchar(40) COLLATE utf8_unicode_ci NOT NULL,
  `ip_address` varchar(45) COLLATE utf8_unicode_ci NOT NULL,
  `timestamp` int(10) unsigned NOT NULL DEFAULT '0',
  `data` blob NOT NULL,
  PRIMARY KEY (`id`),
  KEY `ci_sessions_timestamp` (`timestamp`)
) ENGINE=InnoDB DEFAULT CHARSET=utf8 COLLATE=utf8_unicode_ci;

INSERT INTO `ci_sessions` (`id`, `ip_address`, `timestamp`, `data`) VALUES
('02ltm6jh70o9j82uq1ukt8tt8m5r4296',	'::1',	1563996420,	'__ci_last_regenerate|i:1563996420;active_login|s:1:\"1\";login_user_id|s:1:\"1\";login_firstname|s:9:\"Nicodemus\";login_lastname|s:6:\"Karisa\";login_email|s:18:\"nkmwambs@gmail.com\";login_type_id|s:1:\"1\";login_profile|s:1:\"1\";login_type|s:5:\"admin\";profile_id|s:1:\"1\";type_login_user_id|s:1:\"7\";profile|s:11:\"Super Admin\";page_type|s:8:\"settings\";'),
('0ngfcdhq5hju2nk439tgc8ghevfummea',	'::1',	1564127923,	'__ci_last_regenerate|i:1564127923;active_login|s:1:\"1\";login_user_id|s:1:\"1\";login_firstname|s:9:\"Nicodemus\";login_lastname|s:6:\"Karisa\";login_email|s:18:\"nkmwambs@gmail.com\";login_type_id|s:1:\"1\";login_profile|s:1:\"1\";login_type|s:5:\"admin\";profile_id|s:1:\"1\";type_login_user_id|s:1:\"7\";profile|s:11:\"Super Admin\";page_type|s:8:\"approval\";'),
('0o9njap78vbm29jt0gmu010erkjgv8iq',	'::1',	1564120225,	'__ci_last_regenerate|i:1564120225;active_login|s:1:\"1\";login_user_id|s:1:\"1\";login_firstname|s:9:\"Nicodemus\";login_lastname|s:6:\"Karisa\";login_email|s:18:\"nkmwambs@gmail.com\";login_type_id|s:1:\"1\";login_profile|s:1:\"1\";login_type|s:5:\"admin\";profile_id|s:1:\"1\";type_login_user_id|s:1:\"7\";profile|s:11:\"Super Admin\";page_type|s:7:\"finance\";'),
('0r9hjv66svlqarei38beqpjefvc03nur',	'::1',	1564159067,	'__ci_last_regenerate|i:1564159067;active_login|s:1:\"1\";login_user_id|s:1:\"1\";login_firstname|s:9:\"Nicodemus\";login_lastname|s:6:\"Karisa\";login_email|s:18:\"nkmwambs@gmail.com\";login_type_id|s:1:\"1\";login_profile|s:1:\"1\";login_type|s:5:\"admin\";profile_id|s:1:\"1\";type_login_user_id|s:1:\"7\";profile|s:11:\"Super Admin\";page_type|s:13:\"administrator\";flash_message|s:24:\"Comment Added Successful\";__ci_vars|a:1:{s:13:\"flash_message\";s:3:\"old\";}'),
('0uhaguia0la5uca681fl598g057ospi0',	'::1',	1564162937,	'__ci_last_regenerate|i:1564162937;active_login|s:1:\"1\";login_user_id|s:1:\"1\";login_firstname|s:9:\"Nicodemus\";login_lastname|s:6:\"Karisa\";login_email|s:18:\"nkmwambs@gmail.com\";login_type_id|s:1:\"1\";login_profile|s:1:\"1\";login_type|s:5:\"admin\";profile_id|s:1:\"1\";type_login_user_id|s:1:\"7\";profile|s:11:\"Super Admin\";page_type|s:7:\"finance\";flash_message|s:27:\"Invoice Cannot Be Reclaimed\";__ci_vars|a:1:{s:13:\"flash_message\";s:3:\"old\";}'),
('1f21q8dpj3cb6rm2s55f8dilocplfobn',	'::1',	1564124751,	'__ci_last_regenerate|i:1564124751;active_login|s:1:\"1\";login_user_id|s:1:\"1\";login_firstname|s:9:\"Nicodemus\";login_lastname|s:6:\"Karisa\";login_email|s:18:\"nkmwambs@gmail.com\";login_type_id|s:1:\"1\";login_profile|s:1:\"1\";login_type|s:5:\"admin\";profile_id|s:1:\"1\";type_login_user_id|s:1:\"7\";profile|s:11:\"Super Admin\";page_type|s:8:\"approval\";flash_message|s:24:\"Comment Added Successful\";__ci_vars|a:1:{s:13:\"flash_message\";s:3:\"old\";}'),
('1inml4tmgo90mmen0bgan9ko71b58pq0',	'::1',	1564123363,	'__ci_last_regenerate|i:1564123363;active_login|s:1:\"1\";login_user_id|s:1:\"1\";login_firstname|s:9:\"Nicodemus\";login_lastname|s:6:\"Karisa\";login_email|s:18:\"nkmwambs@gmail.com\";login_type_id|s:1:\"1\";login_profile|s:1:\"1\";login_type|s:5:\"admin\";profile_id|s:1:\"1\";type_login_user_id|s:1:\"7\";profile|s:11:\"Super Admin\";page_type|s:8:\"approval\";'),
('1mp342m68fb04tdjk5ci61i8165keqoe',	'::1',	1563992549,	'__ci_last_regenerate|i:1563992549;active_login|s:1:\"1\";login_user_id|s:1:\"1\";login_firstname|s:9:\"Nicodemus\";login_lastname|s:6:\"Karisa\";login_email|s:18:\"nkmwambs@gmail.com\";login_type_id|s:1:\"1\";login_profile|s:1:\"1\";login_type|s:5:\"admin\";profile_id|s:1:\"1\";type_login_user_id|s:1:\"7\";profile|s:11:\"Super Admin\";page_type|s:7:\"finance\";flash_message|s:17:\"Invoice Cancelled\";__ci_vars|a:1:{s:13:\"flash_message\";s:3:\"old\";}'),
('1rlcdh150aj320cu9jjg4ia6agjjncl4',	'::1',	1563999305,	'__ci_last_regenerate|i:1563999305;active_login|s:1:\"1\";login_user_id|s:1:\"1\";login_firstname|s:9:\"Nicodemus\";login_lastname|s:6:\"Karisa\";login_email|s:18:\"nkmwambs@gmail.com\";login_type_id|s:1:\"1\";login_profile|s:1:\"1\";login_type|s:5:\"admin\";profile_id|s:1:\"1\";type_login_user_id|s:1:\"7\";profile|s:11:\"Super Admin\";page_type|s:7:\"finance\";'),
('2369vebkpf90r32unhdsrb4ij6a00opg',	'::1',	1564164172,	'__ci_last_regenerate|i:1564164172;active_login|s:1:\"1\";login_user_id|s:1:\"1\";login_firstname|s:9:\"Nicodemus\";login_lastname|s:6:\"Karisa\";login_email|s:18:\"nkmwambs@gmail.com\";login_type_id|s:1:\"1\";login_profile|s:1:\"1\";login_type|s:5:\"admin\";profile_id|s:1:\"1\";type_login_user_id|s:1:\"7\";profile|s:11:\"Super Admin\";page_type|s:7:\"finance\";'),
('2m7rluh752bbhga7adgh5vc570fgosnr',	'::1',	1564119261,	'__ci_last_regenerate|i:1564119261;active_login|s:1:\"1\";login_user_id|s:1:\"1\";login_firstname|s:9:\"Nicodemus\";login_lastname|s:6:\"Karisa\";login_email|s:18:\"nkmwambs@gmail.com\";login_type_id|s:1:\"1\";login_profile|s:1:\"1\";login_type|s:5:\"admin\";profile_id|s:1:\"1\";type_login_user_id|s:1:\"7\";profile|s:11:\"Super Admin\";page_type|s:7:\"finance\";flash_message|s:17:\"Invoice Cancelled\";__ci_vars|a:1:{s:13:\"flash_message\";s:3:\"old\";}'),
('2svk8n925d91954u9lg2cbgdltgogr7g',	'::1',	1564094642,	'__ci_last_regenerate|i:1564094642;active_login|s:1:\"1\";login_user_id|s:1:\"1\";login_firstname|s:9:\"Nicodemus\";login_lastname|s:6:\"Karisa\";login_email|s:18:\"nkmwambs@gmail.com\";login_type_id|s:1:\"1\";login_profile|s:1:\"1\";login_type|s:5:\"admin\";profile_id|s:1:\"1\";type_login_user_id|s:1:\"7\";profile|s:11:\"Super Admin\";page_type|s:8:\"approval\";'),
('34jcp2fokpffaliv3he90dv22tbhg1if',	'::1',	1564158747,	'__ci_last_regenerate|i:1564158747;active_login|s:1:\"1\";login_user_id|s:1:\"1\";login_firstname|s:9:\"Nicodemus\";login_lastname|s:6:\"Karisa\";login_email|s:18:\"nkmwambs@gmail.com\";login_type_id|s:1:\"1\";login_profile|s:1:\"1\";login_type|s:5:\"admin\";profile_id|s:1:\"1\";type_login_user_id|s:1:\"7\";profile|s:11:\"Super Admin\";page_type|s:13:\"administrator\";flash_message|N;'),
('3eat86hhv7qc5497horuit5i0q980qnh',	'::1',	1564050936,	'__ci_last_regenerate|i:1564050936;active_login|s:1:\"1\";login_user_id|s:1:\"1\";login_firstname|s:9:\"Nicodemus\";login_lastname|s:6:\"Karisa\";login_email|s:18:\"nkmwambs@gmail.com\";login_type_id|s:1:\"1\";login_profile|s:1:\"1\";login_type|s:5:\"admin\";profile_id|s:1:\"1\";type_login_user_id|s:1:\"7\";profile|s:11:\"Super Admin\";page_type|s:7:\"student\";'),
('3i03g2vkv3dl18n6lmncdc0iep80td2b',	'::1',	1564138825,	'__ci_last_regenerate|i:1564138825;active_login|s:1:\"1\";login_user_id|s:1:\"1\";login_firstname|s:9:\"Nicodemus\";login_lastname|s:6:\"Karisa\";login_email|s:18:\"nkmwambs@gmail.com\";login_type_id|s:1:\"1\";login_profile|s:1:\"1\";login_type|s:5:\"admin\";profile_id|s:1:\"1\";type_login_user_id|s:1:\"7\";profile|s:11:\"Super Admin\";page_type|s:7:\"finance\";'),
('3nfdouc54eoa63f0vqfnk8tlp07sdj19',	'::1',	1564086806,	'__ci_last_regenerate|i:1564086806;active_login|s:1:\"1\";login_user_id|s:1:\"1\";login_firstname|s:9:\"Nicodemus\";login_lastname|s:6:\"Karisa\";login_email|s:18:\"nkmwambs@gmail.com\";login_type_id|s:1:\"1\";login_profile|s:1:\"1\";login_type|s:5:\"admin\";profile_id|s:1:\"1\";type_login_user_id|s:1:\"7\";profile|s:11:\"Super Admin\";page_type|s:8:\"approval\";'),
('4dprs3v0tnb5pe9k08bnh0den693ltrm',	'::1',	1564125741,	'__ci_last_regenerate|i:1564125741;active_login|s:1:\"1\";login_user_id|s:1:\"1\";login_firstname|s:9:\"Nicodemus\";login_lastname|s:6:\"Karisa\";login_email|s:18:\"nkmwambs@gmail.com\";login_type_id|s:1:\"1\";login_profile|s:1:\"1\";login_type|s:5:\"admin\";profile_id|s:1:\"1\";type_login_user_id|s:1:\"7\";profile|s:11:\"Super Admin\";page_type|s:8:\"approval\";'),
('4oi6qek363d6um3epukm9j0shgfaijh2',	'::1',	1564096567,	'__ci_last_regenerate|i:1564096567;active_login|s:1:\"1\";login_user_id|s:1:\"1\";login_firstname|s:9:\"Nicodemus\";login_lastname|s:6:\"Karisa\";login_email|s:18:\"nkmwambs@gmail.com\";login_type_id|s:1:\"1\";login_profile|s:1:\"1\";login_type|s:5:\"admin\";profile_id|s:1:\"1\";type_login_user_id|s:1:\"7\";profile|s:11:\"Super Admin\";page_type|s:7:\"finance\";'),
('5dqnvkb9nstslqem2l4hdee9odr4d27s',	'::1',	1564123698,	'__ci_last_regenerate|i:1564123698;active_login|s:1:\"1\";login_user_id|s:1:\"1\";login_firstname|s:9:\"Nicodemus\";login_lastname|s:6:\"Karisa\";login_email|s:18:\"nkmwambs@gmail.com\";login_type_id|s:1:\"1\";login_profile|s:1:\"1\";login_type|s:5:\"admin\";profile_id|s:1:\"1\";type_login_user_id|s:1:\"7\";profile|s:11:\"Super Admin\";page_type|s:8:\"approval\";'),
('5hj7273dnc8484c604d24qm9lbme91p9',	'::1',	1564090388,	'__ci_last_regenerate|i:1564090388;active_login|s:1:\"1\";login_user_id|s:1:\"1\";login_firstname|s:9:\"Nicodemus\";login_lastname|s:6:\"Karisa\";login_email|s:18:\"nkmwambs@gmail.com\";login_type_id|s:1:\"1\";login_profile|s:1:\"1\";login_type|s:5:\"admin\";profile_id|s:1:\"1\";type_login_user_id|s:1:\"7\";profile|s:11:\"Super Admin\";page_type|s:8:\"approval\";'),
('5uvmsu2o92a6blgvt7nl6neign2b36hc',	'::1',	1563994361,	'__ci_last_regenerate|i:1563994361;active_login|s:1:\"1\";login_user_id|s:1:\"1\";login_firstname|s:9:\"Nicodemus\";login_lastname|s:6:\"Karisa\";login_email|s:18:\"nkmwambs@gmail.com\";login_type_id|s:1:\"1\";login_profile|s:1:\"1\";login_type|s:5:\"admin\";profile_id|s:1:\"1\";type_login_user_id|s:1:\"7\";profile|s:11:\"Super Admin\";page_type|s:8:\"settings\";'),
('6055qd43cj409rin531tlvb7l1mli9na',	'::1',	1564142675,	'__ci_last_regenerate|i:1564142675;active_login|s:1:\"1\";login_user_id|s:1:\"1\";login_firstname|s:9:\"Nicodemus\";login_lastname|s:6:\"Karisa\";login_email|s:18:\"nkmwambs@gmail.com\";login_type_id|s:1:\"1\";login_profile|s:1:\"1\";login_type|s:5:\"admin\";profile_id|s:1:\"1\";type_login_user_id|s:1:\"7\";profile|s:11:\"Super Admin\";page_type|s:7:\"finance\";'),
('699t6n5c516h8uv4l4ubuu6n1jula5ie',	'::1',	1564141978,	'__ci_last_regenerate|i:1564141978;active_login|s:1:\"1\";login_user_id|s:1:\"1\";login_firstname|s:9:\"Nicodemus\";login_lastname|s:6:\"Karisa\";login_email|s:18:\"nkmwambs@gmail.com\";login_type_id|s:1:\"1\";login_profile|s:1:\"1\";login_type|s:5:\"admin\";profile_id|s:1:\"1\";type_login_user_id|s:1:\"7\";profile|s:11:\"Super Admin\";page_type|s:7:\"finance\";flash_message|s:17:\"Invoice Reclaimed\";__ci_vars|a:1:{s:13:\"flash_message\";s:3:\"old\";}'),
('6bdrkp1kqsc84ca1sokf4itip5gh89f2',	'::1',	1564122548,	'__ci_last_regenerate|i:1564122548;active_login|s:1:\"1\";login_user_id|s:1:\"1\";login_firstname|s:9:\"Nicodemus\";login_lastname|s:6:\"Karisa\";login_email|s:18:\"nkmwambs@gmail.com\";login_type_id|s:1:\"1\";login_profile|s:1:\"1\";login_type|s:5:\"admin\";profile_id|s:1:\"1\";type_login_user_id|s:1:\"7\";profile|s:11:\"Super Admin\";page_type|s:8:\"approval\";'),
('6lgpjsof944ipi7dh3sgakd49ivhhjs6',	'::1',	1564091603,	'__ci_last_regenerate|i:1564091603;active_login|s:1:\"1\";login_user_id|s:1:\"1\";login_firstname|s:9:\"Nicodemus\";login_lastname|s:6:\"Karisa\";login_email|s:18:\"nkmwambs@gmail.com\";login_type_id|s:1:\"1\";login_profile|s:1:\"1\";login_type|s:5:\"admin\";profile_id|s:1:\"1\";type_login_user_id|s:1:\"7\";profile|s:11:\"Super Admin\";page_type|s:8:\"approval\";'),
('6vnces6k06509ljqu4q940kovhb72n4n',	'::1',	1564051629,	'__ci_last_regenerate|i:1564051629;active_login|s:1:\"1\";login_user_id|s:1:\"1\";login_firstname|s:9:\"Nicodemus\";login_lastname|s:6:\"Karisa\";login_email|s:18:\"nkmwambs@gmail.com\";login_type_id|s:1:\"1\";login_profile|s:1:\"1\";login_type|s:5:\"admin\";profile_id|s:1:\"1\";type_login_user_id|s:1:\"7\";profile|s:11:\"Super Admin\";page_type|s:7:\"student\";flash_message|s:17:\"Action Successful\";__ci_vars|a:1:{s:13:\"flash_message\";s:3:\"old\";}'),
('7bi771mfpd2st732crmlj8r8gojtkdv5',	'::1',	1564144433,	'__ci_last_regenerate|i:1564144417;active_login|s:1:\"1\";login_user_id|s:1:\"1\";login_firstname|s:9:\"Nicodemus\";login_lastname|s:6:\"Karisa\";login_email|s:18:\"nkmwambs@gmail.com\";login_type_id|s:1:\"1\";login_profile|s:1:\"1\";login_type|s:5:\"admin\";profile_id|s:1:\"1\";type_login_user_id|s:1:\"7\";profile|s:11:\"Super Admin\";page_type|s:8:\"approval\";'),
('7c0mq4rvku6ek66qjqscojc732jr5po1',	'::1',	1564135063,	'__ci_last_regenerate|i:1564135063;active_login|s:1:\"1\";login_user_id|s:1:\"1\";login_firstname|s:9:\"Nicodemus\";login_lastname|s:6:\"Karisa\";login_email|s:18:\"nkmwambs@gmail.com\";login_type_id|s:1:\"1\";login_profile|s:1:\"1\";login_type|s:5:\"admin\";profile_id|s:1:\"1\";type_login_user_id|s:1:\"7\";profile|s:11:\"Super Admin\";page_type|s:6:\"parent\";'),
('82qdvf940jcucktb527e5arhgv9t5cd5',	'::1',	1564121040,	'__ci_last_regenerate|i:1564121040;active_login|s:1:\"1\";login_user_id|s:1:\"1\";login_firstname|s:9:\"Nicodemus\";login_lastname|s:6:\"Karisa\";login_email|s:18:\"nkmwambs@gmail.com\";login_type_id|s:1:\"1\";login_profile|s:1:\"1\";login_type|s:5:\"admin\";profile_id|s:1:\"1\";type_login_user_id|s:1:\"7\";profile|s:11:\"Super Admin\";page_type|s:8:\"approval\";'),
('95m9bcbli7v00ssjfvqemnkpf4eq3oov',	'::1',	1564089363,	'__ci_last_regenerate|i:1564089363;active_login|s:1:\"1\";login_user_id|s:1:\"1\";login_firstname|s:9:\"Nicodemus\";login_lastname|s:6:\"Karisa\";login_email|s:18:\"nkmwambs@gmail.com\";login_type_id|s:1:\"1\";login_profile|s:1:\"1\";login_type|s:5:\"admin\";profile_id|s:1:\"1\";type_login_user_id|s:1:\"7\";profile|s:11:\"Super Admin\";page_type|s:8:\"approval\";'),
('95r6csv39ve3h9edgkhouq9bh1no226e',	'::1',	1564099433,	'__ci_last_regenerate|i:1564099433;active_login|s:1:\"1\";login_user_id|s:1:\"1\";login_firstname|s:9:\"Nicodemus\";login_lastname|s:6:\"Karisa\";login_email|s:18:\"nkmwambs@gmail.com\";login_type_id|s:1:\"1\";login_profile|s:1:\"1\";login_type|s:5:\"admin\";profile_id|s:1:\"1\";type_login_user_id|s:1:\"7\";profile|s:11:\"Super Admin\";page_type|s:7:\"finance\";'),
('98dcajkss6tg9q2vgcc1gqf6h03g83uv',	'::1',	1563997917,	'__ci_last_regenerate|i:1563997917;active_login|s:1:\"1\";login_user_id|s:1:\"1\";login_firstname|s:9:\"Nicodemus\";login_lastname|s:6:\"Karisa\";login_email|s:18:\"nkmwambs@gmail.com\";login_type_id|s:1:\"1\";login_profile|s:1:\"1\";login_type|s:5:\"admin\";profile_id|s:1:\"1\";type_login_user_id|s:1:\"7\";profile|s:11:\"Super Admin\";page_type|s:8:\"settings\";flash_message|s:17:\"Update successful\";__ci_vars|a:1:{s:13:\"flash_message\";s:3:\"old\";}'),
('9fps0iblafjioio3nsp9no1p62dqk21c',	'::1',	1564101446,	'__ci_last_regenerate|i:1564101202;active_login|s:1:\"1\";login_user_id|s:1:\"1\";login_firstname|s:9:\"Nicodemus\";login_lastname|s:6:\"Karisa\";login_email|s:18:\"nkmwambs@gmail.com\";login_type_id|s:1:\"1\";login_profile|s:1:\"1\";login_type|s:5:\"admin\";profile_id|s:1:\"1\";type_login_user_id|s:1:\"7\";profile|s:11:\"Super Admin\";page_type|s:7:\"finance\";'),
('9i0uvcgf4i58i0clkcqic1bgjsqble49',	'::1',	1564127571,	'__ci_last_regenerate|i:1564127571;active_login|s:1:\"1\";login_user_id|s:1:\"1\";login_firstname|s:9:\"Nicodemus\";login_lastname|s:6:\"Karisa\";login_email|s:18:\"nkmwambs@gmail.com\";login_type_id|s:1:\"1\";login_profile|s:1:\"1\";login_type|s:5:\"admin\";profile_id|s:1:\"1\";type_login_user_id|s:1:\"7\";profile|s:11:\"Super Admin\";page_type|s:8:\"approval\";'),
('a9s2ijirjbjgjsp4v8d4ufh469ae2mvv',	'::1',	1564137918,	'__ci_last_regenerate|i:1564137918;active_login|s:1:\"1\";login_user_id|s:1:\"1\";login_firstname|s:9:\"Nicodemus\";login_lastname|s:6:\"Karisa\";login_email|s:18:\"nkmwambs@gmail.com\";login_type_id|s:1:\"1\";login_profile|s:1:\"1\";login_type|s:5:\"admin\";profile_id|s:1:\"1\";type_login_user_id|s:1:\"7\";profile|s:11:\"Super Admin\";page_type|s:7:\"finance\";flash_message|s:17:\"Invoice Cancelled\";__ci_vars|a:1:{s:13:\"flash_message\";s:3:\"old\";}'),
('ab3v8j7utqoch58kul33p9n5a0fhe3c2',	'::1',	1564126258,	'__ci_last_regenerate|i:1564126258;active_login|s:1:\"1\";login_user_id|s:1:\"1\";login_firstname|s:9:\"Nicodemus\";login_lastname|s:6:\"Karisa\";login_email|s:18:\"nkmwambs@gmail.com\";login_type_id|s:1:\"1\";login_profile|s:1:\"1\";login_type|s:5:\"admin\";profile_id|s:1:\"1\";type_login_user_id|s:1:\"7\";profile|s:11:\"Super Admin\";page_type|s:9:\"dashboard\";'),
('agnnl8jjo1c08buo3695q13l160ub4k6',	'::1',	1564127070,	'__ci_last_regenerate|i:1564127070;active_login|s:1:\"1\";login_user_id|s:1:\"1\";login_firstname|s:9:\"Nicodemus\";login_lastname|s:6:\"Karisa\";login_email|s:18:\"nkmwambs@gmail.com\";login_type_id|s:1:\"1\";login_profile|s:1:\"1\";login_type|s:5:\"admin\";profile_id|s:1:\"1\";type_login_user_id|s:1:\"7\";profile|s:11:\"Super Admin\";page_type|s:8:\"approval\";'),
('agqdo0qbr27b4k72p4qs1437i7vq5i2c',	'::1',	1564086206,	'__ci_last_regenerate|i:1564086206;active_login|s:1:\"1\";login_user_id|s:1:\"1\";login_firstname|s:9:\"Nicodemus\";login_lastname|s:6:\"Karisa\";login_email|s:18:\"nkmwambs@gmail.com\";login_type_id|s:1:\"1\";login_profile|s:1:\"1\";login_type|s:5:\"admin\";profile_id|s:1:\"1\";type_login_user_id|s:1:\"7\";profile|s:11:\"Super Admin\";page_type|s:8:\"approval\";'),
('anekrfid7mjd5b3iq84l6btcem652fm2',	'::1',	1564080682,	'__ci_last_regenerate|i:1564080682;active_login|s:1:\"1\";login_user_id|s:1:\"1\";login_firstname|s:9:\"Nicodemus\";login_lastname|s:6:\"Karisa\";login_email|s:18:\"nkmwambs@gmail.com\";login_type_id|s:1:\"1\";login_profile|s:1:\"1\";login_type|s:5:\"admin\";profile_id|s:1:\"1\";type_login_user_id|s:1:\"7\";profile|s:11:\"Super Admin\";page_type|s:7:\"student\";'),
('arbd1gma7td9j2dej4fvdtu8si5pvo70',	'::1',	1564134461,	'__ci_last_regenerate|i:1564134442;active_login|s:1:\"1\";login_user_id|s:1:\"1\";login_firstname|s:9:\"Nicodemus\";login_lastname|s:6:\"Karisa\";login_email|s:18:\"nkmwambs@gmail.com\";login_type_id|s:1:\"1\";login_profile|s:1:\"1\";login_type|s:5:\"admin\";profile_id|s:1:\"1\";type_login_user_id|s:1:\"7\";profile|s:11:\"Super Admin\";page_type|s:7:\"finance\";'),
('cfcaism2q4g9r80a6u74rbcam80lhr9j',	'::1',	1565091139,	'__ci_last_regenerate|i:1565090979;active_login|s:1:\"1\";login_user_id|s:1:\"1\";login_firstname|s:9:\"Nicodemus\";login_lastname|s:6:\"Karisa\";login_email|s:18:\"nkmwambs@gmail.com\";login_type_id|s:1:\"1\";login_profile|s:1:\"1\";login_type|s:5:\"admin\";profile_id|s:1:\"1\";type_login_user_id|s:1:\"7\";profile|s:11:\"Super Admin\";page_type|s:9:\"dashboard\";'),
('ctc2cpp9n9q7eiinbmjb5nmusgiq4b7e',	'::1',	1563965456,	'__ci_last_regenerate|i:1563965456;active_login|s:1:\"1\";login_user_id|s:1:\"1\";login_firstname|s:9:\"Nicodemus\";login_lastname|s:6:\"Karisa\";login_email|s:18:\"nkmwambs@gmail.com\";login_type_id|s:1:\"1\";login_profile|s:1:\"1\";login_type|s:5:\"admin\";profile_id|s:1:\"1\";type_login_user_id|s:1:\"7\";profile|s:11:\"Super Admin\";page_type|s:7:\"finance\";flash_message|s:17:\"Invoice Cancelled\";__ci_vars|a:1:{s:13:\"flash_message\";s:3:\"old\";}'),
('cv5tmqfacsop848ui0t02j2s7pj68q66',	'::1',	1564162499,	'__ci_last_regenerate|i:1564162499;active_login|s:1:\"1\";login_user_id|s:1:\"1\";login_firstname|s:9:\"Nicodemus\";login_lastname|s:6:\"Karisa\";login_email|s:18:\"nkmwambs@gmail.com\";login_type_id|s:1:\"1\";login_profile|s:1:\"1\";login_type|s:5:\"admin\";profile_id|s:1:\"1\";type_login_user_id|s:1:\"7\";profile|s:11:\"Super Admin\";page_type|s:7:\"finance\";'),
('d0ti2aofj66tf7onuo6igv8ubbc28ndq',	'::1',	1564093505,	'__ci_last_regenerate|i:1564093505;active_login|s:1:\"1\";login_user_id|s:1:\"1\";login_firstname|s:9:\"Nicodemus\";login_lastname|s:6:\"Karisa\";login_email|s:18:\"nkmwambs@gmail.com\";login_type_id|s:1:\"1\";login_profile|s:1:\"1\";login_type|s:5:\"admin\";profile_id|s:1:\"1\";type_login_user_id|s:1:\"7\";profile|s:11:\"Super Admin\";page_type|s:8:\"approval\";'),
('d57cu5753o77h4lk90vae1fe5kb8n2af',	'::1',	1564135596,	'__ci_last_regenerate|i:1564135596;active_login|s:1:\"1\";login_user_id|s:1:\"1\";login_firstname|s:9:\"Nicodemus\";login_lastname|s:6:\"Karisa\";login_email|s:18:\"nkmwambs@gmail.com\";login_type_id|s:1:\"1\";login_profile|s:1:\"1\";login_type|s:5:\"admin\";profile_id|s:1:\"1\";type_login_user_id|s:1:\"7\";profile|s:11:\"Super Admin\";page_type|s:7:\"finance\";'),
('d6m3lsee2rn5tdce35gg3uobk3dgte2u',	'::1',	1564084141,	'__ci_last_regenerate|i:1564084141;active_login|s:1:\"1\";login_user_id|s:1:\"1\";login_firstname|s:9:\"Nicodemus\";login_lastname|s:6:\"Karisa\";login_email|s:18:\"nkmwambs@gmail.com\";login_type_id|s:1:\"1\";login_profile|s:1:\"1\";login_type|s:5:\"admin\";profile_id|s:1:\"1\";type_login_user_id|s:1:\"7\";profile|s:11:\"Super Admin\";page_type|s:9:\"dashboard\";'),
('daiijk3v47tfa5mjba1mk63jgvksmc1r',	'::1',	1564089995,	'__ci_last_regenerate|i:1564089995;active_login|s:1:\"1\";login_user_id|s:1:\"1\";login_firstname|s:9:\"Nicodemus\";login_lastname|s:6:\"Karisa\";login_email|s:18:\"nkmwambs@gmail.com\";login_type_id|s:1:\"1\";login_profile|s:1:\"1\";login_type|s:5:\"admin\";profile_id|s:1:\"1\";type_login_user_id|s:1:\"7\";profile|s:11:\"Super Admin\";page_type|s:8:\"approval\";'),
('dubmujuiicc1pvq9qcj6fuejlb4mgsu3',	'::1',	1564128580,	'__ci_last_regenerate|i:1564128580;active_login|s:1:\"1\";login_user_id|s:1:\"1\";login_firstname|s:9:\"Nicodemus\";login_lastname|s:6:\"Karisa\";login_email|s:18:\"nkmwambs@gmail.com\";login_type_id|s:1:\"1\";login_profile|s:1:\"1\";login_type|s:5:\"admin\";profile_id|s:1:\"1\";type_login_user_id|s:1:\"7\";profile|s:11:\"Super Admin\";page_type|s:7:\"finance\";'),
('dv5hgbprgmga9uvrivgar915hi5nj6rg',	'::1',	1564158437,	'__ci_last_regenerate|i:1564158437;active_login|s:1:\"1\";login_user_id|s:1:\"1\";login_firstname|s:9:\"Nicodemus\";login_lastname|s:6:\"Karisa\";login_email|s:18:\"nkmwambs@gmail.com\";login_type_id|s:1:\"1\";login_profile|s:1:\"1\";login_type|s:5:\"admin\";profile_id|s:1:\"1\";type_login_user_id|s:1:\"7\";profile|s:11:\"Super Admin\";page_type|s:13:\"administrator\";'),
('e4fijhnltorcbbfkalvibn7pmk6gt38f',	'::1',	1564090919,	'__ci_last_regenerate|i:1564090919;active_login|s:1:\"1\";login_user_id|s:1:\"1\";login_firstname|s:9:\"Nicodemus\";login_lastname|s:6:\"Karisa\";login_email|s:18:\"nkmwambs@gmail.com\";login_type_id|s:1:\"1\";login_profile|s:1:\"1\";login_type|s:5:\"admin\";profile_id|s:1:\"1\";type_login_user_id|s:1:\"7\";profile|s:11:\"Super Admin\";page_type|s:8:\"approval\";'),
('e55ftilb4ll9j9mch768g24kd2h4eo5o',	'::1',	1564099107,	'__ci_last_regenerate|i:1564099107;active_login|s:1:\"1\";login_user_id|s:1:\"1\";login_firstname|s:9:\"Nicodemus\";login_lastname|s:6:\"Karisa\";login_email|s:18:\"nkmwambs@gmail.com\";login_type_id|s:1:\"1\";login_profile|s:1:\"1\";login_type|s:5:\"admin\";profile_id|s:1:\"1\";type_login_user_id|s:1:\"7\";profile|s:11:\"Super Admin\";page_type|s:7:\"finance\";'),
('e7a8b1t08iva653p4odec6up4d5ttchj',	'::1',	1564162155,	'__ci_last_regenerate|i:1564162155;active_login|s:1:\"1\";login_user_id|s:1:\"1\";login_firstname|s:9:\"Nicodemus\";login_lastname|s:6:\"Karisa\";login_email|s:18:\"nkmwambs@gmail.com\";login_type_id|s:1:\"1\";login_profile|s:1:\"1\";login_type|s:5:\"admin\";profile_id|s:1:\"1\";type_login_user_id|s:1:\"7\";profile|s:11:\"Super Admin\";page_type|s:13:\"administrator\";'),
('ejam0e2f4mnsehf5adir8nqo3u7hgk5r',	'::1',	1564134736,	'__ci_last_regenerate|i:1564134736;'),
('elts1pvir7g4c83prkcndkcun4is3i64',	'::1',	1564122245,	'__ci_last_regenerate|i:1564122245;active_login|s:1:\"1\";login_user_id|s:1:\"1\";login_firstname|s:9:\"Nicodemus\";login_lastname|s:6:\"Karisa\";login_email|s:18:\"nkmwambs@gmail.com\";login_type_id|s:1:\"1\";login_profile|s:1:\"1\";login_type|s:5:\"admin\";profile_id|s:1:\"1\";type_login_user_id|s:1:\"7\";profile|s:11:\"Super Admin\";page_type|s:7:\"finance\";'),
('f466mb86556m38odohis7ct8vrs8roi7',	'::1',	1564122872,	'__ci_last_regenerate|i:1564122872;active_login|s:1:\"1\";login_user_id|s:1:\"1\";login_firstname|s:9:\"Nicodemus\";login_lastname|s:6:\"Karisa\";login_email|s:18:\"nkmwambs@gmail.com\";login_type_id|s:1:\"1\";login_profile|s:1:\"1\";login_type|s:5:\"admin\";profile_id|s:1:\"1\";type_login_user_id|s:1:\"7\";profile|s:11:\"Super Admin\";page_type|s:8:\"approval\";'),
('f60qgcn14o1hjc68lt7g3elgd7niib6i',	'::1',	1564136213,	'__ci_last_regenerate|i:1564136213;active_login|s:1:\"1\";login_user_id|s:1:\"1\";login_firstname|s:9:\"Nicodemus\";login_lastname|s:6:\"Karisa\";login_email|s:18:\"nkmwambs@gmail.com\";login_type_id|s:1:\"1\";login_profile|s:1:\"1\";login_type|s:5:\"admin\";profile_id|s:1:\"1\";type_login_user_id|s:1:\"7\";profile|s:11:\"Super Admin\";page_type|s:7:\"finance\";'),
('fe7d9g896cboe8bk0ab4hv0i3b1h58le',	'::1',	1564098788,	'__ci_last_regenerate|i:1564098788;active_login|s:1:\"1\";login_user_id|s:1:\"1\";login_firstname|s:9:\"Nicodemus\";login_lastname|s:6:\"Karisa\";login_email|s:18:\"nkmwambs@gmail.com\";login_type_id|s:1:\"1\";login_profile|s:1:\"1\";login_type|s:5:\"admin\";profile_id|s:1:\"1\";type_login_user_id|s:1:\"7\";profile|s:11:\"Super Admin\";page_type|s:7:\"finance\";'),
('ffgchahetlklmco9s9ok8s97daopd5c7',	'::1',	1563999628,	'__ci_last_regenerate|i:1563999628;active_login|s:1:\"1\";login_user_id|s:1:\"1\";login_firstname|s:9:\"Nicodemus\";login_lastname|s:6:\"Karisa\";login_email|s:18:\"nkmwambs@gmail.com\";login_type_id|s:1:\"1\";login_profile|s:1:\"1\";login_type|s:5:\"admin\";profile_id|s:1:\"1\";type_login_user_id|s:1:\"7\";profile|s:11:\"Super Admin\";page_type|s:7:\"finance\";'),
('fkb06mnp8hgffh6grfbu1il6e9553kci',	'::1',	1563992997,	'__ci_last_regenerate|i:1563992997;active_login|s:1:\"1\";login_user_id|s:1:\"1\";login_firstname|s:9:\"Nicodemus\";login_lastname|s:6:\"Karisa\";login_email|s:18:\"nkmwambs@gmail.com\";login_type_id|s:1:\"1\";login_profile|s:1:\"1\";login_type|s:5:\"admin\";profile_id|s:1:\"1\";type_login_user_id|s:1:\"7\";profile|s:11:\"Super Admin\";page_type|s:7:\"finance\";flash_message|s:27:\"Invoice Cannot Be Reclaimed\";__ci_vars|a:1:{s:13:\"flash_message\";s:3:\"old\";}'),
('fo5nbsebmhtidtd6oigsa0r2a9fkj57v',	'::1',	1564136529,	'__ci_last_regenerate|i:1564136529;active_login|s:1:\"1\";login_user_id|s:1:\"1\";login_firstname|s:9:\"Nicodemus\";login_lastname|s:6:\"Karisa\";login_email|s:18:\"nkmwambs@gmail.com\";login_type_id|s:1:\"1\";login_profile|s:1:\"1\";login_type|s:5:\"admin\";profile_id|s:1:\"1\";type_login_user_id|s:1:\"7\";profile|s:11:\"Super Admin\";page_type|s:8:\"approval\";'),
('fpfq834igc1p7fh5b7p5l8agmuilu6e1',	'::1',	1564163791,	'__ci_last_regenerate|i:1564163791;active_login|s:1:\"1\";login_user_id|s:1:\"1\";login_firstname|s:9:\"Nicodemus\";login_lastname|s:6:\"Karisa\";login_email|s:18:\"nkmwambs@gmail.com\";login_type_id|s:1:\"1\";login_profile|s:1:\"1\";login_type|s:5:\"admin\";profile_id|s:1:\"1\";type_login_user_id|s:1:\"7\";profile|s:11:\"Super Admin\";page_type|s:7:\"finance\";'),
('gm42fd54gbnh6g138j7ek7hm0bpqoitc',	'::1',	1563999629,	'__ci_last_regenerate|i:1563999628;active_login|s:1:\"1\";login_user_id|s:1:\"1\";login_firstname|s:9:\"Nicodemus\";login_lastname|s:6:\"Karisa\";login_email|s:18:\"nkmwambs@gmail.com\";login_type_id|s:1:\"1\";login_profile|s:1:\"1\";login_type|s:5:\"admin\";profile_id|s:1:\"1\";type_login_user_id|s:1:\"7\";profile|s:11:\"Super Admin\";page_type|s:7:\"finance\";'),
('gn6ofq86j17heme3sduuj1if887f6c76',	'::1',	1563991648,	'__ci_last_regenerate|i:1563991648;active_login|s:1:\"1\";login_user_id|s:1:\"1\";login_firstname|s:9:\"Nicodemus\";login_lastname|s:6:\"Karisa\";login_email|s:18:\"nkmwambs@gmail.com\";login_type_id|s:1:\"1\";login_profile|s:1:\"1\";login_type|s:5:\"admin\";profile_id|s:1:\"1\";type_login_user_id|s:1:\"7\";profile|s:11:\"Super Admin\";page_type|s:7:\"finance\";'),
('gtnq4sub584rm1eaoncltkv0ss8qt04o',	'::1',	1564088155,	'__ci_last_regenerate|i:1564088155;active_login|s:1:\"1\";login_user_id|s:1:\"1\";login_firstname|s:9:\"Nicodemus\";login_lastname|s:6:\"Karisa\";login_email|s:18:\"nkmwambs@gmail.com\";login_type_id|s:1:\"1\";login_profile|s:1:\"1\";login_type|s:5:\"admin\";profile_id|s:1:\"1\";type_login_user_id|s:1:\"7\";profile|s:11:\"Super Admin\";page_type|s:8:\"approval\";'),
('gu0bqm8s225lp90ohecgj4kq9b8vuac5',	'::1',	1564134364,	'__ci_last_regenerate|i:1564134364;active_login|s:1:\"1\";login_user_id|s:1:\"1\";login_firstname|s:9:\"Nicodemus\";login_lastname|s:6:\"Karisa\";login_email|s:18:\"nkmwambs@gmail.com\";login_type_id|s:1:\"1\";login_profile|s:1:\"1\";login_type|s:5:\"admin\";profile_id|s:1:\"1\";type_login_user_id|s:1:\"7\";profile|s:11:\"Super Admin\";page_type|s:7:\"finance\";'),
('h4tldascitej5u7u691m6ki3l519a6rt',	'::1',	1564092716,	'__ci_last_regenerate|i:1564092716;active_login|s:1:\"1\";login_user_id|s:1:\"1\";login_firstname|s:9:\"Nicodemus\";login_lastname|s:6:\"Karisa\";login_email|s:18:\"nkmwambs@gmail.com\";login_type_id|s:1:\"1\";login_profile|s:1:\"1\";login_type|s:5:\"admin\";profile_id|s:1:\"1\";type_login_user_id|s:1:\"7\";profile|s:11:\"Super Admin\";page_type|s:8:\"approval\";'),
('i5n5s8i7muq0j2o2ekfevl72j9n4j25p',	'::1',	1564159545,	'__ci_last_regenerate|i:1564159545;active_login|s:1:\"1\";login_user_id|s:1:\"1\";login_firstname|s:9:\"Nicodemus\";login_lastname|s:6:\"Karisa\";login_email|s:18:\"nkmwambs@gmail.com\";login_type_id|s:1:\"1\";login_profile|s:1:\"1\";login_type|s:5:\"admin\";profile_id|s:1:\"1\";type_login_user_id|s:1:\"7\";profile|s:11:\"Super Admin\";page_type|s:13:\"administrator\";flash_message|s:18:\"Decline Successful\";__ci_vars|a:1:{s:13:\"flash_message\";s:3:\"old\";}'),
('ic216mp158uorr903a7rcb4tt7vse511',	'::1',	1564125903,	'__ci_last_regenerate|i:1564125818;active_login|s:1:\"1\";login_user_id|s:1:\"1\";login_firstname|s:9:\"Nicodemus\";login_lastname|s:6:\"Karisa\";login_email|s:18:\"nkmwambs@gmail.com\";login_type_id|s:1:\"1\";login_profile|s:1:\"1\";login_type|s:5:\"admin\";profile_id|s:1:\"1\";type_login_user_id|s:1:\"7\";profile|s:11:\"Super Admin\";page_type|s:9:\"dashboard\";'),
('if1bvvp3vjq2dh5os7f83l01132b9udm',	'::1',	1564083187,	'__ci_last_regenerate|i:1564083187;active_login|s:1:\"1\";login_user_id|s:1:\"1\";login_firstname|s:9:\"Nicodemus\";login_lastname|s:6:\"Karisa\";login_email|s:18:\"nkmwambs@gmail.com\";login_type_id|s:1:\"1\";login_profile|s:1:\"1\";login_type|s:5:\"admin\";profile_id|s:1:\"1\";type_login_user_id|s:1:\"7\";profile|s:11:\"Super Admin\";page_type|s:9:\"dashboard\";'),
('it7bvrnbv9l3kg5gjeme18tl5v72legt',	'::1',	1564080379,	'__ci_last_regenerate|i:1564080379;active_login|s:1:\"1\";login_user_id|s:1:\"1\";login_firstname|s:9:\"Nicodemus\";login_lastname|s:6:\"Karisa\";login_email|s:18:\"nkmwambs@gmail.com\";login_type_id|s:1:\"1\";login_profile|s:1:\"1\";login_type|s:5:\"admin\";profile_id|s:1:\"1\";type_login_user_id|s:1:\"7\";profile|s:11:\"Super Admin\";page_type|s:7:\"student\";flash_message|s:17:\"Action Successful\";__ci_vars|a:1:{s:13:\"flash_message\";s:3:\"old\";}'),
('jleb3gb4gi65n1rh021hgp2tgdctbmvc',	'::1',	1564050191,	'__ci_last_regenerate|i:1564050191;active_login|s:1:\"1\";login_user_id|s:1:\"1\";login_firstname|s:9:\"Nicodemus\";login_lastname|s:6:\"Karisa\";login_email|s:18:\"nkmwambs@gmail.com\";login_type_id|s:1:\"1\";login_profile|s:1:\"1\";login_type|s:5:\"admin\";profile_id|s:1:\"1\";type_login_user_id|s:1:\"7\";profile|s:11:\"Super Admin\";page_type|s:7:\"student\";'),
('k0g3o6h9gldur51c2g476hjqke7d467o',	'::1',	1563995692,	'__ci_last_regenerate|i:1563995692;active_login|s:1:\"1\";login_user_id|s:1:\"1\";login_firstname|s:9:\"Nicodemus\";login_lastname|s:6:\"Karisa\";login_email|s:18:\"nkmwambs@gmail.com\";login_type_id|s:1:\"1\";login_profile|s:1:\"1\";login_type|s:5:\"admin\";profile_id|s:1:\"1\";type_login_user_id|s:1:\"7\";profile|s:11:\"Super Admin\";page_type|s:8:\"settings\";'),
('k4bvjnhhct26vg9ubjpepdl345u3gu88',	'::1',	1564085902,	'__ci_last_regenerate|i:1564085902;active_login|s:1:\"1\";login_user_id|s:1:\"1\";login_firstname|s:9:\"Nicodemus\";login_lastname|s:6:\"Karisa\";login_email|s:18:\"nkmwambs@gmail.com\";login_type_id|s:1:\"1\";login_profile|s:1:\"1\";login_type|s:5:\"admin\";profile_id|s:1:\"1\";type_login_user_id|s:1:\"7\";profile|s:11:\"Super Admin\";page_type|s:8:\"approval\";'),
('k4jrr1p7r6bncqff0k5lvqqk1saph3br',	'::1',	1564082678,	'__ci_last_regenerate|i:1564082678;active_login|s:1:\"1\";login_user_id|s:1:\"1\";login_firstname|s:9:\"Nicodemus\";login_lastname|s:6:\"Karisa\";login_email|s:18:\"nkmwambs@gmail.com\";login_type_id|s:1:\"1\";login_profile|s:1:\"1\";login_type|s:5:\"admin\";profile_id|s:1:\"1\";type_login_user_id|s:1:\"7\";profile|s:11:\"Super Admin\";page_type|s:7:\"finance\";'),
('kfdnk1nm55fmh33rm5pn5uo52l4r3uje',	'::1',	1564100892,	'__ci_last_regenerate|i:1564100892;active_login|s:1:\"1\";login_user_id|s:1:\"1\";login_firstname|s:9:\"Nicodemus\";login_lastname|s:6:\"Karisa\";login_email|s:18:\"nkmwambs@gmail.com\";login_type_id|s:1:\"1\";login_profile|s:1:\"1\";login_type|s:5:\"admin\";profile_id|s:1:\"1\";type_login_user_id|s:1:\"7\";profile|s:11:\"Super Admin\";page_type|s:7:\"finance\";'),
('l0losg64itp6hhu3chra7i28btsb1prv',	'::1',	1564101202,	'__ci_last_regenerate|i:1564101202;active_login|s:1:\"1\";login_user_id|s:1:\"1\";login_firstname|s:9:\"Nicodemus\";login_lastname|s:6:\"Karisa\";login_email|s:18:\"nkmwambs@gmail.com\";login_type_id|s:1:\"1\";login_profile|s:1:\"1\";login_type|s:5:\"admin\";profile_id|s:1:\"1\";type_login_user_id|s:1:\"7\";profile|s:11:\"Super Admin\";page_type|s:7:\"finance\";'),
('l3g265qgb67iplcf5hpfm9td5gieklgj',	'::1',	1564140459,	'__ci_last_regenerate|i:1564140459;active_login|s:1:\"1\";login_user_id|s:1:\"1\";login_firstname|s:9:\"Nicodemus\";login_lastname|s:6:\"Karisa\";login_email|s:18:\"nkmwambs@gmail.com\";login_type_id|s:1:\"1\";login_profile|s:1:\"1\";login_type|s:5:\"admin\";profile_id|s:1:\"1\";type_login_user_id|s:1:\"7\";profile|s:11:\"Super Admin\";page_type|s:7:\"finance\";'),
('lfhgrjrf7ihfbovefb9o59pfq8rt9r9e',	'::1',	1564124248,	'__ci_last_regenerate|i:1564124248;active_login|s:1:\"1\";login_user_id|s:1:\"1\";login_firstname|s:9:\"Nicodemus\";login_lastname|s:6:\"Karisa\";login_email|s:18:\"nkmwambs@gmail.com\";login_type_id|s:1:\"1\";login_profile|s:1:\"1\";login_type|s:5:\"admin\";profile_id|s:1:\"1\";type_login_user_id|s:1:\"7\";profile|s:11:\"Super Admin\";page_type|s:8:\"approval\";'),
('loresogfkqkd29e6tmovq4ahvk22cd8o',	'::1',	1564156328,	'__ci_last_regenerate|i:1564156328;active_login|s:1:\"1\";login_user_id|s:1:\"1\";login_firstname|s:9:\"Nicodemus\";login_lastname|s:6:\"Karisa\";login_email|s:18:\"nkmwambs@gmail.com\";login_type_id|s:1:\"1\";login_profile|s:1:\"1\";login_type|s:5:\"admin\";profile_id|s:1:\"1\";type_login_user_id|s:1:\"7\";profile|s:11:\"Super Admin\";page_type|s:7:\"finance\";flash_message|s:25:\"Request Sent Successfully\";__ci_vars|a:1:{s:13:\"flash_message\";s:3:\"old\";}'),
('m1j68c9v3khr9fslhslmaashf18c6avq',	'::1',	1564096178,	'__ci_last_regenerate|i:1564096178;active_login|s:1:\"1\";login_user_id|s:1:\"1\";login_firstname|s:9:\"Nicodemus\";login_lastname|s:6:\"Karisa\";login_email|s:18:\"nkmwambs@gmail.com\";login_type_id|s:1:\"1\";login_profile|s:1:\"1\";login_type|s:5:\"admin\";profile_id|s:1:\"1\";type_login_user_id|s:1:\"7\";profile|s:11:\"Super Admin\";page_type|s:7:\"finance\";'),
('m60ffjgjcemjvjc0d3d5tb587jv9ulh1',	'::1',	1564051998,	'__ci_last_regenerate|i:1564051998;active_login|s:1:\"1\";login_user_id|s:1:\"1\";login_firstname|s:9:\"Nicodemus\";login_lastname|s:6:\"Karisa\";login_email|s:18:\"nkmwambs@gmail.com\";login_type_id|s:1:\"1\";login_profile|s:1:\"1\";login_type|s:5:\"admin\";profile_id|s:1:\"1\";type_login_user_id|s:1:\"7\";profile|s:11:\"Super Admin\";page_type|s:7:\"student\";flash_message|s:17:\"Action Successful\";__ci_vars|a:1:{s:13:\"flash_message\";s:3:\"old\";}'),
('msq5orn0hr9pbsiovo4eaanurc7ant6f',	'::1',	1564087359,	'__ci_last_regenerate|i:1564087359;active_login|s:1:\"1\";login_user_id|s:1:\"1\";login_firstname|s:9:\"Nicodemus\";login_lastname|s:6:\"Karisa\";login_email|s:18:\"nkmwambs@gmail.com\";login_type_id|s:1:\"1\";login_profile|s:1:\"1\";login_type|s:5:\"admin\";profile_id|s:1:\"1\";type_login_user_id|s:1:\"7\";profile|s:11:\"Super Admin\";page_type|s:8:\"approval\";'),
('n3bs3e8sonbslj5sjc7ieiepbqq8tj1e',	'::1',	1564089669,	'__ci_last_regenerate|i:1564089669;active_login|s:1:\"1\";login_user_id|s:1:\"1\";login_firstname|s:9:\"Nicodemus\";login_lastname|s:6:\"Karisa\";login_email|s:18:\"nkmwambs@gmail.com\";login_type_id|s:1:\"1\";login_profile|s:1:\"1\";login_type|s:5:\"admin\";profile_id|s:1:\"1\";type_login_user_id|s:1:\"7\";profile|s:11:\"Super Admin\";page_type|s:8:\"approval\";'),
('nameel6qfim6pn9sout3ti9lnk9oa7ca',	'::1',	1564134711,	'__ci_last_regenerate|i:1564134711;active_login|s:1:\"1\";login_user_id|s:1:\"1\";login_firstname|s:9:\"Nicodemus\";login_lastname|s:6:\"Karisa\";login_email|s:18:\"nkmwambs@gmail.com\";login_type_id|s:1:\"1\";login_profile|s:1:\"1\";login_type|s:5:\"admin\";profile_id|s:1:\"1\";type_login_user_id|s:1:\"7\";profile|s:11:\"Super Admin\";page_type|s:7:\"finance\";'),
('nm6lo9qqttpgj7v25dkfggcbg0bp07us',	'::1',	1564142868,	'__ci_last_regenerate|i:1564142675;active_login|s:1:\"1\";login_user_id|s:1:\"1\";login_firstname|s:9:\"Nicodemus\";login_lastname|s:6:\"Karisa\";login_email|s:18:\"nkmwambs@gmail.com\";login_type_id|s:1:\"1\";login_profile|s:1:\"1\";login_type|s:5:\"admin\";profile_id|s:1:\"1\";type_login_user_id|s:1:\"7\";profile|s:11:\"Super Admin\";page_type|s:7:\"finance\";'),
('nnsnujtvarc6tl4oi4leouulveadummg',	'::1',	1564095550,	'__ci_last_regenerate|i:1564095550;active_login|s:1:\"1\";login_user_id|s:1:\"1\";login_firstname|s:9:\"Nicodemus\";login_lastname|s:6:\"Karisa\";login_email|s:18:\"nkmwambs@gmail.com\";login_type_id|s:1:\"1\";login_profile|s:1:\"1\";login_type|s:5:\"admin\";profile_id|s:1:\"1\";type_login_user_id|s:1:\"7\";profile|s:11:\"Super Admin\";page_type|s:7:\"finance\";'),
('o0g8s73eoq4kfnpbq60mgg290rta8kbj',	'::1',	1564155984,	'__ci_last_regenerate|i:1564155984;active_login|s:1:\"1\";login_user_id|s:1:\"1\";login_firstname|s:9:\"Nicodemus\";login_lastname|s:6:\"Karisa\";login_email|s:18:\"nkmwambs@gmail.com\";login_type_id|s:1:\"1\";login_profile|s:1:\"1\";login_type|s:5:\"admin\";profile_id|s:1:\"1\";type_login_user_id|s:1:\"7\";profile|s:11:\"Super Admin\";page_type|s:13:\"administrator\";'),
('o3bhjl74292b4rsmv2vdofs4vntojlea',	'::1',	1564095853,	'__ci_last_regenerate|i:1564095853;active_login|s:1:\"1\";login_user_id|s:1:\"1\";login_firstname|s:9:\"Nicodemus\";login_lastname|s:6:\"Karisa\";login_email|s:18:\"nkmwambs@gmail.com\";login_type_id|s:1:\"1\";login_profile|s:1:\"1\";login_type|s:5:\"admin\";profile_id|s:1:\"1\";type_login_user_id|s:1:\"7\";profile|s:11:\"Super Admin\";page_type|s:7:\"finance\";'),
('o6fbg277vfc1al2s4ivfnovrmmhflj8j',	'::1',	1564100087,	'__ci_last_regenerate|i:1564100087;active_login|s:1:\"1\";login_user_id|s:1:\"1\";login_firstname|s:9:\"Nicodemus\";login_lastname|s:6:\"Karisa\";login_email|s:18:\"nkmwambs@gmail.com\";login_type_id|s:1:\"1\";login_profile|s:1:\"1\";login_type|s:5:\"admin\";profile_id|s:1:\"1\";type_login_user_id|s:1:\"7\";profile|s:11:\"Super Admin\";page_type|s:7:\"finance\";'),
('oolgjpno23hiurpc3tfhsomsfh4pa6cb',	'::1',	1563995193,	'__ci_last_regenerate|i:1563995193;active_login|s:1:\"1\";login_user_id|s:1:\"1\";login_firstname|s:9:\"Nicodemus\";login_lastname|s:6:\"Karisa\";login_email|s:18:\"nkmwambs@gmail.com\";login_type_id|s:1:\"1\";login_profile|s:1:\"1\";login_type|s:5:\"admin\";profile_id|s:1:\"1\";type_login_user_id|s:1:\"7\";profile|s:11:\"Super Admin\";page_type|s:8:\"settings\";'),
('p1vg8hgem4gfglrlvsnpjc2175nbu219',	'::1',	1564089052,	'__ci_last_regenerate|i:1564089052;active_login|s:1:\"1\";login_user_id|s:1:\"1\";login_firstname|s:9:\"Nicodemus\";login_lastname|s:6:\"Karisa\";login_email|s:18:\"nkmwambs@gmail.com\";login_type_id|s:1:\"1\";login_profile|s:1:\"1\";login_type|s:5:\"admin\";profile_id|s:1:\"1\";type_login_user_id|s:1:\"7\";profile|s:11:\"Super Admin\";page_type|s:8:\"approval\";'),
('p27cenoup5l7rn2pi9aildcaftnmf1m7',	'::1',	1564137503,	'__ci_last_regenerate|i:1564137503;active_login|s:1:\"1\";login_user_id|s:1:\"1\";login_firstname|s:9:\"Nicodemus\";login_lastname|s:6:\"Karisa\";login_email|s:18:\"nkmwambs@gmail.com\";login_type_id|s:1:\"1\";login_profile|s:1:\"1\";login_type|s:5:\"admin\";profile_id|s:1:\"1\";type_login_user_id|s:1:\"7\";profile|s:11:\"Super Admin\";page_type|s:7:\"finance\";'),
('p7vfldp6mjvv40qmkqaimg4s8pvr7r6b',	'::1',	1564121366,	'__ci_last_regenerate|i:1564121366;active_login|s:1:\"1\";login_user_id|s:1:\"1\";login_firstname|s:9:\"Nicodemus\";login_lastname|s:6:\"Karisa\";login_email|s:18:\"nkmwambs@gmail.com\";login_type_id|s:1:\"1\";login_profile|s:1:\"1\";login_type|s:5:\"admin\";profile_id|s:1:\"1\";type_login_user_id|s:1:\"7\";profile|s:11:\"Super Admin\";page_type|s:7:\"finance\";flash_message|s:17:\"Invoice Cancelled\";__ci_vars|a:1:{s:13:\"flash_message\";s:3:\"old\";}'),
('pc8vge71hdaf1sf9e4unprcsbm9l49vg',	'::1',	1564100481,	'__ci_last_regenerate|i:1564100481;active_login|s:1:\"1\";login_user_id|s:1:\"1\";login_firstname|s:9:\"Nicodemus\";login_lastname|s:6:\"Karisa\";login_email|s:18:\"nkmwambs@gmail.com\";login_type_id|s:1:\"1\";login_profile|s:1:\"1\";login_type|s:5:\"admin\";profile_id|s:1:\"1\";type_login_user_id|s:1:\"7\";profile|s:11:\"Super Admin\";page_type|s:7:\"finance\";'),
('pm7lku3ee44hp01uatr0bs29evmk55dr',	'::1',	1564120678,	'__ci_last_regenerate|i:1564120678;active_login|s:1:\"1\";login_user_id|s:1:\"1\";login_firstname|s:9:\"Nicodemus\";login_lastname|s:6:\"Karisa\";login_email|s:18:\"nkmwambs@gmail.com\";login_type_id|s:1:\"1\";login_profile|s:1:\"1\";login_type|s:5:\"admin\";profile_id|s:1:\"1\";type_login_user_id|s:1:\"7\";profile|s:11:\"Super Admin\";page_type|s:8:\"approval\";'),
('puresjk38u9rqdbk5l2h5pphcmgpqak1',	'::1',	1564142321,	'__ci_last_regenerate|i:1564142321;active_login|s:1:\"1\";login_user_id|s:1:\"1\";login_firstname|s:9:\"Nicodemus\";login_lastname|s:6:\"Karisa\";login_email|s:18:\"nkmwambs@gmail.com\";login_type_id|s:1:\"1\";login_profile|s:1:\"1\";login_type|s:5:\"admin\";profile_id|s:1:\"1\";type_login_user_id|s:1:\"7\";profile|s:11:\"Super Admin\";page_type|s:7:\"finance\";'),
('q26necipes7q9q584ddq74be1uj3hsel',	'::1',	1564164186,	'__ci_last_regenerate|i:1564164172;active_login|s:1:\"1\";login_user_id|s:1:\"1\";login_firstname|s:9:\"Nicodemus\";login_lastname|s:6:\"Karisa\";login_email|s:18:\"nkmwambs@gmail.com\";login_type_id|s:1:\"1\";login_profile|s:1:\"1\";login_type|s:5:\"admin\";profile_id|s:1:\"1\";type_login_user_id|s:1:\"7\";profile|s:11:\"Super Admin\";page_type|s:7:\"finance\";'),
('qamv1jcs0k24fbgm6dfg448pg9vi8hgv',	'::1',	1564079452,	'__ci_last_regenerate|i:1564079452;active_login|s:1:\"1\";login_user_id|s:1:\"1\";login_firstname|s:9:\"Nicodemus\";login_lastname|s:6:\"Karisa\";login_email|s:18:\"nkmwambs@gmail.com\";login_type_id|s:1:\"1\";login_profile|s:1:\"1\";login_type|s:5:\"admin\";profile_id|s:1:\"1\";type_login_user_id|s:1:\"7\";profile|s:11:\"Super Admin\";page_type|s:7:\"student\";'),
('qsnsslditd2aganaqg896b29el70me1s',	'::1',	1563992172,	'__ci_last_regenerate|i:1563992172;active_login|s:1:\"1\";login_user_id|s:1:\"1\";login_firstname|s:9:\"Nicodemus\";login_lastname|s:6:\"Karisa\";login_email|s:18:\"nkmwambs@gmail.com\";login_type_id|s:1:\"1\";login_profile|s:1:\"1\";login_type|s:5:\"admin\";profile_id|s:1:\"1\";type_login_user_id|s:1:\"7\";profile|s:11:\"Super Admin\";page_type|s:7:\"finance\";'),
('r2kj0rb1b8dr44g7m7flmsqm1bl9sbbc',	'::1',	1563998800,	'__ci_last_regenerate|i:1563998800;active_login|s:1:\"1\";login_user_id|s:1:\"1\";login_firstname|s:9:\"Nicodemus\";login_lastname|s:6:\"Karisa\";login_email|s:18:\"nkmwambs@gmail.com\";login_type_id|s:1:\"1\";login_profile|s:1:\"1\";login_type|s:5:\"admin\";profile_id|s:1:\"1\";type_login_user_id|s:1:\"7\";profile|s:11:\"Super Admin\";page_type|s:8:\"settings\";flash_message|s:17:\"Update successful\";__ci_vars|a:1:{s:13:\"flash_message\";s:3:\"old\";}'),
('r2tljf00bb3gr38decs3upkssfr4s47a',	'::1',	1564051305,	'__ci_last_regenerate|i:1564051305;active_login|s:1:\"1\";login_user_id|s:1:\"1\";login_firstname|s:9:\"Nicodemus\";login_lastname|s:6:\"Karisa\";login_email|s:18:\"nkmwambs@gmail.com\";login_type_id|s:1:\"1\";login_profile|s:1:\"1\";login_type|s:5:\"admin\";profile_id|s:1:\"1\";type_login_user_id|s:1:\"7\";profile|s:11:\"Super Admin\";page_type|s:7:\"student\";'),
('s4nvom48svu3e9d4dnogjl8smkliphjp',	'::1',	1564084615,	'__ci_last_regenerate|i:1564084615;active_login|s:1:\"1\";login_user_id|s:1:\"1\";login_firstname|s:9:\"Nicodemus\";login_lastname|s:6:\"Karisa\";login_email|s:18:\"nkmwambs@gmail.com\";login_type_id|s:1:\"1\";login_profile|s:1:\"1\";login_type|s:5:\"admin\";profile_id|s:1:\"1\";type_login_user_id|s:1:\"7\";profile|s:11:\"Super Admin\";page_type|s:13:\"administrator\";'),
('spjhgfroqlr83kkimqcrugsstat3q704',	'::1',	1564156640,	'__ci_last_regenerate|i:1564156640;active_login|s:1:\"1\";login_user_id|s:1:\"1\";login_firstname|s:9:\"Nicodemus\";login_lastname|s:6:\"Karisa\";login_email|s:18:\"nkmwambs@gmail.com\";login_type_id|s:1:\"1\";login_profile|s:1:\"1\";login_type|s:5:\"admin\";profile_id|s:1:\"1\";type_login_user_id|s:1:\"7\";profile|s:11:\"Super Admin\";page_type|s:7:\"finance\";'),
('t27i13b2a6tj3l5uht8rprsgt0skl8l1',	'::1',	1564128239,	'__ci_last_regenerate|i:1564128239;active_login|s:1:\"1\";login_user_id|s:1:\"1\";login_firstname|s:9:\"Nicodemus\";login_lastname|s:6:\"Karisa\";login_email|s:18:\"nkmwambs@gmail.com\";login_type_id|s:1:\"1\";login_profile|s:1:\"1\";login_type|s:5:\"admin\";profile_id|s:1:\"1\";type_login_user_id|s:1:\"7\";profile|s:11:\"Super Admin\";page_type|s:8:\"approval\";'),
('tbgbug8qlm131vqjmvc5f7c6r6ttvdmi',	'::1',	1563965543,	'__ci_last_regenerate|i:1563965456;active_login|s:1:\"1\";login_user_id|s:1:\"1\";login_firstname|s:9:\"Nicodemus\";login_lastname|s:6:\"Karisa\";login_email|s:18:\"nkmwambs@gmail.com\";login_type_id|s:1:\"1\";login_profile|s:1:\"1\";login_type|s:5:\"admin\";profile_id|s:1:\"1\";type_login_user_id|s:1:\"7\";profile|s:11:\"Super Admin\";page_type|s:7:\"finance\";'),
('tdeqb7amopbbhigh950sqk1bt52ks9s0',	'::1',	1564126573,	'__ci_last_regenerate|i:1564126573;active_login|s:1:\"1\";login_user_id|s:1:\"1\";login_firstname|s:9:\"Nicodemus\";login_lastname|s:6:\"Karisa\";login_email|s:18:\"nkmwambs@gmail.com\";login_type_id|s:1:\"1\";login_profile|s:1:\"1\";login_type|s:5:\"admin\";profile_id|s:1:\"1\";type_login_user_id|s:1:\"7\";profile|s:11:\"Super Admin\";page_type|s:8:\"approval\";'),
('tnalp8t336lda4n3vmfnhe9j7lorqd92',	'::1',	1564081946,	'__ci_last_regenerate|i:1564081946;active_login|s:1:\"1\";login_user_id|s:1:\"1\";login_firstname|s:9:\"Nicodemus\";login_lastname|s:6:\"Karisa\";login_email|s:18:\"nkmwambs@gmail.com\";login_type_id|s:1:\"1\";login_profile|s:1:\"1\";login_type|s:5:\"admin\";profile_id|s:1:\"1\";type_login_user_id|s:1:\"7\";profile|s:11:\"Super Admin\";page_type|s:9:\"dashboard\";'),
('u9mq0c4l1cr0maq7n2rghbdjl1msjktq',	'::1',	1564088468,	'__ci_last_regenerate|i:1564088468;active_login|s:1:\"1\";login_user_id|s:1:\"1\";login_firstname|s:9:\"Nicodemus\";login_lastname|s:6:\"Karisa\";login_email|s:18:\"nkmwambs@gmail.com\";login_type_id|s:1:\"1\";login_profile|s:1:\"1\";login_type|s:5:\"admin\";profile_id|s:1:\"1\";type_login_user_id|s:1:\"7\";profile|s:11:\"Super Admin\";page_type|s:8:\"approval\";'),
('ub9rvihk2qd4edilgfp1u1dmuop9jflb',	'::1',	1564163275,	'__ci_last_regenerate|i:1564163275;active_login|s:1:\"1\";login_user_id|s:1:\"1\";login_firstname|s:9:\"Nicodemus\";login_lastname|s:6:\"Karisa\";login_email|s:18:\"nkmwambs@gmail.com\";login_type_id|s:1:\"1\";login_profile|s:1:\"1\";login_type|s:5:\"admin\";profile_id|s:1:\"1\";type_login_user_id|s:1:\"7\";profile|s:11:\"Super Admin\";page_type|s:7:\"finance\";'),
('uhs4glspme2j462o50faoock06raoj44',	'::1',	1564094959,	'__ci_last_regenerate|i:1564094959;active_login|s:1:\"1\";login_user_id|s:1:\"1\";login_firstname|s:9:\"Nicodemus\";login_lastname|s:6:\"Karisa\";login_email|s:18:\"nkmwambs@gmail.com\";login_type_id|s:1:\"1\";login_profile|s:1:\"1\";login_type|s:5:\"admin\";profile_id|s:1:\"1\";type_login_user_id|s:1:\"7\";profile|s:11:\"Super Admin\";page_type|s:8:\"approval\";'),
('ujd2csa1hkmp6s9i1v1qu2s6of3iohtb',	'::1',	1564093027,	'__ci_last_regenerate|i:1564093027;active_login|s:1:\"1\";login_user_id|s:1:\"1\";login_firstname|s:9:\"Nicodemus\";login_lastname|s:6:\"Karisa\";login_email|s:18:\"nkmwambs@gmail.com\";login_type_id|s:1:\"1\";login_profile|s:1:\"1\";login_type|s:5:\"admin\";profile_id|s:1:\"1\";type_login_user_id|s:1:\"7\";profile|s:11:\"Super Admin\";page_type|s:8:\"approval\";'),
('v1ok1qolqeniknfbqqjk6eab08hcmcea',	'::1',	1563994669,	'__ci_last_regenerate|i:1563994669;active_login|s:1:\"1\";login_user_id|s:1:\"1\";login_firstname|s:9:\"Nicodemus\";login_lastname|s:6:\"Karisa\";login_email|s:18:\"nkmwambs@gmail.com\";login_type_id|s:1:\"1\";login_profile|s:1:\"1\";login_type|s:5:\"admin\";profile_id|s:1:\"1\";type_login_user_id|s:1:\"7\";profile|s:11:\"Super Admin\";page_type|s:8:\"settings\";'),
('v21vtff4atqet5grd7ou5u2j0899g2ai',	'::1',	1564135905,	'__ci_last_regenerate|i:1564135905;active_login|s:1:\"1\";login_user_id|s:1:\"1\";login_firstname|s:9:\"Nicodemus\";login_lastname|s:6:\"Karisa\";login_email|s:18:\"nkmwambs@gmail.com\";login_type_id|s:1:\"1\";login_profile|s:1:\"1\";login_type|s:5:\"admin\";profile_id|s:1:\"1\";type_login_user_id|s:1:\"7\";profile|s:11:\"Super Admin\";page_type|s:7:\"finance\";'),
('v874j7rn9gsd3dfrcma7eppkep4on3e6',	'::1',	1564097725,	'__ci_last_regenerate|i:1564097725;active_login|s:1:\"1\";login_user_id|s:1:\"1\";login_firstname|s:9:\"Nicodemus\";login_lastname|s:6:\"Karisa\";login_email|s:18:\"nkmwambs@gmail.com\";login_type_id|s:1:\"1\";login_profile|s:1:\"1\";login_type|s:5:\"admin\";profile_id|s:1:\"1\";type_login_user_id|s:1:\"7\";profile|s:11:\"Super Admin\";page_type|s:7:\"finance\";'),
('v8b2ls102v3cod9miu55g5q9qbb8gu5i',	'::1',	1564097360,	'__ci_last_regenerate|i:1564097360;active_login|s:1:\"1\";login_user_id|s:1:\"1\";login_firstname|s:9:\"Nicodemus\";login_lastname|s:6:\"Karisa\";login_email|s:18:\"nkmwambs@gmail.com\";login_type_id|s:1:\"1\";login_profile|s:1:\"1\";login_type|s:5:\"admin\";profile_id|s:1:\"1\";type_login_user_id|s:1:\"7\";profile|s:11:\"Super Admin\";page_type|s:8:\"settings\";'),
('vd0flv3h2rqkeemv0pj4bv31rn0l23u0',	'::1',	1564084982,	'__ci_last_regenerate|i:1564084982;active_login|s:1:\"1\";login_user_id|s:1:\"1\";login_firstname|s:9:\"Nicodemus\";login_lastname|s:6:\"Karisa\";login_email|s:18:\"nkmwambs@gmail.com\";login_type_id|s:1:\"1\";login_profile|s:1:\"1\";login_type|s:5:\"admin\";profile_id|s:1:\"1\";type_login_user_id|s:1:\"7\";profile|s:11:\"Super Admin\";page_type|s:8:\"approval\";'),
('vlak86a0tmf5bgtuv1fp3fihnq140ou0',	'::1',	1564099759,	'__ci_last_regenerate|i:1564099759;active_login|s:1:\"1\";login_user_id|s:1:\"1\";login_firstname|s:9:\"Nicodemus\";login_lastname|s:6:\"Karisa\";login_email|s:18:\"nkmwambs@gmail.com\";login_type_id|s:1:\"1\";login_profile|s:1:\"1\";login_type|s:5:\"admin\";profile_id|s:1:\"1\";type_login_user_id|s:1:\"7\";profile|s:11:\"Super Admin\";page_type|s:7:\"finance\";'),
('vrgnqkd9kf0su117oucp6d95hsgosvd9',	'::1',	1564052028,	'__ci_last_regenerate|i:1564051998;active_login|s:1:\"1\";login_user_id|s:1:\"1\";login_firstname|s:9:\"Nicodemus\";login_lastname|s:6:\"Karisa\";login_email|s:18:\"nkmwambs@gmail.com\";login_type_id|s:1:\"1\";login_profile|s:1:\"1\";login_type|s:5:\"admin\";profile_id|s:1:\"1\";type_login_user_id|s:1:\"7\";profile|s:11:\"Super Admin\";page_type|s:7:\"student\";flash_message|s:17:\"Action Successful\";__ci_vars|a:1:{s:13:\"flash_message\";s:3:\"old\";}');

CREATE TABLE `class` (
  `class_id` int(11) NOT NULL AUTO_INCREMENT,
  `name` longtext COLLATE utf8_unicode_ci NOT NULL,
  `name_numeric` tinyint(4) NOT NULL,
  `teacher_id` int(11) NOT NULL,
  PRIMARY KEY (`class_id`),
  KEY `teacher_id` (`teacher_id`),
  CONSTRAINT `class_ibfk_1` FOREIGN KEY (`teacher_id`) REFERENCES `teacher` (`teacher_id`)
) ENGINE=InnoDB DEFAULT CHARSET=utf8 COLLATE=utf8_unicode_ci;

INSERT INTO `class` (`class_id`, `name`, `name_numeric`, `teacher_id`) VALUES
(3,	'Day care',	1,	1),
(4,	'PP1',	2,	17),
(5,	'PP2',	3,	3),
(6,	'Grade 1',	4,	13),
(7,	'Grade 2',	5,	6),
(8,	'Grade 3',	6,	10),
(9,	'Std 4',	7,	2),
(10,	'Std 5',	8,	19),
(11,	'Std 6',	9,	9),
(12,	'Std 7',	10,	4),
(13,	'Std 8',	11,	8);

CREATE TABLE `class_routine` (
  `class_routine_id` int(11) NOT NULL AUTO_INCREMENT,
  `class_id` int(11) NOT NULL,
  `subject_id` int(11) NOT NULL,
  `time_start` int(11) NOT NULL,
  `time_end` int(11) NOT NULL,
  `time_start_min` int(11) NOT NULL,
  `time_end_min` int(11) NOT NULL,
  `day` longtext COLLATE utf8_unicode_ci NOT NULL,
  PRIMARY KEY (`class_routine_id`),
  KEY `class_id` (`class_id`),
  KEY `subject_id` (`subject_id`),
  CONSTRAINT `class_routine_ibfk_1` FOREIGN KEY (`class_id`) REFERENCES `class` (`class_id`),
  CONSTRAINT `class_routine_ibfk_2` FOREIGN KEY (`subject_id`) REFERENCES `subject` (`subject_id`)
) ENGINE=InnoDB DEFAULT CHARSET=utf8 COLLATE=utf8_unicode_ci;


CREATE TABLE `class_routine_attendance` (
  `class_routine_attendance_id` int(100) NOT NULL AUTO_INCREMENT,
  `class_routine_id` int(11) NOT NULL,
  `attendance_date` date NOT NULL,
  `notes` longtext NOT NULL,
  PRIMARY KEY (`class_routine_attendance_id`),
  KEY `class_routine_id` (`class_routine_id`),
  CONSTRAINT `class_routine_attendance_ibfk_1` FOREIGN KEY (`class_routine_id`) REFERENCES `class_routine` (`class_routine_id`)
) ENGINE=InnoDB DEFAULT CHARSET=latin1;


CREATE TABLE `crud` (
  `crud_id` int(100) NOT NULL AUTO_INCREMENT,
  `user_access` varchar(20) NOT NULL,
  `feature` varchar(20) NOT NULL,
  `operation` varchar(20) NOT NULL,
  PRIMARY KEY (`crud_id`)
) ENGINE=InnoDB DEFAULT CHARSET=latin1;


CREATE TABLE `document` (
  `document_id` int(11) NOT NULL AUTO_INCREMENT,
  `title` longtext COLLATE utf8_unicode_ci NOT NULL,
  `description` longtext COLLATE utf8_unicode_ci NOT NULL,
  `file_name` longtext COLLATE utf8_unicode_ci NOT NULL,
  `file_type` longtext COLLATE utf8_unicode_ci NOT NULL,
  `class_id` longtext COLLATE utf8_unicode_ci NOT NULL,
  `teacher_id` int(11) NOT NULL,
  `timestamp` longtext COLLATE utf8_unicode_ci NOT NULL,
  PRIMARY KEY (`document_id`)
) ENGINE=MyISAM DEFAULT CHARSET=utf8 COLLATE=utf8_unicode_ci;


CREATE TABLE `dormitory` (
  `dormitory_id` int(11) NOT NULL AUTO_INCREMENT,
  `name` longtext COLLATE utf8_unicode_ci NOT NULL,
  `number_of_room` longtext COLLATE utf8_unicode_ci NOT NULL,
  `description` longtext COLLATE utf8_unicode_ci NOT NULL,
  PRIMARY KEY (`dormitory_id`)
) ENGINE=InnoDB DEFAULT CHARSET=utf8 COLLATE=utf8_unicode_ci;


CREATE TABLE `entitlement` (
  `entitlement_id` int(100) NOT NULL AUTO_INCREMENT,
  `name` varchar(100) NOT NULL,
  `login_type_id` int(10) NOT NULL,
  `derivative_id` int(100) NOT NULL,
  `visibility` int(100) NOT NULL DEFAULT '1',
  PRIMARY KEY (`entitlement_id`)
) ENGINE=InnoDB DEFAULT CHARSET=latin1;

INSERT INTO `entitlement` (`entitlement_id`, `name`, `login_type_id`, `derivative_id`, `visibility`) VALUES
(262,	'dashboard',	1,	0,	1),
(263,	'accounts',	1,	0,	1),
(264,	'view_administrators',	1,	263,	1),
(265,	'view_teachers',	1,	263,	1),
(266,	'view_parents',	1,	263,	1),
(267,	'view_students',	1,	263,	1),
(268,	'admit_student',	1,	263,	1),
(269,	'admin_student',	1,	263,	1),
(270,	'view_all_students',	1,	263,	1),
(271,	'class_numeric_1_students',	1,	263,	1),
(272,	'class_numeric_2_students',	1,	263,	1),
(273,	'class_numeric_3_students',	1,	263,	1),
(274,	'class_numeric_4_students',	1,	263,	1),
(275,	'class_numeric_5_students',	1,	263,	1),
(276,	'class_numeric_6_students',	1,	263,	1),
(277,	'class_numeric_7_students',	1,	263,	1),
(278,	'class_numeric_8_students',	1,	263,	1),
(279,	'class_numeric_9_students',	1,	263,	1),
(280,	'class_numeric_10_students',	1,	263,	1),
(281,	'class_numeric_11_students',	1,	263,	1),
(282,	'change_own_profile',	1,	263,	1),
(283,	'parent_activity',	1,	0,	1),
(284,	'subject',	1,	0,	1),
(285,	'class_numeric_1_subjects',	1,	284,	1),
(286,	'class_numeric_2_subjects',	1,	284,	1),
(287,	'class_numeric_3_subjects',	1,	284,	1),
(288,	'class_numeric_4_subjects',	1,	284,	1),
(289,	'class_numeric_5_subjects',	1,	284,	1),
(290,	'class_numeric_6_subjects',	1,	284,	1),
(291,	'class_numeric_7_subjects',	1,	284,	1),
(292,	'class_numeric_8_subjects',	1,	284,	1),
(293,	'class_numeric_9_subjects',	1,	284,	1),
(294,	'class_numeric_10_subjects',	1,	284,	1),
(295,	'class_numeric_11_subjects',	1,	284,	1),
(296,	'accounting',	1,	0,	1),
(297,	'create_transaction',	1,	296,	1),
(298,	'create_transaction',	1,	262,	1),
(299,	'take_student_payment',	1,	262,	1),
(300,	'take_other_income',	1,	262,	1),
(301,	'make_expense',	1,	262,	1),
(302,	'tranfer_funds',	1,	262,	1),
(303,	'raise_contra_entry',	1,	262,	1),
(304,	'student_count',	1,	262,	1),
(305,	'teachers_count',	1,	262,	1),
(306,	'parents_count',	1,	262,	1),
(307,	'today_students_attendance',	1,	262,	1),
(308,	'unpaid_invoices_count',	1,	262,	1),
(309,	'total_fees_balance',	1,	262,	1),
(310,	'total_fees_received',	1,	262,	1),
(311,	'total_invoices_cleared',	1,	262,	1),
(312,	'years_expense_to_date',	1,	262,	1),
(313,	'budget_to_date',	1,	262,	1),
(314,	'percent_class_attendance',	1,	262,	1),
(315,	'percent_lesson_covered',	1,	262,	1),
(316,	'event_schedule',	1,	262,	1),
(317,	'add_parent_activity',	1,	283,	1),
(318,	'add_parent',	1,	263,	1),
(319,	'edit_parent',	1,	263,	1),
(320,	'delete_parent',	1,	263,	1),
(321,	'assign_beneficiary',	1,	263,	1),
(322,	'add_teacher',	1,	263,	1),
(323,	'promote_teacher_to_user',	1,	263,	1),
(324,	'edit_teacher',	1,	263,	1),
(325,	'delete_teacher',	1,	263,	1),
(326,	'administrator',	1,	0,	1),
(327,	'add_administrator',	1,	326,	1),
(328,	'promote_admin_to_user',	1,	326,	1),
(329,	'edit_admin',	1,	326,	1),
(330,	'assign_profile',	1,	326,	1),
(331,	'delete_admin',	1,	326,	1),
(332,	'student_admission',	1,	263,	1),
(333,	'promote_student',	1,	263,	1),
(334,	'edit_student',	1,	263,	1),
(335,	'suspend_student',	1,	263,	1),
(336,	'reinstate_student',	1,	263,	1),
(337,	'demote_student',	1,	263,	1),
(338,	'take_student_payment',	1,	296,	1),
(339,	'edit_invoice',	1,	296,	1),
(340,	'delete_or_cancel_invoice',	1,	296,	1),
(341,	'take_other_income',	1,	296,	1),
(342,	'make_expense',	1,	296,	1),
(343,	'tranfer_funds',	1,	296,	1),
(344,	'raise_contra_entry',	1,	296,	1),
(345,	'bank_reconcialition',	1,	296,	1),
(346,	'classes',	1,	0,	1),
(347,	'add_class',	1,	346,	1),
(348,	'edit_class',	1,	346,	1),
(349,	'delete_class',	1,	346,	1),
(350,	'reverse_transaction',	1,	296,	1),
(351,	'edit_activity',	1,	283,	1),
(352,	'mark_targeted_participants',	1,	283,	1),
(353,	'show_or_mark_attendance',	1,	283,	1),
(354,	'transfer_funds',	1,	262,	1),
(355,	'changelog',	1,	0,	1),
(356,	'homepage',	1,	0,	1),
(357,	'welcome',	1,	0,	1),
(358,	'home',	1,	0,	1),
(359,	'homepage',	1,	358,	1),
(360,	'dashboard',	1,	358,	1),
(361,	'dashboard_shortcuts',	1,	262,	1),
(362,	'pending_approvals',	1,	262,	1),
(363,	'sms_gateway_balance',	1,	262,	1),
(364,	'approval',	1,	0,	1),
(365,	'approve_request',	1,	364,	1),
(366,	'approval_comment',	1,	364,	1),
(367,	'decline_request',	1,	364,	1),
(368,	'request_edit_invoice',	1,	296,	1),
(369,	'request_delete_or_cancel_invoice',	1,	296,	1);

CREATE TABLE `exam` (
  `exam_id` int(11) NOT NULL AUTO_INCREMENT,
  `name` longtext COLLATE utf8_unicode_ci NOT NULL,
  `date` longtext COLLATE utf8_unicode_ci NOT NULL,
  `comment` longtext COLLATE utf8_unicode_ci NOT NULL,
  PRIMARY KEY (`exam_id`)
) ENGINE=InnoDB DEFAULT CHARSET=utf8 COLLATE=utf8_unicode_ci;

INSERT INTO `exam` (`exam_id`, `name`, `date`, `comment`) VALUES
(1,	'Opener',	'05/08/2019',	'Targ 004');

CREATE TABLE `expense_category` (
  `expense_category_id` int(11) NOT NULL AUTO_INCREMENT,
  `name` longtext COLLATE utf8_unicode_ci NOT NULL,
  `income_category_id` int(100) NOT NULL,
  `status` int(2) NOT NULL DEFAULT '1' COMMENT '0-disabled,1-enabled',
  PRIMARY KEY (`expense_category_id`),
  KEY `income_category_id` (`income_category_id`),
  CONSTRAINT `expense_category_ibfk_1` FOREIGN KEY (`income_category_id`) REFERENCES `income_categories` (`income_category_id`)
) ENGINE=InnoDB DEFAULT CHARSET=utf8 COLLATE=utf8_unicode_ci;

INSERT INTO `expense_category` (`expense_category_id`, `name`, `income_category_id`, `status`) VALUES
(1,	'E110 - Salaries and wages',	1,	1),
(2,	'E115 - Communication (Rental box, airtime, internet, system upgrades, website maintainance)',	1,	1),
(3,	'E120 - Board and management expenses (MD Air travel & stay, Board allowances, management meetings)',	1,	0),
(4,	'E125 - Examinations and related expenses (Exams, External markers)',	1,	1),
(5,	'E130 - Academic performance improvement expenses (KCPE Targets, Christmas gifts, std 8 speakers, remedial Saturdays, extra teachings, capacity building)',	1,	1),
(6,	'E135 - Co-curriculum activities (KPVA day/English day, Sports items and equipments, Prize giving day)',	1,	1),
(7,	'E140- Dues and subscription',	1,	1),
(8,	'E145 - Security and Professional services',	1,	1),
(9,	'E150 - Advertising and Promotion',	1,	1),
(10,	'E210 - Kitchen Staff salaries/wages',	8,	1),
(11,	'E215 - Food stuffs',	8,	1),
(12,	'E220 - Charcoal and Firewood',	8,	1),
(13,	'E225 - Kitchen utensils and cutleries',	8,	1),
(14,	'E230 - Cleaning items',	8,	1),
(15,	'E235 - Dining furniture (chairs and tables)',	8,	1),
(16,	'E240 - Kitchen maintenance and repairs',	8,	1),
(17,	'E310 - Matron/s Salaries/wages',	2,	1),
(18,	'E315 - Hygiene and Cleaning expenses(Cleaning materials, brooms, soaps, air fresheners, toilet papers)',	2,	1),
(19,	'E320 - Utilities expenses(Electricity, water) ',	2,	1),
(20,	'E325 - Loans(Construction and other loans)',	2,	1),
(21,	'E330 - Assets Acquisition(furniture, Equipment)',	2,	1),
(22,	'E335 - Assets Insurance',	2,	1),
(23,	'E340 - Assets maintenance and repairs',	2,	1),
(24,	'E345 - Landscaping and maintenance',	2,	1),
(25,	'E410 - Exercise books',	4,	1),
(26,	'E415 - stationaries',	4,	1),
(27,	'E420 - Text books',	4,	1),
(28,	'E510 - Driver/s Salaries/wages',	3,	1),
(29,	'E515 - Fuel',	3,	1),
(30,	'E520 - Local Travel',	3,	1),
(31,	'E525 - Vehicle service/repairs',	3,	1),
(32,	'E530 - Vehicle Insurance',	3,	1),
(33,	'E535 - Vehicles loans',	3,	1),
(34,	'E610 - Nurse Salary/wage',	5,	1),
(35,	'E615 - First Aid kit expenses',	5,	1),
(36,	'E617 - Referrals',	5,	1),
(37,	'E710 - Laundry ',	6,	1),
(38,	'E715 - Soap and Water',	6,	1),
(39,	'E720 - shaving',	6,	1),
(40,	'E725 - Plaiting',	6,	1),
(41,	'E800 - Teachers, swimming instructors and drivers wages/allowances',	7,	1),
(42,	'E810 - Fuel',	7,	1),
(43,	'E815 - Vehicle Service',	7,	1),
(44,	'E820 - Charity contribution ',	11,	1),
(46,	'E830 - Miscellaneous',	11,	1),
(47,	'E900-Teachers and Driver\'s allowance',	11,	1),
(48,	'E910-Bus Hire fuel',	11,	1),
(49,	'E915-Vehicle Service',	11,	1),
(51,	'E925-Staff Welfare',	11,	1),
(52,	'E1010-Construction  Loans and other loans',	12,	1),
(53,	'E1015Funitures and fixtures',	12,	1),
(54,	'E1020-Tools and Equipment',	12,	1),
(55,	'E1025- Assets Insurance',	12,	1),
(56,	'E1030- Repair and Maintenance',	12,	1),
(57,	'E1035- Landscaping',	12,	1),
(58,	'E1040- Advertising and Promotion',	12,	1),
(59,	'E1045- Dues and subcription',	12,	1),
(60,	'E1050- Security and proffessional service',	12,	1);

CREATE TABLE `expense_variance_note` (
  `expense_variance_note_id` int(100) NOT NULL AUTO_INCREMENT,
  `month` date NOT NULL,
  `income_category_id` int(100) NOT NULL,
  `note` longtext NOT NULL,
  `createddate` timestamp NOT NULL DEFAULT CURRENT_TIMESTAMP ON UPDATE CURRENT_TIMESTAMP,
  PRIMARY KEY (`expense_variance_note_id`),
  KEY `income_category_id` (`income_category_id`),
  CONSTRAINT `expense_variance_note_ibfk_1` FOREIGN KEY (`income_category_id`) REFERENCES `income_categories` (`income_category_id`)
) ENGINE=InnoDB DEFAULT CHARSET=latin1;

INSERT INTO `expense_variance_note` (`expense_variance_note_id`, `month`, `income_category_id`, `note`, `createddate`) VALUES
(1,	'2019-05-01',	2,	'Testing',	'2019-06-13 05:19:30');

CREATE TABLE `fees_structure` (
  `fees_id` int(10) NOT NULL AUTO_INCREMENT,
  `name` longtext NOT NULL,
  `class_id` int(10) NOT NULL,
  `yr` int(10) NOT NULL,
  `term` int(10) NOT NULL,
  PRIMARY KEY (`fees_id`)
) ENGINE=InnoDB DEFAULT CHARSET=latin1;

INSERT INTO `fees_structure` (`fees_id`, `name`, `class_id`, `yr`, `term`) VALUES
(1,	'class_Day_care_term_Two_year_2019',	3,	2019,	2),
(3,	'class_Grade_1_term_Two_year_2019',	6,	2019,	2),
(4,	'class_PP2_term_Two_year_2019',	5,	2019,	2),
(6,	'class_Grade_3_term_Two_year_2019',	8,	2019,	2),
(8,	'class_Std_4_term_Two_year_2019',	9,	2019,	2),
(9,	'class_Std_5_term_Two_year_2019',	10,	2019,	2),
(10,	'class_Std_6_term_Two_year_2019',	11,	2019,	2),
(11,	'class_Std_7_term_Two_year_2019',	12,	2019,	2),
(12,	'class_Std_8_term_Two_year_2019',	13,	2019,	2),
(13,	'class_PP1_term_Two_year_2019',	4,	2019,	2),
(14,	'class_Grade_2_term_Two_year_2019',	7,	2019,	2);

CREATE TABLE `fees_structure_details` (
  `detail_id` int(10) NOT NULL AUTO_INCREMENT,
  `name` longtext NOT NULL,
  `fees_id` int(10) NOT NULL,
  `income_category_id` int(100) NOT NULL,
  `amount` int(10) NOT NULL,
  PRIMARY KEY (`detail_id`),
  KEY `income_category_id` (`income_category_id`),
  KEY `fees_id` (`fees_id`),
  CONSTRAINT `fees_structure_details_ibfk_1` FOREIGN KEY (`income_category_id`) REFERENCES `income_categories` (`income_category_id`),
  CONSTRAINT `fees_structure_details_ibfk_2` FOREIGN KEY (`fees_id`) REFERENCES `fees_structure` (`fees_id`)
) ENGINE=InnoDB DEFAULT CHARSET=latin1;

INSERT INTO `fees_structure_details` (`detail_id`, `name`, `fees_id`, `income_category_id`, `amount`) VALUES
(9,	'Tuition',	1,	1,	6500),
(10,	'Exercise books',	1,	4,	1000),
(11,	'First aid',	1,	5,	500),
(12,	'Lunch and snacks (Day scholars)',	1,	8,	4500),
(13,	'Transport',	1,	3,	0),
(22,	'Tuition',	3,	1,	7200),
(23,	'Exercise books',	3,	4,	1000),
(25,	'Lunch and snacks (Day Scholars)',	3,	8,	4500),
(26,	'First aid',	3,	5,	500),
(27,	'Boarding Fees',	3,	2,	7500),
(28,	'Transport',	3,	3,	0),
(29,	'Tuition',	4,	1,	6500),
(30,	'Exercise Books',	4,	4,	1000),
(31,	'First Aid',	4,	5,	500),
(32,	'Lunch and snacks',	4,	8,	4500),
(39,	'Tuition',	6,	1,	7700),
(40,	'Exercise Books',	6,	4,	1000),
(41,	'First Aid',	6,	5,	500),
(42,	'Lunch & Snacks',	6,	8,	4500),
(43,	'Transport',	6,	3,	0),
(49,	'Tuition',	8,	1,	7700),
(50,	'exercise books',	8,	4,	1000),
(51,	'first aid',	8,	5,	500),
(52,	'lunch and snacks',	8,	8,	4500),
(53,	'transport',	8,	3,	0),
(54,	'Tuition',	9,	1,	8200),
(55,	'Boarding',	9,	2,	7500),
(56,	'meals (Boarding)',	9,	8,	8000),
(57,	'First Aid',	9,	5,	500),
(58,	'Laundry',	9,	6,	1000),
(59,	'Shaving',	9,	6,	500),
(61,	'Tuition',	10,	1,	8200),
(62,	'exercise books',	10,	4,	1000),
(63,	'first aid',	10,	5,	500),
(64,	'boarding',	10,	2,	8000),
(65,	'meals',	10,	8,	7500),
(66,	'shaving',	10,	6,	500),
(67,	'transport',	10,	3,	0),
(68,	'plaiting',	10,	6,	1000),
(69,	'Tuition',	11,	1,	8700),
(70,	'exercise book',	11,	4,	1000),
(71,	'first aid',	11,	5,	500),
(72,	'meals',	11,	2,	8000),
(73,	'boarding',	11,	2,	7500),
(74,	'shaving',	11,	6,	500),
(75,	'plaiting',	11,	6,	1000),
(76,	'transport',	11,	3,	0),
(77,	'Tuition',	12,	1,	8700),
(78,	'exercise book',	12,	4,	1000),
(79,	'first aid',	12,	5,	500),
(80,	'meals',	12,	2,	8000),
(81,	'boarding',	12,	2,	7500),
(82,	'shaving',	12,	6,	500),
(83,	'plaiting',	12,	6,	1000),
(84,	'transport',	12,	3,	0),
(85,	'Meals (Boarding)',	3,	8,	8000),
(86,	'Balances brought Forward',	3,	12,	0),
(87,	'meals (Boarding)',	1,	2,	8000),
(88,	'boarding',	1,	2,	7500),
(90,	'Bal B/F',	1,	12,	0),
(91,	'Tuition',	13,	1,	6500),
(92,	'Exercise books',	13,	4,	1000),
(93,	'First aid',	13,	5,	500),
(94,	'Lunch and snacks (Day scholars)',	13,	8,	4500),
(95,	'Transport',	13,	3,	0),
(96,	'meals (Boarding)',	13,	2,	8000),
(97,	'boarding',	13,	2,	7500),
(98,	'transport',	13,	3,	0),
(99,	'Bal B/F',	13,	12,	0),
(100,	'transport',	4,	3,	0),
(101,	'meals',	4,	2,	8000),
(102,	'boarding',	4,	2,	7500),
(103,	'Bal B/F',	4,	12,	0),
(104,	'Tuition',	14,	1,	7200),
(105,	'Exercise books',	14,	4,	1000),
(106,	'Lunch and snacks (Day Scholars)',	14,	8,	4500),
(107,	'First aid',	14,	5,	500),
(108,	'Boarding Fees',	14,	2,	7500),
(109,	'Transport',	14,	3,	0),
(110,	'Meals (Boarding)',	14,	8,	8000),
(111,	'Balances brought Forward',	14,	12,	0),
(112,	'transport',	6,	3,	0),
(113,	'meals (boarding)',	6,	2,	8000),
(114,	'boarding',	6,	2,	7500),
(115,	'Bal B/F',	6,	12,	0),
(134,	'transport',	9,	3,	0),
(135,	'lunch & snacks',	9,	8,	4500),
(136,	'Bal B/F',	9,	12,	0),
(137,	'plaiting',	9,	6,	1000),
(148,	'lunch and snacks',	10,	8,	4500),
(149,	'Bal B/F',	10,	12,	0),
(150,	'lunch and snacks(Day scholar)',	11,	8,	4500),
(151,	'Bal B/F',	11,	12,	0),
(152,	'lunch & snacks',	12,	8,	4500),
(153,	'Bal B/F',	12,	12,	0),
(154,	'laundry',	9,	6,	1000),
(155,	'meals(board)',	8,	2,	8000),
(156,	'boarding',	8,	2,	7500),
(157,	'laundry',	8,	6,	1000),
(158,	'plaiting',	8,	6,	1000),
(159,	'Bal B/F',	8,	12,	0),
(160,	'shaving',	8,	6,	500),
(161,	'shaving',	6,	6,	500),
(162,	'plaiting',	6,	6,	1000),
(163,	'laundry',	6,	6,	1000),
(164,	'shaving',	14,	6,	500),
(165,	'plaiting',	14,	6,	1000),
(166,	'laundry',	14,	6,	1000),
(167,	'shaving',	3,	6,	500),
(168,	'plaiting',	3,	6,	1000),
(169,	'laundry',	3,	6,	1000),
(170,	'shaving',	13,	6,	500),
(171,	'plaiting',	13,	6,	1000),
(172,	'laundry',	13,	6,	1000),
(173,	'shaving',	4,	6,	500),
(174,	'plaiting',	4,	6,	1000),
(175,	'laundry',	4,	6,	1000),
(176,	'shaving',	1,	6,	500),
(177,	'plaiting',	1,	6,	1000),
(178,	'laundry',	1,	6,	1000),
(183,	'exercise books',	9,	4,	1000);

CREATE TABLE `grade` (
  `grade_id` int(11) NOT NULL AUTO_INCREMENT,
  `name` longtext COLLATE utf8_unicode_ci NOT NULL,
  `grade_point` longtext COLLATE utf8_unicode_ci NOT NULL,
  `mark_from` int(11) NOT NULL,
  `mark_upto` int(11) NOT NULL,
  `comment` longtext COLLATE utf8_unicode_ci NOT NULL,
  PRIMARY KEY (`grade_id`)
) ENGINE=InnoDB DEFAULT CHARSET=utf8 COLLATE=utf8_unicode_ci;

INSERT INTO `grade` (`grade_id`, `name`, `grade_point`, `mark_from`, `mark_upto`, `comment`) VALUES
(1,	'EXCELLENT',	'A',	80,	100,	''),
(2,	'EXCELLENT',	'A -',	75,	79,	''),
(3,	'VERY GOOD',	'B+',	70,	74,	''),
(4,	'GOOD',	'B',	65,	69,	''),
(5,	'GOOD',	'B-',	60,	64,	''),
(6,	'AVERAGE',	'C+',	55,	59,	''),
(7,	'AVERAGE',	'C',	45,	54,	''),
(9,	'AVERAGE',	'C-',	40,	44,	''),
(11,	'BELOW AVERAGE',	'D+',	35,	39,	''),
(12,	'BELOW AVERAGE',	'D',	30,	34,	''),
(13,	'BELOW AVERAGE',	'D-',	25,	29,	'');

CREATE TABLE `income_categories` (
  `income_category_id` int(100) NOT NULL AUTO_INCREMENT,
  `name` varchar(50) NOT NULL,
  `opening_balance` decimal(10,2) NOT NULL,
  `default_category` int(5) NOT NULL DEFAULT '0',
  `status` int(5) NOT NULL DEFAULT '1' COMMENT '0-disabled,1-active',
  PRIMARY KEY (`income_category_id`)
) ENGINE=InnoDB DEFAULT CHARSET=latin1;

INSERT INTO `income_categories` (`income_category_id`, `name`, `opening_balance`, `default_category`, `status`) VALUES
(1,	'R100-Tuition',	3050700.00,	0,	0),
(2,	'R300 -Boarding',	2093470.00,	0,	1),
(3,	'R500 - Transport',	340500.00,	0,	1),
(4,	'R400 - Teaching and learning materials',	382000.00,	0,	1),
(5,	'R600 - Medication',	191000.00,	0,	1),
(6,	'R700 - Student grooming and hygiene',	261500.00,	0,	1),
(7,	'R800 - Activity Fee',	72600.00,	0,	1),
(8,	'R200 - Meals',	2521500.00,	0,	1),
(10,	'R-200 Food and Kitchen Facilities',	0.00,	0,	1),
(11,	'R900- Other Incomes',	0.00,	1,	1),
(12,	'R1000- Fund Reserve',	398440.95,	0,	1);

CREATE TABLE `invoice` (
  `invoice_id` int(11) NOT NULL AUTO_INCREMENT,
  `student_id` int(11) NOT NULL,
  `class_id` int(11) NOT NULL,
  `yr` longtext COLLATE utf8_unicode_ci NOT NULL,
  `term` longtext COLLATE utf8_unicode_ci NOT NULL,
  `amount` int(11) NOT NULL COMMENT 'fees structure amount less transport',
  `amount_due` longtext COLLATE utf8_unicode_ci NOT NULL COMMENT 'amount liable to pay plus transport',
  `creation_timestamp` varchar(100) COLLATE utf8_unicode_ci NOT NULL,
  `status` longtext COLLATE utf8_unicode_ci NOT NULL COMMENT 'paid, excess, unpaid or cancelled',
  `carry_forward` int(11) NOT NULL DEFAULT '0',
  `transitioned` int(11) NOT NULL DEFAULT '0',
  `last_approval_request_id` int(100) NOT NULL DEFAULT '0',
  PRIMARY KEY (`invoice_id`),
  KEY `student_id` (`student_id`),
  KEY `class_id` (`class_id`),
  CONSTRAINT `invoice_ibfk_1` FOREIGN KEY (`student_id`) REFERENCES `student` (`student_id`),
  CONSTRAINT `invoice_ibfk_2` FOREIGN KEY (`class_id`) REFERENCES `class` (`class_id`)
) ENGINE=InnoDB DEFAULT CHARSET=utf8 COLLATE=utf8_unicode_ci;

INSERT INTO `invoice` (`invoice_id`, `student_id`, `class_id`, `yr`, `term`, `amount`, `amount_due`, `creation_timestamp`, `status`, `carry_forward`, `transitioned`, `last_approval_request_id`) VALUES
(396,	276,	12,	'2019',	'2',	31700,	'25700',	'1560722400',	'unpaid',	0,	0,	11),
(397,	273,	12,	'2019',	'2',	31700,	'17700',	'1560722400',	'unpaid',	0,	0,	6),
(399,	260,	12,	'2019',	'2',	31700,	'26200',	'1560722400',	'cancelled',	0,	0,	1),
(400,	264,	12,	'2019',	'2',	31700,	'31700',	'1560722400',	'unpaid',	0,	0,	5),
(401,	298,	12,	'2019',	'2',	31700,	'13400',	'1560722400',	'unpaid',	0,	0,	8),
(402,	272,	12,	'2019',	'2',	31700,	'4500',	'1560722400',	'cancelled',	0,	0,	3),
(403,	303,	12,	'2019',	'2',	31700,	'14200',	'1560722400',	'unpaid',	0,	0,	7),
(404,	387,	12,	'2019',	'2',	31700,	'4500',	'1560722400',	'paid',	0,	0,	0),
(405,	295,	12,	'2019',	'2',	31700,	'31700',	'1560722400',	'cancelled',	0,	0,	4),
(406,	291,	12,	'2019',	'2',	31700,	'31700',	'1560722400',	'unpaid',	0,	0,	12),
(407,	276,	12,	'2019',	'2',	31700,	'31200',	'1563919200',	'cancelled',	0,	0,	14),
(408,	190,	10,	'2019',	'2',	33200,	'25700',	'1564092000',	'unpaid',	0,	0,	13);

CREATE TABLE `invoice_details` (
  `invoice_details_id` int(200) NOT NULL AUTO_INCREMENT,
  `invoice_id` int(200) NOT NULL,
  `detail_id` int(200) NOT NULL,
  `amount_due` int(200) NOT NULL,
  PRIMARY KEY (`invoice_details_id`),
  KEY `detail_id` (`detail_id`),
  KEY `invoice_id` (`invoice_id`),
  CONSTRAINT `invoice_details_ibfk_1` FOREIGN KEY (`detail_id`) REFERENCES `fees_structure_details` (`detail_id`),
  CONSTRAINT `invoice_details_ibfk_2` FOREIGN KEY (`invoice_id`) REFERENCES `invoice` (`invoice_id`)
) ENGINE=InnoDB DEFAULT CHARSET=latin1;

INSERT INTO `invoice_details` (`invoice_details_id`, `invoice_id`, `detail_id`, `amount_due`) VALUES
(2115,	396,	69,	8700),
(2116,	396,	70,	1000),
(2117,	396,	73,	7500),
(2118,	396,	71,	500),
(2119,	396,	72,	8000),
(2121,	402,	150,	4500),
(2123,	404,	150,	4500),
(2124,	405,	69,	8700),
(2125,	405,	70,	1000),
(2126,	405,	71,	500),
(2127,	405,	72,	8000),
(2128,	405,	73,	7500),
(2129,	405,	74,	500),
(2130,	405,	75,	1000),
(2131,	405,	150,	4500),
(2132,	406,	69,	8700),
(2133,	406,	70,	1000),
(2134,	406,	71,	500),
(2135,	406,	72,	8000),
(2136,	406,	73,	7500),
(2137,	406,	74,	500),
(2138,	406,	75,	1000),
(2139,	406,	150,	4500),
(2140,	403,	150,	4500),
(2141,	403,	69,	9700),
(2142,	401,	150,	4500),
(2143,	401,	69,	8900),
(2144,	399,	69,	8700),
(2145,	399,	75,	1000),
(2146,	399,	70,	1000),
(2150,	400,	69,	8700),
(2151,	400,	70,	1000),
(2152,	400,	71,	500),
(2153,	400,	72,	8000),
(2154,	400,	73,	7500),
(2155,	400,	74,	500),
(2156,	400,	75,	1000),
(2157,	400,	150,	4500),
(2158,	400,	151,	0),
(2159,	400,	76,	0),
(2160,	397,	69,	8700),
(2161,	397,	73,	7500),
(2162,	397,	75,	1000),
(2163,	397,	71,	500),
(2164,	399,	73,	7500),
(2165,	399,	72,	8000),
(2166,	407,	69,	8700),
(2167,	407,	70,	1000),
(2168,	407,	71,	500),
(2169,	407,	72,	8000),
(2170,	407,	73,	7500),
(2171,	407,	75,	1000),
(2172,	407,	150,	4500),
(2173,	408,	54,	8200),
(2174,	408,	55,	7500),
(2175,	408,	56,	8000),
(2176,	408,	57,	500),
(2177,	408,	58,	1000),
(2178,	408,	59,	500);

CREATE TABLE `language` (
  `phrase_id` int(11) NOT NULL AUTO_INCREMENT,
  `phrase` longtext COLLATE utf8_unicode_ci NOT NULL,
  `english` longtext COLLATE utf8_unicode_ci NOT NULL,
  `bengali` longtext COLLATE utf8_unicode_ci NOT NULL,
  `spanish` longtext COLLATE utf8_unicode_ci NOT NULL,
  `arabic` longtext COLLATE utf8_unicode_ci NOT NULL,
  `dutch` longtext COLLATE utf8_unicode_ci NOT NULL,
  `russian` longtext COLLATE utf8_unicode_ci NOT NULL,
  `chinese` longtext COLLATE utf8_unicode_ci NOT NULL,
  `turkish` longtext COLLATE utf8_unicode_ci NOT NULL,
  `portuguese` longtext COLLATE utf8_unicode_ci NOT NULL,
  `hungarian` longtext COLLATE utf8_unicode_ci NOT NULL,
  `french` longtext COLLATE utf8_unicode_ci NOT NULL,
  `greek` longtext COLLATE utf8_unicode_ci NOT NULL,
  `german` longtext COLLATE utf8_unicode_ci NOT NULL,
  `italian` longtext COLLATE utf8_unicode_ci NOT NULL,
  `thai` longtext COLLATE utf8_unicode_ci NOT NULL,
  `urdu` longtext COLLATE utf8_unicode_ci NOT NULL,
  `hindi` longtext COLLATE utf8_unicode_ci NOT NULL,
  `latin` longtext COLLATE utf8_unicode_ci NOT NULL,
  `indonesian` longtext COLLATE utf8_unicode_ci NOT NULL,
  `japanese` longtext COLLATE utf8_unicode_ci NOT NULL,
  `korean` longtext COLLATE utf8_unicode_ci NOT NULL,
  `swahili` longtext COLLATE utf8_unicode_ci,
  `Kikuyu` longtext COLLATE utf8_unicode_ci,
  PRIMARY KEY (`phrase_id`)
) ENGINE=MyISAM DEFAULT CHARSET=utf8 COLLATE=utf8_unicode_ci;

INSERT INTO `language` (`phrase_id`, `phrase`, `english`, `bengali`, `spanish`, `arabic`, `dutch`, `russian`, `chinese`, `turkish`, `portuguese`, `hungarian`, `french`, `greek`, `german`, `italian`, `thai`, `urdu`, `hindi`, `latin`, `indonesian`, `japanese`, `korean`, `swahili`, `Kikuyu`) VALUES
(1,	'login',	'',	'',	'',	'',	'',	'',	'',	'',	'',	'',	'',	'',	'',	'',	'',	'',	'',	'',	'',	'',	'',	'',	''),
(2,	'forgot_your_password',	'',	'',	'',	'',	'',	'',	'',	'',	'',	'',	'',	'',	'',	'',	'',	'',	'',	'',	'',	'',	'',	'',	''),
(3,	'admin_dashboard',	'',	'',	'',	'',	'',	'',	'',	'',	'',	'',	'',	'',	'',	'',	'',	'',	'',	'',	'',	'',	'',	'',	''),
(4,	'dashboard',	'',	'',	'',	'',	'',	'',	'',	'',	'',	'',	'',	'',	'',	'',	'',	'',	'',	'',	'',	'',	'',	'Karibu',	''),
(5,	'student',	'',	'',	'',	'',	'',	'',	'',	'',	'',	'',	'',	'',	'',	'',	'',	'',	'',	'',	'',	'',	'',	'',	''),
(6,	'admit_student',	'',	'',	'',	'',	'',	'',	'',	'',	'',	'',	'',	'',	'',	'',	'',	'',	'',	'',	'',	'',	'',	'',	''),
(7,	'admit_bulk_student',	'',	'',	'',	'',	'',	'',	'',	'',	'',	'',	'',	'',	'',	'',	'',	'',	'',	'',	'',	'',	'',	'',	''),
(8,	'student_information',	'',	'',	'',	'',	'',	'',	'',	'',	'',	'',	'',	'',	'',	'',	'',	'',	'',	'',	'',	'',	'',	'',	''),
(9,	'teacher',	'',	'',	'',	'',	'',	'',	'',	'',	'',	'',	'',	'',	'',	'',	'',	'',	'',	'',	'',	'',	'',	'',	''),
(10,	'parents',	'',	'',	'',	'',	'',	'',	'',	'',	'',	'',	'',	'',	'',	'',	'',	'',	'',	'',	'',	'',	'',	'',	''),
(11,	'class',	'',	'',	'',	'',	'',	'',	'',	'',	'',	'',	'',	'',	'',	'',	'',	'',	'',	'',	'',	'',	'',	'',	''),
(12,	'manage_classes',	'',	'',	'',	'',	'',	'',	'',	'',	'',	'',	'',	'',	'',	'',	'',	'',	'',	'',	'',	'',	'',	'',	''),
(13,	'manage_sections',	'',	'',	'',	'',	'',	'',	'',	'',	'',	'',	'',	'',	'',	'',	'',	'',	'',	'',	'',	'',	'',	'',	''),
(14,	'subject',	'',	'',	'',	'',	'',	'',	'',	'',	'',	'',	'',	'',	'',	'',	'',	'',	'',	'',	'',	'',	'',	'',	''),
(15,	'class_routine',	'',	'',	'',	'',	'',	'',	'',	'',	'',	'',	'',	'',	'',	'',	'',	'',	'',	'',	'',	'',	'',	'',	''),
(16,	'daily_attendance',	'',	'',	'',	'',	'',	'',	'',	'',	'',	'',	'',	'',	'',	'',	'',	'',	'',	'',	'',	'',	'',	'',	''),
(17,	'exam',	'',	'',	'',	'',	'',	'',	'',	'',	'',	'',	'',	'',	'',	'',	'',	'',	'',	'',	'',	'',	'',	'',	''),
(18,	'exam_list',	'',	'',	'',	'',	'',	'',	'',	'',	'',	'',	'',	'',	'',	'',	'',	'',	'',	'',	'',	'',	'',	'',	''),
(19,	'exam_grades',	'',	'',	'',	'',	'',	'',	'',	'',	'',	'',	'',	'',	'',	'',	'',	'',	'',	'',	'',	'',	'',	'',	''),
(20,	'manage_marks',	'',	'',	'',	'',	'',	'',	'',	'',	'',	'',	'',	'',	'',	'',	'',	'',	'',	'',	'',	'',	'',	'',	''),
(21,	'send_marks_by_sms',	'',	'',	'',	'',	'',	'',	'',	'',	'',	'',	'',	'',	'',	'',	'',	'',	'',	'',	'',	'',	'',	'',	''),
(22,	'tabulation_sheet',	'',	'',	'',	'',	'',	'',	'',	'',	'',	'',	'',	'',	'',	'',	'',	'',	'',	'',	'',	'',	'',	'',	''),
(23,	'accounting',	'',	'',	'',	'',	'',	'',	'',	'',	'',	'',	'',	'',	'',	'',	'',	'',	'',	'',	'',	'',	'',	'',	''),
(24,	'fees_structure',	'',	'',	'',	'',	'',	'',	'',	'',	'',	'',	'',	'',	'',	'',	'',	'',	'',	'',	'',	'',	'',	'',	''),
(25,	'create_invoice',	'',	'',	'',	'',	'',	'',	'',	'',	'',	'',	'',	'',	'',	'',	'',	'',	'',	'',	'',	'',	'',	'',	''),
(26,	'student_payments',	'',	'',	'',	'',	'',	'',	'',	'',	'',	'',	'',	'',	'',	'',	'',	'',	'',	'',	'',	'',	'',	'',	''),
(27,	'school_expenses',	'',	'',	'',	'',	'',	'',	'',	'',	'',	'',	'',	'',	'',	'',	'',	'',	'',	'',	'',	'',	'',	'',	''),
(28,	'cash_book',	'',	'',	'',	'',	'',	'',	'',	'',	'',	'',	'',	'',	'',	'',	'',	'',	'',	'',	'',	'',	'',	'',	''),
(29,	'budget',	'',	'',	'',	'',	'',	'',	'',	'',	'',	'',	'',	'',	'',	'',	'',	'',	'',	'',	'',	'',	'',	'',	''),
(30,	'library',	'',	'',	'',	'',	'',	'',	'',	'',	'',	'',	'',	'',	'',	'',	'',	'',	'',	'',	'',	'',	'',	'',	''),
(31,	'transport',	'',	'',	'',	'',	'',	'',	'',	'',	'',	'',	'',	'',	'',	'',	'',	'',	'',	'',	'',	'',	'',	'',	''),
(32,	'dormitory',	'',	'',	'',	'',	'',	'',	'',	'',	'',	'',	'',	'',	'',	'',	'',	'',	'',	'',	'',	'',	'',	'',	''),
(33,	'noticeboard',	'',	'',	'',	'',	'',	'',	'',	'',	'',	'',	'',	'',	'',	'',	'',	'',	'',	'',	'',	'',	'',	'',	''),
(34,	'message',	'',	'',	'',	'',	'',	'',	'',	'',	'',	'',	'',	'',	'',	'',	'',	'',	'',	'',	'',	'',	'',	'',	''),
(35,	'settings',	'',	'',	'',	'',	'',	'',	'',	'',	'',	'',	'',	'',	'',	'',	'',	'',	'',	'',	'',	'',	'',	'',	''),
(36,	'general_settings',	'',	'',	'',	'',	'',	'',	'',	'',	'',	'',	'',	'',	'',	'',	'',	'',	'',	'',	'',	'',	'',	'',	''),
(37,	'sms_settings',	'',	'',	'',	'',	'',	'',	'',	'',	'',	'',	'',	'',	'',	'',	'',	'',	'',	'',	'',	'',	'',	'',	''),
(38,	'language_settings',	'',	'',	'',	'',	'',	'',	'',	'',	'',	'',	'',	'',	'',	'',	'',	'',	'',	'',	'',	'',	'',	'',	''),
(39,	'school_settings',	'',	'',	'',	'',	'',	'',	'',	'',	'',	'',	'',	'',	'',	'',	'',	'',	'',	'',	'',	'',	'',	'',	''),
(40,	'account',	'',	'',	'',	'',	'',	'',	'',	'',	'',	'',	'',	'',	'',	'',	'',	'',	'',	'',	'',	'',	'',	'',	''),
(41,	'edit_profile',	'',	'',	'',	'',	'',	'',	'',	'',	'',	'',	'',	'',	'',	'',	'',	'',	'',	'',	'',	'',	'',	'',	''),
(42,	'change_password',	'',	'',	'',	'',	'',	'',	'',	'',	'',	'',	'',	'',	'',	'',	'',	'',	'',	'',	'',	'',	'',	'',	''),
(43,	'event_schedule',	'',	'',	'',	'',	'',	'',	'',	'',	'',	'',	'',	'',	'',	'',	'',	'',	'',	'',	'',	'',	'',	'',	''),
(44,	'parent',	'',	'',	'',	'',	'',	'',	'',	'',	'',	'',	'',	'',	'',	'',	'',	'',	'',	'',	'',	'',	'',	'',	'Muciari'),
(45,	'attendance',	'',	'',	'',	'',	'',	'',	'',	'',	'',	'',	'',	'',	'',	'',	'',	'',	'',	'',	'',	'',	'',	'',	''),
(46,	'delete',	'',	'',	'',	'',	'',	'',	'',	'',	'',	'',	'',	'',	'',	'',	'',	'',	'',	'',	'',	'',	'',	'',	''),
(47,	'cancel',	'',	'',	'',	'',	'',	'',	'',	'',	'',	'',	'',	'',	'',	'',	'',	'',	'',	'',	'',	'',	'',	'',	''),
(48,	'Ok',	'',	'',	'',	'',	'',	'',	'',	'',	'',	'',	'',	'',	'',	'',	'',	'',	'',	'',	'',	'',	'',	'',	''),
(49,	'school_budget',	'',	'',	'',	'',	'',	'',	'',	'',	'',	'',	'',	'',	'',	'',	'',	'',	'',	'',	'',	'',	'',	'',	''),
(50,	'new_budget_item',	'',	'',	'',	'',	'',	'',	'',	'',	'',	'',	'',	'',	'',	'',	'',	'',	'',	'',	'',	'',	'',	'',	''),
(51,	'budget_summary',	'',	'',	'',	'',	'',	'',	'',	'',	'',	'',	'',	'',	'',	'',	'',	'',	'',	'',	'',	'',	'',	'',	''),
(52,	'budget_schedules',	'',	'',	'',	'',	'',	'',	'',	'',	'',	'',	'',	'',	'',	'',	'',	'',	'',	'',	'',	'',	'',	'',	''),
(53,	'account_',	'',	'',	'',	'',	'',	'',	'',	'',	'',	'',	'',	'',	'',	'',	'',	'',	'',	'',	'',	'',	'',	'',	''),
(54,	'select',	'',	'',	'',	'',	'',	'',	'',	'',	'',	'',	'',	'',	'',	'',	'',	'',	'',	'',	'',	'',	'',	'',	''),
(55,	'description_',	'',	'',	'',	'',	'',	'',	'',	'',	'',	'',	'',	'',	'',	'',	'',	'',	'',	'',	'',	'',	'',	'',	''),
(56,	'financial_year',	'',	'',	'',	'',	'',	'',	'',	'',	'',	'',	'',	'',	'',	'',	'',	'',	'',	'',	'',	'',	'',	'',	''),
(57,	'quantity_',	'',	'',	'',	'',	'',	'',	'',	'',	'',	'',	'',	'',	'',	'',	'',	'',	'',	'',	'',	'',	'',	'',	''),
(58,	'unit_cost',	'',	'',	'',	'',	'',	'',	'',	'',	'',	'',	'',	'',	'',	'',	'',	'',	'',	'',	'',	'',	'',	'',	''),
(59,	'how_often',	'',	'',	'',	'',	'',	'',	'',	'',	'',	'',	'',	'',	'',	'',	'',	'',	'',	'',	'',	'',	'',	'',	''),
(60,	'total_',	'',	'',	'',	'',	'',	'',	'',	'',	'',	'',	'',	'',	'',	'',	'',	'',	'',	'',	'',	'',	'',	'',	''),
(61,	'monthly_spread',	'',	'',	'',	'',	'',	'',	'',	'',	'',	'',	'',	'',	'',	'',	'',	'',	'',	'',	'',	'',	'',	'',	''),
(62,	'January',	'',	'',	'',	'',	'',	'',	'',	'',	'',	'',	'',	'',	'',	'',	'',	'',	'',	'',	'',	'',	'',	'',	''),
(63,	'February',	'',	'',	'',	'',	'',	'',	'',	'',	'',	'',	'',	'',	'',	'',	'',	'',	'',	'',	'',	'',	'',	'',	''),
(64,	'March',	'',	'',	'',	'',	'',	'',	'',	'',	'',	'',	'',	'',	'',	'',	'',	'',	'',	'',	'',	'',	'',	'',	''),
(65,	'April',	'',	'',	'',	'',	'',	'',	'',	'',	'',	'',	'',	'',	'',	'',	'',	'',	'',	'',	'',	'',	'',	'',	''),
(66,	'May',	'',	'',	'',	'',	'',	'',	'',	'',	'',	'',	'',	'',	'',	'',	'',	'',	'',	'',	'',	'',	'',	'',	''),
(67,	'June',	'',	'',	'',	'',	'',	'',	'',	'',	'',	'',	'',	'',	'',	'',	'',	'',	'',	'',	'',	'',	'',	'',	''),
(68,	'July',	'',	'',	'',	'',	'',	'',	'',	'',	'',	'',	'',	'',	'',	'',	'',	'',	'',	'',	'',	'',	'',	'',	''),
(69,	'August',	'',	'',	'',	'',	'',	'',	'',	'',	'',	'',	'',	'',	'',	'',	'',	'',	'',	'',	'',	'',	'',	'',	''),
(70,	'September',	'',	'',	'',	'',	'',	'',	'',	'',	'',	'',	'',	'',	'',	'',	'',	'',	'',	'',	'',	'',	'',	'',	''),
(71,	'October',	'',	'',	'',	'',	'',	'',	'',	'',	'',	'',	'',	'',	'',	'',	'',	'',	'',	'',	'',	'',	'',	'',	''),
(72,	'November',	'',	'',	'',	'',	'',	'',	'',	'',	'',	'',	'',	'',	'',	'',	'',	'',	'',	'',	'',	'',	'',	'',	''),
(73,	'December',	'',	'',	'',	'',	'',	'',	'',	'',	'',	'',	'',	'',	'',	'',	'',	'',	'',	'',	'',	'',	'',	'',	''),
(74,	'create',	'',	'',	'',	'',	'',	'',	'',	'',	'',	'',	'',	'',	'',	'',	'',	'',	'',	'',	'',	'',	'',	'',	''),
(75,	'clear_spread',	'',	'',	'',	'',	'',	'',	'',	'',	'',	'',	'',	'',	'',	'',	'',	'',	'',	'',	'',	'',	'',	'',	''),
(76,	'error:_account_missing',	'',	'',	'',	'',	'',	'',	'',	'',	'',	'',	'',	'',	'',	'',	'',	'',	'',	'',	'',	'',	'',	'',	''),
(77,	'error:_description_missing',	'',	'',	'',	'',	'',	'',	'',	'',	'',	'',	'',	'',	'',	'',	'',	'',	'',	'',	'',	'',	'',	'',	''),
(78,	'error:_financial_year_missing',	'',	'',	'',	'',	'',	'',	'',	'',	'',	'',	'',	'',	'',	'',	'',	'',	'',	'',	'',	'',	'',	'',	''),
(79,	'error:_quantity_missing',	'',	'',	'',	'',	'',	'',	'',	'',	'',	'',	'',	'',	'',	'',	'',	'',	'',	'',	'',	'',	'',	'',	''),
(80,	'error:_unit_cost_missing',	'',	'',	'',	'',	'',	'',	'',	'',	'',	'',	'',	'',	'',	'',	'',	'',	'',	'',	'',	'',	'',	'',	''),
(81,	'error:_frequency_missing',	'',	'',	'',	'',	'',	'',	'',	'',	'',	'',	'',	'',	'',	'',	'',	'',	'',	'',	'',	'',	'',	'',	''),
(82,	'error:_total_cost_missing',	'',	'',	'',	'',	'',	'',	'',	'',	'',	'',	'',	'',	'',	'',	'',	'',	'',	'',	'',	'',	'',	'',	''),
(83,	'error:_spread_missing',	'',	'',	'',	'',	'',	'',	'',	'',	'',	'',	'',	'',	'',	'',	'',	'',	'',	'',	'',	'',	'',	'',	''),
(84,	'error:_spread_incorrect',	'',	'',	'',	'',	'',	'',	'',	'',	'',	'',	'',	'',	'',	'',	'',	'',	'',	'',	'',	'',	'',	'',	''),
(85,	'unpaid_invoices',	'',	'',	'',	'',	'',	'',	'',	'',	'',	'',	'',	'',	'',	'',	'',	'',	'',	'',	'',	'',	'',	'',	''),
(86,	'cleared_invoices',	'',	'',	'',	'',	'',	'',	'',	'',	'',	'',	'',	'',	'',	'',	'',	'',	'',	'',	'',	'',	'',	'',	''),
(87,	'payment_history',	'',	'',	'',	'',	'',	'',	'',	'',	'',	'',	'',	'',	'',	'',	'',	'',	'',	'',	'',	'',	'',	'',	''),
(88,	'year',	'',	'',	'',	'',	'',	'',	'',	'',	'',	'',	'',	'',	'',	'',	'',	'',	'',	'',	'',	'',	'',	'',	''),
(89,	'fee_structure_total',	'',	'',	'',	'',	'',	'',	'',	'',	'',	'',	'',	'',	'',	'',	'',	'',	'',	'',	'',	'',	'',	'',	''),
(90,	'payable_amount',	'',	'',	'',	'',	'',	'',	'',	'',	'',	'',	'',	'',	'',	'',	'',	'',	'',	'',	'',	'',	'',	'',	''),
(91,	'balance',	'',	'',	'',	'',	'',	'',	'',	'',	'',	'',	'',	'',	'',	'',	'',	'',	'',	'',	'',	'',	'',	'',	''),
(92,	'date',	'',	'',	'',	'',	'',	'',	'',	'',	'',	'',	'',	'',	'',	'',	'',	'',	'',	'',	'',	'',	'',	'',	''),
(93,	'options',	'',	'',	'',	'',	'',	'',	'',	'',	'',	'',	'',	'',	'',	'',	'',	'',	'',	'',	'',	'',	'',	'',	''),
(94,	'action',	'',	'',	'',	'',	'',	'',	'',	'',	'',	'',	'',	'',	'',	'',	'',	'',	'',	'',	'',	'',	'',	'',	''),
(95,	'term',	'',	'',	'',	'',	'',	'',	'',	'',	'',	'',	'',	'',	'',	'',	'',	'',	'',	'',	'',	'',	'',	'',	''),
(96,	'method',	'',	'',	'',	'',	'',	'',	'',	'',	'',	'',	'',	'',	'',	'',	'',	'',	'',	'',	'',	'',	'',	'',	''),
(97,	'amount',	'',	'',	'',	'',	'',	'',	'',	'',	'',	'',	'',	'',	'',	'',	'',	'',	'',	'',	'',	'',	'',	'',	''),
(98,	'expenses',	'',	'',	'',	'',	'',	'',	'',	'',	'',	'',	'',	'',	'',	'',	'',	'',	'',	'',	'',	'',	'',	'',	''),
(99,	'add_new_expense',	'',	'',	'',	'',	'',	'',	'',	'',	'',	'',	'',	'',	'',	'',	'',	'',	'',	'',	'',	'',	'',	'',	''),
(100,	'title',	'',	'',	'',	'',	'',	'',	'',	'',	'',	'',	'',	'',	'',	'',	'',	'',	'',	'',	'',	'',	'',	'',	''),
(101,	'category',	'',	'',	'',	'',	'',	'',	'',	'',	'',	'',	'',	'',	'',	'',	'',	'',	'',	'',	'',	'',	'',	'',	''),
(102,	'add_expense',	'',	'',	'',	'',	'',	'',	'',	'',	'',	'',	'',	'',	'',	'',	'',	'',	'',	'',	'',	'',	'',	'',	''),
(103,	'value_required',	'',	'',	'',	'',	'',	'',	'',	'',	'',	'',	'',	'',	'',	'',	'',	'',	'',	'',	'',	'',	'',	'',	''),
(104,	'select_expense_category',	'',	'',	'',	'',	'',	'',	'',	'',	'',	'',	'',	'',	'',	'',	'',	'',	'',	'',	'',	'',	'',	'',	''),
(105,	'description',	'',	'',	'',	'',	'',	'',	'',	'',	'',	'',	'',	'',	'',	'',	'',	'',	'',	'',	'',	'',	'',	'',	''),
(106,	'cash',	'',	'',	'',	'',	'',	'',	'',	'',	'',	'',	'',	'',	'',	'',	'',	'',	'',	'',	'',	'',	'',	'',	''),
(107,	'check',	'',	'',	'',	'',	'',	'',	'',	'',	'',	'',	'',	'',	'',	'',	'',	'',	'',	'',	'',	'',	'',	'',	''),
(108,	'card',	'',	'',	'',	'',	'',	'',	'',	'',	'',	'',	'',	'',	'',	'',	'',	'',	'',	'',	'',	'',	'',	'',	''),
(109,	'School_terms',	'',	'',	'',	'',	'',	'',	'',	'',	'',	'',	'',	'',	'',	'',	'',	'',	'',	'',	'',	'',	'',	'',	''),
(110,	'add',	'',	'',	'',	'',	'',	'',	'',	'',	'',	'',	'',	'',	'',	'',	'',	'',	'',	'',	'',	'',	'',	'',	''),
(111,	'term_number',	'',	'',	'',	'',	'',	'',	'',	'',	'',	'',	'',	'',	'',	'',	'',	'',	'',	'',	'',	'',	'',	'',	''),
(112,	'terms',	'',	'',	'',	'',	'',	'',	'',	'',	'',	'',	'',	'',	'',	'',	'',	'',	'',	'',	'',	'',	'',	'',	''),
(113,	'income_categories',	'',	'',	'',	'',	'',	'',	'',	'',	'',	'',	'',	'',	'',	'',	'',	'',	'',	'',	'',	'',	'',	'',	''),
(114,	'add_new_income_category',	'',	'',	'',	'',	'',	'',	'',	'',	'',	'',	'',	'',	'',	'',	'',	'',	'',	'',	'',	'',	'',	'',	''),
(115,	'name',	'',	'',	'',	'',	'',	'',	'',	'',	'',	'',	'',	'',	'',	'',	'',	'',	'',	'',	'',	'',	'',	'',	''),
(116,	'expense_categories',	'',	'',	'',	'',	'',	'',	'',	'',	'',	'',	'',	'',	'',	'',	'',	'',	'',	'',	'',	'',	'',	'',	''),
(117,	'add_new_expense_category',	'',	'',	'',	'',	'',	'',	'',	'',	'',	'',	'',	'',	'',	'',	'',	'',	'',	'',	'',	'',	'',	'',	''),
(118,	'income_category',	'',	'',	'',	'',	'',	'',	'',	'',	'',	'',	'',	'',	'',	'',	'',	'',	'',	'',	'',	'',	'',	'',	''),
(119,	'add_expense_category',	'',	'',	'',	'',	'',	'',	'',	'',	'',	'',	'',	'',	'',	'',	'',	'',	'',	'',	'',	'',	'',	'',	''),
(120,	'data_added_successfully',	'',	'',	'',	'',	'',	'',	'',	'',	'',	'',	'',	'',	'',	'',	'',	'',	'',	'',	'',	'',	'',	'',	''),
(121,	'expense_category',	'',	'',	'',	'',	'',	'',	'',	'',	'',	'',	'',	'',	'',	'',	'',	'',	'',	'',	'',	'',	'',	'',	''),
(122,	'edit',	'',	'',	'',	'',	'',	'',	'',	'',	'',	'',	'',	'',	'',	'',	'',	'',	'',	'',	'',	'',	'',	'',	''),
(123,	'action_',	'',	'',	'',	'',	'',	'',	'',	'',	'',	'',	'',	'',	'',	'',	'',	'',	'',	'',	'',	'',	'',	'',	''),
(124,	'qty',	'',	'',	'',	'',	'',	'',	'',	'',	'',	'',	'',	'',	'',	'',	'',	'',	'',	'',	'',	'',	'',	'',	''),
(125,	'unitcost',	'',	'',	'',	'',	'',	'',	'',	'',	'',	'',	'',	'',	'',	'',	'',	'',	'',	'',	'',	'',	'',	'',	''),
(126,	'often',	'',	'',	'',	'',	'',	'',	'',	'',	'',	'',	'',	'',	'',	'',	'',	'',	'',	'',	'',	'',	'',	'',	''),
(127,	'total',	'',	'',	'',	'',	'',	'',	'',	'',	'',	'',	'',	'',	'',	'',	'',	'',	'',	'',	'',	'',	'',	'',	''),
(128,	'Jan',	'',	'',	'',	'',	'',	'',	'',	'',	'',	'',	'',	'',	'',	'',	'',	'',	'',	'',	'',	'',	'',	'',	''),
(129,	'Feb',	'',	'',	'',	'',	'',	'',	'',	'',	'',	'',	'',	'',	'',	'',	'',	'',	'',	'',	'',	'',	'',	'',	''),
(130,	'Mar',	'',	'',	'',	'',	'',	'',	'',	'',	'',	'',	'',	'',	'',	'',	'',	'',	'',	'',	'',	'',	'',	'',	''),
(131,	'Apr',	'',	'',	'',	'',	'',	'',	'',	'',	'',	'',	'',	'',	'',	'',	'',	'',	'',	'',	'',	'',	'',	'',	''),
(132,	'Jun',	'',	'',	'',	'',	'',	'',	'',	'',	'',	'',	'',	'',	'',	'',	'',	'',	'',	'',	'',	'',	'',	'',	''),
(133,	'Jul',	'',	'',	'',	'',	'',	'',	'',	'',	'',	'',	'',	'',	'',	'',	'',	'',	'',	'',	'',	'',	'',	'',	''),
(134,	'Aug',	'',	'',	'',	'',	'',	'',	'',	'',	'',	'',	'',	'',	'',	'',	'',	'',	'',	'',	'',	'',	'',	'',	''),
(135,	'Sep',	'',	'',	'',	'',	'',	'',	'',	'',	'',	'',	'',	'',	'',	'',	'',	'',	'',	'',	'',	'',	'',	'',	''),
(136,	'Oct',	'',	'',	'',	'',	'',	'',	'',	'',	'',	'',	'',	'',	'',	'',	'',	'',	'',	'',	'',	'',	'',	'',	''),
(137,	'Nov',	'',	'',	'',	'',	'',	'',	'',	'',	'',	'',	'',	'',	'',	'',	'',	'',	'',	'',	'',	'',	'',	'',	''),
(138,	'Dec',	'',	'',	'',	'',	'',	'',	'',	'',	'',	'',	'',	'',	'',	'',	'',	'',	'',	'',	'',	'',	'',	'',	''),
(139,	'edit_',	'',	'',	'',	'',	'',	'',	'',	'',	'',	'',	'',	'',	'',	'',	'',	'',	'',	'',	'',	'',	'',	'',	''),
(140,	'delete_',	'',	'',	'',	'',	'',	'',	'',	'',	'',	'',	'',	'',	'',	'',	'',	'',	'',	'',	'',	'',	'',	'',	''),
(141,	'edit_budget',	'',	'',	'',	'',	'',	'',	'',	'',	'',	'',	'',	'',	'',	'',	'',	'',	'',	'',	'',	'',	'',	'',	''),
(142,	'quantity',	'',	'',	'',	'',	'',	'',	'',	'',	'',	'',	'',	'',	'',	'',	'',	'',	'',	'',	'',	'',	'',	'',	''),
(143,	'create_single_invoice',	'',	'',	'',	'',	'',	'',	'',	'',	'',	'',	'',	'',	'',	'',	'',	'',	'',	'',	'',	'',	'',	'',	''),
(144,	'create_mass_invoice',	'',	'',	'',	'',	'',	'',	'',	'',	'',	'',	'',	'',	'',	'',	'',	'',	'',	'',	'',	'',	'',	'',	''),
(145,	'invoice_informations',	'',	'',	'',	'',	'',	'',	'',	'',	'',	'',	'',	'',	'',	'',	'',	'',	'',	'',	'',	'',	'',	'',	''),
(146,	'select_class',	'',	'',	'',	'',	'',	'',	'',	'',	'',	'',	'',	'',	'',	'',	'',	'',	'',	'',	'',	'',	'',	'',	''),
(147,	'select_class_first',	'',	'',	'',	'',	'',	'',	'',	'',	'',	'',	'',	'',	'',	'',	'',	'',	'',	'',	'',	'',	'',	'',	''),
(148,	'payment_informations',	'',	'',	'',	'',	'',	'',	'',	'',	'',	'',	'',	'',	'',	'',	'',	'',	'',	'',	'',	'',	'',	'',	''),
(149,	'total_payable',	'',	'',	'',	'',	'',	'',	'',	'',	'',	'',	'',	'',	'',	'',	'',	'',	'',	'',	'',	'',	'',	'',	''),
(150,	'enter_total_amount',	'',	'',	'',	'',	'',	'',	'',	'',	'',	'',	'',	'',	'',	'',	'',	'',	'',	'',	'',	'',	'',	'',	''),
(151,	'fee_items',	'',	'',	'',	'',	'',	'',	'',	'',	'',	'',	'',	'',	'',	'',	'',	'',	'',	'',	'',	'',	'',	'',	''),
(152,	'full_payment',	'',	'',	'',	'',	'',	'',	'',	'',	'',	'',	'',	'',	'',	'',	'',	'',	'',	'',	'',	'',	'',	'',	''),
(153,	'item',	'',	'',	'',	'',	'',	'',	'',	'',	'',	'',	'',	'',	'',	'',	'',	'',	'',	'',	'',	'',	'',	'',	''),
(154,	'fee_structure_amount',	'',	'',	'',	'',	'',	'',	'',	'',	'',	'',	'',	'',	'',	'',	'',	'',	'',	'',	'',	'',	'',	'',	''),
(155,	'amount_payable',	'',	'',	'',	'',	'',	'',	'',	'',	'',	'',	'',	'',	'',	'',	'',	'',	'',	'',	'',	'',	'',	'',	''),
(156,	'due_payment',	'',	'',	'',	'',	'',	'',	'',	'',	'',	'',	'',	'',	'',	'',	'',	'',	'',	'',	'',	'',	'',	'',	''),
(157,	'enter_payable_amount',	'',	'',	'',	'',	'',	'',	'',	'',	'',	'',	'',	'',	'',	'',	'',	'',	'',	'',	'',	'',	'',	'',	''),
(158,	'enter_payment_amount',	'',	'',	'',	'',	'',	'',	'',	'',	'',	'',	'',	'',	'',	'',	'',	'',	'',	'',	'',	'',	'',	'',	''),
(159,	'edit_invoice',	'',	'',	'',	'',	'',	'',	'',	'',	'',	'',	'',	'',	'',	'',	'',	'',	'',	'',	'',	'',	'',	'',	''),
(160,	'add_new_fees_structure',	'',	'',	'',	'',	'',	'',	'',	'',	'',	'',	'',	'',	'',	'',	'',	'',	'',	'',	'',	'',	'',	'',	''),
(161,	'add_fees_structure',	'',	'',	'',	'',	'',	'',	'',	'',	'',	'',	'',	'',	'',	'',	'',	'',	'',	'',	'',	'',	'',	'',	''),
(162,	'add_student',	'',	'',	'',	'',	'',	'',	'',	'',	'',	'',	'',	'',	'',	'',	'',	'',	'',	'',	'',	'',	'',	'',	''),
(163,	'addmission_form',	'',	'',	'',	'',	'',	'',	'',	'',	'',	'',	'',	'',	'',	'',	'',	'',	'',	'',	'',	'',	'',	'',	''),
(164,	'section',	'',	'',	'',	'',	'',	'',	'',	'',	'',	'',	'',	'',	'',	'',	'',	'',	'',	'',	'',	'',	'',	'',	''),
(165,	'roll',	'Admission Number',	'',	'',	'',	'',	'',	'',	'',	'',	'',	'',	'',	'',	'',	'',	'',	'',	'',	'',	'',	'',	'',	''),
(166,	'birthday',	'',	'',	'',	'',	'',	'',	'',	'',	'',	'',	'',	'',	'',	'',	'',	'',	'',	'',	'',	'',	'',	'',	''),
(167,	'gender',	'',	'',	'',	'',	'',	'',	'',	'',	'',	'',	'',	'',	'',	'',	'',	'',	'',	'',	'',	'',	'',	'',	''),
(168,	'male',	'',	'',	'',	'',	'',	'',	'',	'',	'',	'',	'',	'',	'',	'',	'',	'',	'',	'',	'',	'',	'',	'',	''),
(169,	'female',	'',	'',	'',	'',	'',	'',	'',	'',	'',	'',	'',	'',	'',	'',	'',	'',	'',	'',	'',	'',	'',	'',	''),
(170,	'address',	'',	'',	'',	'',	'',	'',	'',	'',	'',	'',	'',	'',	'',	'',	'',	'',	'',	'',	'',	'',	'',	'',	''),
(171,	'phone',	'',	'',	'',	'',	'',	'',	'',	'',	'',	'',	'',	'',	'',	'',	'',	'',	'',	'',	'',	'',	'',	'',	''),
(172,	'email',	'',	'',	'',	'',	'',	'',	'',	'',	'',	'',	'',	'',	'',	'',	'',	'',	'',	'',	'',	'',	'',	'',	''),
(173,	'password',	'',	'',	'',	'',	'',	'',	'',	'',	'',	'',	'',	'',	'',	'',	'',	'',	'',	'',	'',	'',	'',	'',	''),
(174,	'transport_route',	'',	'',	'',	'',	'',	'',	'',	'',	'',	'',	'',	'',	'',	'',	'',	'',	'',	'',	'',	'',	'',	'',	''),
(175,	'photo',	'',	'',	'',	'',	'',	'',	'',	'',	'',	'',	'',	'',	'',	'',	'',	'',	'',	'',	'',	'',	'',	'',	''),
(176,	'all_parents',	'',	'',	'',	'',	'',	'',	'',	'',	'',	'',	'',	'',	'',	'',	'',	'',	'',	'',	'',	'',	'',	'',	''),
(177,	'add_new_parent',	'',	'',	'',	'',	'',	'',	'',	'',	'',	'',	'',	'',	'',	'',	'',	'',	'',	'',	'',	'',	'',	'',	''),
(178,	'profession',	'',	'',	'',	'',	'',	'',	'',	'',	'',	'',	'',	'',	'',	'',	'',	'',	'',	'',	'',	'',	'',	'',	''),
(179,	'add_parent',	'',	'',	'',	'',	'',	'',	'',	'',	'',	'',	'',	'',	'',	'',	'',	'',	'',	'',	'',	'',	'',	'',	''),
(180,	'manage_class',	'',	'',	'',	'',	'',	'',	'',	'',	'',	'',	'',	'',	'',	'',	'',	'',	'',	'',	'',	'',	'',	'',	''),
(181,	'class_list',	'',	'',	'',	'',	'',	'',	'',	'',	'',	'',	'',	'',	'',	'',	'',	'',	'',	'',	'',	'',	'',	'',	''),
(182,	'add_class',	'',	'',	'',	'',	'',	'',	'',	'',	'',	'',	'',	'',	'',	'',	'',	'',	'',	'',	'',	'',	'',	'',	''),
(183,	'class_name',	'',	'',	'',	'',	'',	'',	'',	'',	'',	'',	'',	'',	'',	'',	'',	'',	'',	'',	'',	'',	'',	'',	''),
(184,	'numeric_name',	'',	'',	'',	'',	'',	'',	'',	'',	'',	'',	'',	'',	'',	'',	'',	'',	'',	'',	'',	'',	'',	'',	''),
(185,	'name_numeric',	'',	'',	'',	'',	'',	'',	'',	'',	'',	'',	'',	'',	'',	'',	'',	'',	'',	'',	'',	'',	'',	'',	''),
(186,	'manage_teacher',	'',	'',	'',	'',	'',	'',	'',	'',	'',	'',	'',	'',	'',	'',	'',	'',	'',	'',	'',	'',	'',	'',	''),
(187,	'add_new_teacher',	'',	'',	'',	'',	'',	'',	'',	'',	'',	'',	'',	'',	'',	'',	'',	'',	'',	'',	'',	'',	'',	'',	''),
(188,	'add_teacher',	'',	'',	'',	'',	'',	'',	'',	'',	'',	'',	'',	'',	'',	'',	'',	'',	'',	'',	'',	'',	'',	'',	''),
(189,	'add_new_section',	'',	'',	'',	'',	'',	'',	'',	'',	'',	'',	'',	'',	'',	'',	'',	'',	'',	'',	'',	'',	'',	'',	''),
(190,	'section_name',	'',	'',	'',	'',	'',	'',	'',	'',	'',	'',	'',	'',	'',	'',	'',	'',	'',	'',	'',	'',	'',	'',	''),
(191,	'nick_name',	'',	'',	'',	'',	'',	'',	'',	'',	'',	'',	'',	'',	'',	'',	'',	'',	'',	'',	'',	'',	'',	'',	''),
(192,	'add_section',	'',	'',	'',	'',	'',	'',	'',	'',	'',	'',	'',	'',	'',	'',	'',	'',	'',	'',	'',	'',	'',	'',	''),
(193,	'add_new_student',	'',	'',	'',	'',	'',	'',	'',	'',	'',	'',	'',	'',	'',	'',	'',	'',	'',	'',	'',	'',	'',	'',	''),
(194,	'all_students',	'',	'',	'',	'',	'',	'',	'',	'',	'',	'',	'',	'',	'',	'',	'',	'',	'',	'',	'',	'',	'',	'',	''),
(195,	'suspended_students',	'',	'',	'',	'',	'',	'',	'',	'',	'',	'',	'',	'',	'',	'',	'',	'',	'',	'',	'',	'',	'',	'',	''),
(196,	'mark_sheet',	'',	'',	'',	'',	'',	'',	'',	'',	'',	'',	'',	'',	'',	'',	'',	'',	'',	'',	'',	'',	'',	'',	''),
(197,	'profile',	'',	'',	'',	'',	'',	'',	'',	'',	'',	'',	'',	'',	'',	'',	'',	'',	'',	'',	'',	'',	'',	'',	''),
(198,	'suspend',	'',	'',	'',	'',	'',	'',	'',	'',	'',	'',	'',	'',	'',	'',	'',	'',	'',	'',	'',	'',	'',	'',	''),
(199,	'manage_daily_attendance',	'',	'',	'',	'',	'',	'',	'',	'',	'',	'',	'',	'',	'',	'',	'',	'',	'',	'',	'',	'',	'',	'',	''),
(200,	'select_date',	'',	'',	'',	'',	'',	'',	'',	'',	'',	'',	'',	'',	'',	'',	'',	'',	'',	'',	'',	'',	'',	'',	''),
(201,	'select_month',	'',	'',	'',	'',	'',	'',	'',	'',	'',	'',	'',	'',	'',	'',	'',	'',	'',	'',	'',	'',	'',	'',	''),
(202,	'select_year',	'',	'',	'',	'',	'',	'',	'',	'',	'',	'',	'',	'',	'',	'',	'',	'',	'',	'',	'',	'',	'',	'',	''),
(203,	'manage_attendance',	'',	'',	'',	'',	'',	'',	'',	'',	'',	'',	'',	'',	'',	'',	'',	'',	'',	'',	'',	'',	'',	'',	''),
(204,	'manage_transport',	'',	'',	'',	'',	'',	'',	'',	'',	'',	'',	'',	'',	'',	'',	'',	'',	'',	'',	'',	'',	'',	'',	''),
(205,	'transport_list',	'',	'',	'',	'',	'',	'',	'',	'',	'',	'',	'',	'',	'',	'',	'',	'',	'',	'',	'',	'',	'',	'',	''),
(206,	'add_transport',	'',	'',	'',	'',	'',	'',	'',	'',	'',	'',	'',	'',	'',	'',	'',	'',	'',	'',	'',	'',	'',	'',	''),
(207,	'route_name',	'',	'',	'',	'',	'',	'',	'',	'',	'',	'',	'',	'',	'',	'',	'',	'',	'',	'',	'',	'',	'',	'',	''),
(208,	'number_of_vehicle',	'',	'',	'',	'',	'',	'',	'',	'',	'',	'',	'',	'',	'',	'',	'',	'',	'',	'',	'',	'',	'',	'',	''),
(209,	'route_fare',	'',	'',	'',	'',	'',	'',	'',	'',	'',	'',	'',	'',	'',	'',	'',	'',	'',	'',	'',	'',	'',	'',	''),
(210,	'record_already_exists',	'',	'',	'',	'',	'',	'',	'',	'',	'',	'',	'',	'',	'',	'',	'',	'',	'',	'',	'',	'',	'',	'',	''),
(211,	'view_fees_structure',	'',	'',	'',	'',	'',	'',	'',	'',	'',	'',	'',	'',	'',	'',	'',	'',	'',	'',	'',	'',	'',	'',	''),
(212,	'clone_fees_structure',	'',	'',	'',	'',	'',	'',	'',	'',	'',	'',	'',	'',	'',	'',	'',	'',	'',	'',	'',	'',	'',	'',	''),
(213,	'add_item',	'',	'',	'',	'',	'',	'',	'',	'',	'',	'',	'',	'',	'',	'',	'',	'',	'',	'',	'',	'',	'',	'',	''),
(214,	'system_settings',	'',	'',	'',	'',	'',	'',	'',	'',	'',	'',	'',	'',	'',	'',	'',	'',	'',	'',	'',	'',	'',	'',	''),
(215,	'system_name',	'',	'',	'',	'',	'',	'',	'',	'',	'',	'',	'',	'',	'',	'',	'',	'',	'',	'',	'',	'',	'',	'',	''),
(216,	'system_title',	'',	'',	'',	'',	'',	'',	'',	'',	'',	'',	'',	'',	'',	'',	'',	'',	'',	'',	'',	'',	'',	'',	''),
(217,	'paypal_email',	'',	'',	'',	'',	'',	'',	'',	'',	'',	'',	'',	'',	'',	'',	'',	'',	'',	'',	'',	'',	'',	'',	''),
(218,	'currency',	'',	'',	'',	'',	'',	'',	'',	'',	'',	'',	'',	'',	'',	'',	'',	'',	'',	'',	'',	'',	'',	'',	''),
(219,	'system_email',	'',	'',	'',	'',	'',	'',	'',	'',	'',	'',	'',	'',	'',	'',	'',	'',	'',	'',	'',	'',	'',	'',	''),
(220,	'language',	'',	'',	'',	'',	'',	'',	'',	'',	'',	'',	'',	'',	'',	'',	'',	'',	'',	'',	'',	'',	'',	'',	''),
(221,	'text_align',	'',	'',	'',	'',	'',	'',	'',	'',	'',	'',	'',	'',	'',	'',	'',	'',	'',	'',	'',	'',	'',	'',	''),
(222,	'save',	'',	'',	'',	'',	'',	'',	'',	'',	'',	'',	'',	'',	'',	'',	'',	'',	'',	'',	'',	'',	'',	'',	''),
(223,	'update_product',	'',	'',	'',	'',	'',	'',	'',	'',	'',	'',	'',	'',	'',	'',	'',	'',	'',	'',	'',	'',	'',	'',	''),
(224,	'file',	'',	'',	'',	'',	'',	'',	'',	'',	'',	'',	'',	'',	'',	'',	'',	'',	'',	'',	'',	'',	'',	'',	''),
(225,	'install_update',	'',	'',	'',	'',	'',	'',	'',	'',	'',	'',	'',	'',	'',	'',	'',	'',	'',	'',	'',	'',	'',	'',	''),
(226,	'theme_settings',	'',	'',	'',	'',	'',	'',	'',	'',	'',	'',	'',	'',	'',	'',	'',	'',	'',	'',	'',	'',	'',	'',	''),
(227,	'default',	'',	'',	'',	'',	'',	'',	'',	'',	'',	'',	'',	'',	'',	'',	'',	'',	'',	'',	'',	'',	'',	'',	''),
(228,	'select_theme',	'',	'',	'',	'',	'',	'',	'',	'',	'',	'',	'',	'',	'',	'',	'',	'',	'',	'',	'',	'',	'',	'',	''),
(229,	'select_a_theme_to_make_changes',	'',	'',	'',	'',	'',	'',	'',	'',	'',	'',	'',	'',	'',	'',	'',	'',	'',	'',	'',	'',	'',	'',	''),
(230,	'upload_logo',	'',	'',	'',	'',	'',	'',	'',	'',	'',	'',	'',	'',	'',	'',	'',	'',	'',	'',	'',	'',	'',	'',	''),
(231,	'upload',	'',	'',	'',	'',	'',	'',	'',	'',	'',	'',	'',	'',	'',	'',	'',	'',	'',	'',	'',	'',	'',	'',	''),
(232,	'add_term',	'',	'',	'',	'',	'',	'',	'',	'',	'',	'',	'',	'',	'',	'',	'',	'',	'',	'',	'',	'',	'',	'',	''),
(233,	'term_title',	'',	'',	'',	'',	'',	'',	'',	'',	'',	'',	'',	'',	'',	'',	'',	'',	'',	'',	'',	'',	'',	'',	''),
(234,	'add_income_category',	'',	'',	'',	'',	'',	'',	'',	'',	'',	'',	'',	'',	'',	'',	'',	'',	'',	'',	'',	'',	'',	'',	''),
(235,	'invoice_created_successfully',	'',	'',	'',	'',	'',	'',	'',	'',	'',	'',	'',	'',	'',	'',	'',	'',	'',	'',	'',	'',	'',	'',	''),
(236,	'invoice_editted_successfully',	'',	'',	'',	'',	'',	'',	'',	'',	'',	'',	'',	'',	'',	'',	'',	'',	'',	'',	'',	'',	'',	'',	''),
(237,	'take_payment',	'',	'',	'',	'',	'',	'',	'',	'',	'',	'',	'',	'',	'',	'',	'',	'',	'',	'',	'',	'',	'',	'',	''),
(238,	'view_invoice',	'',	'',	'',	'',	'',	'',	'',	'',	'',	'',	'',	'',	'',	'',	'',	'',	'',	'',	'',	'',	'',	'',	''),
(239,	'delete_invoice',	'',	'',	'',	'',	'',	'',	'',	'',	'',	'',	'',	'',	'',	'',	'',	'',	'',	'',	'',	'',	'',	'',	''),
(240,	'payment',	'',	'',	'',	'',	'',	'',	'',	'',	'',	'',	'',	'',	'',	'',	'',	'',	'',	'',	'',	'',	'',	'',	''),
(241,	'paid',	'',	'',	'',	'',	'',	'',	'',	'',	'',	'',	'',	'',	'',	'',	'',	'',	'',	'',	'',	'',	'',	'',	''),
(242,	'payment_successfull',	'',	'',	'',	'',	'',	'',	'',	'',	'',	'',	'',	'',	'',	'',	'',	'',	'',	'',	'',	'',	'',	'',	''),
(243,	'creation_date',	'',	'',	'',	'',	'',	'',	'',	'',	'',	'',	'',	'',	'',	'',	'',	'',	'',	'',	'',	'',	'',	'',	''),
(244,	'status',	'',	'',	'',	'',	'',	'',	'',	'',	'',	'',	'',	'',	'',	'',	'',	'',	'',	'',	'',	'',	'',	'',	''),
(245,	'payment_to',	'',	'',	'',	'',	'',	'',	'',	'',	'',	'',	'',	'',	'',	'',	'',	'',	'',	'',	'',	'',	'',	'',	''),
(246,	'bill_to',	'',	'',	'',	'',	'',	'',	'',	'',	'',	'',	'',	'',	'',	'',	'',	'',	'',	'',	'',	'',	'',	'',	''),
(247,	'total_amount',	'',	'',	'',	'',	'',	'',	'',	'',	'',	'',	'',	'',	'',	'',	'',	'',	'',	'',	'',	'',	'',	'',	''),
(248,	'paid_amount',	'',	'',	'',	'',	'',	'',	'',	'',	'',	'',	'',	'',	'',	'',	'',	'',	'',	'',	'',	'',	'',	'',	''),
(249,	'due',	'',	'',	'',	'',	'',	'',	'',	'',	'',	'',	'',	'',	'',	'',	'',	'',	'',	'',	'',	'',	'',	'',	''),
(250,	'invoice_breakdown',	'',	'',	'',	'',	'',	'',	'',	'',	'',	'',	'',	'',	'',	'',	'',	'',	'',	'',	'',	'',	'',	'',	''),
(251,	'payee',	'',	'',	'',	'',	'',	'',	'',	'',	'',	'',	'',	'',	'',	'',	'',	'',	'',	'',	'',	'',	'',	'',	''),
(252,	'cost',	'',	'',	'',	'',	'',	'',	'',	'',	'',	'',	'',	'',	'',	'',	'',	'',	'',	'',	'',	'',	'',	'',	''),
(253,	'add_row',	'',	'',	'',	'',	'',	'',	'',	'',	'',	'',	'',	'',	'',	'',	'',	'',	'',	'',	'',	'',	'',	'',	''),
(254,	'student_payment',	'',	'',	'',	'',	'',	'',	'',	'',	'',	'',	'',	'',	'',	'',	'',	'',	'',	'',	'',	'',	'',	'',	''),
(255,	'bank',	'',	'',	'',	'',	'',	'',	'',	'',	'',	'',	'',	'',	'',	'',	'',	'',	'',	'',	'',	'',	'',	'',	''),
(256,	'reference',	'',	'',	'',	'',	'',	'',	'',	'',	'',	'',	'',	'',	'',	'',	'',	'',	'',	'',	'',	'',	'',	'',	''),
(257,	'transaction_type',	'',	'',	'',	'',	'',	'',	'',	'',	'',	'',	'',	'',	'',	'',	'',	'',	'',	'',	'',	'',	'',	'',	''),
(258,	'income',	'',	'',	'',	'',	'',	'',	'',	'',	'',	'',	'',	'',	'',	'',	'',	'',	'',	'',	'',	'',	'',	'',	''),
(259,	'expense',	'',	'',	'',	'',	'',	'',	'',	'',	'',	'',	'',	'',	'',	'',	'',	'',	'',	'',	'',	'',	'',	'',	''),
(260,	'balance_brought_forward',	'',	'',	'',	'',	'',	'',	'',	'',	'',	'',	'',	'',	'',	'',	'',	'',	'',	'',	'',	'',	'',	'',	''),
(261,	'contra_entries',	'',	'',	'',	'',	'',	'',	'',	'',	'',	'',	'',	'',	'',	'',	'',	'',	'',	'',	'',	'',	'',	'',	''),
(262,	'new_contra_entry',	'',	'',	'',	'',	'',	'',	'',	'',	'',	'',	'',	'',	'',	'',	'',	'',	'',	'',	'',	'',	'',	'',	''),
(263,	'entry_type',	'',	'',	'',	'',	'',	'',	'',	'',	'',	'',	'',	'',	'',	'',	'',	'',	'',	'',	'',	'',	'',	'',	''),
(264,	'to_bank',	'',	'',	'',	'',	'',	'',	'',	'',	'',	'',	'',	'',	'',	'',	'',	'',	'',	'',	'',	'',	'',	'',	''),
(265,	'to_cash',	'',	'',	'',	'',	'',	'',	'',	'',	'',	'',	'',	'',	'',	'',	'',	'',	'',	'',	'',	'',	'',	'',	''),
(266,	'transact',	'',	'',	'',	'',	'',	'',	'',	'',	'',	'',	'',	'',	'',	'',	'',	'',	'',	'',	'',	'',	'',	'',	''),
(267,	'Choose',	'',	'',	'',	'',	'',	'',	'',	'',	'',	'',	'',	'',	'',	'',	'',	'',	'',	'',	'',	'',	'',	'',	''),
(268,	'edit_expense',	'',	'',	'',	'',	'',	'',	'',	'',	'',	'',	'',	'',	'',	'',	'',	'',	'',	'',	'',	'',	'',	'',	''),
(269,	'update',	'',	'',	'',	'',	'',	'',	'',	'',	'',	'',	'',	'',	'',	'',	'',	'',	'',	'',	'',	'',	'',	'',	''),
(270,	'data_updated',	'',	'',	'',	'',	'',	'',	'',	'',	'',	'',	'',	'',	'',	'',	'',	'',	'',	'',	'',	'',	'',	'',	''),
(271,	'account_balances',	'',	'',	'',	'',	'',	'',	'',	'',	'',	'',	'',	'',	'',	'',	'',	'',	'',	'',	'',	'',	'',	'',	''),
(272,	'account_opening_balances',	'',	'',	'',	'',	'',	'',	'',	'',	'',	'',	'',	'',	'',	'',	'',	'',	'',	'',	'',	'',	'',	'',	''),
(273,	'add/_Edit',	'',	'',	'',	'',	'',	'',	'',	'',	'',	'',	'',	'',	'',	'',	'',	'',	'',	'',	'',	'',	'',	'',	''),
(274,	'add/_edit',	'',	'',	'',	'',	'',	'',	'',	'',	'',	'',	'',	'',	'',	'',	'',	'',	'',	'',	'',	'',	'',	'',	''),
(275,	'add/_edit',	'',	'',	'',	'',	'',	'',	'',	'',	'',	'',	'',	'',	'',	'',	'',	'',	'',	'',	'',	'',	'',	'',	''),
(276,	'view_history',	'',	'',	'',	'',	'',	'',	'',	'',	'',	'',	'',	'',	'',	'',	'',	'',	'',	'',	'',	'',	'',	'',	''),
(277,	'add/_edit',	'',	'',	'',	'',	'',	'',	'',	'',	'',	'',	'',	'',	'',	'',	'',	'',	'',	'',	'',	'',	'',	'',	''),
(278,	'add/_edit',	'',	'',	'',	'',	'',	'',	'',	'',	'',	'',	'',	'',	'',	'',	'',	'',	'',	'',	'',	'',	'',	'',	''),
(279,	'add/_edit',	'',	'',	'',	'',	'',	'',	'',	'',	'',	'',	'',	'',	'',	'',	'',	'',	'',	'',	'',	'',	'',	'',	''),
(280,	'add/_edit',	'',	'',	'',	'',	'',	'',	'',	'',	'',	'',	'',	'',	'',	'',	'',	'',	'',	'',	'',	'',	'',	'',	''),
(281,	'add/_edit',	'',	'',	'',	'',	'',	'',	'',	'',	'',	'',	'',	'',	'',	'',	'',	'',	'',	'',	'',	'',	'',	'',	''),
(282,	'add/_edit',	'',	'',	'',	'',	'',	'',	'',	'',	'',	'',	'',	'',	'',	'',	'',	'',	'',	'',	'',	'',	'',	'',	''),
(283,	'add/_edit',	'',	'',	'',	'',	'',	'',	'',	'',	'',	'',	'',	'',	'',	'',	'',	'',	'',	'',	'',	'',	'',	'',	''),
(284,	'add/_edit',	'',	'',	'',	'',	'',	'',	'',	'',	'',	'',	'',	'',	'',	'',	'',	'',	'',	'',	'',	'',	'',	'',	''),
(285,	'add/_edit',	'',	'',	'',	'',	'',	'',	'',	'',	'',	'',	'',	'',	'',	'',	'',	'',	'',	'',	'',	'',	'',	'',	''),
(286,	'batch_number',	'',	'',	'',	'',	'',	'',	'',	'',	'',	'',	'',	'',	'',	'',	'',	'',	'',	'',	'',	'',	'',	'',	''),
(287,	'view',	'',	'',	'',	'',	'',	'',	'',	'',	'',	'',	'',	'',	'',	'',	'',	'',	'',	'',	'',	'',	'',	'',	''),
(288,	'reverse',	'',	'',	'',	'',	'',	'',	'',	'',	'',	'',	'',	'',	'',	'',	'',	'',	'',	'',	'',	'',	'',	'',	''),
(289,	'view_expense_batch',	'',	'',	'',	'',	'',	'',	'',	'',	'',	'',	'',	'',	'',	'',	'',	'',	'',	'',	'',	'',	'',	'',	''),
(290,	'expense_reversed_successful',	'',	'',	'',	'',	'',	'',	'',	'',	'',	'',	'',	'',	'',	'',	'',	'',	'',	'',	'',	'',	'',	'',	''),
(291,	'expense_reversal:_batch',	'',	'',	'',	'',	'',	'',	'',	'',	'',	'',	'',	'',	'',	'',	'',	'',	'',	'',	'',	'',	'',	'',	''),
(292,	'reversal:_batch',	'',	'',	'',	'',	'',	'',	'',	'',	'',	'',	'',	'',	'',	'',	'',	'',	'',	'',	'',	'',	'',	'',	''),
(293,	'record_reversed_successful',	'',	'',	'',	'',	'',	'',	'',	'',	'',	'',	'',	'',	'',	'',	'',	'',	'',	'',	'',	'',	'',	'',	''),
(294,	'actual_incomes',	'',	'',	'',	'',	'',	'',	'',	'',	'',	'',	'',	'',	'',	'',	'',	'',	'',	'',	'',	'',	'',	'',	''),
(295,	'receipt',	'',	'',	'',	'',	'',	'',	'',	'',	'',	'',	'',	'',	'',	'',	'',	'',	'',	'',	'',	'',	'',	'',	''),
(296,	'serial',	'',	'',	'',	'',	'',	'',	'',	'',	'',	'',	'',	'',	'',	'',	'',	'',	'',	'',	'',	'',	'',	'',	''),
(297,	'payment_receipt',	'',	'',	'',	'',	'',	'',	'',	'',	'',	'',	'',	'',	'',	'',	'',	'',	'',	'',	'',	'',	'',	'',	''),
(298,	'student_name',	'',	'',	'',	'',	'',	'',	'',	'',	'',	'',	'',	'',	'',	'',	'',	'',	'',	'',	'',	'',	'',	'',	''),
(299,	'admission_number',	'',	'',	'',	'',	'',	'',	'',	'',	'',	'',	'',	'',	'',	'',	'',	'',	'',	'',	'',	'',	'',	'',	''),
(300,	'receipt_number',	'',	'',	'',	'',	'',	'',	'',	'',	'',	'',	'',	'',	'',	'',	'',	'',	'',	'',	'',	'',	'',	'',	''),
(301,	'total_amount_due',	'',	'',	'',	'',	'',	'',	'',	'',	'',	'',	'',	'',	'',	'',	'',	'',	'',	'',	'',	'',	'',	'',	''),
(302,	'previously_paid',	'',	'',	'',	'',	'',	'',	'',	'',	'',	'',	'',	'',	'',	'',	'',	'',	'',	'',	'',	'',	'',	'',	''),
(303,	'amount_due',	'',	'',	'',	'',	'',	'',	'',	'',	'',	'',	'',	'',	'',	'',	'',	'',	'',	'',	'',	'',	'',	'',	''),
(304,	'reciept_total',	'',	'',	'',	'',	'',	'',	'',	'',	'',	'',	'',	'',	'',	'',	'',	'',	'',	'',	'',	'',	'',	'',	''),
(305,	'fees_balance',	'',	'',	'',	'',	'',	'',	'',	'',	'',	'',	'',	'',	'',	'',	'',	'',	'',	'',	'',	'',	'',	'',	''),
(306,	'receipt_total',	'',	'',	'',	'',	'',	'',	'',	'',	'',	'',	'',	'',	'',	'',	'',	'',	'',	'',	'',	'',	'',	'',	''),
(307,	'fees_due',	'',	'',	'',	'',	'',	'',	'',	'',	'',	'',	'',	'',	'',	'',	'',	'',	'',	'',	'',	'',	'',	'',	''),
(308,	'fees_paid_to_date',	'',	'',	'',	'',	'',	'',	'',	'',	'',	'',	'',	'',	'',	'',	'',	'',	'',	'',	'',	'',	'',	'',	''),
(309,	'view_receipt',	'',	'',	'',	'',	'',	'',	'',	'',	'',	'',	'',	'',	'',	'',	'',	'',	'',	'',	'',	'',	'',	'',	''),
(310,	'download_receipt',	'',	'',	'',	'',	'',	'',	'',	'',	'',	'',	'',	'',	'',	'',	'',	'',	'',	'',	'',	'',	'',	'',	''),
(311,	'manage_library_books',	'',	'',	'',	'',	'',	'',	'',	'',	'',	'',	'',	'',	'',	'',	'',	'',	'',	'',	'',	'',	'',	'',	''),
(312,	'book_list',	'',	'',	'',	'',	'',	'',	'',	'',	'',	'',	'',	'',	'',	'',	'',	'',	'',	'',	'',	'',	'',	'',	''),
(313,	'add_book',	'',	'',	'',	'',	'',	'',	'',	'',	'',	'',	'',	'',	'',	'',	'',	'',	'',	'',	'',	'',	'',	'',	''),
(314,	'book_name',	'',	'',	'',	'',	'',	'',	'',	'',	'',	'',	'',	'',	'',	'',	'',	'',	'',	'',	'',	'',	'',	'',	''),
(315,	'author',	'',	'',	'',	'',	'',	'',	'',	'',	'',	'',	'',	'',	'',	'',	'',	'',	'',	'',	'',	'',	'',	'',	''),
(316,	'price',	'',	'',	'',	'',	'',	'',	'',	'',	'',	'',	'',	'',	'',	'',	'',	'',	'',	'',	'',	'',	'',	'',	''),
(317,	'available',	'',	'',	'',	'',	'',	'',	'',	'',	'',	'',	'',	'',	'',	'',	'',	'',	'',	'',	'',	'',	'',	'',	''),
(318,	'unavailable',	'',	'',	'',	'',	'',	'',	'',	'',	'',	'',	'',	'',	'',	'',	'',	'',	'',	'',	'',	'',	'',	'',	''),
(319,	'print_receipt',	'',	'',	'',	'',	'',	'',	'',	'',	'',	'',	'',	'',	'',	'',	'',	'',	'',	'',	'',	'',	'',	'',	''),
(320,	'manage_noticeboard',	'',	'',	'',	'',	'',	'',	'',	'',	'',	'',	'',	'',	'',	'',	'',	'',	'',	'',	'',	'',	'',	'',	''),
(321,	'noticeboard_list',	'',	'',	'',	'',	'',	'',	'',	'',	'',	'',	'',	'',	'',	'',	'',	'',	'',	'',	'',	'',	'',	'',	''),
(322,	'add_noticeboard',	'',	'',	'',	'',	'',	'',	'',	'',	'',	'',	'',	'',	'',	'',	'',	'',	'',	'',	'',	'',	'',	'',	''),
(323,	'notice',	'',	'',	'',	'',	'',	'',	'',	'',	'',	'',	'',	'',	'',	'',	'',	'',	'',	'',	'',	'',	'',	'',	''),
(324,	'add_notice',	'',	'',	'',	'',	'',	'',	'',	'',	'',	'',	'',	'',	'',	'',	'',	'',	'',	'',	'',	'',	'',	'',	''),
(325,	'send_sms_to_all',	'',	'',	'',	'',	'',	'',	'',	'',	'',	'',	'',	'',	'',	'',	'',	'',	'',	'',	'',	'',	'',	'',	''),
(326,	'yes',	'',	'',	'',	'',	'',	'',	'',	'',	'',	'',	'',	'',	'',	'',	'',	'',	'',	'',	'',	'',	'',	'',	''),
(327,	'no',	'',	'',	'',	'',	'',	'',	'',	'',	'',	'',	'',	'',	'',	'',	'',	'',	'',	'',	'',	'',	'',	'',	''),
(328,	'sms_service_not_activated',	'',	'',	'',	'',	'',	'',	'',	'',	'',	'',	'',	'',	'',	'',	'',	'',	'',	'',	'',	'',	'',	'',	''),
(329,	'private_messaging',	'',	'',	'',	'',	'',	'',	'',	'',	'',	'',	'',	'',	'',	'',	'',	'',	'',	'',	'',	'',	'',	'',	''),
(330,	'messages',	'',	'',	'',	'',	'',	'',	'',	'',	'',	'',	'',	'',	'',	'',	'',	'',	'',	'',	'',	'',	'',	'',	''),
(331,	'new_message',	'',	'',	'',	'',	'',	'',	'',	'',	'',	'',	'',	'',	'',	'',	'',	'',	'',	'',	'',	'',	'',	'',	''),
(332,	'manage_profile',	'',	'',	'',	'',	'',	'',	'',	'',	'',	'',	'',	'',	'',	'',	'',	'',	'',	'',	'',	'',	'',	'',	''),
(333,	'update_profile',	'',	'',	'',	'',	'',	'',	'',	'',	'',	'',	'',	'',	'',	'',	'',	'',	'',	'',	'',	'',	'',	'',	''),
(334,	'current_password',	'',	'',	'',	'',	'',	'',	'',	'',	'',	'',	'',	'',	'',	'',	'',	'',	'',	'',	'',	'',	'',	'',	''),
(335,	'new_password',	'',	'',	'',	'',	'',	'',	'',	'',	'',	'',	'',	'',	'',	'',	'',	'',	'',	'',	'',	'',	'',	'',	''),
(336,	'confirm_new_password',	'',	'',	'',	'',	'',	'',	'',	'',	'',	'',	'',	'',	'',	'',	'',	'',	'',	'',	'',	'',	'',	'',	''),
(337,	'manage_class_routine',	'',	'',	'',	'',	'',	'',	'',	'',	'',	'',	'',	'',	'',	'',	'',	'',	'',	'',	'',	'',	'',	'',	''),
(338,	'class_routine_list',	'',	'',	'',	'',	'',	'',	'',	'',	'',	'',	'',	'',	'',	'',	'',	'',	'',	'',	'',	'',	'',	'',	''),
(339,	'add_class_routine',	'',	'',	'',	'',	'',	'',	'',	'',	'',	'',	'',	'',	'',	'',	'',	'',	'',	'',	'',	'',	'',	'',	''),
(340,	'day',	'',	'',	'',	'',	'',	'',	'',	'',	'',	'',	'',	'',	'',	'',	'',	'',	'',	'',	'',	'',	'',	'',	''),
(341,	'starting_time',	'',	'',	'',	'',	'',	'',	'',	'',	'',	'',	'',	'',	'',	'',	'',	'',	'',	'',	'',	'',	'',	'',	''),
(342,	'hour',	'',	'',	'',	'',	'',	'',	'',	'',	'',	'',	'',	'',	'',	'',	'',	'',	'',	'',	'',	'',	'',	'',	''),
(343,	'minutes',	'',	'',	'',	'',	'',	'',	'',	'',	'',	'',	'',	'',	'',	'',	'',	'',	'',	'',	'',	'',	'',	'',	''),
(344,	'ending_time',	'',	'',	'',	'',	'',	'',	'',	'',	'',	'',	'',	'',	'',	'',	'',	'',	'',	'',	'',	'',	'',	'',	''),
(345,	'manage_subject',	'',	'',	'',	'',	'',	'',	'',	'',	'',	'',	'',	'',	'',	'',	'',	'',	'',	'',	'',	'',	'',	'',	''),
(346,	'subject_list',	'',	'',	'',	'',	'',	'',	'',	'',	'',	'',	'',	'',	'',	'',	'',	'',	'',	'',	'',	'',	'',	'',	''),
(347,	'add_subject',	'',	'',	'',	'',	'',	'',	'',	'',	'',	'',	'',	'',	'',	'',	'',	'',	'',	'',	'',	'',	'',	'',	''),
(348,	'subject_name',	'',	'',	'',	'',	'',	'',	'',	'',	'',	'',	'',	'',	'',	'',	'',	'',	'',	'',	'',	'',	'',	'',	''),
(349,	'financial_report',	'',	'',	'',	'',	'',	'',	'',	'',	'',	'',	'',	'',	'',	'',	'',	'',	'',	'',	'',	'',	'',	'',	''),
(350,	'revenue_report',	'',	'',	'',	'',	'',	'',	'',	'',	'',	'',	'',	'',	'',	'',	'',	'',	'',	'',	'',	'',	'',	'',	''),
(351,	'opening_balance',	'',	'',	'',	'',	'',	'',	'',	'',	'',	'',	'',	'',	'',	'',	'',	'',	'',	'',	'',	'',	'',	'',	''),
(352,	'month_income',	'',	'',	'',	'',	'',	'',	'',	'',	'',	'',	'',	'',	'',	'',	'',	'',	'',	'',	'',	'',	'',	'',	''),
(353,	'month_expense',	'',	'',	'',	'',	'',	'',	'',	'',	'',	'',	'',	'',	'',	'',	'',	'',	'',	'',	'',	'',	'',	'',	''),
(354,	'ending_balance',	'',	'',	'',	'',	'',	'',	'',	'',	'',	'',	'',	'',	'',	'',	'',	'',	'',	'',	'',	'',	'',	'',	''),
(355,	'revenue_report_for',	'',	'',	'',	'',	'',	'',	'',	'',	'',	'',	'',	'',	'',	'',	'',	'',	'',	'',	'',	'',	'',	'',	''),
(356,	'summary_by_expense_categories',	'',	'',	'',	'',	'',	'',	'',	'',	'',	'',	'',	'',	'',	'',	'',	'',	'',	'',	'',	'',	'',	'',	''),
(357,	'summary_by_income_categories',	'',	'',	'',	'',	'',	'',	'',	'',	'',	'',	'',	'',	'',	'',	'',	'',	'',	'',	'',	'',	'',	'',	''),
(358,	'theme_selected',	'',	'',	'',	'',	'',	'',	'',	'',	'',	'',	'',	'',	'',	'',	'',	'',	'',	'',	'',	'',	'',	'',	''),
(359,	'teacher_dashboard',	'',	'',	'',	'',	'',	'',	'',	'',	'',	'',	'',	'',	'',	'',	'',	'',	'',	'',	'',	'',	'',	'',	''),
(360,	'study_material',	'',	'',	'',	'',	'',	'',	'',	'',	'',	'',	'',	'',	'',	'',	'',	'',	'',	'',	'',	'',	'',	'',	''),
(361,	'student_dashboard',	'',	'',	'',	'',	'',	'',	'',	'',	'',	'',	'',	'',	'',	'',	'',	'',	'',	'',	'',	'',	'',	'',	''),
(362,	'exam_marks',	'',	'',	'',	'',	'',	'',	'',	'',	'',	'',	'',	'',	'',	'',	'',	'',	'',	'',	'',	'',	'',	'',	''),
(363,	'school_budget_for_year',	'',	'',	'',	'',	'',	'',	'',	'',	'',	'',	'',	'',	'',	'',	'',	'',	'',	'',	'',	'',	'',	'',	''),
(364,	'school_budget_for_year_',	'',	'',	'',	'',	'',	'',	'',	'',	'',	'',	'',	'',	'',	'',	'',	'',	'',	'',	'',	'',	'',	'',	''),
(365,	'students',	'',	'',	'',	'',	'',	'',	'',	'',	'',	'',	'',	'',	'',	'',	'',	'',	'',	'',	'',	'',	'',	'',	''),
(366,	'edit_transport',	'',	'',	'',	'',	'',	'',	'',	'',	'',	'',	'',	'',	'',	'',	'',	'',	'',	'',	'',	'',	'',	'',	''),
(367,	'edit_student',	'',	'',	'',	'',	'',	'',	'',	'',	'',	'',	'',	'',	'',	'',	'',	'',	'',	'',	'',	'',	'',	'',	''),
(368,	'edit_class',	'',	'',	'',	'',	'',	'',	'',	'',	'',	'',	'',	'',	'',	'',	'',	'',	'',	'',	'',	'',	'',	'',	''),
(369,	'beneficiaries',	'',	'',	'',	'',	'',	'',	'',	'',	'',	'',	'',	'',	'',	'',	'',	'',	'',	'',	'',	'',	'',	'',	''),
(370,	'beneficiary_name',	'',	'',	'',	'',	'',	'',	'',	'',	'',	'',	'',	'',	'',	'',	'',	'',	'',	'',	'',	'',	'',	'',	''),
(371,	'edit_fees_structure',	'',	'',	'',	'',	'',	'',	'',	'',	'',	'',	'',	'',	'',	'',	'',	'',	'',	'',	'',	'',	'',	'',	''),
(372,	'data_deleted',	'',	'',	'',	'',	'',	'',	'',	'',	'',	'',	'',	'',	'',	'',	'',	'',	'',	'',	'',	'',	'',	'',	''),
(373,	'select_a_student',	'',	'',	'',	'',	'',	'',	'',	'',	'',	'',	'',	'',	'',	'',	'',	'',	'',	'',	'',	'',	'',	'',	''),
(374,	'cheque',	'',	'',	'',	'',	'',	'',	'',	'',	'',	'',	'',	'',	'',	'',	'',	'',	'',	'',	'',	'',	'',	'',	''),
(375,	'cheque_number',	'',	'',	'',	'',	'',	'',	'',	'',	'',	'',	'',	'',	'',	'',	'',	'',	'',	'',	'',	'',	'',	'',	''),
(376,	'view_parent',	'',	'',	'',	'',	'',	'',	'',	'',	'',	'',	'',	'',	'',	'',	'',	'',	'',	'',	'',	'',	'',	'',	''),
(377,	'parent_activity',	'',	'',	'',	'',	'',	'',	'',	'',	'',	'',	'',	'',	'',	'',	'',	'',	'',	'',	'',	'',	'',	'',	''),
(378,	'parents_activity',	'',	'',	'',	'',	'',	'',	'',	'',	'',	'',	'',	'',	'',	'',	'',	'',	'',	'',	'',	'',	'',	'',	''),
(379,	'add_activity',	'',	'',	'',	'',	'',	'',	'',	'',	'',	'',	'',	'',	'',	'',	'',	'',	'',	'',	'',	'',	'',	'',	''),
(380,	'activity_name',	'',	'',	'',	'',	'',	'',	'',	'',	'',	'',	'',	'',	'',	'',	'',	'',	'',	'',	'',	'',	'',	'',	''),
(381,	'start_date',	'',	'',	'',	'',	'',	'',	'',	'',	'',	'',	'',	'',	'',	'',	'',	'',	'',	'',	'',	'',	'',	'',	''),
(382,	'end_date',	'',	'',	'',	'',	'',	'',	'',	'',	'',	'',	'',	'',	'',	'',	'',	'',	'',	'',	'',	'',	'',	'',	''),
(383,	'add_parents',	'',	'',	'',	'',	'',	'',	'',	'',	'',	'',	'',	'',	'',	'',	'',	'',	'',	'',	'',	'',	'',	'',	''),
(384,	'search_parents_by',	'',	'',	'',	'',	'',	'',	'',	'',	'',	'',	'',	'',	'',	'',	'',	'',	'',	'',	'',	'',	'',	'',	''),
(385,	'All',	'',	'',	'',	'',	'',	'',	'',	'',	'',	'',	'',	'',	'',	'',	'',	'',	'',	'',	'',	'',	'',	'',	''),
(386,	'go',	'',	'',	'',	'',	'',	'',	'',	'',	'',	'',	'',	'',	'',	'',	'',	'',	'',	'',	'',	'',	'',	'',	''),
(387,	'activity_details',	'',	'',	'',	'',	'',	'',	'',	'',	'',	'',	'',	'',	'',	'',	'',	'',	'',	'',	'',	'',	'',	'',	''),
(388,	'manage_language',	'',	'',	'',	'',	'',	'',	'',	'',	'',	'',	'',	'',	'',	'',	'',	'',	'',	'',	'',	'',	'',	'',	''),
(389,	'language_list',	'',	'',	'',	'',	'',	'',	'',	'',	'',	'',	'',	'',	'',	'',	'',	'',	'',	'',	'',	'',	'',	'',	''),
(390,	'add_phrase',	'',	'',	'',	'',	'',	'',	'',	'',	'',	'',	'',	'',	'',	'',	'',	'',	'',	'',	'',	'',	'',	'',	''),
(391,	'add_language',	'',	'',	'',	'',	'',	'',	'',	'',	'',	'',	'',	'',	'',	'',	'',	'',	'',	'',	'',	'',	'',	'',	''),
(392,	'option',	'',	'',	'',	'',	'',	'',	'',	'',	'',	'',	'',	'',	'',	'',	'',	'',	'',	'',	'',	'',	'',	'',	''),
(393,	'edit_phrase',	'',	'',	'',	'',	'',	'',	'',	'',	'',	'',	'',	'',	'',	'',	'',	'',	'',	'',	'',	'',	'',	'',	''),
(394,	'delete_language',	'',	'',	'',	'',	'',	'',	'',	'',	'',	'',	'',	'',	'',	'',	'',	'',	'',	'',	'',	'',	'',	'',	''),
(395,	'phrase',	'',	'',	'',	'',	'',	'',	'',	'',	'',	'',	'',	'',	'',	'',	'',	'',	'',	'',	'',	'',	'',	'',	''),
(396,	'update_phrase',	'',	'',	'',	'',	'',	'',	'',	'',	'',	'',	'',	'',	'',	'',	'',	'',	'',	'',	'',	'',	'',	'',	''),
(397,	'add_bulk_student',	'',	'',	'',	'',	'',	'',	'',	'',	'',	'',	'',	'',	'',	'',	'',	'',	'',	'',	'',	'',	'',	'',	''),
(398,	'student_bulk_add_form',	'',	'',	'',	'',	'',	'',	'',	'',	'',	'',	'',	'',	'',	'',	'',	'',	'',	'',	'',	'',	'',	'',	''),
(399,	'select_excel_file',	'',	'',	'',	'',	'',	'',	'',	'',	'',	'',	'',	'',	'',	'',	'',	'',	'',	'',	'',	'',	'',	'',	''),
(400,	'upload_and_import',	'',	'',	'',	'',	'',	'',	'',	'',	'',	'',	'',	'',	'',	'',	'',	'',	'',	'',	'',	'',	'',	'',	''),
(401,	'service_is_disabled',	'',	'',	'',	'',	'',	'',	'',	'',	'',	'',	'',	'',	'',	'',	'',	'',	'',	'',	'',	'',	'',	'',	''),
(402,	'present',	'',	'',	'',	'',	'',	'',	'',	'',	'',	'',	'',	'',	'',	'',	'',	'',	'',	'',	'',	'',	'',	'',	''),
(403,	'manage_exam',	'',	'',	'',	'',	'',	'',	'',	'',	'',	'',	'',	'',	'',	'',	'',	'',	'',	'',	'',	'',	'',	'',	''),
(404,	'add_exam',	'',	'',	'',	'',	'',	'',	'',	'',	'',	'',	'',	'',	'',	'',	'',	'',	'',	'',	'',	'',	'',	'',	''),
(405,	'exam_name',	'',	'',	'',	'',	'',	'',	'',	'',	'',	'',	'',	'',	'',	'',	'',	'',	'',	'',	'',	'',	'',	'',	''),
(406,	'comment',	'',	'',	'',	'',	'',	'',	'',	'',	'',	'',	'',	'',	'',	'',	'',	'',	'',	'',	'',	'',	'',	'',	''),
(407,	'manage_grade',	'',	'',	'',	'',	'',	'',	'',	'',	'',	'',	'',	'',	'',	'',	'',	'',	'',	'',	'',	'',	'',	'',	''),
(408,	'grade_list',	'',	'',	'',	'',	'',	'',	'',	'',	'',	'',	'',	'',	'',	'',	'',	'',	'',	'',	'',	'',	'',	'',	''),
(409,	'add_grade',	'',	'',	'',	'',	'',	'',	'',	'',	'',	'',	'',	'',	'',	'',	'',	'',	'',	'',	'',	'',	'',	'',	''),
(410,	'grade_name',	'',	'',	'',	'',	'',	'',	'',	'',	'',	'',	'',	'',	'',	'',	'',	'',	'',	'',	'',	'',	'',	'',	''),
(411,	'grade_point',	'',	'',	'',	'',	'',	'',	'',	'',	'',	'',	'',	'',	'',	'',	'',	'',	'',	'',	'',	'',	'',	'',	''),
(412,	'mark_from',	'',	'',	'',	'',	'',	'',	'',	'',	'',	'',	'',	'',	'',	'',	'',	'',	'',	'',	'',	'',	'',	'',	''),
(413,	'mark_upto',	'',	'',	'',	'',	'',	'',	'',	'',	'',	'',	'',	'',	'',	'',	'',	'',	'',	'',	'',	'',	'',	'',	''),
(414,	'edit_grade',	'',	'',	'',	'',	'',	'',	'',	'',	'',	'',	'',	'',	'',	'',	'',	'',	'',	'',	'',	'',	'',	'',	''),
(415,	'manage_exam_marks',	'',	'',	'',	'',	'',	'',	'',	'',	'',	'',	'',	'',	'',	'',	'',	'',	'',	'',	'',	'',	'',	'',	''),
(416,	'select_exam',	'',	'',	'',	'',	'',	'',	'',	'',	'',	'',	'',	'',	'',	'',	'',	'',	'',	'',	'',	'',	'',	'',	''),
(417,	'select_subject',	'',	'',	'',	'',	'',	'',	'',	'',	'',	'',	'',	'',	'',	'',	'',	'',	'',	'',	'',	'',	'',	'',	''),
(418,	'select_an_exam',	'',	'',	'',	'',	'',	'',	'',	'',	'',	'',	'',	'',	'',	'',	'',	'',	'',	'',	'',	'',	'',	'',	''),
(419,	'select_a_class',	'',	'',	'',	'',	'',	'',	'',	'',	'',	'',	'',	'',	'',	'',	'',	'',	'',	'',	'',	'',	'',	'',	''),
(420,	'mark_obtained',	'',	'',	'',	'',	'',	'',	'',	'',	'',	'',	'',	'',	'',	'',	'',	'',	'',	'',	'',	'',	'',	'',	''),
(421,	'update_marks',	'',	'',	'',	'',	'',	'',	'',	'',	'',	'',	'',	'',	'',	'',	'',	'',	'',	'',	'',	'',	'',	'',	''),
(422,	'send_marks',	'',	'',	'',	'',	'',	'',	'',	'',	'',	'',	'',	'',	'',	'',	'',	'',	'',	'',	'',	'',	'',	'',	''),
(423,	'select_receiver',	'',	'',	'',	'',	'',	'',	'',	'',	'',	'',	'',	'',	'',	'',	'',	'',	'',	'',	'',	'',	'',	'',	''),
(424,	'view_tabulation_sheet',	'',	'',	'',	'',	'',	'',	'',	'',	'',	'',	'',	'',	'',	'',	'',	'',	'',	'',	'',	'',	'',	'',	''),
(425,	'subjects',	'',	'',	'',	'',	'',	'',	'',	'',	'',	'',	'',	'',	'',	'',	'',	'',	'',	'',	'',	'',	'',	'',	''),
(426,	'average_grade_point',	'',	'',	'',	'',	'',	'',	'',	'',	'',	'',	'',	'',	'',	'',	'',	'',	'',	'',	'',	'',	'',	'',	''),
(427,	'print_tabulation_sheet',	'',	'',	'',	'',	'',	'',	'',	'',	'',	'',	'',	'',	'',	'',	'',	'',	'',	'',	'',	'',	'',	'',	''),
(428,	'select_all',	'',	'',	'',	'',	'',	'',	'',	'',	'',	'',	'',	'',	'',	'',	'',	'',	'',	'',	'',	'',	'',	'',	''),
(429,	'select_none',	'',	'',	'',	'',	'',	'',	'',	'',	'',	'',	'',	'',	'',	'',	'',	'',	'',	'',	'',	'',	'',	'',	''),
(430,	'manage_dormitory',	'',	'',	'',	'',	'',	'',	'',	'',	'',	'',	'',	'',	'',	'',	'',	'',	'',	'',	'',	'',	'',	'',	''),
(431,	'dormitory_list',	'',	'',	'',	'',	'',	'',	'',	'',	'',	'',	'',	'',	'',	'',	'',	'',	'',	'',	'',	'',	'',	'',	''),
(432,	'add_dormitory',	'',	'',	'',	'',	'',	'',	'',	'',	'',	'',	'',	'',	'',	'',	'',	'',	'',	'',	'',	'',	'',	'',	''),
(433,	'dormitory_name',	'',	'',	'',	'',	'',	'',	'',	'',	'',	'',	'',	'',	'',	'',	'',	'',	'',	'',	'',	'',	'',	'',	''),
(434,	'number_of_room',	'',	'',	'',	'',	'',	'',	'',	'',	'',	'',	'',	'',	'',	'',	'',	'',	'',	'',	'',	'',	'',	'',	''),
(435,	'on',	'',	'',	'',	'',	'',	'',	'',	'',	'',	'',	'',	'',	'',	'',	'',	'',	'',	'',	'',	'',	'',	'',	''),
(436,	'write_new_message',	'',	'',	'',	'',	'',	'',	'',	'',	'',	'',	'',	'',	'',	'',	'',	'',	'',	'',	'',	'',	'',	'',	''),
(437,	'recipient',	'',	'',	'',	'',	'',	'',	'',	'',	'',	'',	'',	'',	'',	'',	'',	'',	'',	'',	'',	'',	'',	'',	''),
(438,	'select_a_user',	'',	'',	'',	'',	'',	'',	'',	'',	'',	'',	'',	'',	'',	'',	'',	'',	'',	'',	'',	'',	'',	'',	''),
(439,	'write_your_message',	'',	'',	'',	'',	'',	'',	'',	'',	'',	'',	'',	'',	'',	'',	'',	'',	'',	'',	'',	'',	'',	'',	''),
(440,	'send',	'',	'',	'',	'',	'',	'',	'',	'',	'',	'',	'',	'',	'',	'',	'',	'',	'',	'',	'',	'',	'',	'',	''),
(441,	'message_sent!',	'',	'',	'',	'',	'',	'',	'',	'',	'',	'',	'',	'',	'',	'',	'',	'',	'',	'',	'',	'',	'',	'',	''),
(442,	'reply_message',	'',	'',	'',	'',	'',	'',	'',	'',	'',	'',	'',	'',	'',	'',	'',	'',	'',	'',	'',	'',	'',	'',	''),
(443,	'select_a_service',	'',	'',	'',	'',	'',	'',	'',	'',	'',	'',	'',	'',	'',	'',	'',	'',	'',	'',	'',	'',	'',	'',	''),
(444,	'not_selected',	'',	'',	'',	'',	'',	'',	'',	'',	'',	'',	'',	'',	'',	'',	'',	'',	'',	'',	'',	'',	'',	'',	''),
(445,	'disabled',	'',	'',	'',	'',	'',	'',	'',	'',	'',	'',	'',	'',	'',	'',	'',	'',	'',	'',	'',	'',	'',	'',	''),
(446,	'clickatell_username',	'',	'',	'',	'',	'',	'',	'',	'',	'',	'',	'',	'',	'',	'',	'',	'',	'',	'',	'',	'',	'',	'',	''),
(447,	'clickatell_password',	'',	'',	'',	'',	'',	'',	'',	'',	'',	'',	'',	'',	'',	'',	'',	'',	'',	'',	'',	'',	'',	'',	''),
(448,	'clickatell_api_id',	'',	'',	'',	'',	'',	'',	'',	'',	'',	'',	'',	'',	'',	'',	'',	'',	'',	'',	'',	'',	'',	'',	''),
(449,	'twilio_account',	'',	'',	'',	'',	'',	'',	'',	'',	'',	'',	'',	'',	'',	'',	'',	'',	'',	'',	'',	'',	'',	'',	''),
(450,	'authentication_token',	'',	'',	'',	'',	'',	'',	'',	'',	'',	'',	'',	'',	'',	'',	'',	'',	'',	'',	'',	'',	'',	'',	''),
(451,	'registered_phone_number',	'',	'',	'',	'',	'',	'',	'',	'',	'',	'',	'',	'',	'',	'',	'',	'',	'',	'',	'',	'',	'',	'',	''),
(452,	'settings_updated',	'',	'',	'',	'',	'',	'',	'',	'',	'',	'',	'',	'',	'',	'',	'',	'',	'',	'',	'',	'',	'',	'',	''),
(453,	'download',	'',	'',	'',	'',	'',	'',	'',	'',	'',	'',	'',	'',	'',	'',	'',	'',	'',	'',	'',	'',	'',	'',	NULL),
(454,	'marksheet_for',	'',	'',	'',	'',	'',	'',	'',	'',	'',	'',	'',	'',	'',	'',	'',	'',	'',	'',	'',	'',	'',	'',	NULL),
(455,	'total_marks',	'',	'',	'',	'',	'',	'',	'',	'',	'',	'',	'',	'',	'',	'',	'',	'',	'',	'',	'',	'',	'',	'',	NULL),
(456,	'print_marksheet',	'',	'',	'',	'',	'',	'',	'',	'',	'',	'',	'',	'',	'',	'',	'',	'',	'',	'',	'',	'',	'',	'',	NULL),
(457,	'manage_invoice/payment',	'',	'',	'',	'',	'',	'',	'',	'',	'',	'',	'',	'',	'',	'',	'',	'',	'',	'',	'',	'',	'',	'',	NULL),
(458,	'invoice/payment_list',	'',	'',	'',	'',	'',	'',	'',	'',	'',	'',	'',	'',	'',	'',	'',	'',	'',	'',	'',	'',	'',	'',	NULL),
(459,	'mark_attendance',	'',	'',	'',	'',	'',	'',	'',	'',	'',	'',	'',	'',	'',	'',	'',	'',	'',	'',	'',	'',	'',	'',	NULL),
(460,	'parent_name',	'',	'',	'',	'',	'',	'',	'',	'',	'',	'',	'',	'',	'',	'',	'',	'',	'',	'',	'',	'',	'',	'',	NULL),
(461,	'mark',	'',	'',	'',	'',	'',	'',	'',	'',	'',	'',	'',	'',	'',	'',	'',	'',	'',	'',	'',	'',	'',	'',	NULL),
(462,	'attended',	'',	'',	'',	'',	'',	'',	'',	'',	'',	'',	'',	'',	'',	'',	'',	'',	'',	'',	'',	'',	'',	'',	NULL),
(463,	'absent',	'',	'',	'',	'',	'',	'',	'',	'',	'',	'',	'',	'',	'',	'',	'',	'',	'',	'',	'',	'',	'',	'',	NULL),
(464,	'not_attending',	'',	'',	'',	'',	'',	'',	'',	'',	'',	'',	'',	'',	'',	'',	'',	'',	'',	'',	'',	'',	'',	'',	NULL),
(465,	'show/mark_attendance',	'',	'',	'',	'',	'',	'',	'',	'',	'',	'',	'',	'',	'',	'',	'',	'',	'',	'',	'',	'',	'',	'',	NULL),
(466,	'show_or_mark_attendance',	'',	'',	'',	'',	'',	'',	'',	'',	'',	'',	'',	'',	'',	'',	'',	'',	'',	'',	'',	'',	'',	'',	NULL),
(467,	'teacher_list',	'',	'',	'',	'',	'',	'',	'',	'',	'',	'',	'',	'',	'',	'',	'',	'',	'',	'',	'',	'',	'',	'',	NULL),
(468,	'student_marksheet',	'',	'',	'',	'',	'',	'',	'',	'',	'',	'',	'',	'',	'',	'',	'',	'',	'',	'',	'',	'',	'',	'',	NULL),
(469,	'add_study_material',	'',	'',	'',	'',	'',	'',	'',	'',	'',	'',	'',	'',	'',	'',	'',	'',	'',	'',	'',	'',	'',	'',	NULL),
(470,	'file_type',	'',	'',	'',	'',	'',	'',	'',	'',	'',	'',	'',	'',	'',	'',	'',	'',	'',	'',	'',	'',	'',	'',	NULL),
(471,	'select_file_type',	'',	'',	'',	'',	'',	'',	'',	'',	'',	'',	'',	'',	'',	'',	'',	'',	'',	'',	'',	'',	'',	'',	NULL),
(472,	'image',	'',	'',	'',	'',	'',	'',	'',	'',	'',	'',	'',	'',	'',	'',	'',	'',	'',	'',	'',	'',	'',	'',	NULL),
(473,	'doc',	'',	'',	'',	'',	'',	'',	'',	'',	'',	'',	'',	'',	'',	'',	'',	'',	'',	'',	'',	'',	'',	'',	NULL),
(474,	'pdf',	'',	'',	'',	'',	'',	'',	'',	'',	'',	'',	'',	'',	'',	'',	'',	'',	'',	'',	'',	'',	'',	'',	NULL),
(475,	'excel',	'',	'',	'',	'',	'',	'',	'',	'',	'',	'',	'',	'',	'',	'',	'',	'',	'',	'',	'',	'',	'',	'',	NULL),
(476,	'other',	'',	'',	'',	'',	'',	'',	'',	'',	'',	'',	'',	'',	'',	'',	'',	'',	'',	'',	'',	'',	'',	'',	NULL),
(477,	'show_attendance',	'',	'',	'',	'',	'',	'',	'',	'',	'',	'',	'',	'',	'',	'',	'',	'',	'',	'',	'',	'',	'',	'',	NULL),
(478,	'parent_dashboard',	'',	'',	'',	'',	'',	'',	'',	'',	'',	'',	'',	'',	'',	'',	'',	'',	'',	'',	'',	'',	'',	'',	NULL),
(479,	'total_mark',	'',	'',	'',	'',	'',	'',	'',	'',	'',	'',	'',	'',	'',	'',	'',	'',	'',	'',	'',	'',	'',	'',	NULL),
(480,	'edit_subject',	'',	'',	'',	'',	'',	'',	'',	'',	'',	'',	'',	'',	'',	'',	'',	'',	'',	'',	'',	'',	'',	'',	NULL),
(481,	'mark_attended',	'',	'',	'',	'',	'',	'',	'',	'',	'',	'',	'',	'',	'',	'',	'',	'',	'',	'',	'',	'',	'',	'',	NULL),
(482,	'class_routine_attendance',	'',	'',	'',	'',	'',	'',	'',	'',	'',	'',	'',	'',	'',	'',	'',	'',	'',	'',	'',	'',	'',	'',	NULL),
(483,	'attendance_date',	'',	'',	'',	'',	'',	'',	'',	'',	'',	'',	'',	'',	'',	'',	'',	'',	'',	'',	'',	'',	'',	'',	NULL),
(484,	'notes',	'',	'',	'',	'',	'',	'',	'',	'',	'',	'',	'',	'',	'',	'',	'',	'',	'',	'',	'',	'',	'',	'',	NULL),
(485,	'attendance_created',	'',	'',	'',	'',	'',	'',	'',	'',	'',	'',	'',	'',	'',	'',	'',	'',	'',	'',	'',	'',	'',	'',	NULL),
(486,	'attendance_exists',	'',	'',	'',	'',	'',	'',	'',	'',	'',	'',	'',	'',	'',	'',	'',	'',	'',	'',	'',	'',	'',	'',	NULL),
(487,	'attendance_updated',	'',	'',	'',	'',	'',	'',	'',	'',	'',	'',	'',	'',	'',	'',	'',	'',	'',	'',	'',	'',	'',	'',	NULL),
(488,	'routine_date',	'',	'',	'',	'',	'',	'',	'',	'',	'',	'',	'',	'',	'',	'',	'',	'',	'',	'',	'',	'',	'',	'',	NULL),
(489,	'search_routine',	'',	'',	'',	'',	'',	'',	'',	'',	'',	'',	'',	'',	'',	'',	'',	'',	'',	'',	'',	'',	'',	'',	NULL),
(490,	'session(s)_attended_today',	'',	'',	'',	'',	'',	'',	'',	'',	'',	'',	'',	'',	'',	'',	'',	'',	'',	'',	'',	'',	'',	'',	NULL),
(491,	'no_session_attended_today',	'',	'',	'',	'',	'',	'',	'',	'',	'',	'',	'',	'',	'',	'',	'',	'',	'',	'',	'',	'',	'',	'',	NULL),
(492,	'edit_class_routine',	'',	'',	'',	'',	'',	'',	'',	'',	'',	'',	'',	'',	'',	'',	'',	'',	'',	'',	'',	'',	'',	'',	NULL),
(493,	'edit_teacher',	'',	'',	'',	'',	'',	'',	'',	'',	'',	'',	'',	'',	'',	'',	'',	'',	'',	'',	'',	'',	'',	'',	NULL),
(494,	'sex',	'',	'',	'',	'',	'',	'',	'',	'',	'',	'',	'',	'',	'',	'',	'',	'',	'',	'',	'',	'',	'',	'',	NULL),
(495,	'administrators',	'',	'',	'',	'',	'',	'',	'',	'',	'',	'',	'',	'',	'',	'',	'',	'',	'',	'',	'',	'',	'',	'',	NULL),
(496,	'manage_administrator',	'',	'',	'',	'',	'',	'',	'',	'',	'',	'',	'',	'',	'',	'',	'',	'',	'',	'',	'',	'',	'',	'',	NULL),
(497,	'add_new_administrator',	'',	'',	'',	'',	'',	'',	'',	'',	'',	'',	'',	'',	'',	'',	'',	'',	'',	'',	'',	'',	'',	'',	NULL),
(498,	'add_administrator',	'',	'',	'',	'',	'',	'',	'',	'',	'',	'',	'',	'',	'',	'',	'',	'',	'',	'',	'',	'',	'',	'',	NULL),
(499,	'relationship',	'',	'',	'',	'',	'',	'',	'',	'',	'',	'',	'',	'',	'',	'',	'',	'',	'',	'',	'',	'',	'',	'',	NULL),
(500,	'care_type',	'',	'',	'',	'',	'',	'',	'',	'',	'',	'',	'',	'',	'',	'',	'',	'',	'',	'',	'',	'',	'',	'',	NULL),
(501,	'primary',	'',	'',	'',	'',	'',	'',	'',	'',	'',	'',	'',	'',	'',	'',	'',	'',	'',	'',	'',	'',	'',	'',	NULL),
(502,	'secondary',	'',	'',	'',	'',	'',	'',	'',	'',	'',	'',	'',	'',	'',	'',	'',	'',	'',	'',	'',	'',	'',	'',	NULL),
(503,	'care_relationship',	'',	'',	'',	'',	'',	'',	'',	'',	'',	'',	'',	'',	'',	'',	'',	'',	'',	'',	'',	'',	'',	'',	NULL),
(504,	'add_relationship',	'',	'',	'',	'',	'',	'',	'',	'',	'',	'',	'',	'',	'',	'',	'',	'',	'',	'',	'',	'',	'',	'',	NULL),
(505,	'record_added',	'',	'',	'',	'',	'',	'',	'',	'',	'',	'',	'',	'',	'',	'',	'',	'',	'',	'',	'',	'',	'',	'',	NULL),
(506,	'duplicate_name',	'',	'',	'',	'',	'',	'',	'',	'',	'',	'',	'',	'',	'',	'',	'',	'',	'',	'',	'',	'',	'',	'',	NULL),
(507,	'record_deleted',	'',	'',	'',	'',	'',	'',	'',	'',	'',	'',	'',	'',	'',	'',	'',	'',	'',	'',	'',	'',	'',	'',	NULL),
(508,	'edit_relationship',	'',	'',	'',	'',	'',	'',	'',	'',	'',	'',	'',	'',	'',	'',	'',	'',	'',	'',	'',	'',	'',	'',	NULL),
(509,	'duplicate_record',	'',	'',	'',	'',	'',	'',	'',	'',	'',	'',	'',	'',	'',	'',	'',	'',	'',	'',	'',	'',	'',	'',	NULL),
(510,	'record_edited',	'',	'',	'',	'',	'',	'',	'',	'',	'',	'',	'',	'',	'',	'',	'',	'',	'',	'',	'',	'',	'',	'',	NULL),
(511,	'none',	'',	'',	'',	'',	'',	'',	'',	'',	'',	'',	'',	'',	'',	'',	'',	'',	'',	'',	'',	'',	'',	'',	NULL),
(512,	'other_caregivers',	'',	'',	'',	'',	'',	'',	'',	'',	'',	'',	'',	'',	'',	'',	'',	'',	'',	'',	'',	'',	'',	'',	NULL),
(513,	'edit_parent',	'',	'',	'',	'',	'',	'',	'',	'',	'',	'',	'',	'',	'',	'',	'',	'',	'',	'',	'',	'',	'',	'',	NULL),
(514,	'assign_beneficiary',	'',	'',	'',	'',	'',	'',	'',	'',	'',	'',	'',	'',	'',	'',	'',	'',	'',	'',	'',	'',	'',	'',	NULL),
(515,	'assign_beneficiaries',	'',	'',	'',	'',	'',	'',	'',	'',	'',	'',	'',	'',	'',	'',	'',	'',	'',	'',	'',	'',	'',	'',	NULL),
(680,	'add_profile',	'',	'',	'',	'',	'',	'',	'',	'',	'',	'',	'',	'',	'',	'',	'',	'',	'',	'',	'',	'',	'',	NULL,	NULL),
(679,	'entitlement',	'',	'',	'',	'',	'',	'',	'',	'',	'',	'',	'',	'',	'',	'',	'',	'',	'',	'',	'',	'',	'',	NULL,	NULL),
(678,	'user_profiles',	'',	'',	'',	'',	'',	'',	'',	'',	'',	'',	'',	'',	'',	'',	'',	'',	'',	'',	'',	'',	'',	NULL,	NULL),
(519,	'user_access',	'',	'',	'',	'',	'',	'',	'',	'',	'',	'',	'',	'',	'',	'',	'',	'',	'',	'',	'',	'',	'',	'',	NULL),
(520,	'feature',	'',	'',	'',	'',	'',	'',	'',	'',	'',	'',	'',	'',	'',	'',	'',	'',	'',	'',	'',	'',	'',	'',	NULL),
(521,	'read',	'',	'',	'',	'',	'',	'',	'',	'',	'',	'',	'',	'',	'',	'',	'',	'',	'',	'',	'',	'',	'',	'',	NULL),
(522,	'super_administrator',	'',	'',	'',	'',	'',	'',	'',	'',	'',	'',	'',	'',	'',	'',	'',	'',	'',	'',	'',	'',	'',	'',	NULL),
(523,	'manager',	'',	'',	'',	'',	'',	'',	'',	'',	'',	'',	'',	'',	'',	'',	'',	'',	'',	'',	'',	'',	'',	'',	NULL),
(677,	'active',	'',	'',	'',	'',	'',	'',	'',	'',	'',	'',	'',	'',	'',	'',	'',	'',	'',	'',	'',	'',	'',	NULL,	NULL),
(526,	'super_admin',	'',	'',	'',	'',	'',	'',	'',	'',	'',	'',	'',	'',	'',	'',	'',	'',	'',	'',	'',	'',	'',	'',	NULL),
(676,	'reconciliation_reports',	'',	'',	'',	'',	'',	'',	'',	'',	'',	'',	'',	'',	'',	'',	'',	'',	'',	'',	'',	'',	'',	NULL,	NULL),
(675,	'cashbook',	'',	'',	'',	'',	'',	'',	'',	'',	'',	'',	'',	'',	'',	'',	'',	'',	'',	'',	'',	'',	'',	NULL,	NULL),
(674,	'monthly_reconciliation',	'',	'',	'',	'',	'',	'',	'',	'',	'',	'',	'',	'',	'',	'',	'',	'',	'',	'',	'',	'',	'',	NULL,	NULL),
(673,	'month_editted_successfully',	'',	'',	'',	'',	'',	'',	'',	'',	'',	'',	'',	'',	'',	'',	'',	'',	'',	'',	'',	'',	'',	NULL,	NULL),
(672,	'month_closed_successfully',	'',	'',	'',	'',	'',	'',	'',	'',	'',	'',	'',	'',	'',	'',	'',	'',	'',	'',	'',	'',	'',	NULL,	NULL),
(671,	'reconciliation_statement',	'',	'',	'',	'',	'',	'',	'',	'',	'',	'',	'',	'',	'',	'',	'',	'',	'',	'',	'',	'',	'',	NULL,	NULL),
(670,	'other_income',	'',	'',	'',	'',	'',	'',	'',	'',	'',	'',	'',	'',	'',	'',	'',	'',	'',	'',	'',	'',	'',	NULL,	NULL),
(669,	'students_income',	'',	'',	'',	'',	'',	'',	'',	'',	'',	'',	'',	'',	'',	'',	'',	'',	'',	'',	'',	'',	'',	NULL,	NULL),
(668,	'cleared_outstanding',	'',	'',	'',	'',	'',	'',	'',	'',	'',	'',	'',	'',	'',	'',	'',	'',	'',	'',	'',	'',	'',	NULL,	NULL),
(667,	'outstanding_cheques',	'',	'',	'',	'',	'',	'',	'',	'',	'',	'',	'',	'',	'',	'',	'',	'',	'',	'',	'',	'',	'',	NULL,	NULL),
(666,	'cleared_in_transit',	'',	'',	'',	'',	'',	'',	'',	'',	'',	'',	'',	'',	'',	'',	'',	'',	'',	'',	'',	'',	'',	NULL,	NULL),
(665,	'deposit_in_transit',	'',	'',	'',	'',	'',	'',	'',	'',	'',	'',	'',	'',	'',	'',	'',	'',	'',	'',	'',	'',	'',	NULL,	NULL),
(664,	'bank_reconciliation',	'',	'',	'',	'',	'',	'',	'',	'',	'',	'',	'',	'',	'',	'',	'',	'',	'',	'',	'',	'',	'',	NULL,	NULL),
(549,	'activity',	'',	'',	'',	'',	'',	'',	'',	'',	'',	'',	'',	'',	'',	'',	'',	'',	'',	'',	'',	'',	'',	'',	NULL),
(550,	'grade',	'',	'',	'',	'',	'',	'',	'',	'',	'',	'',	'',	'',	'',	'',	'',	'',	'',	'',	'',	'',	'',	'',	NULL),
(551,	'contras',	'',	'',	'',	'',	'',	'',	'',	'',	'',	'',	'',	'',	'',	'',	'',	'',	'',	'',	'',	'',	'',	'',	NULL),
(552,	'invoice',	'',	'',	'',	'',	'',	'',	'',	'',	'',	'',	'',	'',	'',	'',	'',	'',	'',	'',	'',	'',	'',	'',	NULL),
(697,	'user_profile',	'',	'',	'',	'',	'',	'',	'',	'',	'',	'',	'',	'',	'',	'',	'',	'',	'',	'',	'',	'',	'',	NULL,	NULL),
(696,	'password_mismatch',	'',	'',	'',	'',	'',	'',	'',	'',	'',	'',	'',	'',	'',	'',	'',	'',	'',	'',	'',	'',	'',	NULL,	NULL),
(556,	'record',	'',	'',	'',	'',	'',	'',	'',	'',	'',	'',	'',	'',	'',	'',	'',	'',	'',	'',	'',	'',	'',	'',	NULL),
(695,	'password_updated',	'',	'',	'',	'',	'',	'',	'',	'',	'',	'',	'',	'',	'',	'',	'',	'',	'',	'',	'',	'',	'',	NULL,	NULL),
(694,	'update_password',	'',	'',	'',	'',	'',	'',	'',	'',	'',	'',	'',	'',	'',	'',	'',	'',	'',	'',	'',	'',	'',	NULL,	NULL),
(693,	'repeat_password',	'',	'',	'',	'',	'',	'',	'',	'',	'',	'',	'',	'',	'',	'',	'',	'',	'',	'',	'',	'',	'',	NULL,	NULL),
(692,	'account_updated',	'',	'',	'',	'',	'',	'',	'',	'',	'',	'',	'',	'',	'',	'',	'',	'',	'',	'',	'',	'',	'',	NULL,	NULL),
(691,	'last_name',	'',	'',	'',	'',	'',	'',	'',	'',	'',	'',	'',	'',	'',	'',	'',	'',	'',	'',	'',	'',	'',	NULL,	NULL),
(690,	'first_name',	'',	'',	'',	'',	'',	'',	'',	'',	'',	'',	'',	'',	'',	'',	'',	'',	'',	'',	'',	'',	'',	NULL,	NULL),
(689,	'promoted_user',	'',	'',	'',	'',	'',	'',	'',	'',	'',	'',	'',	'',	'',	'',	'',	'',	'',	'',	'',	'',	'',	NULL,	NULL),
(688,	'failed',	'',	'',	'',	'',	'',	'',	'',	'',	'',	'',	'',	'',	'',	'',	'',	'',	'',	'',	'',	'',	'',	NULL,	NULL),
(687,	'promote_to_user',	'',	'',	'',	'',	'',	'',	'',	'',	'',	'',	'',	'',	'',	'',	'',	'',	'',	'',	'',	'',	'',	NULL,	NULL),
(663,	'view_batch',	'',	'',	'',	'',	'',	'',	'',	'',	'',	'',	'',	'',	'',	'',	'',	'',	'',	'',	'',	'',	'',	NULL,	NULL),
(567,	'admin',	'',	'',	'',	'',	'',	'',	'',	'',	'',	'',	'',	'',	'',	'',	'',	'',	'',	'',	'',	'',	'',	'',	NULL),
(686,	'support_teacher',	'',	'',	'',	'',	'',	'',	'',	'',	'',	'',	'',	'',	'',	'',	'',	'',	'',	'',	'',	'',	'',	NULL,	NULL),
(685,	'class_teacher',	'',	'',	'',	'',	'',	'',	'',	'',	'',	'',	'',	'',	'',	'',	'',	'',	'',	'',	'',	'',	'',	NULL,	NULL),
(684,	'role',	'',	'',	'',	'',	'',	'',	'',	'',	'',	'',	'',	'',	'',	'',	'',	'',	'',	'',	'',	'',	'',	NULL,	NULL),
(662,	'crud_settings',	'',	'',	'',	'',	'',	'',	'',	'',	'',	'',	'',	'',	'',	'',	'',	'',	'',	'',	'',	'',	'',	NULL,	NULL),
(683,	'classes',	'',	'',	'',	'',	'',	'',	'',	'',	'',	'',	'',	'',	'',	'',	'',	'',	'',	'',	'',	'',	'',	NULL,	NULL),
(682,	'link_teacher',	'',	'',	'',	'',	'',	'',	'',	'',	'',	'',	'',	'',	'',	'',	'',	'',	'',	'',	'',	'',	'',	NULL,	NULL),
(681,	'link_classes',	'',	'',	'',	'',	'',	'',	'',	'',	'',	'',	'',	'',	'',	'',	'',	'',	'',	'',	'',	'',	'',	NULL,	NULL),
(584,	'settings_saved',	'',	'',	'',	'',	'',	'',	'',	'',	'',	'',	'',	'',	'',	'',	'',	'',	'',	'',	'',	'',	'',	'',	NULL),
(701,	'profile_updated',	'',	'',	'',	'',	'',	'',	'',	'',	'',	'',	'',	'',	'',	'',	'',	'',	'',	'',	'',	'',	'',	NULL,	NULL),
(606,	'level',	'',	'',	'',	'',	'',	'',	'',	'',	'',	'',	'',	'',	'',	'',	'',	'',	'',	'',	'',	'',	'',	'',	NULL),
(607,	'edit_administrator',	'',	'',	'',	'',	'',	'',	'',	'',	'',	'',	'',	'',	'',	'',	'',	'',	'',	'',	'',	'',	'',	'',	NULL),
(608,	'super',	'',	'',	'',	'',	'',	'',	'',	'',	'',	'',	'',	'',	'',	'',	'',	'',	'',	'',	'',	'',	'',	'',	NULL),
(700,	'update_failure',	'',	'',	'',	'',	'',	'',	'',	'',	'',	'',	'',	'',	'',	'',	'',	'',	'',	'',	'',	'',	'',	NULL,	NULL),
(699,	'change_profile',	'',	'',	'',	'',	'',	'',	'',	'',	'',	'',	'',	'',	'',	'',	'',	'',	'',	'',	'',	'',	'',	NULL,	NULL),
(698,	'assign_profile',	'',	'',	'',	'',	'',	'',	'',	'',	'',	'',	'',	'',	'',	'',	'',	'',	'',	'',	'',	'',	'',	NULL,	NULL),
(661,	'CRUD_settings',	'',	'',	'',	'',	'',	'',	'',	'',	'',	'',	'',	'',	'',	'',	'',	'',	'',	'',	'',	'',	'',	NULL,	NULL),
(613,	'no_items_found',	'',	'',	'',	'',	'',	'',	'',	'',	'',	'',	'',	'',	'',	'',	'',	'',	'',	'',	'',	'',	'',	'',	NULL),
(614,	'process_failure',	'',	'',	'',	'',	'',	'',	'',	'',	'',	'',	'',	'',	'',	'',	'',	'',	'',	'',	'',	'',	'',	'',	NULL),
(615,	'student_suspended',	'',	'',	'',	'',	'',	'',	'',	'',	'',	'',	'',	'',	'',	'',	'',	'',	'',	'',	'',	'',	'',	'',	NULL),
(616,	'unsuspend_',	'',	'',	'',	'',	'',	'',	'',	'',	'',	'',	'',	'',	'',	'',	'',	'',	'',	'',	'',	'',	'',	'',	NULL),
(617,	'success',	'',	'',	'',	'',	'',	'',	'',	'',	'',	'',	'',	'',	'',	'',	'',	'',	'',	'',	'',	'',	'',	'',	NULL),
(618,	'targeted_participants',	'',	'',	'',	'',	'',	'',	'',	'',	'',	'',	'',	'',	'',	'',	'',	'',	'',	'',	'',	'',	'',	'',	NULL),
(619,	'back',	'',	'',	'',	'',	'',	'',	'',	'',	'',	'',	'',	'',	'',	'',	'',	'',	'',	'',	'',	'',	'',	'',	NULL),
(620,	'print_attendance',	'',	'',	'',	'',	'',	'',	'',	'',	'',	'',	'',	'',	'',	'',	'',	'',	'',	'',	'',	'',	'',	'',	NULL),
(621,	'activity_register',	'',	'',	'',	'',	'',	'',	'',	'',	'',	'',	'',	'',	'',	'',	'',	'',	'',	'',	'',	'',	'',	'',	NULL),
(622,	'print_activty_attendance',	'',	'',	'',	'',	'',	'',	'',	'',	'',	'',	'',	'',	'',	'',	'',	'',	'',	'',	'',	'',	'',	'',	NULL),
(623,	'edit_exam',	'',	'',	'',	'',	'',	'',	'',	'',	'',	'',	'',	'',	'',	'',	'',	'',	'',	'',	'',	'',	'',	'',	NULL),
(624,	'promote_students',	'',	'',	'',	'',	'',	'',	'',	'',	'',	'',	'',	'',	'',	'',	'',	'',	'',	'',	'',	'',	'',	'',	NULL),
(625,	'promote',	'',	'',	'',	'',	'',	'',	'',	'',	'',	'',	'',	'',	'',	'',	'',	'',	'',	'',	'',	'',	'',	'',	NULL),
(626,	'demote',	'',	'',	'',	'',	'',	'',	'',	'',	'',	'',	'',	'',	'',	'',	'',	'',	'',	'',	'',	'',	'',	'',	NULL),
(627,	'invoices_created_successfully',	'',	'',	'',	'',	'',	'',	'',	'',	'',	'',	'',	'',	'',	'',	'',	'',	'',	'',	'',	'',	'',	'',	NULL),
(628,	'failed:_some_invoices_exists',	'',	'',	'',	'',	'',	'',	'',	'',	'',	'',	'',	'',	'',	'',	'',	'',	'',	'',	'',	'',	'',	'',	NULL),
(629,	'cancel_invoices',	'',	'',	'',	'',	'',	'',	'',	'',	'',	'',	'',	'',	'',	'',	'',	'',	'',	'',	'',	'',	'',	'',	NULL),
(630,	'cancelled_invoices',	'',	'',	'',	'',	'',	'',	'',	'',	'',	'',	'',	'',	'',	'',	'',	'',	'',	'',	'',	'',	'',	'',	NULL),
(631,	'cancel_invoice',	'',	'',	'',	'',	'',	'',	'',	'',	'',	'',	'',	'',	'',	'',	'',	'',	'',	'',	'',	'',	'',	'',	NULL),
(632,	'invoice_cancelled',	'',	'',	'',	'',	'',	'',	'',	'',	'',	'',	'',	'',	'',	'',	'',	'',	'',	'',	'',	'',	'',	'',	NULL),
(633,	'reclaim_invoice',	'',	'',	'',	'',	'',	'',	'',	'',	'',	'',	'',	'',	'',	'',	'',	'',	'',	'',	'',	'',	'',	'',	NULL),
(634,	'invoice_reclaimed',	'',	'',	'',	'',	'',	'',	'',	'',	'',	'',	'',	'',	'',	'',	'',	'',	'',	'',	'',	'',	'',	'',	NULL),
(635,	'invoice_information',	'',	'',	'',	'',	'',	'',	'',	'',	'',	'',	'',	'',	'',	'',	'',	'',	'',	'',	'',	'',	'',	'',	NULL),
(636,	'adjusted_amount',	'',	'',	'',	'',	'',	'',	'',	'',	'',	'',	'',	'',	'',	'',	'',	'',	'',	'',	'',	'',	'',	'',	NULL),
(637,	'invoice_amount',	'',	'',	'',	'',	'',	'',	'',	'',	'',	'',	'',	'',	'',	'',	'',	'',	'',	'',	'',	'',	'',	'',	NULL),
(638,	'amount_lesser_than_paid',	'',	'',	'',	'',	'',	'',	'',	'',	'',	'',	'',	'',	'',	'',	'',	'',	'',	'',	'',	'',	'',	'',	NULL),
(639,	'force_overpay',	'',	'',	'',	'',	'',	'',	'',	'',	'',	'',	'',	'',	'',	'',	'',	'',	'',	'',	'',	'',	'',	'',	NULL),
(640,	'edit_successful',	'',	'',	'',	'',	'',	'',	'',	'',	'',	'',	'',	'',	'',	'',	'',	'',	'',	'',	'',	'',	'',	'',	NULL),
(641,	'overpaid_invoices',	'',	'',	'',	'',	'',	'',	'',	'',	'',	'',	'',	'',	'',	'',	'',	'',	'',	'',	'',	'',	'',	'',	NULL),
(642,	'no_student_found',	'',	'',	'',	'',	'',	'',	'',	'',	'',	'',	'',	'',	'',	'',	'',	'',	'',	'',	'',	'',	'',	'',	NULL),
(643,	'add_new_income',	'',	'',	'',	'',	'',	'',	'',	'',	'',	'',	'',	'',	'',	'',	'',	'',	'',	'',	'',	'',	'',	'',	NULL),
(644,	'add_income',	'',	'',	'',	'',	'',	'',	'',	'',	'',	'',	'',	'',	'',	'',	'',	'',	'',	'',	'',	'',	'',	'',	NULL),
(645,	'view_income_batch',	'',	'',	'',	'',	'',	'',	'',	'',	'',	'',	'',	'',	'',	'',	'',	'',	'',	'',	'',	'',	'',	'',	NULL),
(646,	'overpay_notes',	'',	'',	'',	'',	'',	'',	'',	'',	'',	'',	'',	'',	'',	'',	'',	'',	'',	'',	'',	'',	'',	NULL,	NULL),
(647,	'add_note',	'',	'',	'',	'',	'',	'',	'',	'',	'',	'',	'',	'',	'',	'',	'',	'',	'',	'',	'',	'',	'',	NULL,	NULL),
(648,	'batch_number_not_existing',	'',	'',	'',	'',	'',	'',	'',	'',	'',	'',	'',	'',	'',	'',	'',	'',	'',	'',	'',	'',	'',	NULL,	NULL),
(649,	'checking...',	'',	'',	'',	'',	'',	'',	'',	'',	'',	'',	'',	'',	'',	'',	'',	'',	'',	'',	'',	'',	'',	NULL,	NULL),
(650,	'error_occurred',	'',	'',	'',	'',	'',	'',	'',	'',	'',	'',	'',	'',	'',	'',	'',	'',	'',	'',	'',	'',	'',	NULL,	NULL),
(651,	'details',	'',	'',	'',	'',	'',	'',	'',	'',	'',	'',	'',	'',	'',	'',	'',	'',	'',	'',	'',	'',	'',	NULL,	NULL),
(652,	'failure',	'',	'',	'',	'',	'',	'',	'',	'',	'',	'',	'',	'',	'',	'',	'',	'',	'',	'',	'',	'',	'',	NULL,	NULL),
(653,	'note_created',	'',	'',	'',	'',	'',	'',	'',	'',	'',	'',	'',	'',	'',	'',	'',	'',	'',	'',	'',	'',	'',	NULL,	NULL),
(654,	'paying_more_than_balance',	'',	'',	'',	'',	'',	'',	'',	'',	'',	'',	'',	'',	'',	'',	'',	'',	'',	'',	'',	'',	'',	NULL,	NULL),
(655,	'overpay',	'',	'',	'',	'',	'',	'',	'',	'',	'',	'',	'',	'',	'',	'',	'',	'',	'',	'',	'',	'',	'',	NULL,	NULL),
(656,	'invoice_amount_greater_than_to_pay_amount',	'',	'',	'',	'',	'',	'',	'',	'',	'',	'',	'',	'',	'',	'',	'',	'',	'',	'',	'',	'',	'',	NULL,	NULL),
(657,	'structure_payable',	'',	'',	'',	'',	'',	'',	'',	'',	'',	'',	'',	'',	'',	'',	'',	'',	'',	'',	'',	'',	'',	NULL,	NULL),
(658,	'structure_total_amount',	'',	'',	'',	'',	'',	'',	'',	'',	'',	'',	'',	'',	'',	'',	'',	'',	'',	'',	'',	'',	'',	NULL,	NULL),
(659,	'charge_overpay',	'',	'',	'',	'',	'',	'',	'',	'',	'',	'',	'',	'',	'',	'',	'',	'',	'',	'',	'',	'',	'',	NULL,	NULL),
(660,	'cleared_overpay_notes',	'',	'',	'',	'',	'',	'',	'',	'',	'',	'',	'',	'',	'',	'',	'',	'',	'',	'',	'',	'',	'',	NULL,	NULL),
(702,	'birthdate',	'',	'',	'',	'',	'',	'',	'',	'',	'',	'',	'',	'',	'',	'',	'',	'',	'',	'',	'',	'',	'',	NULL,	NULL),
(703,	'add_new_admin',	'',	'',	'',	'',	'',	'',	'',	'',	'',	'',	'',	'',	'',	'',	'',	'',	'',	'',	'',	'',	'',	NULL,	NULL),
(704,	'manage_administrators',	'',	'',	'',	'',	'',	'',	'',	'',	'',	'',	'',	'',	'',	'',	'',	'',	'',	'',	'',	'',	'',	NULL,	NULL),
(705,	'Manage Administrators',	'',	'',	'',	'',	'',	'',	'',	'',	'',	'',	'',	'',	'',	'',	'',	'',	'',	'',	'',	'',	'',	NULL,	NULL),
(706,	'add_add',	'',	'',	'',	'',	'',	'',	'',	'',	'',	'',	'',	'',	'',	'',	'',	'',	'',	'',	'',	'',	'',	NULL,	NULL),
(707,	'add_admin',	'',	'',	'',	'',	'',	'',	'',	'',	'',	'',	'',	'',	'',	'',	'',	'',	'',	'',	'',	'',	'',	NULL,	NULL),
(708,	'Manage Administrator',	'',	'',	'',	'',	'',	'',	'',	'',	'',	'',	'',	'',	'',	'',	'',	'',	'',	'',	'',	'',	'',	NULL,	NULL),
(709,	'UPI_number',	'',	'',	'',	'',	'',	'',	'',	'',	'',	'',	'',	'',	'',	'',	'',	'',	'',	'',	'',	'',	'',	NULL,	NULL),
(710,	'transition',	'',	'',	'',	'',	'',	'',	'',	'',	'',	'',	'',	'',	'',	'',	'',	'',	'',	'',	'',	'',	'',	NULL,	NULL),
(711,	'transition_type',	'',	'',	'',	'',	'',	'',	'',	'',	'',	'',	'',	'',	'',	'',	'',	'',	'',	'',	'',	'',	'',	NULL,	NULL),
(712,	'select_transition',	'',	'',	'',	'',	'',	'',	'',	'',	'',	'',	'',	'',	'',	'',	'',	'',	'',	'',	'',	'',	'',	NULL,	NULL),
(713,	'transition_date',	'',	'',	'',	'',	'',	'',	'',	'',	'',	'',	'',	'',	'',	'',	'',	'',	'',	'',	'',	'',	'',	NULL,	NULL),
(714,	'reason',	'',	'',	'',	'',	'',	'',	'',	'',	'',	'',	'',	'',	'',	'',	'',	'',	'',	'',	'',	'',	'',	NULL,	NULL),
(715,	'create_a_transition',	'',	'',	'',	'',	'',	'',	'',	'',	'',	'',	'',	'',	'',	'',	'',	'',	'',	'',	'',	'',	'',	NULL,	NULL),
(716,	'action_failed',	'',	'',	'',	'',	'',	'',	'',	'',	'',	'',	'',	'',	'',	'',	'',	'',	'',	'',	'',	'',	'',	NULL,	NULL),
(717,	'action_successful',	'',	'',	'',	'',	'',	'',	'',	'',	'',	'',	'',	'',	'',	'',	'',	'',	'',	'',	'',	'',	'',	NULL,	NULL),
(718,	'transitioned_students',	'',	'',	'',	'',	'',	'',	'',	'',	'',	'',	'',	'',	'',	'',	'',	'',	'',	'',	'',	'',	'',	NULL,	NULL),
(719,	'reinstate',	'',	'',	'',	'',	'',	'',	'',	'',	'',	'',	'',	'',	'',	'',	'',	'',	'',	'',	'',	'',	'',	NULL,	NULL),
(720,	'student_reinstated',	'',	'',	'',	'',	'',	'',	'',	'',	'',	'',	'',	'',	'',	'',	'',	'',	'',	'',	'',	'',	'',	NULL,	NULL),
(721,	'add_items',	'',	'',	'',	'',	'',	'',	'',	'',	'',	'',	'',	'',	'',	'',	'',	'',	'',	'',	'',	'',	'',	NULL,	NULL),
(722,	'add_multiple_items',	'',	'',	'',	'',	'',	'',	'',	'',	'',	'',	'',	'',	'',	'',	'',	'',	'',	'',	'',	'',	'',	NULL,	NULL),
(723,	'select_category',	'',	'',	'',	'',	'',	'',	'',	'',	'',	'',	'',	'',	'',	'',	'',	'',	'',	'',	'',	'',	'',	NULL,	NULL),
(724,	'Remove Row',	'',	'',	'',	'',	'',	'',	'',	'',	'',	'',	'',	'',	'',	'',	'',	'',	'',	'',	'',	'',	'',	NULL,	NULL),
(725,	'data_created',	'',	'',	'',	'',	'',	'',	'',	'',	'',	'',	'',	'',	'',	'',	'',	'',	'',	'',	'',	'',	'',	NULL,	NULL),
(726,	'message_sent',	'',	'',	'',	'',	'',	'',	'',	'',	'',	'',	'',	'',	'',	'',	'',	'',	'',	'',	'',	'',	'',	NULL,	NULL),
(727,	'session(s)_attended_this_week',	'',	'',	'',	'',	'',	'',	'',	'',	'',	'',	'',	'',	'',	'',	'',	'',	'',	'',	'',	'',	'',	NULL,	NULL),
(728,	'teachers',	'',	'',	'',	'',	'',	'',	'',	'',	'',	'',	'',	'',	'',	'',	'',	'',	'',	'',	'',	'',	'',	NULL,	NULL),
(729,	'student_collection_tally',	'',	'',	'',	'',	'',	'',	'',	'',	'',	'',	'',	'',	'',	'',	'',	'',	'',	'',	'',	'',	'',	NULL,	NULL),
(730,	'forward',	'',	'',	'',	'',	'',	'',	'',	'',	'',	'',	'',	'',	'',	'',	'',	'',	'',	'',	'',	'',	'',	NULL,	NULL),
(731,	'start_month',	'',	'',	'',	'',	'',	'',	'',	'',	'',	'',	'',	'',	'',	'',	'',	'',	'',	'',	'',	'',	'',	NULL,	NULL),
(732,	'end_month',	'',	'',	'',	'',	'',	'',	'',	'',	'',	'',	'',	'',	'',	'',	'',	'',	'',	'',	'',	'',	'',	NULL,	NULL),
(733,	'edit_term',	'',	'',	'',	'',	'',	'',	'',	'',	'',	'',	'',	'',	'',	'',	'',	'',	'',	'',	'',	'',	'',	NULL,	NULL),
(734,	'term_editted',	'',	'',	'',	'',	'',	'',	'',	'',	'',	'',	'',	'',	'',	'',	'',	'',	'',	'',	'',	'',	'',	NULL,	NULL),
(735,	'system_start_date',	'',	'',	'',	'',	'',	'',	'',	'',	'',	'',	'',	'',	'',	'',	'',	'',	'',	'',	'',	'',	'',	NULL,	NULL),
(736,	'sidebar_collapsed',	'',	'',	'',	'',	'',	'',	'',	'',	'',	'',	'',	'',	'',	'',	'',	'',	'',	'',	'',	'',	'',	NULL,	NULL),
(737,	'vote_balance_report',	'',	'',	'',	'',	'',	'',	'',	'',	'',	'',	'',	'',	'',	'',	'',	'',	'',	'',	'',	'',	'',	NULL,	NULL),
(738,	'month_balaance',	'',	'',	'',	'',	'',	'',	'',	'',	'',	'',	'',	'',	'',	'',	'',	'',	'',	'',	'',	'',	'',	NULL,	NULL),
(739,	'fund_balance',	'',	'',	'',	'',	'',	'',	'',	'',	'',	'',	'',	'',	'',	'',	'',	'',	'',	'',	'',	'',	'',	NULL,	NULL),
(740,	'variance',	'',	'',	'',	'',	'',	'',	'',	'',	'',	'',	'',	'',	'',	'',	'',	'',	'',	'',	'',	'',	'',	NULL,	NULL),
(741,	'variance_report',	'',	'',	'',	'',	'',	'',	'',	'',	'',	'',	'',	'',	'',	'',	'',	'',	'',	'',	'',	'',	'',	NULL,	NULL),
(742,	'income_projection',	'',	'',	'',	'',	'',	'',	'',	'',	'',	'',	'',	'',	'',	'',	'',	'',	'',	'',	'',	'',	'',	NULL,	NULL),
(743,	'income_projection_report',	'',	'',	'',	'',	'',	'',	'',	'',	'',	'',	'',	'',	'',	'',	'',	'',	'',	'',	'',	'',	'',	NULL,	NULL),
(744,	'income_variance',	'',	'',	'',	'',	'',	'',	'',	'',	'',	'',	'',	'',	'',	'',	'',	'',	'',	'',	'',	'',	'',	NULL,	NULL),
(745,	'expense_variance',	'',	'',	'',	'',	'',	'',	'',	'',	'',	'',	'',	'',	'',	'',	'',	'',	'',	'',	'',	'',	'',	NULL,	NULL),
(746,	'invoices',	'',	'',	'',	'',	'',	'',	'',	'',	'',	'',	'',	'',	'',	'',	'',	'',	'',	'',	'',	'',	'',	NULL,	NULL),
(747,	'all_incomes',	'',	'',	'',	'',	'',	'',	'',	'',	'',	'',	'',	'',	'',	'',	'',	'',	'',	'',	'',	'',	'',	NULL,	NULL),
(748,	'school_incomes',	'',	'',	'',	'',	'',	'',	'',	'',	'',	'',	'',	'',	'',	'',	'',	'',	'',	'',	'',	'',	'',	NULL,	NULL),
(749,	'reset_password',	'',	'',	'',	'',	'',	'',	'',	'',	'',	'',	'',	'',	'',	'',	'',	'',	'',	'',	'',	'',	'',	NULL,	NULL),
(750,	'return_to_login_page',	'',	'',	'',	'',	'',	'',	'',	'',	'',	'',	'',	'',	'',	'',	'',	'',	'',	'',	'',	'',	'',	NULL,	NULL),
(751,	'create_a_transaction',	'',	'',	'',	'',	'',	'',	'',	'',	'',	'',	'',	'',	'',	'',	'',	'',	'',	'',	'',	'',	'',	NULL,	NULL),
(752,	'create_transaction',	'',	'',	'',	'',	'',	'',	'',	'',	'',	'',	'',	'',	'',	'',	'',	'',	'',	'',	'',	'',	'',	NULL,	NULL),
(753,	'serial_number',	'',	'',	'',	'',	'',	'',	'',	'',	'',	'',	'',	'',	'',	'',	'',	'',	'',	'',	'',	'',	'',	NULL,	NULL),
(754,	'start_cash_balance',	'',	'',	'',	'',	'',	'',	'',	'',	'',	'',	'',	'',	'',	'',	'',	'',	'',	'',	'',	'',	'',	NULL,	NULL),
(755,	'edit_admin',	'',	'',	'',	'',	'',	'',	'',	'',	'',	'',	'',	'',	'',	'',	'',	'',	'',	'',	'',	'',	'',	NULL,	NULL),
(756,	'income_list',	'',	'',	'',	'',	'',	'',	'',	'',	'',	'',	'',	'',	'',	'',	'',	'',	'',	'',	'',	'',	'',	NULL,	NULL),
(757,	'expense_list',	'',	'',	'',	'',	'',	'',	'',	'',	'',	'',	'',	'',	'',	'',	'',	'',	'',	'',	'',	'',	'',	NULL,	NULL),
(758,	'transition_status',	'',	'',	'',	'',	'',	'',	'',	'',	'',	'',	'',	'',	'',	'',	'',	'',	'',	'',	'',	'',	'',	NULL,	NULL),
(759,	'funds_transfers',	'',	'',	'',	'',	'',	'',	'',	'',	'',	'',	'',	'',	'',	'',	'',	'',	'',	'',	'',	'',	'',	NULL,	NULL),
(760,	'fees_carry_forward_category',	'',	'',	'',	'',	'',	'',	'',	'',	'',	'',	'',	'',	'',	'',	'',	'',	'',	'',	'',	'',	'',	NULL,	NULL),
(761,	'student_fees_receipt',	'',	'',	'',	'',	'',	'',	'',	'',	'',	'',	'',	'',	'',	'',	'',	'',	'',	'',	'',	'',	'',	NULL,	NULL),
(762,	'other_income_receipt',	'',	'',	'',	'',	'',	'',	'',	'',	'',	'',	'',	'',	'',	'',	'',	'',	'',	'',	'',	'',	'',	NULL,	NULL),
(763,	'funds_transfer',	'',	'',	'',	'',	'',	'',	'',	'',	'',	'',	'',	'',	'',	'',	'',	'',	'',	'',	'',	'',	'',	NULL,	NULL),
(764,	'contra_entry',	'',	'',	'',	'',	'',	'',	'',	'',	'',	'',	'',	'',	'',	'',	'',	'',	'',	'',	'',	'',	'',	NULL,	NULL),
(765,	'search_text_here',	'',	'',	'',	'',	'',	'',	'',	'',	'',	'',	'',	'',	'',	'',	'',	'',	'',	'',	'',	'',	'',	NULL,	NULL),
(766,	'search_results',	'',	'',	'',	'',	'',	'',	'',	'',	'',	'',	'',	'',	'',	'',	'',	'',	'',	'',	'',	'',	'',	NULL,	NULL),
(767,	'religion',	'',	'',	'',	'',	'',	'',	'',	'',	'',	'',	'',	'',	'',	'',	'',	'',	'',	'',	'',	'',	'',	NULL,	NULL),
(768,	'blood_group',	'',	'',	'',	'',	'',	'',	'',	'',	'',	'',	'',	'',	'',	'',	'',	'',	'',	'',	'',	'',	'',	NULL,	NULL),
(769,	'father_name',	'',	'',	'',	'',	'',	'',	'',	'',	'',	'',	'',	'',	'',	'',	'',	'',	'',	'',	'',	'',	'',	NULL,	NULL),
(770,	'mother_name',	'',	'',	'',	'',	'',	'',	'',	'',	'',	'',	'',	'',	'',	'',	'',	'',	'',	'',	'',	'',	'',	NULL,	NULL),
(771,	'dormitory_room_number',	'',	'',	'',	'',	'',	'',	'',	'',	'',	'',	'',	'',	'',	'',	'',	'',	'',	'',	'',	'',	'',	NULL,	NULL),
(772,	'deleted_failed',	'',	'',	'',	'',	'',	'',	'',	'',	'',	'',	'',	'',	'',	'',	'',	'',	'',	'',	'',	'',	'',	NULL,	NULL),
(773,	'delete_failed',	'',	'',	'',	'',	'',	'',	'',	'',	'',	'',	'',	'',	'',	'',	'',	'',	'',	'',	'',	'',	'',	NULL,	NULL),
(774,	'invoice_count',	'',	'',	'',	'',	'',	'',	'',	'',	'',	'',	'',	'',	'',	'',	'',	'',	'',	'',	'',	'',	'',	NULL,	NULL),
(775,	'add_schemes_of_work',	'',	'',	'',	'',	'',	'',	'',	'',	'',	'',	'',	'',	'',	'',	'',	'',	'',	'',	'',	'',	'',	NULL,	NULL),
(776,	'schemes_of_work',	'',	'',	'',	'',	'',	'',	'',	'',	'',	'',	'',	'',	'',	'',	'',	'',	'',	'',	'',	'',	'',	NULL,	NULL),
(777,	'delete_mark',	'',	'',	'',	'',	'',	'',	'',	'',	'',	'',	'',	'',	'',	'',	'',	'',	'',	'',	'',	'',	'',	NULL,	NULL),
(778,	'finished',	'',	'',	'',	'',	'',	'',	'',	'',	'',	'',	'',	'',	'',	'',	'',	'',	'',	'',	'',	'',	'',	NULL,	NULL),
(779,	'transfer_date',	'',	'',	'',	'',	'',	'',	'',	'',	'',	'',	'',	'',	'',	'',	'',	'',	'',	'',	'',	'',	'',	NULL,	NULL),
(780,	'transfer_to',	'',	'',	'',	'',	'',	'',	'',	'',	'',	'',	'',	'',	'',	'',	'',	'',	'',	'',	'',	'',	'',	NULL,	NULL),
(781,	'accounts',	'',	'',	'',	'',	'',	'',	'',	'',	'',	'',	'',	'',	'',	'',	'',	'',	'',	'',	'',	'',	'',	NULL,	NULL),
(782,	'admit_bulk_students',	'',	'',	'',	'',	'',	'',	'',	'',	'',	'',	'',	'',	'',	'',	'',	'',	'',	'',	'',	'',	'',	NULL,	NULL),
(783,	'manage_own_account',	'',	'',	'',	'',	'',	'',	'',	'',	'',	'',	'',	'',	'',	'',	'',	'',	'',	'',	'',	'',	'',	NULL,	NULL),
(784,	'class_attendance',	'',	'',	'',	'',	'',	'',	'',	'',	'',	'',	'',	'',	'',	'',	'',	'',	'',	'',	'',	'',	'',	NULL,	NULL),
(785,	'examination',	'',	'',	'',	'',	'',	'',	'',	'',	'',	'',	'',	'',	'',	'',	'',	'',	'',	'',	'',	'',	'',	NULL,	NULL),
(786,	'examination_list',	'',	'',	'',	'',	'',	'',	'',	'',	'',	'',	'',	'',	'',	'',	'',	'',	'',	'',	'',	'',	'',	NULL,	NULL),
(787,	'examination_grades',	'',	'',	'',	'',	'',	'',	'',	'',	'',	'',	'',	'',	'',	'',	'',	'',	'',	'',	'',	'',	'',	NULL,	NULL),
(788,	'marks',	'',	'',	'',	'',	'',	'',	'',	'',	'',	'',	'',	'',	'',	'',	'',	'',	'',	'',	'',	'',	'',	NULL,	NULL),
(789,	'finance',	'',	'',	'',	'',	'',	'',	'',	'',	'',	'',	'',	'',	'',	'',	'',	'',	'',	'',	'',	'',	'',	NULL,	NULL),
(790,	'fee_structure',	'',	'',	'',	'',	'',	'',	'',	'',	'',	'',	'',	'',	'',	'',	'',	'',	'',	'',	'',	'',	'',	NULL,	NULL),
(791,	'financial_reports',	'',	'',	'',	'',	'',	'',	'',	'',	'',	'',	'',	'',	'',	'',	'',	'',	'',	'',	'',	'',	'',	NULL,	NULL),
(792,	'inventory',	'',	'',	'',	'',	'',	'',	'',	'',	'',	'',	'',	'',	'',	'',	'',	'',	'',	'',	'',	'',	'',	NULL,	NULL),
(793,	'messaging',	'',	'',	'',	'',	'',	'',	'',	'',	'',	'',	'',	'',	'',	'',	'',	'',	'',	'',	'',	'',	'',	NULL,	NULL),
(794,	'log_out',	'',	'',	'',	'',	'',	'',	'',	'',	'',	'',	'',	'',	'',	'',	'',	'',	'',	'',	'',	'',	'',	NULL,	NULL),
(795,	'select_term',	'',	'',	'',	'',	'',	'',	'',	'',	'',	'',	'',	'',	'',	'',	'',	'',	'',	'',	'',	'',	'',	NULL,	NULL),
(796,	'actual_paid',	'',	'',	'',	'',	'',	'',	'',	'',	'',	'',	'',	'',	'',	'',	'',	'',	'',	'',	'',	'',	'',	NULL,	NULL),
(797,	'actual_amount',	'',	'',	'',	'',	'',	'',	'',	'',	'',	'',	'',	'',	'',	'',	'',	'',	'',	'',	'',	'',	'',	NULL,	NULL),
(798,	'data_not_deleted',	'',	'',	'',	'',	'',	'',	'',	'',	'',	'',	'',	'',	'',	'',	'',	'',	'',	'',	'',	'',	'',	NULL,	NULL),
(799,	'students_information',	'',	'',	'',	'',	'',	'',	'',	'',	'',	'',	'',	'',	'',	'',	'',	'',	'',	'',	'',	'',	'',	NULL,	NULL),
(800,	'overpayment',	'',	'',	'',	'',	'',	'',	'',	'',	'',	'',	'',	'',	'',	'',	'',	'',	'',	'',	'',	'',	'',	NULL,	NULL),
(801,	'school_fees_payment_for_',	'',	'',	'',	'',	'',	'',	'',	'',	'',	'',	'',	'',	'',	'',	'',	'',	'',	'',	'',	'',	'',	NULL,	NULL),
(802,	'print_transaction',	'',	'',	'',	'',	'',	'',	'',	'',	'',	'',	'',	'',	'',	'',	'',	'',	'',	'',	'',	'',	'',	NULL,	NULL),
(803,	'reverse_transaction',	'',	'',	'',	'',	'',	'',	'',	'',	'',	'',	'',	'',	'',	'',	'',	'',	'',	'',	'',	'',	'',	NULL,	NULL),
(804,	'payment_from',	'',	'',	'',	'',	'',	'',	'',	'',	'',	'',	'',	'',	'',	'',	'',	'',	'',	'',	'',	'',	'',	NULL,	NULL),
(805,	'invoice_number',	'',	'',	'',	'',	'',	'',	'',	'',	'',	'',	'',	'',	'',	'',	'',	'',	'',	'',	'',	'',	'',	NULL,	NULL),
(806,	'invoice_term',	'',	'',	'',	'',	'',	'',	'',	'',	'',	'',	'',	'',	'',	'',	'',	'',	'',	'',	'',	'',	'',	NULL,	NULL),
(807,	'invoice_year',	'',	'',	'',	'',	'',	'',	'',	'',	'',	'',	'',	'',	'',	'',	'',	'',	'',	'',	'',	'',	'',	NULL,	NULL),
(808,	'transaction_method',	'',	'',	'',	'',	'',	'',	'',	'',	'',	'',	'',	'',	'',	'',	'',	'',	'',	'',	'',	'',	'',	NULL,	NULL),
(809,	'transaction_breakdown',	'',	'',	'',	'',	'',	'',	'',	'',	'',	'',	'',	'',	'',	'',	'',	'',	'',	'',	'',	'',	'',	NULL,	NULL),
(810,	'total_cost',	'',	'',	'',	'',	'',	'',	'',	'',	'',	'',	'',	'',	'',	'',	'',	'',	'',	'',	'',	'',	'',	NULL,	NULL),
(811,	'request_reversal_approval',	'',	'',	'',	'',	'',	'',	'',	'',	'',	'',	'',	'',	'',	'',	'',	'',	'',	'',	'',	'',	'',	NULL,	NULL),
(812,	'pending_reversal_request',	'',	'',	'',	'',	'',	'',	'',	'',	'',	'',	'',	'',	'',	'',	'',	'',	'',	'',	'',	'',	'',	NULL,	NULL),
(813,	'approval_request_submitted',	'',	'',	'',	'',	'',	'',	'',	'',	'',	'',	'',	'',	'',	'',	'',	'',	'',	'',	'',	'',	'',	NULL,	NULL),
(814,	'reversal_request_approved',	'',	'',	'',	'',	'',	'',	'',	'',	'',	'',	'',	'',	'',	'',	'',	'',	'',	'',	'',	'',	'',	NULL,	NULL),
(815,	'pending_aproval',	'',	'',	'',	'',	'',	'',	'',	'',	'',	'',	'',	'',	'',	'',	'',	'',	'',	'',	'',	'',	'',	NULL,	NULL),
(816,	'pending_reversal_approval',	'',	'',	'',	'',	'',	'',	'',	'',	'',	'',	'',	'',	'',	'',	'',	'',	'',	'',	'',	'',	'',	NULL,	NULL),
(817,	'lipa_karo_mpesa',	'',	'',	'',	'',	'',	'',	'',	'',	'',	'',	'',	'',	'',	'',	'',	'',	'',	'',	'',	'',	'',	NULL,	NULL),
(818,	'mpesa_paybill',	'',	'',	'',	'',	'',	'',	'',	'',	'',	'',	'',	'',	'',	'',	'',	'',	'',	'',	'',	'',	'',	NULL,	NULL),
(819,	'reference_number',	'',	'',	'',	'',	'',	'',	'',	'',	'',	'',	'',	'',	'',	'',	'',	'',	'',	'',	'',	'',	'',	NULL,	NULL),
(820,	'data_not_updated',	'',	'',	'',	'',	'',	'',	'',	'',	'',	'',	'',	'',	'',	'',	'',	'',	'',	'',	'',	'',	'',	NULL,	NULL),
(821,	'reversal_of_batch_number',	'',	'',	'',	'',	'',	'',	'',	'',	'',	'',	'',	'',	'',	'',	'',	'',	'',	'',	'',	'',	'',	NULL,	NULL),
(822,	'reversing_batch_number',	'',	'',	'',	'',	'',	'',	'',	'',	'',	'',	'',	'',	'',	'',	'',	'',	'',	'',	'',	'',	'',	NULL,	NULL),
(823,	'from',	'',	'',	'',	'',	'',	'',	'',	'',	'',	'',	'',	'',	'',	'',	'',	'',	'',	'',	'',	'',	'',	NULL,	NULL),
(824,	'to',	'',	'',	'',	'',	'',	'',	'',	'',	'',	'',	'',	'',	'',	'',	'',	'',	'',	'',	'',	'',	'',	NULL,	NULL),
(825,	'excess_payment',	'',	'',	'',	'',	'',	'',	'',	'',	'',	'',	'',	'',	'',	'',	'',	'',	'',	'',	'',	'',	'',	NULL,	NULL),
(826,	'term_starting_from',	'',	'',	'',	'',	'',	'',	'',	'',	'',	'',	'',	'',	'',	'',	'',	'',	'',	'',	'',	'',	'',	NULL,	NULL),
(827,	'morning',	'',	'',	'',	'',	'',	'',	'',	'',	'',	'',	'',	'',	'',	'',	'',	'',	'',	'',	'',	'',	'',	NULL,	NULL),
(828,	'afternoon',	'',	'',	'',	'',	'',	'',	'',	'',	'',	'',	'',	'',	'',	'',	'',	'',	'',	'',	'',	'',	'',	NULL,	NULL),
(829,	'tabulate_attendance',	'',	'',	'',	'',	'',	'',	'',	'',	'',	'',	'',	'',	'',	'',	'',	'',	'',	'',	'',	'',	'',	NULL,	NULL),
(830,	'not_defined',	'',	'',	'',	'',	'',	'',	'',	'',	'',	'',	'',	'',	'',	'',	'',	'',	'',	'',	'',	'',	'',	NULL,	NULL),
(831,	'not_marked',	'',	'',	'',	'',	'',	'',	'',	'',	'',	'',	'',	'',	'',	'',	'',	'',	'',	'',	'',	'',	'',	NULL,	NULL),
(832,	'total_morning',	'',	'',	'',	'',	'',	'',	'',	'',	'',	'',	'',	'',	'',	'',	'',	'',	'',	'',	'',	'',	'',	NULL,	NULL),
(833,	'total_afternoon',	'',	'',	'',	'',	'',	'',	'',	'',	'',	'',	'',	'',	'',	'',	'',	'',	'',	'',	'',	'',	'',	NULL,	NULL),
(834,	'total_morning_present',	'',	'',	'',	'',	'',	'',	'',	'',	'',	'',	'',	'',	'',	'',	'',	'',	'',	'',	'',	'',	'',	NULL,	NULL),
(835,	'total_afternoon_present',	'',	'',	'',	'',	'',	'',	'',	'',	'',	'',	'',	'',	'',	'',	'',	'',	'',	'',	'',	'',	'',	NULL,	NULL),
(836,	'M',	'',	'',	'',	'',	'',	'',	'',	'',	'',	'',	'',	'',	'',	'',	'',	'',	'',	'',	'',	'',	'',	NULL,	NULL),
(837,	'A',	'',	'',	'',	'',	'',	'',	'',	'',	'',	'',	'',	'',	'',	'',	'',	'',	'',	'',	'',	'',	'',	NULL,	NULL),
(838,	'morning_present',	'',	'',	'',	'',	'',	'',	'',	'',	'',	'',	'',	'',	'',	'',	'',	'',	'',	'',	'',	'',	'',	NULL,	NULL),
(839,	'afternoon_present',	'',	'',	'',	'',	'',	'',	'',	'',	'',	'',	'',	'',	'',	'',	'',	'',	'',	'',	'',	'',	'',	NULL,	NULL),
(840,	'monthly_attendance_sheet',	'',	'',	'',	'',	'',	'',	'',	'',	'',	'',	'',	'',	'',	'',	'',	'',	'',	'',	'',	'',	'',	NULL,	NULL),
(841,	'month',	'',	'',	'',	'',	'',	'',	'',	'',	'',	'',	'',	'',	'',	'',	'',	'',	'',	'',	'',	'',	'',	NULL,	NULL),
(842,	'expense_variance_note',	'',	'',	'',	'',	'',	'',	'',	'',	'',	'',	'',	'',	'',	'',	'',	'',	'',	'',	'',	'',	'',	NULL,	NULL),
(843,	'psot_note',	'',	'',	'',	'',	'',	'',	'',	'',	'',	'',	'',	'',	'',	'',	'',	'',	'',	'',	'',	'',	'',	NULL,	NULL),
(844,	'post_note',	'',	'',	'',	'',	'',	'',	'',	'',	'',	'',	'',	'',	'',	'',	'',	'',	'',	'',	'',	'',	'',	NULL,	NULL),
(845,	'africastalking_username',	'',	'',	'',	'',	'',	'',	'',	'',	'',	'',	'',	'',	'',	'',	'',	'',	'',	'',	'',	'',	'',	NULL,	NULL),
(846,	'africastalking_api_id',	'',	'',	'',	'',	'',	'',	'',	'',	'',	'',	'',	'',	'',	'',	'',	'',	'',	'',	'',	'',	'',	NULL,	NULL),
(847,	'link_to_student',	'',	'',	'',	'',	'',	'',	'',	'',	'',	'',	'',	'',	'',	'',	'',	'',	'',	'',	'',	'',	'',	NULL,	NULL),
(848,	'payment_tally_sheet',	'',	'',	'',	'',	'',	'',	'',	'',	'',	'',	'',	'',	'',	'',	'',	'',	'',	'',	'',	'',	'',	NULL,	NULL),
(849,	'SMS_balances',	'',	'',	'',	'',	'',	'',	'',	'',	'',	'',	'',	'',	'',	'',	'',	'',	'',	'',	'',	'',	'',	NULL,	NULL),
(850,	'missing_invoices',	'',	'',	'',	'',	'',	'',	'',	'',	'',	'',	'',	'',	'',	'',	'',	'',	'',	'',	'',	'',	'',	NULL,	NULL),
(851,	'list_schemes_of_work',	'',	'',	'',	'',	'',	'',	'',	'',	'',	'',	'',	'',	'',	'',	'',	'',	'',	'',	'',	'',	'',	NULL,	NULL),
(852,	'process_failed',	'',	'',	'',	'',	'',	'',	'',	'',	'',	'',	'',	'',	'',	'',	'',	'',	'',	'',	'',	'',	'',	NULL,	NULL),
(853,	'take_payment_for',	'',	'',	'',	'',	'',	'',	'',	'',	'',	'',	'',	'',	'',	'',	'',	'',	'',	'',	'',	'',	'',	NULL,	NULL),
(854,	'changelog',	'',	'',	'',	'',	'',	'',	'',	'',	'',	'',	'',	'',	'',	'',	'',	'',	'',	'',	'',	'',	'',	NULL,	NULL),
(855,	'documentation',	'',	'',	'',	'',	'',	'',	'',	'',	'',	'',	'',	'',	'',	'',	'',	'',	'',	'',	'',	'',	'',	NULL,	NULL),
(856,	'user_guide',	'',	'',	'',	'',	'',	'',	'',	'',	'',	'',	'',	'',	'',	'',	'',	'',	'',	'',	'',	'',	'',	NULL,	NULL),
(857,	'system_generated',	'',	'',	'',	'',	'',	'',	'',	'',	'',	'',	'',	'',	'',	'',	'',	'',	'',	'',	'',	'',	'',	NULL,	NULL),
(858,	'home',	'',	'',	'',	'',	'',	'',	'',	'',	'',	'',	'',	'',	'',	'',	'',	'',	'',	'',	'',	'',	'',	NULL,	NULL),
(859,	'homepage',	'',	'',	'',	'',	'',	'',	'',	'',	'',	'',	'',	'',	'',	'',	'',	'',	'',	'',	'',	'',	'',	NULL,	NULL),
(860,	'invoice_cannot_be_reclaimed',	'',	'',	'',	'',	'',	'',	'',	'',	'',	'',	'',	'',	'',	'',	'',	'',	'',	'',	'',	'',	'',	NULL,	NULL),
(861,	'account_status',	'',	'',	'',	'',	'',	'',	'',	'',	'',	'',	'',	'',	'',	'',	'',	'',	'',	'',	'',	'',	'',	NULL,	NULL),
(862,	'deactive',	'',	'',	'',	'',	'',	'',	'',	'',	'',	'',	'',	'',	'',	'',	'',	'',	'',	'',	'',	'',	'',	NULL,	NULL),
(863,	'suspended',	'',	'',	'',	'',	'',	'',	'',	'',	'',	'',	'',	'',	'',	'',	'',	'',	'',	'',	'',	'',	'',	NULL,	NULL),
(864,	'activate',	'',	'',	'',	'',	'',	'',	'',	'',	'',	'',	'',	'',	'',	'',	'',	'',	'',	'',	'',	'',	'',	NULL,	NULL),
(865,	'caregiver',	'',	'',	'',	'',	'',	'',	'',	'',	'',	'',	'',	'',	'',	'',	'',	'',	'',	'',	'',	'',	'',	NULL,	NULL),
(866,	'not_set',	'',	'',	'',	'',	'',	'',	'',	'',	'',	'',	'',	'',	'',	'',	'',	'',	'',	'',	'',	'',	'',	NULL,	NULL),
(867,	'inactive',	'',	'',	'',	'',	'',	'',	'',	'',	'',	'',	'',	'',	'',	'',	'',	'',	'',	'',	'',	'',	'',	NULL,	NULL),
(868,	'pending_approvals',	'',	'',	'',	'',	'',	'',	'',	'',	'',	'',	'',	'',	'',	'',	'',	'',	'',	'',	'',	'',	'',	NULL,	NULL),
(869,	'list_approvals',	'',	'',	'',	'',	'',	'',	'',	'',	'',	'',	'',	'',	'',	'',	'',	'',	'',	'',	'',	'',	'',	NULL,	NULL),
(870,	'List Approvals',	'',	'',	'',	'',	'',	'',	'',	'',	'',	'',	'',	'',	'',	'',	'',	'',	'',	'',	'',	'',	'',	NULL,	NULL),
(871,	'approval_record_type',	'',	'',	'',	'',	'',	'',	'',	'',	'',	'',	'',	'',	'',	'',	'',	'',	'',	'',	'',	'',	'',	NULL,	NULL),
(872,	'request_type',	'',	'',	'',	'',	'',	'',	'',	'',	'',	'',	'',	'',	'',	'',	'',	'',	'',	'',	'',	'',	'',	NULL,	NULL),
(873,	'list_approvals_requests',	'',	'',	'',	'',	'',	'',	'',	'',	'',	'',	'',	'',	'',	'',	'',	'',	'',	'',	'',	'',	'',	NULL,	NULL),
(874,	'List Approvals Requests',	'',	'',	'',	'',	'',	'',	'',	'',	'',	'',	'',	'',	'',	'',	'',	'',	'',	'',	'',	'',	'',	NULL,	NULL),
(875,	'list_approval_requests',	'',	'',	'',	'',	'',	'',	'',	'',	'',	'',	'',	'',	'',	'',	'',	'',	'',	'',	'',	'',	'',	NULL,	NULL),
(876,	'List Approval Requests',	'',	'',	'',	'',	'',	'',	'',	'',	'',	'',	'',	'',	'',	'',	'',	'',	'',	'',	'',	'',	'',	NULL,	NULL),
(877,	'created_date',	'',	'',	'',	'',	'',	'',	'',	'',	'',	'',	'',	'',	'',	'',	'',	'',	'',	'',	'',	'',	'',	NULL,	NULL),
(878,	'last_modified_date',	'',	'',	'',	'',	'',	'',	'',	'',	'',	'',	'',	'',	'',	'',	'',	'',	'',	'',	'',	'',	'',	NULL,	NULL),
(879,	'approve',	'',	'',	'',	'',	'',	'',	'',	'',	'',	'',	'',	'',	'',	'',	'',	'',	'',	'',	'',	'',	'',	NULL,	NULL),
(880,	'decline',	'',	'',	'',	'',	'',	'',	'',	'',	'',	'',	'',	'',	'',	'',	'',	'',	'',	'',	'',	'',	'',	NULL,	NULL),
(881,	'select...',	'',	'',	'',	'',	'',	'',	'',	'',	'',	'',	'',	'',	'',	'',	'',	'',	'',	'',	'',	'',	'',	NULL,	NULL),
(882,	'select_status',	'',	'',	'',	'',	'',	'',	'',	'',	'',	'',	'',	'',	'',	'',	'',	'',	'',	'',	'',	'',	'',	NULL,	NULL),
(883,	'request_status',	'',	'',	'',	'',	'',	'',	'',	'',	'',	'',	'',	'',	'',	'',	'',	'',	'',	'',	'',	'',	'',	NULL,	NULL),
(884,	'request_edit_invoice',	'',	'',	'',	'',	'',	'',	'',	'',	'',	'',	'',	'',	'',	'',	'',	'',	'',	'',	'',	'',	'',	NULL,	NULL),
(885,	'request_cancel_invoice',	'',	'',	'',	'',	'',	'',	'',	'',	'',	'',	'',	'',	'',	'',	'',	'',	'',	'',	'',	'',	'',	NULL,	NULL),
(886,	'approval_request_type',	'',	'',	'',	'',	'',	'',	'',	'',	'',	'',	'',	'',	'',	'',	'',	'',	'',	'',	'',	'',	'',	NULL,	NULL),
(887,	'approval_status',	'',	'',	'',	'',	'',	'',	'',	'',	'',	'',	'',	'',	'',	'',	'',	'',	'',	'',	'',	'',	'',	NULL,	NULL),
(888,	'request_sent_successfully',	'',	'',	'',	'',	'',	'',	'',	'',	'',	'',	'',	'',	'',	'',	'',	'',	'',	'',	'',	'',	'',	NULL,	NULL),
(889,	'record_reference',	'',	'',	'',	'',	'',	'',	'',	'',	'',	'',	'',	'',	'',	'',	'',	'',	'',	'',	'',	'',	'',	NULL,	NULL),
(890,	'approval_request',	'',	'',	'',	'',	'',	'',	'',	'',	'',	'',	'',	'',	'',	'',	'',	'',	'',	'',	'',	'',	'',	NULL,	NULL),
(891,	'request_cancel',	'',	'',	'',	'',	'',	'',	'',	'',	'',	'',	'',	'',	'',	'',	'',	'',	'',	'',	'',	'',	'',	NULL,	NULL),
(892,	'send_request',	'',	'',	'',	'',	'',	'',	'',	'',	'',	'',	'',	'',	'',	'',	'',	'',	'',	'',	'',	'',	'',	NULL,	NULL),
(893,	'view_comments',	'',	'',	'',	'',	'',	'',	'',	'',	'',	'',	'',	'',	'',	'',	'',	'',	'',	'',	'',	'',	'',	NULL,	NULL),
(894,	'sender',	'',	'',	'',	'',	'',	'',	'',	'',	'',	'',	'',	'',	'',	'',	'',	'',	'',	'',	'',	'',	'',	NULL,	NULL),
(895,	'comment_added_successful',	'',	'',	'',	'',	'',	'',	'',	'',	'',	'',	'',	'',	'',	'',	'',	'',	'',	'',	'',	'',	'',	NULL,	NULL),
(896,	'post_comment',	'',	'',	'',	'',	'',	'',	'',	'',	'',	'',	'',	'',	'',	'',	'',	'',	'',	'',	'',	'',	'',	NULL,	NULL),
(897,	'approval_successful',	'',	'',	'',	'',	'',	'',	'',	'',	'',	'',	'',	'',	'',	'',	'',	'',	'',	'',	'',	'',	'',	NULL,	NULL),
(898,	'decline_successful',	'',	'',	'',	'',	'',	'',	'',	'',	'',	'',	'',	'',	'',	'',	'',	'',	'',	'',	'',	'',	'',	NULL,	NULL),
(899,	'request_edit',	'',	'',	'',	'',	'',	'',	'',	'',	'',	'',	'',	'',	'',	'',	'',	'',	'',	'',	'',	'',	'',	NULL,	NULL),
(900,	'no_approval_action_performed',	'',	'',	'',	'',	'',	'',	'',	'',	'',	'',	'',	'',	'',	'',	'',	'',	'',	'',	'',	'',	'',	NULL,	NULL),
(901,	'request_reclaim_invoice',	'',	'',	'',	'',	'',	'',	'',	'',	'',	'',	'',	'',	'',	'',	'',	'',	'',	'',	'',	'',	'',	NULL,	NULL),
(902,	'request_reinstate',	'',	'',	'',	'',	'',	'',	'',	'',	'',	'',	'',	'',	'',	'',	'',	'',	'',	'',	'',	'',	'',	NULL,	NULL);

CREATE TABLE `lesson_plan` (
  `lesson_plan_id` int(100) NOT NULL AUTO_INCREMENT,
  `scheme_id` int(100) NOT NULL,
  `planned_date` date NOT NULL,
  `attendance_date` date DEFAULT NULL,
  `class_routine_id` int(11) DEFAULT NULL,
  `roll` int(100) NOT NULL,
  `core_competencies` longtext NOT NULL,
  `introduction` longtext NOT NULL,
  `lesson_development` longtext NOT NULL,
  `conclusion` longtext NOT NULL,
  `summary` longtext NOT NULL,
  `reflection` longtext,
  `signed_off_by` int(100) DEFAULT NULL,
  `signed_off_date` date DEFAULT NULL,
  `createdby` int(100) NOT NULL,
  `lastmodifiedby` int(100) NOT NULL,
  `createddate` datetime NOT NULL,
  `lastmodifieddate` timestamp NOT NULL DEFAULT CURRENT_TIMESTAMP ON UPDATE CURRENT_TIMESTAMP,
  PRIMARY KEY (`lesson_plan_id`),
  KEY `scheme_id` (`scheme_id`),
  KEY `createdby` (`createdby`),
  KEY `lastmodifiedby` (`lastmodifiedby`),
  KEY `signed_off_by` (`signed_off_by`),
  CONSTRAINT `lesson_plan_ibfk_1` FOREIGN KEY (`scheme_id`) REFERENCES `scheme` (`scheme_id`),
  CONSTRAINT `lesson_plan_ibfk_4` FOREIGN KEY (`createdby`) REFERENCES `user` (`user_id`),
  CONSTRAINT `lesson_plan_ibfk_5` FOREIGN KEY (`lastmodifiedby`) REFERENCES `user` (`user_id`),
  CONSTRAINT `lesson_plan_ibfk_6` FOREIGN KEY (`signed_off_by`) REFERENCES `user` (`user_id`)
) ENGINE=InnoDB DEFAULT CHARSET=latin1;


CREATE TABLE `login_type` (
  `login_type_id` int(100) NOT NULL AUTO_INCREMENT,
  `name` varchar(10) NOT NULL,
  PRIMARY KEY (`login_type_id`)
) ENGINE=InnoDB DEFAULT CHARSET=latin1;

INSERT INTO `login_type` (`login_type_id`, `name`) VALUES
(1,	'admin'),
(2,	'teacher'),
(3,	'student'),
(4,	'parent');

CREATE TABLE `mark` (
  `mark_id` int(11) NOT NULL AUTO_INCREMENT,
  `student_id` int(11) NOT NULL,
  `subject_id` int(11) NOT NULL,
  `class_id` int(11) NOT NULL,
  `exam_id` int(11) NOT NULL,
  `mark_obtained` int(11) NOT NULL DEFAULT '0',
  `mark_total` int(11) NOT NULL DEFAULT '100',
  `comment` longtext COLLATE utf8_unicode_ci NOT NULL,
  PRIMARY KEY (`mark_id`),
  KEY `student_id` (`student_id`),
  KEY `subject_id` (`subject_id`),
  KEY `class_id` (`class_id`),
  KEY `exam_id` (`exam_id`),
  CONSTRAINT `mark_ibfk_1` FOREIGN KEY (`student_id`) REFERENCES `student` (`student_id`),
  CONSTRAINT `mark_ibfk_2` FOREIGN KEY (`subject_id`) REFERENCES `subject` (`subject_id`),
  CONSTRAINT `mark_ibfk_3` FOREIGN KEY (`class_id`) REFERENCES `class` (`class_id`),
  CONSTRAINT `mark_ibfk_4` FOREIGN KEY (`exam_id`) REFERENCES `exam` (`exam_id`)
) ENGINE=InnoDB DEFAULT CHARSET=utf8 COLLATE=utf8_unicode_ci;

INSERT INTO `mark` (`mark_id`, `student_id`, `subject_id`, `class_id`, `exam_id`, `mark_obtained`, `mark_total`, `comment`) VALUES
(1,	312,	8,	13,	1,	74,	100,	''),
(2,	314,	8,	13,	1,	64,	100,	''),
(3,	316,	8,	13,	1,	69,	100,	''),
(4,	317,	8,	13,	1,	69,	100,	''),
(5,	318,	8,	13,	1,	61,	100,	''),
(6,	319,	8,	13,	1,	76,	100,	''),
(7,	320,	8,	13,	1,	79,	100,	''),
(8,	321,	8,	13,	1,	66,	100,	''),
(9,	322,	8,	13,	1,	78,	100,	''),
(10,	324,	8,	13,	1,	76,	100,	''),
(11,	326,	8,	13,	1,	63,	100,	''),
(12,	327,	8,	13,	1,	72,	100,	''),
(13,	328,	8,	13,	1,	64,	100,	''),
(14,	330,	8,	13,	1,	70,	100,	''),
(15,	333,	8,	13,	1,	70,	100,	''),
(16,	335,	8,	13,	1,	60,	100,	''),
(17,	336,	8,	13,	1,	62,	100,	''),
(18,	338,	8,	13,	1,	70,	100,	''),
(19,	339,	8,	13,	1,	62,	100,	''),
(20,	340,	8,	13,	1,	67,	100,	''),
(21,	341,	8,	13,	1,	63,	100,	''),
(22,	342,	8,	13,	1,	58,	100,	''),
(23,	343,	8,	13,	1,	73,	100,	''),
(24,	344,	8,	13,	1,	73,	100,	''),
(25,	345,	8,	13,	1,	80,	100,	''),
(26,	347,	8,	13,	1,	62,	100,	''),
(27,	348,	8,	13,	1,	61,	100,	''),
(28,	349,	8,	13,	1,	59,	100,	''),
(29,	350,	8,	13,	1,	71,	100,	''),
(30,	351,	8,	13,	1,	69,	100,	''),
(31,	352,	8,	13,	1,	70,	100,	''),
(32,	353,	8,	13,	1,	62,	100,	''),
(33,	354,	8,	13,	1,	70,	100,	''),
(34,	355,	8,	13,	1,	51,	100,	''),
(35,	356,	8,	13,	1,	71,	100,	''),
(36,	357,	8,	13,	1,	68,	100,	''),
(37,	358,	8,	13,	1,	61,	100,	''),
(38,	359,	8,	13,	1,	59,	100,	''),
(39,	360,	8,	13,	1,	57,	100,	''),
(40,	361,	8,	13,	1,	60,	100,	''),
(41,	362,	8,	13,	1,	68,	100,	''),
(42,	363,	8,	13,	1,	68,	100,	''),
(43,	364,	8,	13,	1,	72,	100,	''),
(44,	365,	8,	13,	1,	71,	100,	''),
(45,	372,	8,	13,	1,	58,	100,	''),
(46,	374,	8,	13,	1,	61,	100,	''),
(47,	375,	8,	13,	1,	68,	100,	''),
(48,	376,	8,	13,	1,	56,	100,	''),
(49,	380,	8,	13,	1,	70,	100,	''),
(50,	312,	10,	13,	1,	92,	100,	''),
(51,	314,	10,	13,	1,	80,	100,	''),
(52,	316,	10,	13,	1,	82,	100,	''),
(53,	317,	10,	13,	1,	76,	100,	''),
(54,	318,	10,	13,	1,	52,	100,	''),
(55,	319,	10,	13,	1,	86,	100,	''),
(56,	320,	10,	13,	1,	94,	100,	''),
(57,	321,	10,	13,	1,	70,	100,	''),
(58,	322,	10,	13,	1,	94,	100,	''),
(59,	324,	10,	13,	1,	58,	100,	''),
(60,	326,	10,	13,	1,	92,	100,	''),
(61,	327,	10,	13,	1,	96,	100,	''),
(62,	328,	10,	13,	1,	64,	100,	''),
(63,	330,	10,	13,	1,	36,	100,	''),
(64,	333,	10,	13,	1,	74,	100,	''),
(65,	335,	10,	13,	1,	58,	100,	''),
(66,	336,	10,	13,	1,	82,	100,	''),
(67,	338,	10,	13,	1,	78,	100,	''),
(68,	339,	10,	13,	1,	70,	100,	''),
(69,	340,	10,	13,	1,	80,	100,	''),
(70,	341,	10,	13,	1,	46,	100,	''),
(71,	342,	10,	13,	1,	52,	100,	''),
(72,	343,	10,	13,	1,	92,	100,	''),
(73,	344,	10,	13,	1,	92,	100,	''),
(74,	345,	10,	13,	1,	94,	100,	''),
(75,	347,	10,	13,	1,	74,	100,	''),
(76,	348,	10,	13,	1,	80,	100,	''),
(77,	349,	10,	13,	1,	44,	100,	''),
(78,	350,	10,	13,	1,	82,	100,	''),
(79,	351,	10,	13,	1,	92,	100,	''),
(80,	352,	10,	13,	1,	92,	100,	''),
(81,	353,	10,	13,	1,	86,	100,	''),
(82,	354,	10,	13,	1,	86,	100,	''),
(83,	355,	10,	13,	1,	46,	100,	''),
(84,	356,	10,	13,	1,	96,	100,	''),
(85,	357,	10,	13,	1,	60,	100,	''),
(86,	358,	10,	13,	1,	70,	100,	''),
(87,	359,	10,	13,	1,	58,	100,	''),
(88,	360,	10,	13,	1,	72,	100,	''),
(89,	361,	10,	13,	1,	56,	100,	''),
(90,	362,	10,	13,	1,	82,	100,	''),
(91,	363,	10,	13,	1,	86,	100,	''),
(92,	364,	10,	13,	1,	90,	100,	''),
(93,	365,	10,	13,	1,	76,	100,	''),
(94,	372,	10,	13,	1,	54,	100,	''),
(95,	374,	10,	13,	1,	44,	100,	''),
(96,	375,	10,	13,	1,	90,	100,	''),
(97,	376,	10,	13,	1,	86,	100,	''),
(98,	380,	10,	13,	1,	48,	100,	''),
(99,	312,	9,	13,	1,	71,	100,	''),
(100,	314,	9,	13,	1,	72,	100,	''),
(101,	316,	9,	13,	1,	76,	100,	''),
(102,	317,	9,	13,	1,	74,	100,	''),
(103,	318,	9,	13,	1,	52,	100,	''),
(104,	319,	9,	13,	1,	76,	100,	''),
(105,	320,	9,	13,	1,	76,	100,	''),
(106,	321,	9,	13,	1,	74,	100,	''),
(107,	322,	9,	13,	1,	80,	100,	''),
(108,	324,	9,	13,	1,	74,	100,	''),
(109,	326,	9,	13,	1,	66,	100,	''),
(110,	327,	9,	13,	1,	80,	100,	''),
(111,	328,	9,	13,	1,	61,	100,	''),
(112,	330,	9,	13,	1,	59,	100,	''),
(113,	333,	9,	13,	1,	73,	100,	''),
(114,	335,	9,	13,	1,	54,	100,	''),
(115,	336,	9,	13,	1,	68,	100,	''),
(116,	338,	9,	13,	1,	76,	100,	''),
(117,	339,	9,	13,	1,	78,	100,	''),
(118,	340,	9,	13,	1,	72,	100,	''),
(119,	341,	9,	13,	1,	51,	100,	''),
(120,	342,	9,	13,	1,	67,	100,	''),
(121,	343,	9,	13,	1,	68,	100,	''),
(122,	344,	9,	13,	1,	81,	100,	''),
(123,	345,	9,	13,	1,	81,	100,	''),
(124,	347,	9,	13,	1,	69,	100,	''),
(125,	348,	9,	13,	1,	62,	100,	''),
(126,	349,	9,	13,	1,	63,	100,	''),
(127,	350,	9,	13,	1,	80,	100,	''),
(128,	351,	9,	13,	1,	77,	100,	''),
(129,	352,	9,	13,	1,	76,	100,	''),
(130,	353,	9,	13,	1,	74,	100,	''),
(131,	354,	9,	13,	1,	73,	100,	''),
(132,	355,	9,	13,	1,	48,	100,	''),
(133,	356,	9,	13,	1,	70,	100,	''),
(134,	357,	9,	13,	1,	60,	100,	''),
(135,	358,	9,	13,	1,	64,	100,	''),
(136,	359,	9,	13,	1,	67,	100,	''),
(137,	360,	9,	13,	1,	61,	100,	''),
(138,	361,	9,	13,	1,	59,	100,	''),
(139,	362,	9,	13,	1,	77,	100,	''),
(140,	363,	9,	13,	1,	73,	100,	''),
(141,	364,	9,	13,	1,	69,	100,	''),
(142,	365,	9,	13,	1,	84,	100,	''),
(143,	372,	9,	13,	1,	61,	100,	''),
(144,	374,	9,	13,	1,	50,	100,	''),
(145,	375,	9,	13,	1,	73,	100,	''),
(146,	376,	9,	13,	1,	62,	100,	''),
(147,	380,	9,	13,	1,	64,	100,	''),
(148,	312,	11,	13,	1,	78,	100,	''),
(149,	314,	11,	13,	1,	74,	100,	''),
(150,	316,	11,	13,	1,	82,	100,	''),
(151,	317,	11,	13,	1,	88,	100,	''),
(152,	318,	11,	13,	1,	66,	100,	''),
(153,	319,	11,	13,	1,	86,	100,	''),
(154,	320,	11,	13,	1,	94,	100,	''),
(155,	321,	11,	13,	1,	74,	100,	''),
(156,	322,	11,	13,	1,	88,	100,	''),
(157,	324,	11,	13,	1,	74,	100,	''),
(158,	326,	11,	13,	1,	88,	100,	''),
(159,	327,	11,	13,	1,	88,	100,	''),
(160,	328,	11,	13,	1,	66,	100,	''),
(161,	330,	11,	13,	1,	58,	100,	''),
(162,	333,	11,	13,	1,	72,	100,	''),
(163,	335,	11,	13,	1,	58,	100,	''),
(164,	336,	11,	13,	1,	68,	100,	''),
(165,	338,	11,	13,	1,	82,	100,	''),
(166,	339,	11,	13,	1,	78,	100,	''),
(167,	340,	11,	13,	1,	72,	100,	''),
(168,	341,	11,	13,	1,	56,	100,	''),
(169,	342,	11,	13,	1,	78,	100,	''),
(170,	343,	11,	13,	1,	90,	100,	''),
(171,	344,	11,	13,	1,	92,	100,	''),
(172,	345,	11,	13,	1,	94,	100,	''),
(173,	347,	11,	13,	1,	80,	100,	''),
(174,	348,	11,	13,	1,	68,	100,	''),
(175,	349,	11,	13,	1,	74,	100,	''),
(176,	350,	11,	13,	1,	84,	100,	''),
(177,	351,	11,	13,	1,	94,	100,	''),
(178,	352,	11,	13,	1,	88,	100,	''),
(179,	353,	11,	13,	1,	88,	100,	''),
(180,	354,	11,	13,	1,	88,	100,	''),
(181,	355,	11,	13,	1,	36,	100,	''),
(182,	356,	11,	13,	1,	90,	100,	''),
(183,	357,	11,	13,	1,	74,	100,	''),
(184,	358,	11,	13,	1,	68,	100,	''),
(185,	359,	11,	13,	1,	72,	100,	''),
(186,	360,	11,	13,	1,	54,	100,	''),
(187,	361,	11,	13,	1,	64,	100,	''),
(188,	362,	11,	13,	1,	82,	100,	''),
(189,	363,	11,	13,	1,	82,	100,	''),
(190,	364,	11,	13,	1,	84,	100,	''),
(191,	365,	11,	13,	1,	88,	100,	''),
(192,	372,	11,	13,	1,	64,	100,	''),
(193,	374,	11,	13,	1,	52,	100,	''),
(194,	375,	11,	13,	1,	88,	100,	''),
(195,	376,	11,	13,	1,	72,	100,	''),
(196,	380,	11,	13,	1,	68,	100,	''),
(197,	312,	12,	13,	1,	79,	100,	''),
(198,	314,	12,	13,	1,	76,	100,	''),
(199,	316,	12,	13,	1,	73,	100,	''),
(200,	317,	12,	13,	1,	89,	100,	''),
(201,	318,	12,	13,	1,	57,	100,	''),
(202,	319,	12,	13,	1,	86,	100,	''),
(203,	320,	12,	13,	1,	91,	100,	''),
(204,	321,	12,	13,	1,	70,	100,	''),
(205,	322,	12,	13,	1,	86,	100,	''),
(206,	324,	12,	13,	1,	68,	100,	''),
(207,	326,	12,	13,	1,	73,	100,	''),
(208,	327,	12,	13,	1,	84,	100,	''),
(209,	328,	12,	13,	1,	67,	100,	''),
(210,	330,	12,	13,	1,	72,	100,	''),
(211,	333,	12,	13,	1,	73,	100,	''),
(212,	335,	12,	13,	1,	60,	100,	''),
(213,	336,	12,	13,	1,	72,	100,	''),
(214,	338,	12,	13,	1,	78,	100,	''),
(215,	339,	12,	13,	1,	82,	100,	''),
(216,	340,	12,	13,	1,	73,	100,	''),
(217,	341,	12,	13,	1,	59,	100,	''),
(218,	342,	12,	13,	1,	61,	100,	''),
(219,	343,	12,	13,	1,	86,	100,	''),
(220,	344,	12,	13,	1,	87,	100,	''),
(221,	345,	12,	13,	1,	90,	100,	''),
(222,	347,	12,	13,	1,	82,	100,	''),
(223,	348,	12,	13,	1,	62,	100,	''),
(224,	349,	12,	13,	1,	78,	100,	''),
(225,	350,	12,	13,	1,	87,	100,	''),
(226,	351,	12,	13,	1,	92,	100,	''),
(227,	352,	12,	13,	1,	80,	100,	''),
(228,	353,	12,	13,	1,	78,	100,	''),
(229,	354,	12,	13,	1,	83,	100,	''),
(230,	355,	12,	13,	1,	46,	100,	''),
(231,	356,	12,	13,	1,	80,	100,	''),
(232,	357,	12,	13,	1,	79,	100,	''),
(233,	358,	12,	13,	1,	64,	100,	''),
(234,	359,	12,	13,	1,	82,	100,	''),
(235,	360,	12,	13,	1,	54,	100,	''),
(236,	361,	12,	13,	1,	57,	100,	''),
(237,	362,	12,	13,	1,	77,	100,	''),
(238,	363,	12,	13,	1,	78,	100,	''),
(239,	364,	12,	13,	1,	79,	100,	''),
(240,	365,	12,	13,	1,	81,	100,	''),
(241,	372,	12,	13,	1,	76,	100,	''),
(242,	374,	12,	13,	1,	58,	100,	''),
(243,	375,	12,	13,	1,	79,	100,	''),
(244,	376,	12,	13,	1,	78,	100,	''),
(245,	380,	12,	13,	1,	69,	100,	''),
(295,	30,	1,	6,	1,	94,	100,	''),
(296,	31,	1,	6,	1,	64,	100,	''),
(297,	32,	1,	6,	1,	80,	100,	''),
(298,	33,	1,	6,	1,	88,	100,	''),
(299,	34,	1,	6,	1,	96,	100,	''),
(300,	35,	1,	6,	1,	96,	100,	''),
(301,	36,	1,	6,	1,	100,	100,	''),
(302,	37,	1,	6,	1,	84,	100,	''),
(303,	38,	1,	6,	1,	100,	100,	''),
(304,	39,	1,	6,	1,	88,	100,	''),
(305,	40,	1,	6,	1,	84,	100,	''),
(306,	41,	1,	6,	1,	96,	100,	''),
(307,	42,	1,	6,	1,	64,	100,	''),
(308,	43,	1,	6,	1,	96,	100,	''),
(309,	44,	1,	6,	1,	86,	100,	''),
(310,	45,	1,	6,	1,	96,	100,	''),
(311,	46,	1,	6,	1,	84,	100,	''),
(312,	47,	1,	6,	1,	92,	100,	''),
(313,	48,	1,	6,	1,	96,	100,	''),
(314,	49,	1,	6,	1,	84,	100,	''),
(315,	50,	1,	6,	1,	86,	100,	''),
(316,	51,	1,	6,	1,	76,	100,	''),
(317,	52,	1,	6,	1,	82,	100,	''),
(318,	53,	1,	6,	1,	64,	100,	''),
(319,	54,	1,	6,	1,	76,	100,	''),
(320,	55,	1,	6,	1,	96,	100,	''),
(321,	8,	18,	4,	1,	73,	100,	''),
(322,	9,	18,	4,	1,	65,	100,	''),
(323,	10,	18,	4,	1,	92,	100,	''),
(324,	11,	18,	4,	1,	46,	100,	''),
(325,	12,	18,	4,	1,	78,	100,	''),
(326,	13,	18,	4,	1,	66,	100,	''),
(327,	14,	18,	4,	1,	98,	100,	''),
(328,	15,	18,	4,	1,	48,	100,	''),
(329,	16,	18,	4,	1,	79,	100,	''),
(330,	17,	18,	4,	1,	73,	100,	''),
(331,	23,	18,	4,	1,	68,	100,	''),
(332,	337,	18,	4,	1,	0,	100,	''),
(333,	8,	19,	4,	1,	68,	100,	''),
(334,	9,	19,	4,	1,	47,	100,	''),
(335,	10,	19,	4,	1,	100,	100,	''),
(336,	11,	19,	4,	1,	37,	100,	''),
(337,	12,	19,	4,	1,	79,	100,	''),
(338,	13,	19,	4,	1,	79,	100,	''),
(339,	14,	19,	4,	1,	100,	100,	''),
(340,	15,	19,	4,	1,	53,	100,	''),
(341,	16,	19,	4,	1,	84,	100,	''),
(342,	17,	19,	4,	1,	79,	100,	''),
(343,	23,	19,	4,	1,	74,	100,	''),
(344,	337,	19,	4,	1,	0,	100,	''),
(345,	8,	20,	4,	1,	90,	100,	''),
(346,	9,	20,	4,	1,	90,	100,	''),
(347,	10,	20,	4,	1,	100,	100,	''),
(348,	11,	20,	4,	1,	60,	100,	''),
(349,	12,	20,	4,	1,	95,	100,	''),
(350,	13,	20,	4,	1,	88,	100,	''),
(351,	14,	20,	4,	1,	75,	100,	''),
(352,	15,	20,	4,	1,	80,	100,	''),
(353,	16,	20,	4,	1,	100,	100,	''),
(354,	17,	20,	4,	1,	75,	100,	''),
(355,	23,	20,	4,	1,	90,	100,	''),
(356,	337,	20,	4,	1,	0,	100,	''),
(357,	8,	21,	4,	1,	100,	100,	''),
(358,	9,	21,	4,	1,	98,	100,	''),
(359,	10,	21,	4,	1,	100,	100,	''),
(360,	11,	21,	4,	1,	95,	100,	''),
(361,	12,	21,	4,	1,	94,	100,	''),
(362,	13,	21,	4,	1,	100,	100,	''),
(363,	14,	21,	4,	1,	98,	100,	''),
(364,	15,	21,	4,	1,	83,	100,	''),
(365,	16,	21,	4,	1,	100,	100,	''),
(366,	17,	21,	4,	1,	86,	100,	''),
(367,	23,	21,	4,	1,	100,	100,	''),
(368,	337,	21,	4,	1,	0,	100,	''),
(369,	8,	22,	4,	1,	95,	100,	''),
(370,	9,	22,	4,	1,	100,	100,	''),
(371,	10,	22,	4,	1,	100,	100,	''),
(372,	11,	22,	4,	1,	85,	100,	''),
(373,	12,	22,	4,	1,	95,	100,	''),
(374,	13,	22,	4,	1,	98,	100,	''),
(375,	14,	22,	4,	1,	95,	100,	''),
(376,	15,	22,	4,	1,	90,	100,	''),
(377,	16,	22,	4,	1,	95,	100,	''),
(378,	17,	22,	4,	1,	85,	100,	''),
(379,	23,	22,	4,	1,	100,	100,	''),
(380,	337,	22,	4,	1,	0,	100,	''),
(381,	18,	23,	5,	1,	98,	100,	''),
(382,	19,	23,	5,	1,	100,	100,	''),
(383,	20,	23,	5,	1,	100,	100,	''),
(384,	21,	23,	5,	1,	96,	100,	''),
(385,	22,	23,	5,	1,	100,	100,	''),
(386,	24,	23,	5,	1,	96,	100,	''),
(387,	25,	23,	5,	1,	100,	100,	''),
(388,	26,	23,	5,	1,	100,	100,	''),
(389,	27,	23,	5,	1,	0,	100,	''),
(390,	28,	23,	5,	1,	100,	100,	''),
(391,	29,	23,	5,	1,	0,	100,	''),
(392,	313,	23,	5,	1,	72,	100,	''),
(393,	389,	23,	5,	1,	0,	100,	''),
(394,	395,	23,	5,	1,	0,	100,	''),
(395,	404,	23,	5,	1,	0,	100,	''),
(396,	407,	23,	5,	1,	100,	100,	''),
(397,	18,	24,	5,	1,	100,	100,	''),
(398,	19,	24,	5,	1,	100,	100,	''),
(399,	20,	24,	5,	1,	100,	100,	''),
(400,	21,	24,	5,	1,	100,	100,	''),
(401,	22,	24,	5,	1,	100,	100,	''),
(402,	24,	24,	5,	1,	100,	100,	''),
(403,	25,	24,	5,	1,	78,	100,	''),
(404,	26,	24,	5,	1,	100,	100,	''),
(405,	27,	24,	5,	1,	0,	100,	''),
(406,	28,	24,	5,	1,	100,	100,	''),
(407,	29,	24,	5,	1,	0,	100,	''),
(408,	313,	24,	5,	1,	94,	100,	''),
(409,	389,	24,	5,	1,	0,	100,	''),
(410,	395,	24,	5,	1,	0,	100,	''),
(411,	404,	24,	5,	1,	0,	100,	''),
(412,	407,	24,	5,	1,	94,	100,	''),
(413,	18,	25,	5,	1,	100,	100,	''),
(414,	19,	25,	5,	1,	100,	100,	''),
(415,	20,	25,	5,	1,	100,	100,	''),
(416,	21,	25,	5,	1,	100,	100,	''),
(417,	22,	25,	5,	1,	100,	100,	''),
(418,	24,	25,	5,	1,	90,	100,	''),
(419,	25,	25,	5,	1,	90,	100,	''),
(420,	26,	25,	5,	1,	100,	100,	''),
(421,	27,	25,	5,	1,	0,	100,	''),
(422,	28,	25,	5,	1,	90,	100,	''),
(423,	29,	25,	5,	1,	0,	100,	''),
(424,	313,	25,	5,	1,	45,	100,	''),
(425,	389,	25,	5,	1,	0,	100,	''),
(426,	395,	25,	5,	1,	0,	100,	''),
(427,	404,	25,	5,	1,	0,	100,	''),
(428,	407,	25,	5,	1,	100,	100,	''),
(429,	18,	26,	5,	1,	100,	100,	''),
(430,	19,	26,	5,	1,	100,	100,	''),
(431,	20,	26,	5,	1,	100,	100,	''),
(432,	21,	26,	5,	1,	100,	100,	''),
(433,	22,	26,	5,	1,	100,	100,	''),
(434,	24,	26,	5,	1,	100,	100,	''),
(435,	25,	26,	5,	1,	100,	100,	''),
(436,	26,	26,	5,	1,	100,	100,	''),
(437,	27,	26,	5,	1,	0,	100,	''),
(438,	28,	26,	5,	1,	100,	100,	''),
(439,	29,	26,	5,	1,	0,	100,	''),
(440,	313,	26,	5,	1,	44,	100,	''),
(441,	389,	26,	5,	1,	0,	100,	''),
(442,	395,	26,	5,	1,	0,	100,	''),
(443,	404,	26,	5,	1,	0,	100,	''),
(444,	407,	26,	5,	1,	100,	100,	''),
(445,	18,	27,	5,	1,	100,	100,	''),
(446,	19,	27,	5,	1,	100,	100,	''),
(447,	20,	27,	5,	1,	100,	100,	''),
(448,	21,	27,	5,	1,	88,	100,	''),
(449,	22,	27,	5,	1,	100,	100,	''),
(450,	24,	27,	5,	1,	100,	100,	''),
(451,	25,	27,	5,	1,	100,	100,	''),
(452,	26,	27,	5,	1,	100,	100,	''),
(453,	27,	27,	5,	1,	0,	100,	''),
(454,	28,	27,	5,	1,	100,	100,	''),
(455,	29,	27,	5,	1,	0,	100,	''),
(456,	313,	27,	5,	1,	75,	100,	''),
(457,	389,	27,	5,	1,	0,	100,	''),
(458,	395,	27,	5,	1,	0,	100,	''),
(459,	404,	27,	5,	1,	0,	100,	''),
(460,	407,	27,	5,	1,	100,	100,	''),
(461,	30,	2,	6,	1,	93,	100,	''),
(462,	31,	2,	6,	1,	73,	100,	''),
(463,	32,	2,	6,	1,	94,	100,	''),
(464,	33,	2,	6,	1,	98,	100,	''),
(465,	34,	2,	6,	1,	91,	100,	''),
(466,	35,	2,	6,	1,	95,	100,	''),
(467,	36,	2,	6,	1,	99,	100,	''),
(468,	37,	2,	6,	1,	97,	100,	''),
(469,	38,	2,	6,	1,	95,	100,	''),
(470,	39,	2,	6,	1,	99,	100,	''),
(471,	40,	2,	6,	1,	92,	100,	''),
(472,	41,	2,	6,	1,	99,	100,	''),
(473,	42,	2,	6,	1,	36,	100,	''),
(474,	43,	2,	6,	1,	98,	100,	''),
(475,	44,	2,	6,	1,	96,	100,	''),
(476,	45,	2,	6,	1,	99,	100,	''),
(477,	46,	2,	6,	1,	93,	100,	''),
(478,	47,	2,	6,	1,	91,	100,	''),
(479,	48,	2,	6,	1,	94,	100,	''),
(480,	49,	2,	6,	1,	93,	100,	''),
(481,	50,	2,	6,	1,	99,	100,	''),
(482,	51,	2,	6,	1,	91,	100,	''),
(483,	52,	2,	6,	1,	99,	100,	''),
(484,	53,	2,	6,	1,	94,	100,	''),
(485,	54,	2,	6,	1,	97,	100,	''),
(486,	55,	2,	6,	1,	97,	100,	''),
(487,	30,	3,	6,	1,	74,	100,	''),
(488,	31,	3,	6,	1,	48,	100,	''),
(489,	32,	3,	6,	1,	78,	100,	''),
(490,	33,	3,	6,	1,	78,	100,	''),
(491,	34,	3,	6,	1,	78,	100,	''),
(492,	35,	3,	6,	1,	76,	100,	''),
(493,	36,	3,	6,	1,	76,	100,	''),
(494,	37,	3,	6,	1,	84,	100,	''),
(495,	38,	3,	6,	1,	82,	100,	''),
(496,	39,	3,	6,	1,	84,	100,	''),
(497,	40,	3,	6,	1,	80,	100,	''),
(498,	41,	3,	6,	1,	78,	100,	''),
(499,	42,	3,	6,	1,	22,	100,	''),
(500,	43,	3,	6,	1,	84,	100,	''),
(501,	44,	3,	6,	1,	68,	100,	''),
(502,	45,	3,	6,	1,	80,	100,	''),
(503,	46,	3,	6,	1,	66,	100,	''),
(504,	47,	3,	6,	1,	72,	100,	''),
(505,	48,	3,	6,	1,	74,	100,	''),
(506,	49,	3,	6,	1,	64,	100,	''),
(507,	50,	3,	6,	1,	86,	100,	''),
(508,	51,	3,	6,	1,	48,	100,	''),
(509,	52,	3,	6,	1,	78,	100,	''),
(510,	53,	3,	6,	1,	38,	100,	''),
(511,	54,	3,	6,	1,	90,	100,	''),
(512,	55,	3,	6,	1,	82,	100,	''),
(513,	30,	4,	6,	1,	96,	100,	''),
(514,	31,	4,	6,	1,	73,	100,	''),
(515,	32,	4,	6,	1,	90,	100,	''),
(516,	33,	4,	6,	1,	94,	100,	''),
(517,	34,	4,	6,	1,	92,	100,	''),
(518,	35,	4,	6,	1,	93,	100,	''),
(519,	36,	4,	6,	1,	97,	100,	''),
(520,	37,	4,	6,	1,	90,	100,	''),
(521,	38,	4,	6,	1,	93,	100,	''),
(522,	39,	4,	6,	1,	99,	100,	''),
(523,	40,	4,	6,	1,	95,	100,	''),
(524,	41,	4,	6,	1,	96,	100,	''),
(525,	42,	4,	6,	1,	39,	100,	''),
(526,	43,	4,	6,	1,	93,	100,	''),
(527,	44,	4,	6,	1,	94,	100,	''),
(528,	45,	4,	6,	1,	95,	100,	''),
(529,	46,	4,	6,	1,	82,	100,	''),
(530,	47,	4,	6,	1,	98,	100,	''),
(531,	48,	4,	6,	1,	97,	100,	''),
(532,	49,	4,	6,	1,	96,	100,	''),
(533,	50,	4,	6,	1,	99,	100,	''),
(534,	51,	4,	6,	1,	90,	100,	''),
(535,	52,	4,	6,	1,	98,	100,	''),
(536,	53,	4,	6,	1,	86,	100,	''),
(537,	54,	4,	6,	1,	92,	100,	''),
(538,	55,	4,	6,	1,	99,	100,	''),
(539,	30,	5,	6,	1,	90,	100,	''),
(540,	31,	5,	6,	1,	80,	100,	''),
(541,	32,	5,	6,	1,	92,	100,	''),
(542,	33,	5,	6,	1,	96,	100,	''),
(543,	34,	5,	6,	1,	98,	100,	''),
(544,	35,	5,	6,	1,	92,	100,	''),
(545,	36,	5,	6,	1,	96,	100,	''),
(546,	37,	5,	6,	1,	96,	100,	''),
(547,	38,	5,	6,	1,	100,	100,	''),
(548,	39,	5,	6,	1,	96,	100,	''),
(549,	40,	5,	6,	1,	92,	100,	''),
(550,	41,	5,	6,	1,	98,	100,	''),
(551,	42,	5,	6,	1,	54,	100,	''),
(552,	43,	5,	6,	1,	100,	100,	''),
(553,	44,	5,	6,	1,	92,	100,	''),
(554,	45,	5,	6,	1,	98,	100,	''),
(555,	46,	5,	6,	1,	90,	100,	''),
(556,	47,	5,	6,	1,	98,	100,	''),
(557,	48,	5,	6,	1,	92,	100,	''),
(558,	49,	5,	6,	1,	96,	100,	''),
(559,	50,	5,	6,	1,	100,	100,	''),
(560,	51,	5,	6,	1,	88,	100,	''),
(561,	52,	5,	6,	1,	98,	100,	''),
(562,	53,	5,	6,	1,	84,	100,	''),
(563,	54,	5,	6,	1,	100,	100,	''),
(564,	55,	5,	6,	1,	94,	100,	''),
(565,	56,	6,	7,	1,	0,	100,	''),
(566,	57,	6,	7,	1,	90,	100,	''),
(567,	59,	6,	7,	1,	86,	100,	''),
(568,	60,	6,	7,	1,	90,	100,	''),
(569,	61,	6,	7,	1,	90,	100,	''),
(570,	62,	6,	7,	1,	85,	100,	''),
(571,	63,	6,	7,	1,	93,	100,	''),
(572,	64,	6,	7,	1,	93,	100,	''),
(573,	65,	6,	7,	1,	90,	100,	''),
(574,	66,	6,	7,	1,	0,	100,	''),
(575,	67,	6,	7,	1,	92,	100,	''),
(576,	68,	6,	7,	1,	98,	100,	''),
(577,	69,	6,	7,	1,	87,	100,	''),
(578,	70,	6,	7,	1,	90,	100,	''),
(579,	71,	6,	7,	1,	97,	100,	''),
(580,	72,	6,	7,	1,	96,	100,	''),
(581,	73,	6,	7,	1,	90,	100,	''),
(582,	74,	6,	7,	1,	96,	100,	''),
(583,	75,	6,	7,	1,	0,	100,	''),
(584,	76,	6,	7,	1,	90,	100,	''),
(585,	77,	6,	7,	1,	88,	100,	''),
(586,	311,	6,	7,	1,	85,	100,	''),
(587,	402,	6,	7,	1,	0,	100,	''),
(588,	56,	14,	7,	1,	0,	100,	''),
(589,	57,	14,	7,	1,	87,	100,	''),
(590,	59,	14,	7,	1,	80,	100,	''),
(591,	60,	14,	7,	1,	90,	100,	''),
(592,	61,	14,	7,	1,	96,	100,	''),
(593,	62,	14,	7,	1,	83,	100,	''),
(594,	63,	14,	7,	1,	85,	100,	''),
(595,	64,	14,	7,	1,	94,	100,	''),
(596,	65,	14,	7,	1,	85,	100,	''),
(597,	66,	14,	7,	1,	0,	100,	''),
(598,	67,	14,	7,	1,	89,	100,	''),
(599,	68,	14,	7,	1,	98,	100,	''),
(600,	69,	14,	7,	1,	90,	100,	''),
(601,	70,	14,	7,	1,	87,	100,	''),
(602,	71,	14,	7,	1,	88,	100,	''),
(603,	72,	14,	7,	1,	92,	100,	''),
(604,	73,	14,	7,	1,	92,	100,	''),
(605,	74,	14,	7,	1,	92,	100,	''),
(606,	75,	14,	7,	1,	0,	100,	''),
(607,	76,	14,	7,	1,	92,	100,	''),
(608,	77,	14,	7,	1,	89,	100,	''),
(609,	311,	14,	7,	1,	83,	100,	''),
(610,	402,	14,	7,	1,	0,	100,	''),
(611,	56,	15,	7,	1,	0,	100,	''),
(612,	57,	15,	7,	1,	78,	100,	''),
(613,	59,	15,	7,	1,	56,	100,	''),
(614,	60,	15,	7,	1,	88,	100,	''),
(615,	61,	15,	7,	1,	96,	100,	''),
(616,	62,	15,	7,	1,	86,	100,	''),
(617,	63,	15,	7,	1,	82,	100,	''),
(618,	64,	15,	7,	1,	88,	100,	''),
(619,	65,	15,	7,	1,	84,	100,	''),
(620,	66,	15,	7,	1,	0,	100,	''),
(621,	67,	15,	7,	1,	88,	100,	''),
(622,	68,	15,	7,	1,	86,	100,	''),
(623,	69,	15,	7,	1,	90,	100,	''),
(624,	70,	15,	7,	1,	92,	100,	''),
(625,	71,	15,	7,	1,	86,	100,	''),
(626,	72,	15,	7,	1,	86,	100,	''),
(627,	73,	15,	7,	1,	86,	100,	''),
(628,	74,	15,	7,	1,	96,	100,	''),
(629,	75,	15,	7,	1,	0,	100,	''),
(630,	76,	15,	7,	1,	88,	100,	''),
(631,	77,	15,	7,	1,	90,	100,	''),
(632,	311,	15,	7,	1,	84,	100,	''),
(633,	402,	15,	7,	1,	0,	100,	''),
(634,	56,	17,	7,	1,	0,	100,	''),
(635,	57,	17,	7,	1,	88,	100,	''),
(636,	59,	17,	7,	1,	88,	100,	''),
(637,	60,	17,	7,	1,	88,	100,	''),
(638,	61,	17,	7,	1,	78,	100,	''),
(639,	62,	17,	7,	1,	60,	100,	''),
(640,	63,	17,	7,	1,	82,	100,	''),
(641,	64,	17,	7,	1,	94,	100,	''),
(642,	65,	17,	7,	1,	98,	100,	''),
(643,	66,	17,	7,	1,	0,	100,	''),
(644,	67,	17,	7,	1,	94,	100,	''),
(645,	68,	17,	7,	1,	94,	100,	''),
(646,	69,	17,	7,	1,	94,	100,	''),
(647,	70,	17,	7,	1,	90,	100,	''),
(648,	71,	17,	7,	1,	96,	100,	''),
(649,	72,	17,	7,	1,	96,	100,	''),
(650,	73,	17,	7,	1,	96,	100,	''),
(651,	74,	17,	7,	1,	90,	100,	''),
(652,	75,	17,	7,	1,	0,	100,	''),
(653,	76,	17,	7,	1,	86,	100,	''),
(654,	77,	17,	7,	1,	88,	100,	''),
(655,	311,	17,	7,	1,	84,	100,	''),
(656,	402,	17,	7,	1,	0,	100,	''),
(657,	56,	16,	7,	1,	0,	100,	''),
(658,	57,	16,	7,	1,	94,	100,	''),
(659,	59,	16,	7,	1,	82,	100,	''),
(660,	60,	16,	7,	1,	94,	100,	''),
(661,	61,	16,	7,	1,	84,	100,	''),
(662,	62,	16,	7,	1,	86,	100,	''),
(663,	63,	16,	7,	1,	92,	100,	''),
(664,	64,	16,	7,	1,	90,	100,	''),
(665,	65,	16,	7,	1,	90,	100,	''),
(666,	66,	16,	7,	1,	0,	100,	''),
(667,	67,	16,	7,	1,	96,	100,	''),
(668,	68,	16,	7,	1,	98,	100,	''),
(669,	69,	16,	7,	1,	96,	100,	''),
(670,	70,	16,	7,	1,	94,	100,	''),
(671,	71,	16,	7,	1,	88,	100,	''),
(672,	72,	16,	7,	1,	96,	100,	''),
(673,	73,	16,	7,	1,	96,	100,	''),
(674,	74,	16,	7,	1,	96,	100,	''),
(675,	75,	16,	7,	1,	0,	100,	''),
(676,	76,	16,	7,	1,	84,	100,	''),
(677,	77,	16,	7,	1,	90,	100,	''),
(678,	311,	16,	7,	1,	76,	100,	''),
(679,	402,	16,	7,	1,	0,	100,	''),
(729,	58,	29,	8,	1,	98,	100,	''),
(730,	78,	29,	8,	1,	96,	100,	''),
(731,	79,	29,	8,	1,	94,	100,	''),
(732,	80,	29,	8,	1,	86,	100,	''),
(733,	81,	29,	8,	1,	63,	100,	''),
(734,	82,	29,	8,	1,	86,	100,	''),
(735,	83,	29,	8,	1,	92,	100,	''),
(736,	84,	29,	8,	1,	77,	100,	''),
(737,	85,	29,	8,	1,	94,	100,	''),
(738,	86,	29,	8,	1,	95,	100,	''),
(739,	87,	29,	8,	1,	100,	100,	''),
(740,	88,	29,	8,	1,	95,	100,	''),
(741,	89,	29,	8,	1,	96,	100,	''),
(742,	90,	29,	8,	1,	84,	100,	''),
(743,	91,	29,	8,	1,	97,	100,	''),
(744,	92,	29,	8,	1,	94,	100,	''),
(745,	93,	29,	8,	1,	99,	100,	''),
(746,	94,	29,	8,	1,	97,	100,	''),
(747,	95,	29,	8,	1,	68,	100,	''),
(748,	96,	29,	8,	1,	93,	100,	''),
(749,	97,	29,	8,	1,	95,	100,	''),
(750,	98,	29,	8,	1,	91,	100,	''),
(751,	99,	29,	8,	1,	0,	100,	''),
(752,	100,	29,	8,	1,	97,	100,	''),
(753,	266,	29,	8,	1,	100,	100,	''),
(754,	269,	29,	8,	1,	94,	100,	''),
(755,	309,	29,	8,	1,	68,	100,	''),
(756,	325,	29,	8,	1,	94,	100,	''),
(757,	393,	29,	8,	1,	0,	100,	''),
(758,	397,	29,	8,	1,	0,	100,	''),
(759,	58,	30,	8,	1,	97,	100,	''),
(760,	78,	30,	8,	1,	97,	100,	''),
(761,	79,	30,	8,	1,	93,	100,	''),
(762,	80,	30,	8,	1,	91,	100,	''),
(763,	81,	30,	8,	1,	90,	100,	''),
(764,	82,	30,	8,	1,	88,	100,	''),
(765,	83,	30,	8,	1,	92,	100,	''),
(766,	84,	30,	8,	1,	95,	100,	''),
(767,	85,	30,	8,	1,	95,	100,	''),
(768,	86,	30,	8,	1,	90,	100,	''),
(769,	87,	30,	8,	1,	97,	100,	''),
(770,	88,	30,	8,	1,	96,	100,	''),
(771,	89,	30,	8,	1,	94,	100,	''),
(772,	90,	30,	8,	1,	88,	100,	''),
(773,	91,	30,	8,	1,	99,	100,	''),
(774,	92,	30,	8,	1,	90,	100,	''),
(775,	93,	30,	8,	1,	95,	100,	''),
(776,	94,	30,	8,	1,	97,	100,	''),
(777,	95,	30,	8,	1,	61,	100,	''),
(778,	96,	30,	8,	1,	98,	100,	''),
(779,	97,	30,	8,	1,	94,	100,	''),
(780,	98,	30,	8,	1,	91,	100,	''),
(781,	99,	30,	8,	1,	0,	100,	''),
(782,	100,	30,	8,	1,	97,	100,	''),
(783,	266,	30,	8,	1,	98,	100,	''),
(784,	269,	30,	8,	1,	86,	100,	''),
(785,	309,	30,	8,	1,	56,	100,	''),
(786,	325,	30,	8,	1,	78,	100,	''),
(787,	393,	30,	8,	1,	0,	100,	''),
(788,	397,	30,	8,	1,	0,	100,	''),
(789,	58,	31,	8,	1,	96,	100,	''),
(790,	78,	31,	8,	1,	90,	100,	''),
(791,	79,	31,	8,	1,	92,	100,	''),
(792,	80,	31,	8,	1,	94,	100,	''),
(793,	81,	31,	8,	1,	86,	100,	''),
(794,	82,	31,	8,	1,	84,	100,	''),
(795,	83,	31,	8,	1,	96,	100,	''),
(796,	84,	31,	8,	1,	96,	100,	''),
(797,	85,	31,	8,	1,	96,	100,	''),
(798,	86,	31,	8,	1,	86,	100,	''),
(799,	87,	31,	8,	1,	100,	100,	''),
(800,	88,	31,	8,	1,	96,	100,	''),
(801,	89,	31,	8,	1,	94,	100,	''),
(802,	90,	31,	8,	1,	88,	100,	''),
(803,	91,	31,	8,	1,	100,	100,	''),
(804,	92,	31,	8,	1,	82,	100,	''),
(805,	93,	31,	8,	1,	100,	100,	''),
(806,	94,	31,	8,	1,	98,	100,	''),
(807,	95,	31,	8,	1,	86,	100,	''),
(808,	96,	31,	8,	1,	98,	100,	''),
(809,	97,	31,	8,	1,	100,	100,	''),
(810,	98,	31,	8,	1,	96,	100,	''),
(811,	99,	31,	8,	1,	0,	100,	''),
(812,	100,	31,	8,	1,	98,	100,	''),
(813,	266,	31,	8,	1,	98,	100,	''),
(814,	269,	31,	8,	1,	86,	100,	''),
(815,	309,	31,	8,	1,	92,	100,	''),
(816,	325,	31,	8,	1,	92,	100,	''),
(817,	393,	31,	8,	1,	0,	100,	''),
(818,	397,	31,	8,	1,	0,	100,	''),
(819,	58,	32,	8,	1,	98,	100,	''),
(820,	78,	32,	8,	1,	100,	100,	''),
(821,	79,	32,	8,	1,	98,	100,	''),
(822,	80,	32,	8,	1,	88,	100,	''),
(823,	81,	32,	8,	1,	62,	100,	''),
(824,	82,	32,	8,	1,	82,	100,	''),
(825,	83,	32,	8,	1,	100,	100,	''),
(826,	84,	32,	8,	1,	88,	100,	''),
(827,	85,	32,	8,	1,	100,	100,	''),
(828,	86,	32,	8,	1,	90,	100,	''),
(829,	87,	32,	8,	1,	98,	100,	''),
(830,	88,	32,	8,	1,	94,	100,	''),
(831,	89,	32,	8,	1,	92,	100,	''),
(832,	90,	32,	8,	1,	96,	100,	''),
(833,	91,	32,	8,	1,	100,	100,	''),
(834,	92,	32,	8,	1,	96,	100,	''),
(835,	93,	32,	8,	1,	96,	100,	''),
(836,	94,	32,	8,	1,	90,	100,	''),
(837,	95,	32,	8,	1,	90,	100,	''),
(838,	96,	32,	8,	1,	98,	100,	''),
(839,	97,	32,	8,	1,	98,	100,	''),
(840,	98,	32,	8,	1,	96,	100,	''),
(841,	99,	32,	8,	1,	0,	100,	''),
(842,	100,	32,	8,	1,	100,	100,	''),
(843,	266,	32,	8,	1,	96,	100,	''),
(844,	269,	32,	8,	1,	90,	100,	''),
(845,	309,	32,	8,	1,	66,	100,	''),
(846,	325,	32,	8,	1,	86,	100,	''),
(847,	393,	32,	8,	1,	0,	100,	''),
(848,	397,	32,	8,	1,	0,	100,	''),
(849,	58,	33,	8,	1,	98,	100,	''),
(850,	78,	33,	8,	1,	98,	100,	''),
(851,	79,	33,	8,	1,	90,	100,	''),
(852,	80,	33,	8,	1,	92,	100,	''),
(853,	81,	33,	8,	1,	80,	100,	''),
(854,	82,	33,	8,	1,	90,	100,	''),
(855,	83,	33,	8,	1,	96,	100,	''),
(856,	84,	33,	8,	1,	86,	100,	''),
(857,	85,	33,	8,	1,	98,	100,	''),
(858,	86,	33,	8,	1,	94,	100,	''),
(859,	87,	33,	8,	1,	100,	100,	''),
(860,	88,	33,	8,	1,	94,	100,	''),
(861,	89,	33,	8,	1,	92,	100,	''),
(862,	90,	33,	8,	1,	86,	100,	''),
(863,	91,	33,	8,	1,	92,	100,	''),
(864,	92,	33,	8,	1,	92,	100,	''),
(865,	93,	33,	8,	1,	100,	100,	''),
(866,	94,	33,	8,	1,	94,	100,	''),
(867,	95,	33,	8,	1,	82,	100,	''),
(868,	96,	33,	8,	1,	86,	100,	''),
(869,	97,	33,	8,	1,	90,	100,	''),
(870,	98,	33,	8,	1,	86,	100,	''),
(871,	99,	33,	8,	1,	0,	100,	''),
(872,	100,	33,	8,	1,	98,	100,	''),
(873,	266,	33,	8,	1,	98,	100,	''),
(874,	269,	33,	8,	1,	84,	100,	''),
(875,	309,	33,	8,	1,	70,	100,	''),
(876,	325,	33,	8,	1,	90,	100,	''),
(877,	393,	33,	8,	1,	0,	100,	''),
(878,	397,	33,	8,	1,	0,	100,	''),
(879,	101,	34,	9,	1,	61,	100,	''),
(880,	102,	34,	9,	1,	61,	100,	''),
(881,	103,	34,	9,	1,	74,	100,	''),
(882,	104,	34,	9,	1,	73,	100,	''),
(883,	105,	34,	9,	1,	74,	100,	''),
(884,	106,	34,	9,	1,	47,	100,	''),
(885,	107,	34,	9,	1,	70,	100,	''),
(886,	108,	34,	9,	1,	64,	100,	''),
(887,	109,	34,	9,	1,	63,	100,	''),
(888,	111,	34,	9,	1,	64,	100,	''),
(889,	112,	34,	9,	1,	53,	100,	''),
(890,	113,	34,	9,	1,	45,	100,	''),
(891,	114,	34,	9,	1,	66,	100,	''),
(892,	115,	34,	9,	1,	48,	100,	''),
(893,	116,	34,	9,	1,	70,	100,	''),
(894,	118,	34,	9,	1,	72,	100,	''),
(895,	119,	34,	9,	1,	64,	100,	''),
(896,	120,	34,	9,	1,	61,	100,	''),
(897,	121,	34,	9,	1,	0,	100,	''),
(898,	122,	34,	9,	1,	53,	100,	''),
(899,	123,	34,	9,	1,	69,	100,	''),
(900,	124,	34,	9,	1,	45,	100,	''),
(901,	125,	34,	9,	1,	62,	100,	''),
(902,	126,	34,	9,	1,	56,	100,	''),
(903,	127,	34,	9,	1,	46,	100,	''),
(904,	128,	34,	9,	1,	43,	100,	''),
(905,	129,	34,	9,	1,	57,	100,	''),
(906,	130,	34,	9,	1,	56,	100,	''),
(907,	131,	34,	9,	1,	68,	100,	''),
(908,	132,	34,	9,	1,	63,	100,	''),
(909,	134,	34,	9,	1,	72,	100,	''),
(910,	136,	34,	9,	1,	59,	100,	''),
(911,	138,	34,	9,	1,	57,	100,	''),
(912,	140,	34,	9,	1,	74,	100,	''),
(913,	143,	34,	9,	1,	56,	100,	''),
(914,	145,	34,	9,	1,	48,	100,	''),
(915,	146,	34,	9,	1,	54,	100,	''),
(916,	148,	34,	9,	1,	72,	100,	''),
(917,	150,	34,	9,	1,	62,	100,	''),
(918,	151,	34,	9,	1,	69,	100,	''),
(919,	153,	34,	9,	1,	71,	100,	''),
(920,	154,	34,	9,	1,	0,	100,	''),
(921,	346,	34,	9,	1,	74,	100,	''),
(922,	384,	34,	9,	1,	61,	100,	''),
(923,	396,	34,	9,	1,	57,	100,	''),
(924,	399,	34,	9,	1,	72,	100,	''),
(925,	400,	34,	9,	1,	66,	100,	''),
(926,	406,	34,	9,	1,	50,	100,	''),
(927,	101,	35,	9,	1,	63,	100,	''),
(928,	102,	35,	9,	1,	68,	100,	''),
(929,	103,	35,	9,	1,	80,	100,	''),
(930,	104,	35,	9,	1,	74,	100,	''),
(931,	105,	35,	9,	1,	82,	100,	''),
(932,	106,	35,	9,	1,	49,	100,	''),
(933,	107,	35,	9,	1,	63,	100,	''),
(934,	108,	35,	9,	1,	69,	100,	''),
(935,	109,	35,	9,	1,	63,	100,	''),
(936,	111,	35,	9,	1,	64,	100,	''),
(937,	112,	35,	9,	1,	60,	100,	''),
(938,	113,	35,	9,	1,	36,	100,	''),
(939,	114,	35,	9,	1,	79,	100,	''),
(940,	115,	35,	9,	1,	53,	100,	''),
(941,	116,	35,	9,	1,	66,	100,	''),
(942,	118,	35,	9,	1,	71,	100,	''),
(943,	119,	35,	9,	1,	45,	100,	''),
(944,	120,	35,	9,	1,	61,	100,	''),
(945,	121,	35,	9,	1,	0,	100,	''),
(946,	122,	35,	9,	1,	59,	100,	''),
(947,	123,	35,	9,	1,	57,	100,	''),
(948,	124,	35,	9,	1,	71,	100,	''),
(949,	125,	35,	9,	1,	72,	100,	''),
(950,	126,	35,	9,	1,	62,	100,	''),
(951,	127,	35,	9,	1,	48,	100,	''),
(952,	128,	35,	9,	1,	39,	100,	''),
(953,	129,	35,	9,	1,	63,	100,	''),
(954,	130,	35,	9,	1,	61,	100,	''),
(955,	131,	35,	9,	1,	73,	100,	''),
(956,	132,	35,	9,	1,	59,	100,	''),
(957,	134,	35,	9,	1,	73,	100,	''),
(958,	136,	35,	9,	1,	70,	100,	''),
(959,	138,	35,	9,	1,	61,	100,	''),
(960,	140,	35,	9,	1,	73,	100,	''),
(961,	143,	35,	9,	1,	62,	100,	''),
(962,	145,	35,	9,	1,	51,	100,	''),
(963,	146,	35,	9,	1,	76,	100,	''),
(964,	148,	35,	9,	1,	64,	100,	''),
(965,	150,	35,	9,	1,	64,	100,	''),
(966,	151,	35,	9,	1,	76,	100,	''),
(967,	153,	35,	9,	1,	73,	100,	''),
(968,	154,	35,	9,	1,	0,	100,	''),
(969,	346,	35,	9,	1,	66,	100,	''),
(970,	384,	35,	9,	1,	47,	100,	''),
(971,	396,	35,	9,	1,	73,	100,	''),
(972,	399,	35,	9,	1,	68,	100,	''),
(973,	400,	35,	9,	1,	52,	100,	''),
(974,	406,	35,	9,	1,	50,	100,	''),
(975,	101,	36,	9,	1,	80,	100,	''),
(976,	102,	36,	9,	1,	82,	100,	''),
(977,	103,	36,	9,	1,	96,	100,	''),
(978,	104,	36,	9,	1,	90,	100,	''),
(979,	105,	36,	9,	1,	92,	100,	''),
(980,	106,	36,	9,	1,	54,	100,	''),
(981,	107,	36,	9,	1,	86,	100,	''),
(982,	108,	36,	9,	1,	90,	100,	''),
(983,	109,	36,	9,	1,	92,	100,	''),
(984,	111,	36,	9,	1,	94,	100,	''),
(985,	112,	36,	9,	1,	84,	100,	''),
(986,	113,	36,	9,	1,	90,	100,	''),
(987,	114,	36,	9,	1,	96,	100,	''),
(988,	115,	36,	9,	1,	66,	100,	''),
(989,	116,	36,	9,	1,	86,	100,	''),
(990,	118,	36,	9,	1,	90,	100,	''),
(991,	119,	36,	9,	1,	60,	100,	''),
(992,	120,	36,	9,	1,	82,	100,	''),
(993,	121,	36,	9,	1,	0,	100,	''),
(994,	122,	36,	9,	1,	78,	100,	''),
(995,	123,	36,	9,	1,	88,	100,	''),
(996,	124,	36,	9,	1,	86,	100,	''),
(997,	125,	36,	9,	1,	90,	100,	''),
(998,	126,	36,	9,	1,	90,	100,	''),
(999,	127,	36,	9,	1,	50,	100,	''),
(1000,	128,	36,	9,	1,	72,	100,	''),
(1001,	129,	36,	9,	1,	88,	100,	''),
(1002,	130,	36,	9,	1,	82,	100,	''),
(1003,	131,	36,	9,	1,	82,	100,	''),
(1004,	132,	36,	9,	1,	84,	100,	''),
(1005,	134,	36,	9,	1,	88,	100,	''),
(1006,	136,	36,	9,	1,	74,	100,	''),
(1007,	138,	36,	9,	1,	80,	100,	''),
(1008,	140,	36,	9,	1,	82,	100,	''),
(1009,	143,	36,	9,	1,	84,	100,	''),
(1010,	145,	36,	9,	1,	64,	100,	''),
(1011,	146,	36,	9,	1,	94,	100,	''),
(1012,	148,	36,	9,	1,	86,	100,	''),
(1013,	150,	36,	9,	1,	76,	100,	''),
(1014,	151,	36,	9,	1,	84,	100,	''),
(1015,	153,	36,	9,	1,	84,	100,	''),
(1016,	154,	36,	9,	1,	0,	100,	''),
(1017,	346,	36,	9,	1,	92,	100,	''),
(1018,	384,	36,	9,	1,	84,	100,	''),
(1019,	396,	36,	9,	1,	90,	100,	''),
(1020,	399,	36,	9,	1,	86,	100,	''),
(1021,	400,	36,	9,	1,	68,	100,	''),
(1022,	406,	36,	9,	1,	86,	100,	''),
(1023,	101,	37,	9,	1,	82,	100,	''),
(1024,	102,	37,	9,	1,	76,	100,	''),
(1025,	103,	37,	9,	1,	86,	100,	''),
(1026,	104,	37,	9,	1,	86,	100,	''),
(1027,	105,	37,	9,	1,	80,	100,	''),
(1028,	106,	37,	9,	1,	72,	100,	''),
(1029,	107,	37,	9,	1,	80,	100,	''),
(1030,	108,	37,	9,	1,	84,	100,	''),
(1031,	109,	37,	9,	1,	82,	100,	''),
(1032,	111,	37,	9,	1,	82,	100,	''),
(1033,	112,	37,	9,	1,	72,	100,	''),
(1034,	113,	37,	9,	1,	58,	100,	''),
(1035,	114,	37,	9,	1,	78,	100,	''),
(1036,	115,	37,	9,	1,	78,	100,	''),
(1037,	116,	37,	9,	1,	82,	100,	''),
(1038,	118,	37,	9,	1,	82,	100,	''),
(1039,	119,	37,	9,	1,	64,	100,	''),
(1040,	120,	37,	9,	1,	70,	100,	''),
(1041,	121,	37,	9,	1,	0,	100,	''),
(1042,	122,	37,	9,	1,	66,	100,	''),
(1043,	123,	37,	9,	1,	84,	100,	''),
(1044,	124,	37,	9,	1,	66,	100,	''),
(1045,	125,	37,	9,	1,	84,	100,	''),
(1046,	126,	37,	9,	1,	72,	100,	''),
(1047,	127,	37,	9,	1,	54,	100,	''),
(1048,	128,	37,	9,	1,	68,	100,	''),
(1049,	129,	37,	9,	1,	70,	100,	''),
(1050,	130,	37,	9,	1,	78,	100,	''),
(1051,	131,	37,	9,	1,	78,	100,	''),
(1052,	132,	37,	9,	1,	68,	100,	''),
(1053,	134,	37,	9,	1,	84,	100,	''),
(1054,	136,	37,	9,	1,	66,	100,	''),
(1055,	138,	37,	9,	1,	74,	100,	''),
(1056,	140,	37,	9,	1,	88,	100,	''),
(1057,	143,	37,	9,	1,	70,	100,	''),
(1058,	145,	37,	9,	1,	62,	100,	''),
(1059,	146,	37,	9,	1,	80,	100,	''),
(1060,	148,	37,	9,	1,	82,	100,	''),
(1061,	150,	37,	9,	1,	64,	100,	''),
(1062,	151,	37,	9,	1,	76,	100,	''),
(1063,	153,	37,	9,	1,	70,	100,	''),
(1064,	154,	37,	9,	1,	0,	100,	''),
(1065,	346,	37,	9,	1,	76,	100,	''),
(1066,	384,	37,	9,	1,	74,	100,	''),
(1067,	396,	37,	9,	1,	74,	100,	''),
(1068,	399,	37,	9,	1,	80,	100,	''),
(1069,	400,	37,	9,	1,	72,	100,	''),
(1070,	406,	37,	9,	1,	68,	100,	''),
(1071,	101,	38,	9,	1,	90,	100,	''),
(1072,	102,	38,	9,	1,	62,	100,	''),
(1073,	103,	38,	9,	1,	90,	100,	''),
(1074,	104,	38,	9,	1,	83,	100,	''),
(1075,	105,	38,	9,	1,	89,	100,	''),
(1076,	106,	38,	9,	1,	69,	100,	''),
(1077,	107,	38,	9,	1,	78,	100,	''),
(1078,	108,	38,	9,	1,	81,	100,	''),
(1079,	109,	38,	9,	1,	74,	100,	''),
(1080,	111,	38,	9,	1,	89,	100,	''),
(1081,	112,	38,	9,	1,	79,	100,	''),
(1082,	113,	38,	9,	1,	57,	100,	''),
(1083,	114,	38,	9,	1,	84,	100,	''),
(1084,	115,	38,	9,	1,	64,	100,	''),
(1085,	116,	38,	9,	1,	87,	100,	''),
(1086,	118,	38,	9,	1,	86,	100,	''),
(1087,	119,	38,	9,	1,	64,	100,	''),
(1088,	120,	38,	9,	1,	61,	100,	''),
(1089,	121,	38,	9,	1,	0,	100,	''),
(1090,	122,	38,	9,	1,	71,	100,	''),
(1091,	123,	38,	9,	1,	83,	100,	''),
(1092,	124,	38,	9,	1,	66,	100,	''),
(1093,	125,	38,	9,	1,	91,	100,	''),
(1094,	126,	38,	9,	1,	74,	100,	''),
(1095,	127,	38,	9,	1,	54,	100,	''),
(1096,	128,	38,	9,	1,	57,	100,	''),
(1097,	129,	38,	9,	1,	60,	100,	''),
(1098,	130,	38,	9,	1,	76,	100,	''),
(1099,	131,	38,	9,	1,	80,	100,	''),
(1100,	132,	38,	9,	1,	67,	100,	''),
(1101,	134,	38,	9,	1,	83,	100,	''),
(1102,	136,	38,	9,	1,	71,	100,	''),
(1103,	138,	38,	9,	1,	70,	100,	''),
(1104,	140,	38,	9,	1,	87,	100,	''),
(1105,	143,	38,	9,	1,	76,	100,	''),
(1106,	145,	38,	9,	1,	60,	100,	''),
(1107,	146,	38,	9,	1,	76,	100,	''),
(1108,	148,	38,	9,	1,	82,	100,	''),
(1109,	150,	38,	9,	1,	73,	100,	''),
(1110,	151,	38,	9,	1,	72,	100,	''),
(1111,	153,	38,	9,	1,	78,	100,	''),
(1112,	154,	38,	9,	1,	0,	100,	''),
(1113,	346,	38,	9,	1,	86,	100,	''),
(1114,	384,	38,	9,	1,	59,	100,	''),
(1115,	396,	38,	9,	1,	69,	100,	''),
(1116,	399,	38,	9,	1,	76,	100,	''),
(1117,	400,	38,	9,	1,	71,	100,	''),
(1118,	406,	38,	9,	1,	70,	100,	''),
(1119,	117,	39,	10,	1,	56,	100,	''),
(1120,	161,	39,	10,	1,	70,	100,	''),
(1121,	163,	39,	10,	1,	53,	100,	''),
(1122,	165,	39,	10,	1,	85,	100,	''),
(1123,	166,	39,	10,	1,	53,	100,	''),
(1124,	168,	39,	10,	1,	81,	100,	''),
(1125,	169,	39,	10,	1,	61,	100,	''),
(1126,	182,	39,	10,	1,	0,	100,	''),
(1127,	185,	39,	10,	1,	0,	100,	''),
(1128,	187,	39,	10,	1,	65,	100,	''),
(1129,	188,	39,	10,	1,	75,	100,	''),
(1130,	190,	39,	10,	1,	78,	100,	''),
(1131,	192,	39,	10,	1,	62,	100,	''),
(1132,	193,	39,	10,	1,	60,	100,	''),
(1133,	195,	39,	10,	1,	63,	100,	''),
(1134,	204,	39,	10,	1,	64,	100,	''),
(1135,	205,	39,	10,	1,	46,	100,	''),
(1136,	224,	39,	10,	1,	67,	100,	''),
(1137,	225,	39,	10,	1,	67,	100,	''),
(1138,	226,	39,	10,	1,	76,	100,	''),
(1139,	227,	39,	10,	1,	0,	100,	''),
(1140,	228,	39,	10,	1,	76,	100,	''),
(1141,	229,	39,	10,	1,	68,	100,	''),
(1142,	230,	39,	10,	1,	64,	100,	''),
(1143,	231,	39,	10,	1,	61,	100,	''),
(1144,	232,	39,	10,	1,	58,	100,	''),
(1145,	233,	39,	10,	1,	62,	100,	''),
(1146,	234,	39,	10,	1,	70,	100,	''),
(1147,	235,	39,	10,	1,	64,	100,	''),
(1148,	236,	39,	10,	1,	56,	100,	''),
(1149,	237,	39,	10,	1,	31,	100,	''),
(1150,	238,	39,	10,	1,	59,	100,	''),
(1151,	239,	39,	10,	1,	53,	100,	''),
(1152,	240,	39,	10,	1,	68,	100,	''),
(1153,	241,	39,	10,	1,	62,	100,	''),
(1154,	242,	39,	10,	1,	71,	100,	''),
(1155,	243,	39,	10,	1,	57,	100,	''),
(1156,	244,	39,	10,	1,	63,	100,	''),
(1157,	245,	39,	10,	1,	0,	100,	''),
(1158,	246,	39,	10,	1,	66,	100,	''),
(1159,	247,	39,	10,	1,	59,	100,	''),
(1160,	248,	39,	10,	1,	0,	100,	''),
(1161,	249,	39,	10,	1,	48,	100,	''),
(1162,	250,	39,	10,	1,	68,	100,	''),
(1163,	251,	39,	10,	1,	68,	100,	''),
(1164,	252,	39,	10,	1,	68,	100,	''),
(1165,	253,	39,	10,	1,	0,	100,	''),
(1166,	315,	39,	10,	1,	61,	100,	''),
(1167,	329,	39,	10,	1,	78,	100,	''),
(1168,	331,	39,	10,	1,	67,	100,	''),
(1169,	332,	39,	10,	1,	64,	100,	''),
(1170,	334,	39,	10,	1,	63,	100,	''),
(1171,	392,	39,	10,	1,	0,	100,	''),
(1172,	401,	39,	10,	1,	39,	100,	''),
(1173,	117,	40,	10,	1,	59,	100,	''),
(1174,	161,	40,	10,	1,	68,	100,	''),
(1175,	163,	40,	10,	1,	56,	100,	''),
(1176,	165,	40,	10,	1,	83,	100,	''),
(1177,	166,	40,	10,	1,	39,	100,	''),
(1178,	168,	40,	10,	1,	81,	100,	''),
(1179,	169,	40,	10,	1,	71,	100,	''),
(1180,	182,	40,	10,	1,	0,	100,	''),
(1181,	185,	40,	10,	1,	0,	100,	''),
(1182,	187,	40,	10,	1,	60,	100,	''),
(1183,	188,	40,	10,	1,	71,	100,	''),
(1184,	190,	40,	10,	1,	82,	100,	''),
(1185,	192,	40,	10,	1,	59,	100,	''),
(1186,	193,	40,	10,	1,	78,	100,	''),
(1187,	195,	40,	10,	1,	54,	100,	''),
(1188,	204,	40,	10,	1,	71,	100,	''),
(1189,	205,	40,	10,	1,	59,	100,	''),
(1190,	224,	40,	10,	1,	78,	100,	''),
(1191,	225,	40,	10,	1,	70,	100,	''),
(1192,	226,	40,	10,	1,	73,	100,	''),
(1193,	227,	40,	10,	1,	0,	100,	''),
(1194,	228,	40,	10,	1,	68,	100,	''),
(1195,	229,	40,	10,	1,	70,	100,	''),
(1196,	230,	40,	10,	1,	78,	100,	''),
(1197,	231,	40,	10,	1,	62,	100,	''),
(1198,	232,	40,	10,	1,	72,	100,	''),
(1199,	233,	40,	10,	1,	69,	100,	''),
(1200,	234,	40,	10,	1,	70,	100,	''),
(1201,	235,	40,	10,	1,	69,	100,	''),
(1202,	236,	40,	10,	1,	56,	100,	''),
(1203,	237,	40,	10,	1,	42,	100,	''),
(1204,	238,	40,	10,	1,	60,	100,	''),
(1205,	239,	40,	10,	1,	61,	100,	''),
(1206,	240,	40,	10,	1,	65,	100,	''),
(1207,	241,	40,	10,	1,	71,	100,	''),
(1208,	242,	40,	10,	1,	64,	100,	''),
(1209,	243,	40,	10,	1,	56,	100,	''),
(1210,	244,	40,	10,	1,	57,	100,	''),
(1211,	245,	40,	10,	1,	0,	100,	''),
(1212,	246,	40,	10,	1,	66,	100,	''),
(1213,	247,	40,	10,	1,	63,	100,	''),
(1214,	248,	40,	10,	1,	0,	100,	''),
(1215,	249,	40,	10,	1,	59,	100,	''),
(1216,	250,	40,	10,	1,	60,	100,	''),
(1217,	251,	40,	10,	1,	63,	100,	''),
(1218,	252,	40,	10,	1,	63,	100,	''),
(1219,	253,	40,	10,	1,	0,	100,	''),
(1220,	315,	40,	10,	1,	65,	100,	''),
(1221,	329,	40,	10,	1,	78,	100,	''),
(1222,	331,	40,	10,	1,	68,	100,	''),
(1223,	332,	40,	10,	1,	62,	100,	''),
(1224,	334,	40,	10,	1,	68,	100,	''),
(1225,	392,	40,	10,	1,	0,	100,	''),
(1226,	401,	40,	10,	1,	42,	100,	''),
(1227,	117,	41,	10,	1,	76,	100,	''),
(1228,	161,	41,	10,	1,	90,	100,	''),
(1229,	163,	41,	10,	1,	76,	100,	''),
(1230,	165,	41,	10,	1,	98,	100,	''),
(1231,	166,	41,	10,	1,	56,	100,	''),
(1232,	168,	41,	10,	1,	98,	100,	''),
(1233,	169,	41,	10,	1,	78,	100,	''),
(1234,	182,	41,	10,	1,	0,	100,	''),
(1235,	185,	41,	10,	1,	0,	100,	''),
(1236,	187,	41,	10,	1,	84,	100,	''),
(1237,	188,	41,	10,	1,	90,	100,	''),
(1238,	190,	41,	10,	1,	88,	100,	''),
(1239,	192,	41,	10,	1,	76,	100,	''),
(1240,	193,	41,	10,	1,	96,	100,	''),
(1241,	195,	41,	10,	1,	84,	100,	''),
(1242,	204,	41,	10,	1,	84,	100,	''),
(1243,	205,	41,	10,	1,	60,	100,	''),
(1244,	224,	41,	10,	1,	88,	100,	''),
(1245,	225,	41,	10,	1,	70,	100,	''),
(1246,	226,	41,	10,	1,	76,	100,	''),
(1247,	227,	41,	10,	1,	0,	100,	''),
(1248,	228,	41,	10,	1,	94,	100,	''),
(1249,	229,	41,	10,	1,	76,	100,	''),
(1250,	230,	41,	10,	1,	92,	100,	''),
(1251,	231,	41,	10,	1,	60,	100,	''),
(1252,	232,	41,	10,	1,	78,	100,	''),
(1253,	233,	41,	10,	1,	86,	100,	''),
(1254,	234,	41,	10,	1,	80,	100,	''),
(1255,	235,	41,	10,	1,	78,	100,	''),
(1256,	236,	41,	10,	1,	62,	100,	''),
(1257,	237,	41,	10,	1,	26,	100,	''),
(1258,	238,	41,	10,	1,	68,	100,	''),
(1259,	239,	41,	10,	1,	54,	100,	''),
(1260,	240,	41,	10,	1,	100,	100,	''),
(1261,	241,	41,	10,	1,	62,	100,	''),
(1262,	242,	41,	10,	1,	88,	100,	''),
(1263,	243,	41,	10,	1,	82,	100,	''),
(1264,	244,	41,	10,	1,	72,	100,	''),
(1265,	245,	41,	10,	1,	0,	100,	''),
(1266,	246,	41,	10,	1,	82,	100,	''),
(1267,	247,	41,	10,	1,	86,	100,	''),
(1268,	248,	41,	10,	1,	0,	100,	''),
(1269,	249,	41,	10,	1,	48,	100,	''),
(1270,	250,	41,	10,	1,	88,	100,	''),
(1271,	251,	41,	10,	1,	76,	100,	''),
(1272,	252,	41,	10,	1,	82,	100,	''),
(1273,	253,	41,	10,	1,	0,	100,	''),
(1274,	315,	41,	10,	1,	72,	100,	''),
(1275,	329,	41,	10,	1,	94,	100,	''),
(1276,	331,	41,	10,	1,	84,	100,	''),
(1277,	332,	41,	10,	1,	88,	100,	''),
(1278,	334,	41,	10,	1,	84,	100,	''),
(1279,	392,	41,	10,	1,	0,	100,	''),
(1280,	401,	41,	10,	1,	46,	100,	''),
(1281,	117,	42,	10,	1,	90,	100,	''),
(1282,	161,	42,	10,	1,	88,	100,	''),
(1283,	163,	42,	10,	1,	74,	100,	''),
(1284,	165,	42,	10,	1,	98,	100,	''),
(1285,	166,	42,	10,	1,	58,	100,	''),
(1286,	168,	42,	10,	1,	94,	100,	''),
(1287,	169,	42,	10,	1,	84,	100,	''),
(1288,	182,	42,	10,	1,	0,	100,	''),
(1289,	185,	42,	10,	1,	0,	100,	''),
(1290,	187,	42,	10,	1,	82,	100,	''),
(1291,	188,	42,	10,	1,	88,	100,	''),
(1292,	190,	42,	10,	1,	94,	100,	''),
(1293,	192,	42,	10,	1,	72,	100,	''),
(1294,	193,	42,	10,	1,	90,	100,	''),
(1295,	195,	42,	10,	1,	86,	100,	''),
(1296,	204,	42,	10,	1,	86,	100,	''),
(1297,	205,	42,	10,	1,	62,	100,	''),
(1298,	224,	42,	10,	1,	88,	100,	''),
(1299,	225,	42,	10,	1,	96,	100,	''),
(1300,	226,	42,	10,	1,	66,	100,	''),
(1301,	227,	42,	10,	1,	0,	100,	''),
(1302,	228,	42,	10,	1,	80,	100,	''),
(1303,	229,	42,	10,	1,	78,	100,	''),
(1304,	230,	42,	10,	1,	94,	100,	''),
(1305,	231,	42,	10,	1,	86,	100,	''),
(1306,	232,	42,	10,	1,	78,	100,	''),
(1307,	233,	42,	10,	1,	82,	100,	''),
(1308,	234,	42,	10,	1,	72,	100,	''),
(1309,	235,	42,	10,	1,	76,	100,	''),
(1310,	236,	42,	10,	1,	68,	100,	''),
(1311,	237,	42,	10,	1,	20,	100,	''),
(1312,	238,	42,	10,	1,	72,	100,	''),
(1313,	239,	42,	10,	1,	70,	100,	''),
(1314,	240,	42,	10,	1,	88,	100,	''),
(1315,	241,	42,	10,	1,	80,	100,	''),
(1316,	242,	42,	10,	1,	82,	100,	''),
(1317,	243,	42,	10,	1,	72,	100,	''),
(1318,	244,	42,	10,	1,	62,	100,	''),
(1319,	245,	42,	10,	1,	0,	100,	''),
(1320,	246,	42,	10,	1,	80,	100,	''),
(1321,	247,	42,	10,	1,	88,	100,	''),
(1322,	248,	42,	10,	1,	0,	100,	''),
(1323,	249,	42,	10,	1,	72,	100,	''),
(1324,	250,	42,	10,	1,	84,	100,	''),
(1325,	251,	42,	10,	1,	82,	100,	''),
(1326,	252,	42,	10,	1,	68,	100,	''),
(1327,	253,	42,	10,	1,	0,	100,	''),
(1328,	315,	42,	10,	1,	72,	100,	''),
(1329,	329,	42,	10,	1,	96,	100,	''),
(1330,	331,	42,	10,	1,	76,	100,	''),
(1331,	332,	42,	10,	1,	90,	100,	''),
(1332,	334,	42,	10,	1,	68,	100,	''),
(1333,	392,	42,	10,	1,	0,	100,	''),
(1334,	401,	42,	10,	1,	64,	100,	''),
(1335,	117,	43,	10,	1,	73,	100,	''),
(1336,	161,	43,	10,	1,	82,	100,	''),
(1337,	163,	43,	10,	1,	67,	100,	''),
(1338,	165,	43,	10,	1,	97,	100,	''),
(1339,	166,	43,	10,	1,	52,	100,	''),
(1340,	168,	43,	10,	1,	93,	100,	''),
(1341,	169,	43,	10,	1,	91,	100,	''),
(1342,	182,	43,	10,	1,	0,	100,	''),
(1343,	185,	43,	10,	1,	0,	100,	''),
(1344,	187,	43,	10,	1,	81,	100,	''),
(1345,	188,	43,	10,	1,	90,	100,	''),
(1346,	190,	43,	10,	1,	89,	100,	''),
(1347,	192,	43,	10,	1,	74,	100,	''),
(1348,	193,	43,	10,	1,	76,	100,	''),
(1349,	195,	43,	10,	1,	81,	100,	''),
(1350,	204,	43,	10,	1,	74,	100,	''),
(1351,	205,	43,	10,	1,	62,	100,	''),
(1352,	224,	43,	10,	1,	87,	100,	''),
(1353,	225,	43,	10,	1,	91,	100,	''),
(1354,	226,	43,	10,	1,	83,	100,	''),
(1355,	227,	43,	10,	1,	0,	100,	''),
(1356,	228,	43,	10,	1,	80,	100,	''),
(1357,	229,	43,	10,	1,	80,	100,	''),
(1358,	230,	43,	10,	1,	64,	100,	''),
(1359,	231,	43,	10,	1,	71,	100,	''),
(1360,	232,	43,	10,	1,	71,	100,	''),
(1361,	233,	43,	10,	1,	88,	100,	''),
(1362,	234,	43,	10,	1,	79,	100,	''),
(1363,	235,	43,	10,	1,	72,	100,	''),
(1364,	236,	43,	10,	1,	63,	100,	''),
(1365,	237,	43,	10,	1,	24,	100,	''),
(1366,	238,	43,	10,	1,	69,	100,	''),
(1367,	239,	43,	10,	1,	70,	100,	''),
(1368,	240,	43,	10,	1,	74,	100,	''),
(1369,	241,	43,	10,	1,	84,	100,	''),
(1370,	242,	43,	10,	1,	77,	100,	''),
(1371,	243,	43,	10,	1,	73,	100,	''),
(1372,	244,	43,	10,	1,	76,	100,	''),
(1373,	245,	43,	10,	1,	0,	100,	''),
(1374,	246,	43,	10,	1,	86,	100,	''),
(1375,	247,	43,	10,	1,	72,	100,	''),
(1376,	248,	43,	10,	1,	0,	100,	''),
(1377,	249,	43,	10,	1,	53,	100,	''),
(1378,	250,	43,	10,	1,	76,	100,	''),
(1379,	251,	43,	10,	1,	79,	100,	''),
(1380,	252,	43,	10,	1,	78,	100,	''),
(1381,	253,	43,	10,	1,	0,	100,	''),
(1382,	315,	43,	10,	1,	62,	100,	''),
(1383,	329,	43,	10,	1,	90,	100,	''),
(1384,	331,	43,	10,	1,	82,	100,	''),
(1385,	332,	43,	10,	1,	79,	100,	''),
(1386,	334,	43,	10,	1,	64,	100,	''),
(1387,	392,	43,	10,	1,	0,	100,	''),
(1388,	401,	43,	10,	1,	71,	100,	''),
(1389,	110,	44,	11,	1,	63,	100,	''),
(1390,	133,	44,	11,	1,	49,	100,	''),
(1391,	135,	44,	11,	1,	52,	100,	''),
(1392,	137,	44,	11,	1,	54,	100,	''),
(1393,	139,	44,	11,	1,	56,	100,	''),
(1394,	141,	44,	11,	1,	34,	100,	''),
(1395,	142,	44,	11,	1,	46,	100,	''),
(1396,	144,	44,	11,	1,	52,	100,	''),
(1397,	147,	44,	11,	1,	45,	100,	''),
(1398,	149,	44,	11,	1,	56,	100,	''),
(1399,	152,	44,	11,	1,	0,	100,	''),
(1400,	155,	44,	11,	1,	57,	100,	''),
(1401,	156,	44,	11,	1,	65,	100,	''),
(1402,	157,	44,	11,	1,	61,	100,	''),
(1403,	158,	44,	11,	1,	52,	100,	''),
(1404,	159,	44,	11,	1,	53,	100,	''),
(1405,	160,	44,	11,	1,	48,	100,	''),
(1406,	162,	44,	11,	1,	56,	100,	''),
(1407,	164,	44,	11,	1,	39,	100,	''),
(1408,	167,	44,	11,	1,	53,	100,	''),
(1409,	170,	44,	11,	1,	49,	100,	''),
(1410,	171,	44,	11,	1,	56,	100,	''),
(1411,	172,	44,	11,	1,	57,	100,	''),
(1412,	173,	44,	11,	1,	44,	100,	''),
(1413,	174,	44,	11,	1,	51,	100,	''),
(1414,	175,	44,	11,	1,	53,	100,	''),
(1415,	176,	44,	11,	1,	57,	100,	''),
(1416,	177,	44,	11,	1,	52,	100,	''),
(1417,	178,	44,	11,	1,	68,	100,	''),
(1418,	179,	44,	11,	1,	64,	100,	''),
(1419,	180,	44,	11,	1,	52,	100,	''),
(1420,	181,	44,	11,	1,	41,	100,	''),
(1421,	183,	44,	11,	1,	52,	100,	''),
(1422,	184,	44,	11,	1,	68,	100,	''),
(1423,	186,	44,	11,	1,	69,	100,	''),
(1424,	189,	44,	11,	1,	32,	100,	''),
(1425,	191,	44,	11,	1,	59,	100,	''),
(1426,	194,	44,	11,	1,	51,	100,	''),
(1427,	196,	44,	11,	1,	50,	100,	''),
(1428,	197,	44,	11,	1,	59,	100,	''),
(1429,	198,	44,	11,	1,	41,	100,	''),
(1430,	199,	44,	11,	1,	59,	100,	''),
(1431,	200,	44,	11,	1,	71,	100,	''),
(1432,	201,	44,	11,	1,	44,	100,	''),
(1433,	202,	44,	11,	1,	60,	100,	''),
(1434,	203,	44,	11,	1,	44,	100,	''),
(1435,	206,	44,	11,	1,	38,	100,	''),
(1436,	207,	44,	11,	1,	60,	100,	''),
(1437,	208,	44,	11,	1,	59,	100,	''),
(1438,	209,	44,	11,	1,	0,	100,	''),
(1439,	210,	44,	11,	1,	69,	100,	''),
(1440,	211,	44,	11,	1,	61,	100,	''),
(1441,	212,	44,	11,	1,	47,	100,	''),
(1442,	213,	44,	11,	1,	46,	100,	''),
(1443,	214,	44,	11,	1,	70,	100,	''),
(1444,	215,	44,	11,	1,	54,	100,	''),
(1445,	216,	44,	11,	1,	38,	100,	''),
(1446,	217,	44,	11,	1,	60,	100,	''),
(1447,	218,	44,	11,	1,	69,	100,	''),
(1448,	219,	44,	11,	1,	60,	100,	''),
(1449,	220,	44,	11,	1,	59,	100,	''),
(1450,	221,	44,	11,	1,	51,	100,	''),
(1451,	222,	44,	11,	1,	59,	100,	''),
(1452,	223,	44,	11,	1,	46,	100,	''),
(1453,	310,	44,	11,	1,	54,	100,	''),
(1454,	323,	44,	11,	1,	48,	100,	''),
(1455,	366,	44,	11,	1,	66,	100,	''),
(1456,	367,	44,	11,	1,	43,	100,	''),
(1457,	369,	44,	11,	1,	52,	100,	''),
(1458,	370,	44,	11,	1,	46,	100,	''),
(1459,	379,	44,	11,	1,	49,	100,	''),
(1460,	381,	44,	11,	1,	60,	100,	''),
(1461,	391,	44,	11,	1,	0,	100,	''),
(1462,	394,	44,	11,	1,	0,	100,	''),
(1463,	403,	44,	11,	1,	58,	100,	''),
(1464,	405,	44,	11,	1,	62,	100,	''),
(1465,	409,	44,	11,	1,	49,	100,	''),
(1466,	410,	44,	11,	1,	50,	100,	''),
(1467,	411,	44,	11,	1,	52,	100,	''),
(1468,	110,	45,	11,	1,	68,	100,	''),
(1469,	133,	45,	11,	1,	59,	100,	''),
(1470,	135,	45,	11,	1,	62,	100,	''),
(1471,	137,	45,	11,	1,	67,	100,	''),
(1472,	139,	45,	11,	1,	58,	100,	''),
(1473,	141,	45,	11,	1,	46,	100,	''),
(1474,	142,	45,	11,	1,	68,	100,	''),
(1475,	144,	45,	11,	1,	60,	100,	''),
(1476,	147,	45,	11,	1,	57,	100,	''),
(1477,	149,	45,	11,	1,	63,	100,	''),
(1478,	152,	45,	11,	1,	0,	100,	''),
(1479,	155,	45,	11,	1,	61,	100,	''),
(1480,	156,	45,	11,	1,	71,	100,	''),
(1481,	157,	45,	11,	1,	76,	100,	''),
(1482,	158,	45,	11,	1,	70,	100,	''),
(1483,	159,	45,	11,	1,	71,	100,	''),
(1484,	160,	45,	11,	1,	61,	100,	''),
(1485,	162,	45,	11,	1,	61,	100,	''),
(1486,	164,	45,	11,	1,	54,	100,	''),
(1487,	167,	45,	11,	1,	75,	100,	''),
(1488,	170,	45,	11,	1,	62,	100,	''),
(1489,	171,	45,	11,	1,	60,	100,	''),
(1490,	172,	45,	11,	1,	50,	100,	''),
(1491,	173,	45,	11,	1,	53,	100,	''),
(1492,	174,	45,	11,	1,	52,	100,	''),
(1493,	175,	45,	11,	1,	56,	100,	''),
(1494,	176,	45,	11,	1,	56,	100,	''),
(1495,	177,	45,	11,	1,	59,	100,	''),
(1496,	178,	45,	11,	1,	62,	100,	''),
(1497,	179,	45,	11,	1,	59,	100,	''),
(1498,	180,	45,	11,	1,	70,	100,	''),
(1499,	181,	45,	11,	1,	63,	100,	''),
(1500,	183,	45,	11,	1,	58,	100,	''),
(1501,	184,	45,	11,	1,	68,	100,	''),
(1502,	186,	45,	11,	1,	76,	100,	''),
(1503,	189,	45,	11,	1,	62,	100,	''),
(1504,	191,	45,	11,	1,	70,	100,	''),
(1505,	194,	45,	11,	1,	67,	100,	''),
(1506,	196,	45,	11,	1,	60,	100,	''),
(1507,	197,	45,	11,	1,	66,	100,	''),
(1508,	198,	45,	11,	1,	31,	100,	''),
(1509,	199,	45,	11,	1,	64,	100,	''),
(1510,	200,	45,	11,	1,	72,	100,	''),
(1511,	201,	45,	11,	1,	50,	100,	''),
(1512,	202,	45,	11,	1,	62,	100,	''),
(1513,	203,	45,	11,	1,	51,	100,	''),
(1514,	206,	45,	11,	1,	44,	100,	''),
(1515,	207,	45,	11,	1,	63,	100,	''),
(1516,	208,	45,	11,	1,	66,	100,	''),
(1517,	209,	45,	11,	1,	0,	100,	''),
(1518,	210,	45,	11,	1,	83,	100,	''),
(1519,	211,	45,	11,	1,	74,	100,	''),
(1520,	212,	45,	11,	1,	53,	100,	''),
(1521,	213,	45,	11,	1,	71,	100,	''),
(1522,	214,	45,	11,	1,	76,	100,	''),
(1523,	215,	45,	11,	1,	65,	100,	''),
(1524,	216,	45,	11,	1,	58,	100,	''),
(1525,	217,	45,	11,	1,	71,	100,	''),
(1526,	218,	45,	11,	1,	69,	100,	''),
(1527,	219,	45,	11,	1,	58,	100,	''),
(1528,	220,	45,	11,	1,	77,	100,	''),
(1529,	221,	45,	11,	1,	73,	100,	''),
(1530,	222,	45,	11,	1,	68,	100,	''),
(1531,	223,	45,	11,	1,	61,	100,	''),
(1532,	310,	45,	11,	1,	66,	100,	''),
(1533,	323,	45,	11,	1,	50,	100,	''),
(1534,	366,	45,	11,	1,	59,	100,	''),
(1535,	367,	45,	11,	1,	50,	100,	''),
(1536,	369,	45,	11,	1,	67,	100,	''),
(1537,	370,	45,	11,	1,	60,	100,	''),
(1538,	379,	45,	11,	1,	53,	100,	''),
(1539,	381,	45,	11,	1,	53,	100,	''),
(1540,	391,	45,	11,	1,	0,	100,	''),
(1541,	394,	45,	11,	1,	0,	100,	''),
(1542,	403,	45,	11,	1,	56,	100,	''),
(1543,	405,	45,	11,	1,	64,	100,	''),
(1544,	409,	45,	11,	1,	61,	100,	''),
(1545,	410,	45,	11,	1,	62,	100,	''),
(1546,	411,	45,	11,	1,	52,	100,	''),
(1547,	110,	46,	11,	1,	94,	100,	''),
(1548,	133,	46,	11,	1,	60,	100,	''),
(1549,	135,	46,	11,	1,	72,	100,	''),
(1550,	137,	46,	11,	1,	84,	100,	''),
(1551,	139,	46,	11,	1,	70,	100,	''),
(1552,	141,	46,	11,	1,	46,	100,	''),
(1553,	142,	46,	11,	1,	82,	100,	''),
(1554,	144,	46,	11,	1,	72,	100,	''),
(1555,	147,	46,	11,	1,	0,	100,	''),
(1556,	149,	46,	11,	1,	80,	100,	''),
(1557,	152,	46,	11,	1,	0,	100,	''),
(1558,	155,	46,	11,	1,	50,	100,	''),
(1559,	156,	46,	11,	1,	92,	100,	''),
(1560,	157,	46,	11,	1,	70,	100,	''),
(1561,	158,	46,	11,	1,	64,	100,	''),
(1562,	159,	46,	11,	1,	66,	100,	''),
(1563,	160,	46,	11,	1,	78,	100,	''),
(1564,	162,	46,	11,	1,	68,	100,	''),
(1565,	164,	46,	11,	1,	34,	100,	''),
(1566,	167,	46,	11,	1,	88,	100,	''),
(1567,	170,	46,	11,	1,	68,	100,	''),
(1568,	171,	46,	11,	1,	54,	100,	''),
(1569,	172,	46,	11,	1,	80,	100,	''),
(1570,	173,	46,	11,	1,	70,	100,	''),
(1571,	174,	46,	11,	1,	36,	100,	''),
(1572,	175,	46,	11,	1,	54,	100,	''),
(1573,	176,	46,	11,	1,	56,	100,	''),
(1574,	177,	46,	11,	1,	90,	100,	''),
(1575,	178,	46,	11,	1,	92,	100,	''),
(1576,	179,	46,	11,	1,	90,	100,	''),
(1577,	180,	46,	11,	1,	78,	100,	''),
(1578,	181,	46,	11,	1,	64,	100,	''),
(1579,	183,	46,	11,	1,	86,	100,	''),
(1580,	184,	46,	11,	1,	84,	100,	''),
(1581,	186,	46,	11,	1,	96,	100,	''),
(1582,	189,	46,	11,	1,	64,	100,	''),
(1583,	191,	46,	11,	1,	92,	100,	''),
(1584,	194,	46,	11,	1,	46,	100,	''),
(1585,	196,	46,	11,	1,	80,	100,	''),
(1586,	197,	46,	11,	1,	84,	100,	''),
(1587,	198,	46,	11,	1,	64,	100,	''),
(1588,	199,	46,	11,	1,	84,	100,	''),
(1589,	200,	46,	11,	1,	64,	100,	''),
(1590,	201,	46,	11,	1,	78,	100,	''),
(1591,	202,	46,	11,	1,	90,	100,	''),
(1592,	203,	46,	11,	1,	64,	100,	''),
(1593,	206,	46,	11,	1,	76,	100,	''),
(1594,	207,	46,	11,	1,	78,	100,	''),
(1595,	208,	46,	11,	1,	92,	100,	''),
(1596,	209,	46,	11,	1,	0,	100,	''),
(1597,	210,	46,	11,	1,	94,	100,	''),
(1598,	211,	46,	11,	1,	64,	100,	''),
(1599,	212,	46,	11,	1,	46,	100,	''),
(1600,	213,	46,	11,	1,	58,	100,	''),
(1601,	214,	46,	11,	1,	84,	100,	''),
(1602,	215,	46,	11,	1,	72,	100,	''),
(1603,	216,	46,	11,	1,	62,	100,	''),
(1604,	217,	46,	11,	1,	68,	100,	''),
(1605,	218,	46,	11,	1,	88,	100,	''),
(1606,	219,	46,	11,	1,	58,	100,	''),
(1607,	220,	46,	11,	1,	96,	100,	''),
(1608,	221,	46,	11,	1,	78,	100,	''),
(1609,	222,	46,	11,	1,	88,	100,	''),
(1610,	223,	46,	11,	1,	42,	100,	''),
(1611,	310,	46,	11,	1,	70,	100,	''),
(1612,	323,	46,	11,	1,	50,	100,	''),
(1613,	366,	46,	11,	1,	58,	100,	''),
(1614,	367,	46,	11,	1,	20,	100,	''),
(1615,	369,	46,	11,	1,	78,	100,	''),
(1616,	370,	46,	11,	1,	58,	100,	''),
(1617,	379,	46,	11,	1,	58,	100,	''),
(1618,	381,	46,	11,	1,	68,	100,	''),
(1619,	391,	46,	11,	1,	0,	100,	''),
(1620,	394,	46,	11,	1,	0,	100,	''),
(1621,	403,	46,	11,	1,	68,	100,	''),
(1622,	405,	46,	11,	1,	84,	100,	''),
(1623,	409,	46,	11,	1,	64,	100,	''),
(1624,	410,	46,	11,	1,	40,	100,	''),
(1625,	411,	46,	11,	1,	74,	100,	''),
(1626,	110,	47,	11,	1,	84,	100,	''),
(1627,	133,	47,	11,	1,	44,	100,	''),
(1628,	135,	47,	11,	1,	86,	100,	''),
(1629,	137,	47,	11,	1,	86,	100,	''),
(1630,	139,	47,	11,	1,	74,	100,	''),
(1631,	141,	47,	11,	1,	46,	100,	''),
(1632,	142,	47,	11,	1,	94,	100,	''),
(1633,	144,	47,	11,	1,	74,	100,	''),
(1634,	147,	47,	11,	1,	60,	100,	''),
(1635,	149,	47,	11,	1,	70,	100,	''),
(1636,	152,	47,	11,	1,	0,	100,	''),
(1637,	155,	47,	11,	1,	78,	100,	''),
(1638,	156,	47,	11,	1,	66,	100,	''),
(1639,	157,	47,	11,	1,	78,	100,	''),
(1640,	158,	47,	11,	1,	78,	100,	''),
(1641,	159,	47,	11,	1,	84,	100,	''),
(1642,	160,	47,	11,	1,	74,	100,	''),
(1643,	162,	47,	11,	1,	68,	100,	''),
(1644,	164,	47,	11,	1,	46,	100,	''),
(1645,	167,	47,	11,	1,	82,	100,	''),
(1646,	170,	47,	11,	1,	80,	100,	''),
(1647,	171,	47,	11,	1,	64,	100,	''),
(1648,	172,	47,	11,	1,	50,	100,	''),
(1649,	173,	47,	11,	1,	58,	100,	''),
(1650,	174,	47,	11,	1,	54,	100,	''),
(1651,	175,	47,	11,	1,	76,	100,	''),
(1652,	176,	47,	11,	1,	58,	100,	''),
(1653,	177,	47,	11,	1,	74,	100,	''),
(1654,	178,	47,	11,	1,	92,	100,	''),
(1655,	179,	47,	11,	1,	64,	100,	''),
(1656,	180,	47,	11,	1,	92,	100,	''),
(1657,	181,	47,	11,	1,	50,	100,	''),
(1658,	183,	47,	11,	1,	80,	100,	''),
(1659,	184,	47,	11,	1,	82,	100,	''),
(1660,	186,	47,	11,	1,	96,	100,	''),
(1661,	189,	47,	11,	1,	54,	100,	''),
(1662,	191,	47,	11,	1,	86,	100,	''),
(1663,	194,	47,	11,	1,	74,	100,	''),
(1664,	196,	47,	11,	1,	70,	100,	''),
(1665,	197,	47,	11,	1,	68,	100,	''),
(1666,	198,	47,	11,	1,	78,	100,	''),
(1667,	199,	47,	11,	1,	62,	100,	''),
(1668,	200,	47,	11,	1,	80,	100,	''),
(1669,	201,	47,	11,	1,	42,	100,	''),
(1670,	202,	47,	11,	1,	72,	100,	''),
(1671,	203,	47,	11,	1,	48,	100,	''),
(1672,	206,	47,	11,	1,	52,	100,	''),
(1673,	207,	47,	11,	1,	66,	100,	''),
(1674,	208,	47,	11,	1,	82,	100,	''),
(1675,	209,	47,	11,	1,	0,	100,	''),
(1676,	210,	47,	11,	1,	92,	100,	''),
(1677,	211,	47,	11,	1,	80,	100,	''),
(1678,	212,	47,	11,	1,	62,	100,	''),
(1679,	213,	47,	11,	1,	54,	100,	''),
(1680,	214,	47,	11,	1,	84,	100,	''),
(1681,	215,	47,	11,	1,	86,	100,	''),
(1682,	216,	47,	11,	1,	60,	100,	''),
(1683,	217,	47,	11,	1,	82,	100,	''),
(1684,	218,	47,	11,	1,	68,	100,	''),
(1685,	219,	47,	11,	1,	70,	100,	''),
(1686,	220,	47,	11,	1,	92,	100,	''),
(1687,	221,	47,	11,	1,	84,	100,	''),
(1688,	222,	47,	11,	1,	82,	100,	''),
(1689,	223,	47,	11,	1,	60,	100,	''),
(1690,	310,	47,	11,	1,	44,	100,	''),
(1691,	323,	47,	11,	1,	72,	100,	''),
(1692,	366,	47,	11,	1,	70,	100,	''),
(1693,	367,	47,	11,	1,	44,	100,	''),
(1694,	369,	47,	11,	1,	64,	100,	''),
(1695,	370,	47,	11,	1,	70,	100,	''),
(1696,	379,	47,	11,	1,	72,	100,	''),
(1697,	381,	47,	11,	1,	60,	100,	''),
(1698,	391,	47,	11,	1,	0,	100,	''),
(1699,	394,	47,	11,	1,	0,	100,	''),
(1700,	403,	47,	11,	1,	74,	100,	''),
(1701,	405,	47,	11,	1,	66,	100,	''),
(1702,	409,	47,	11,	1,	54,	100,	''),
(1703,	410,	47,	11,	1,	58,	100,	''),
(1704,	411,	47,	11,	1,	84,	100,	''),
(1705,	110,	48,	11,	1,	69,	100,	''),
(1706,	133,	48,	11,	1,	61,	100,	''),
(1707,	135,	48,	11,	1,	74,	100,	''),
(1708,	137,	48,	11,	1,	78,	100,	''),
(1709,	139,	48,	11,	1,	68,	100,	''),
(1710,	141,	48,	11,	1,	46,	100,	''),
(1711,	142,	48,	11,	1,	76,	100,	''),
(1712,	144,	48,	11,	1,	69,	100,	''),
(1713,	147,	48,	11,	1,	54,	100,	''),
(1714,	149,	48,	11,	1,	76,	100,	''),
(1715,	152,	48,	11,	1,	0,	100,	''),
(1716,	155,	48,	11,	1,	63,	100,	''),
(1717,	156,	48,	11,	1,	61,	100,	''),
(1718,	157,	48,	11,	1,	74,	100,	''),
(1719,	158,	48,	11,	1,	63,	100,	''),
(1720,	159,	48,	11,	1,	54,	100,	''),
(1721,	160,	48,	11,	1,	67,	100,	''),
(1722,	162,	48,	11,	1,	56,	100,	''),
(1723,	164,	48,	11,	1,	56,	100,	''),
(1724,	167,	48,	11,	1,	71,	100,	''),
(1725,	170,	48,	11,	1,	60,	100,	''),
(1726,	171,	48,	11,	1,	47,	100,	''),
(1727,	172,	48,	11,	1,	67,	100,	''),
(1728,	173,	48,	11,	1,	53,	100,	''),
(1729,	174,	48,	11,	1,	52,	100,	''),
(1730,	175,	48,	11,	1,	63,	100,	''),
(1731,	176,	48,	11,	1,	73,	100,	''),
(1732,	177,	48,	11,	1,	61,	100,	''),
(1733,	178,	48,	11,	1,	76,	100,	''),
(1734,	179,	48,	11,	1,	61,	100,	''),
(1735,	180,	48,	11,	1,	69,	100,	''),
(1736,	181,	48,	11,	1,	53,	100,	''),
(1737,	183,	48,	11,	1,	68,	100,	''),
(1738,	184,	48,	11,	1,	68,	100,	''),
(1739,	186,	48,	11,	1,	81,	100,	''),
(1740,	189,	48,	11,	1,	51,	100,	''),
(1741,	191,	48,	11,	1,	68,	100,	''),
(1742,	194,	48,	11,	1,	67,	100,	''),
(1743,	196,	48,	11,	1,	58,	100,	''),
(1744,	197,	48,	11,	1,	53,	100,	''),
(1745,	198,	48,	11,	1,	42,	100,	''),
(1746,	199,	48,	11,	1,	67,	100,	''),
(1747,	200,	48,	11,	1,	74,	100,	''),
(1748,	201,	48,	11,	1,	46,	100,	''),
(1749,	202,	48,	11,	1,	68,	100,	''),
(1750,	203,	48,	11,	1,	37,	100,	''),
(1751,	206,	48,	11,	1,	45,	100,	''),
(1752,	207,	48,	11,	1,	64,	100,	''),
(1753,	208,	48,	11,	1,	71,	100,	''),
(1754,	209,	48,	11,	1,	0,	100,	''),
(1755,	210,	48,	11,	1,	83,	100,	''),
(1756,	211,	48,	11,	1,	57,	100,	''),
(1757,	212,	48,	11,	1,	48,	100,	''),
(1758,	213,	48,	11,	1,	62,	100,	''),
(1759,	214,	48,	11,	1,	73,	100,	''),
(1760,	215,	48,	11,	1,	68,	100,	''),
(1761,	216,	48,	11,	1,	47,	100,	''),
(1762,	217,	48,	11,	1,	71,	100,	''),
(1763,	218,	48,	11,	1,	59,	100,	''),
(1764,	219,	48,	11,	1,	52,	100,	''),
(1765,	220,	48,	11,	1,	81,	100,	''),
(1766,	221,	48,	11,	1,	80,	100,	''),
(1767,	222,	48,	11,	1,	67,	100,	''),
(1768,	223,	48,	11,	1,	52,	100,	''),
(1769,	310,	48,	11,	1,	54,	100,	''),
(1770,	323,	48,	11,	1,	60,	100,	''),
(1771,	366,	48,	11,	1,	66,	100,	''),
(1772,	367,	48,	11,	1,	47,	100,	''),
(1773,	369,	48,	11,	1,	61,	100,	''),
(1774,	370,	48,	11,	1,	58,	100,	''),
(1775,	379,	48,	11,	1,	51,	100,	''),
(1776,	381,	48,	11,	1,	47,	100,	''),
(1777,	391,	48,	11,	1,	0,	100,	''),
(1778,	394,	48,	11,	1,	0,	100,	''),
(1779,	403,	48,	11,	1,	68,	100,	''),
(1780,	405,	48,	11,	1,	58,	100,	''),
(1781,	409,	48,	11,	1,	58,	100,	''),
(1782,	410,	48,	11,	1,	66,	100,	''),
(1783,	411,	48,	11,	1,	62,	100,	''),
(1784,	254,	49,	12,	1,	59,	100,	''),
(1785,	255,	49,	12,	1,	0,	100,	''),
(1786,	256,	49,	12,	1,	58,	100,	''),
(1787,	257,	49,	12,	1,	77,	100,	''),
(1788,	258,	49,	12,	1,	54,	100,	''),
(1789,	259,	49,	12,	1,	51,	100,	''),
(1790,	260,	49,	12,	1,	46,	100,	''),
(1791,	261,	49,	12,	1,	56,	100,	''),
(1792,	262,	49,	12,	1,	61,	100,	''),
(1793,	263,	49,	12,	1,	67,	100,	''),
(1794,	264,	49,	12,	1,	66,	100,	''),
(1795,	265,	49,	12,	1,	62,	100,	''),
(1796,	267,	49,	12,	1,	64,	100,	''),
(1797,	268,	49,	12,	1,	66,	100,	''),
(1798,	270,	49,	12,	1,	57,	100,	''),
(1799,	271,	49,	12,	1,	57,	100,	''),
(1800,	272,	49,	12,	1,	67,	100,	''),
(1801,	273,	49,	12,	1,	58,	100,	''),
(1802,	274,	49,	12,	1,	53,	100,	''),
(1803,	275,	49,	12,	1,	63,	100,	''),
(1804,	276,	49,	12,	1,	0,	100,	''),
(1805,	277,	49,	12,	1,	78,	100,	''),
(1806,	278,	49,	12,	1,	58,	100,	''),
(1807,	279,	49,	12,	1,	47,	100,	''),
(1808,	280,	49,	12,	1,	64,	100,	''),
(1809,	281,	49,	12,	1,	49,	100,	''),
(1810,	282,	49,	12,	1,	50,	100,	''),
(1811,	283,	49,	12,	1,	57,	100,	''),
(1812,	284,	49,	12,	1,	0,	100,	''),
(1813,	285,	49,	12,	1,	53,	100,	''),
(1814,	286,	49,	12,	1,	70,	100,	''),
(1815,	287,	49,	12,	1,	49,	100,	''),
(1816,	288,	49,	12,	1,	43,	100,	''),
(1817,	289,	49,	12,	1,	66,	100,	''),
(1818,	290,	49,	12,	1,	38,	100,	''),
(1819,	291,	49,	12,	1,	61,	100,	''),
(1820,	292,	49,	12,	1,	56,	100,	''),
(1821,	293,	49,	12,	1,	66,	100,	''),
(1822,	294,	49,	12,	1,	50,	100,	''),
(1823,	295,	49,	12,	1,	60,	100,	''),
(1824,	296,	49,	12,	1,	0,	100,	''),
(1825,	297,	49,	12,	1,	74,	100,	''),
(1826,	298,	49,	12,	1,	57,	100,	''),
(1827,	299,	49,	12,	1,	68,	100,	''),
(1828,	300,	49,	12,	1,	51,	100,	''),
(1829,	301,	49,	12,	1,	64,	100,	''),
(1830,	302,	49,	12,	1,	57,	100,	''),
(1831,	303,	49,	12,	1,	59,	100,	''),
(1832,	304,	49,	12,	1,	57,	100,	''),
(1833,	305,	49,	12,	1,	46,	100,	''),
(1834,	306,	49,	12,	1,	53,	100,	''),
(1835,	307,	49,	12,	1,	0,	100,	''),
(1836,	368,	49,	12,	1,	0,	100,	''),
(1837,	371,	49,	12,	1,	59,	100,	''),
(1838,	373,	49,	12,	1,	42,	100,	''),
(1839,	377,	49,	12,	1,	0,	100,	''),
(1840,	378,	49,	12,	1,	67,	100,	''),
(1841,	382,	49,	12,	1,	59,	100,	''),
(1842,	383,	49,	12,	1,	0,	100,	''),
(1843,	385,	49,	12,	1,	52,	100,	''),
(1844,	386,	49,	12,	1,	63,	100,	''),
(1845,	387,	49,	12,	1,	44,	100,	''),
(1846,	388,	49,	12,	1,	0,	100,	''),
(1847,	398,	49,	12,	1,	66,	100,	''),
(1848,	408,	49,	12,	1,	0,	100,	''),
(1849,	254,	50,	12,	1,	80,	100,	''),
(1850,	255,	50,	12,	1,	0,	100,	''),
(1851,	256,	50,	12,	1,	72,	100,	''),
(1852,	257,	50,	12,	1,	80,	100,	''),
(1853,	258,	50,	12,	1,	62,	100,	''),
(1854,	259,	50,	12,	1,	67,	100,	''),
(1855,	260,	50,	12,	1,	69,	100,	''),
(1856,	261,	50,	12,	1,	66,	100,	''),
(1857,	262,	50,	12,	1,	59,	100,	''),
(1858,	263,	50,	12,	1,	62,	100,	''),
(1859,	264,	50,	12,	1,	71,	100,	''),
(1860,	265,	50,	12,	1,	66,	100,	''),
(1861,	267,	50,	12,	1,	83,	100,	''),
(1862,	268,	50,	12,	1,	81,	100,	''),
(1863,	270,	50,	12,	1,	81,	100,	''),
(1864,	271,	50,	12,	1,	81,	100,	''),
(1865,	272,	50,	12,	1,	74,	100,	''),
(1866,	273,	50,	12,	1,	67,	100,	''),
(1867,	274,	50,	12,	1,	70,	100,	''),
(1868,	275,	50,	12,	1,	81,	100,	''),
(1869,	276,	50,	12,	1,	0,	100,	''),
(1870,	277,	50,	12,	1,	62,	100,	''),
(1871,	278,	50,	12,	1,	69,	100,	''),
(1872,	279,	50,	12,	1,	58,	100,	''),
(1873,	280,	50,	12,	1,	78,	100,	''),
(1874,	281,	50,	12,	1,	72,	100,	''),
(1875,	282,	50,	12,	1,	78,	100,	''),
(1876,	283,	50,	12,	1,	72,	100,	''),
(1877,	284,	50,	12,	1,	0,	100,	''),
(1878,	285,	50,	12,	1,	67,	100,	''),
(1879,	286,	50,	12,	1,	84,	100,	''),
(1880,	287,	50,	12,	1,	63,	100,	''),
(1881,	288,	50,	12,	1,	66,	100,	''),
(1882,	289,	50,	12,	1,	81,	100,	''),
(1883,	290,	50,	12,	1,	52,	100,	''),
(1884,	291,	50,	12,	1,	63,	100,	''),
(1885,	292,	50,	12,	1,	81,	100,	''),
(1886,	293,	50,	12,	1,	71,	100,	''),
(1887,	294,	50,	12,	1,	53,	100,	''),
(1888,	295,	50,	12,	1,	72,	100,	''),
(1889,	296,	50,	12,	1,	0,	100,	''),
(1890,	297,	50,	12,	1,	87,	100,	''),
(1891,	298,	50,	12,	1,	76,	100,	''),
(1892,	299,	50,	12,	1,	77,	100,	''),
(1893,	300,	50,	12,	1,	53,	100,	''),
(1894,	301,	50,	12,	1,	71,	100,	''),
(1895,	302,	50,	12,	1,	66,	100,	''),
(1896,	303,	50,	12,	1,	66,	100,	''),
(1897,	304,	50,	12,	1,	67,	100,	''),
(1898,	305,	50,	12,	1,	56,	100,	''),
(1899,	306,	50,	12,	1,	72,	100,	''),
(1900,	307,	50,	12,	1,	0,	100,	''),
(1901,	368,	50,	12,	1,	0,	100,	''),
(1902,	371,	50,	12,	1,	80,	100,	''),
(1903,	373,	50,	12,	1,	59,	100,	''),
(1904,	377,	50,	12,	1,	0,	100,	''),
(1905,	378,	50,	12,	1,	69,	100,	''),
(1906,	382,	50,	12,	1,	82,	100,	''),
(1907,	383,	50,	12,	1,	0,	100,	''),
(1908,	385,	50,	12,	1,	60,	100,	''),
(1909,	386,	50,	12,	1,	84,	100,	''),
(1910,	387,	50,	12,	1,	64,	100,	''),
(1911,	388,	50,	12,	1,	0,	100,	''),
(1912,	398,	50,	12,	1,	61,	100,	''),
(1913,	408,	50,	12,	1,	0,	100,	''),
(1914,	254,	51,	12,	1,	96,	100,	''),
(1915,	255,	51,	12,	1,	0,	100,	''),
(1916,	256,	51,	12,	1,	84,	100,	''),
(1917,	257,	51,	12,	1,	94,	100,	''),
(1918,	258,	51,	12,	1,	52,	100,	''),
(1919,	259,	51,	12,	1,	80,	100,	''),
(1920,	260,	51,	12,	1,	64,	100,	''),
(1921,	261,	51,	12,	1,	62,	100,	''),
(1922,	262,	51,	12,	1,	78,	100,	''),
(1923,	263,	51,	12,	1,	74,	100,	''),
(1924,	264,	51,	12,	1,	92,	100,	''),
(1925,	265,	51,	12,	1,	84,	100,	''),
(1926,	267,	51,	12,	1,	86,	100,	''),
(1927,	268,	51,	12,	1,	94,	100,	''),
(1928,	270,	51,	12,	1,	70,	100,	''),
(1929,	271,	51,	12,	1,	84,	100,	''),
(1930,	272,	51,	12,	1,	88,	100,	''),
(1931,	273,	51,	12,	1,	64,	100,	''),
(1932,	274,	51,	12,	1,	72,	100,	''),
(1933,	275,	51,	12,	1,	80,	100,	''),
(1934,	276,	51,	12,	1,	0,	100,	''),
(1935,	277,	51,	12,	1,	94,	100,	''),
(1936,	278,	51,	12,	1,	70,	100,	''),
(1937,	279,	51,	12,	1,	36,	100,	''),
(1938,	280,	51,	12,	1,	90,	100,	''),
(1939,	281,	51,	12,	1,	76,	100,	''),
(1940,	282,	51,	12,	1,	84,	100,	''),
(1941,	283,	51,	12,	1,	74,	100,	''),
(1942,	284,	51,	12,	1,	0,	100,	''),
(1943,	285,	51,	12,	1,	54,	100,	''),
(1944,	286,	51,	12,	1,	94,	100,	''),
(1945,	287,	51,	12,	1,	82,	100,	''),
(1946,	288,	51,	12,	1,	66,	100,	''),
(1947,	289,	51,	12,	1,	90,	100,	''),
(1948,	290,	51,	12,	1,	34,	100,	''),
(1949,	291,	51,	12,	1,	76,	100,	''),
(1950,	292,	51,	12,	1,	90,	100,	''),
(1951,	293,	51,	12,	1,	68,	100,	''),
(1952,	294,	51,	12,	1,	56,	100,	''),
(1953,	295,	51,	12,	1,	86,	100,	''),
(1954,	296,	51,	12,	1,	0,	100,	''),
(1955,	297,	51,	12,	1,	92,	100,	''),
(1956,	298,	51,	12,	1,	58,	100,	''),
(1957,	299,	51,	12,	1,	74,	100,	''),
(1958,	300,	51,	12,	1,	52,	100,	''),
(1959,	301,	51,	12,	1,	88,	100,	''),
(1960,	302,	51,	12,	1,	96,	100,	''),
(1961,	303,	51,	12,	1,	58,	100,	''),
(1962,	304,	51,	12,	1,	84,	100,	''),
(1963,	305,	51,	12,	1,	48,	100,	''),
(1964,	306,	51,	12,	1,	82,	100,	''),
(1965,	307,	51,	12,	1,	0,	100,	''),
(1966,	368,	51,	12,	1,	0,	100,	''),
(1967,	371,	51,	12,	1,	76,	100,	''),
(1968,	373,	51,	12,	1,	40,	100,	''),
(1969,	377,	51,	12,	1,	0,	100,	''),
(1970,	378,	51,	12,	1,	80,	100,	''),
(1971,	382,	51,	12,	1,	92,	100,	''),
(1972,	383,	51,	12,	1,	0,	100,	''),
(1973,	385,	51,	12,	1,	66,	100,	''),
(1974,	386,	51,	12,	1,	96,	100,	''),
(1975,	387,	51,	12,	1,	44,	100,	''),
(1976,	388,	51,	12,	1,	0,	100,	''),
(1977,	398,	51,	12,	1,	40,	100,	''),
(1978,	408,	51,	12,	1,	0,	100,	''),
(1979,	254,	52,	12,	1,	86,	100,	''),
(1980,	255,	52,	12,	1,	0,	100,	''),
(1981,	256,	52,	12,	1,	68,	100,	''),
(1982,	257,	52,	12,	1,	98,	100,	''),
(1983,	258,	52,	12,	1,	74,	100,	''),
(1984,	259,	52,	12,	1,	82,	100,	''),
(1985,	260,	52,	12,	1,	58,	100,	''),
(1986,	261,	52,	12,	1,	88,	100,	''),
(1987,	262,	52,	12,	1,	76,	100,	''),
(1988,	263,	52,	12,	1,	74,	100,	''),
(1989,	264,	52,	12,	1,	88,	100,	''),
(1990,	265,	52,	12,	1,	78,	100,	''),
(1991,	267,	52,	12,	1,	94,	100,	''),
(1992,	268,	52,	12,	1,	90,	100,	''),
(1993,	270,	52,	12,	1,	84,	100,	''),
(1994,	271,	52,	12,	1,	88,	100,	''),
(1995,	272,	52,	12,	1,	90,	100,	''),
(1996,	273,	52,	12,	1,	70,	100,	''),
(1997,	274,	52,	12,	1,	64,	100,	''),
(1998,	275,	52,	12,	1,	70,	100,	''),
(1999,	276,	52,	12,	1,	0,	100,	''),
(2000,	277,	52,	12,	1,	82,	100,	''),
(2001,	278,	52,	12,	1,	66,	100,	''),
(2002,	279,	52,	12,	1,	70,	100,	''),
(2003,	280,	52,	12,	1,	94,	100,	''),
(2004,	281,	52,	12,	1,	82,	100,	''),
(2005,	282,	52,	12,	1,	78,	100,	''),
(2006,	283,	52,	12,	1,	82,	100,	''),
(2007,	284,	52,	12,	1,	0,	100,	''),
(2008,	285,	52,	12,	1,	66,	100,	''),
(2009,	286,	52,	12,	1,	92,	100,	''),
(2010,	287,	52,	12,	1,	80,	100,	''),
(2011,	288,	52,	12,	1,	74,	100,	''),
(2012,	289,	52,	12,	1,	96,	100,	''),
(2013,	290,	52,	12,	1,	50,	100,	''),
(2014,	291,	52,	12,	1,	80,	100,	''),
(2015,	292,	52,	12,	1,	82,	100,	''),
(2016,	293,	52,	12,	1,	80,	100,	''),
(2017,	294,	52,	12,	1,	72,	100,	''),
(2018,	295,	52,	12,	1,	88,	100,	''),
(2019,	296,	52,	12,	1,	0,	100,	''),
(2020,	297,	52,	12,	1,	98,	100,	''),
(2021,	298,	52,	12,	1,	76,	100,	''),
(2022,	299,	52,	12,	1,	82,	100,	''),
(2023,	300,	52,	12,	1,	58,	100,	''),
(2024,	301,	52,	12,	1,	96,	100,	''),
(2025,	302,	52,	12,	1,	96,	100,	''),
(2026,	303,	52,	12,	1,	66,	100,	''),
(2027,	304,	52,	12,	1,	60,	100,	''),
(2028,	305,	52,	12,	1,	60,	100,	''),
(2029,	306,	52,	12,	1,	88,	100,	''),
(2030,	307,	52,	12,	1,	0,	100,	''),
(2031,	368,	52,	12,	1,	0,	100,	''),
(2032,	371,	52,	12,	1,	94,	100,	''),
(2033,	373,	52,	12,	1,	48,	100,	''),
(2034,	377,	52,	12,	1,	0,	100,	''),
(2035,	378,	52,	12,	1,	92,	100,	''),
(2036,	382,	52,	12,	1,	92,	100,	''),
(2037,	383,	52,	12,	1,	0,	100,	''),
(2038,	385,	52,	12,	1,	70,	100,	''),
(2039,	386,	52,	12,	1,	90,	100,	''),
(2040,	387,	52,	12,	1,	50,	100,	''),
(2041,	388,	52,	12,	1,	0,	100,	''),
(2042,	398,	52,	12,	1,	60,	100,	''),
(2043,	408,	52,	12,	1,	0,	100,	''),
(2044,	254,	53,	12,	1,	78,	100,	''),
(2045,	255,	53,	12,	1,	0,	100,	''),
(2046,	256,	53,	12,	1,	58,	100,	''),
(2047,	257,	53,	12,	1,	92,	100,	''),
(2048,	258,	53,	12,	1,	61,	100,	''),
(2049,	259,	53,	12,	1,	66,	100,	''),
(2050,	260,	53,	12,	1,	52,	100,	''),
(2051,	261,	53,	12,	1,	61,	100,	''),
(2052,	262,	53,	12,	1,	60,	100,	''),
(2053,	263,	53,	12,	1,	59,	100,	''),
(2054,	264,	53,	12,	1,	72,	100,	''),
(2055,	265,	53,	12,	1,	74,	100,	''),
(2056,	267,	53,	12,	1,	78,	100,	''),
(2057,	268,	53,	12,	1,	83,	100,	''),
(2058,	270,	53,	12,	1,	62,	100,	''),
(2059,	271,	53,	12,	1,	66,	100,	''),
(2060,	272,	53,	12,	1,	69,	100,	''),
(2061,	273,	53,	12,	1,	60,	100,	''),
(2062,	274,	53,	12,	1,	56,	100,	''),
(2063,	275,	53,	12,	1,	76,	100,	''),
(2064,	276,	53,	12,	1,	0,	100,	''),
(2065,	277,	53,	12,	1,	73,	100,	''),
(2066,	278,	53,	12,	1,	62,	100,	''),
(2067,	279,	53,	12,	1,	54,	100,	''),
(2068,	280,	53,	12,	1,	78,	100,	''),
(2069,	281,	53,	12,	1,	73,	100,	''),
(2070,	282,	53,	12,	1,	61,	100,	''),
(2071,	283,	53,	12,	1,	73,	100,	''),
(2072,	284,	53,	12,	1,	0,	100,	''),
(2073,	285,	53,	12,	1,	58,	100,	''),
(2074,	286,	53,	12,	1,	79,	100,	''),
(2075,	287,	53,	12,	1,	61,	100,	''),
(2076,	288,	53,	12,	1,	62,	100,	''),
(2077,	289,	53,	12,	1,	84,	100,	''),
(2078,	290,	53,	12,	1,	41,	100,	''),
(2079,	291,	53,	12,	1,	66,	100,	''),
(2080,	292,	53,	12,	1,	73,	100,	''),
(2081,	293,	53,	12,	1,	76,	100,	''),
(2082,	294,	53,	12,	1,	53,	100,	''),
(2083,	295,	53,	12,	1,	68,	100,	''),
(2084,	296,	53,	12,	1,	0,	100,	''),
(2085,	297,	53,	12,	1,	84,	100,	''),
(2086,	298,	53,	12,	1,	73,	100,	''),
(2087,	299,	53,	12,	1,	66,	100,	''),
(2088,	300,	53,	12,	1,	42,	100,	''),
(2089,	301,	53,	12,	1,	76,	100,	''),
(2090,	302,	53,	12,	1,	71,	100,	''),
(2091,	303,	53,	12,	1,	51,	100,	''),
(2092,	304,	53,	12,	1,	56,	100,	''),
(2093,	305,	53,	12,	1,	47,	100,	''),
(2094,	306,	53,	12,	1,	71,	100,	''),
(2095,	307,	53,	12,	1,	0,	100,	''),
(2096,	368,	53,	12,	1,	0,	100,	''),
(2097,	371,	53,	12,	1,	79,	100,	''),
(2098,	373,	53,	12,	1,	48,	100,	''),
(2099,	377,	53,	12,	1,	0,	100,	''),
(2100,	378,	53,	12,	1,	76,	100,	''),
(2101,	382,	53,	12,	1,	80,	100,	''),
(2102,	383,	53,	12,	1,	0,	100,	''),
(2103,	385,	53,	12,	1,	51,	100,	''),
(2104,	386,	53,	12,	1,	70,	100,	''),
(2105,	387,	53,	12,	1,	46,	100,	''),
(2106,	388,	53,	12,	1,	0,	100,	''),
(2107,	398,	53,	12,	1,	69,	100,	''),
(2108,	408,	53,	12,	1,	0,	100,	''),
(2109,	417,	18,	4,	1,	0,	100,	''),
(2110,	417,	19,	4,	1,	0,	100,	''),
(2111,	417,	20,	4,	1,	0,	100,	''),
(2112,	417,	21,	4,	1,	0,	100,	''),
(2113,	417,	22,	4,	1,	0,	100,	''),
(2114,	2,	54,	3,	1,	100,	100,	''),
(2115,	3,	54,	3,	1,	80,	100,	''),
(2116,	4,	54,	3,	1,	98,	100,	''),
(2117,	5,	54,	3,	1,	100,	100,	''),
(2118,	6,	54,	3,	1,	72,	100,	''),
(2119,	7,	54,	3,	1,	86,	100,	''),
(2120,	308,	54,	3,	1,	70,	100,	''),
(2121,	415,	54,	3,	1,	92,	100,	''),
(2122,	2,	55,	3,	1,	67,	100,	''),
(2123,	3,	55,	3,	1,	88,	100,	''),
(2124,	4,	55,	3,	1,	62,	100,	''),
(2125,	5,	55,	3,	1,	94,	100,	''),
(2126,	6,	55,	3,	1,	92,	100,	''),
(2127,	7,	55,	3,	1,	94,	100,	''),
(2128,	308,	55,	3,	1,	84,	100,	''),
(2129,	415,	55,	3,	1,	72,	100,	''),
(2130,	2,	56,	3,	1,	88,	100,	''),
(2131,	3,	56,	3,	1,	100,	100,	''),
(2132,	4,	56,	3,	1,	98,	100,	''),
(2133,	5,	56,	3,	1,	92,	100,	''),
(2134,	6,	56,	3,	1,	86,	100,	''),
(2135,	7,	56,	3,	1,	94,	100,	''),
(2136,	308,	56,	3,	1,	94,	100,	''),
(2137,	415,	56,	3,	1,	90,	100,	'');

CREATE TABLE `message` (
  `message_id` int(11) NOT NULL AUTO_INCREMENT,
  `message_thread_code` longtext NOT NULL,
  `message` longtext NOT NULL,
  `sender` longtext NOT NULL,
  `timestamp` longtext NOT NULL,
  `read_status` int(11) NOT NULL DEFAULT '0' COMMENT '0 unread 1 read',
  PRIMARY KEY (`message_id`)
) ENGINE=MyISAM DEFAULT CHARSET=latin1;

INSERT INTO `message` (`message_id`, `message_thread_code`, `message`, `sender`, `timestamp`, `read_status`) VALUES
(1,	'd41d8cd98f00b20',	'Testing',	'admin-1',	'1560467813',	0);

CREATE TABLE `message_thread` (
  `message_thread_id` int(11) NOT NULL AUTO_INCREMENT,
  `message_thread_code` longtext COLLATE utf8_unicode_ci NOT NULL,
  `sender` longtext COLLATE utf8_unicode_ci NOT NULL,
  `reciever` longtext COLLATE utf8_unicode_ci NOT NULL,
  `last_message_timestamp` longtext COLLATE utf8_unicode_ci NOT NULL,
  PRIMARY KEY (`message_thread_id`)
) ENGINE=InnoDB DEFAULT CHARSET=utf8 COLLATE=utf8_unicode_ci;

INSERT INTO `message_thread` (`message_thread_id`, `message_thread_code`, `sender`, `reciever`, `last_message_timestamp`) VALUES
(1,	'd41d8cd98f00b20',	'admin-1',	'parent-9',	'');

CREATE TABLE `noticeboard` (
  `notice_id` int(11) NOT NULL AUTO_INCREMENT,
  `notice_title` longtext COLLATE utf8_unicode_ci NOT NULL,
  `notice` longtext COLLATE utf8_unicode_ci NOT NULL,
  `create_timestamp` int(11) NOT NULL,
  PRIMARY KEY (`notice_id`)
) ENGINE=MyISAM DEFAULT CHARSET=utf8 COLLATE=utf8_unicode_ci;


CREATE TABLE `overpay` (
  `overpay_id` int(100) NOT NULL AUTO_INCREMENT,
  `student_id` int(100) NOT NULL,
  `transaction_id` int(100) NOT NULL,
  `amount` int(10) NOT NULL,
  `amount_due` int(10) NOT NULL,
  `description` longtext NOT NULL,
  `status` varchar(10) NOT NULL DEFAULT 'active' COMMENT 'active,cleared',
  `creation_timestamp` timestamp NOT NULL DEFAULT CURRENT_TIMESTAMP ON UPDATE CURRENT_TIMESTAMP,
  PRIMARY KEY (`overpay_id`),
  KEY `student_id` (`student_id`),
  KEY `income_id` (`transaction_id`),
  CONSTRAINT `overpay_ibfk_1` FOREIGN KEY (`student_id`) REFERENCES `student` (`student_id`),
  CONSTRAINT `overpay_ibfk_2` FOREIGN KEY (`transaction_id`) REFERENCES `transaction` (`transaction_id`)
) ENGINE=InnoDB DEFAULT CHARSET=latin1;


CREATE TABLE `overpay_charge_detail` (
  `overpay_detail_id` int(100) NOT NULL AUTO_INCREMENT,
  `overpay_id` int(100) NOT NULL,
  `invoice_id` int(11) NOT NULL,
  `amount_redeemed` int(100) NOT NULL,
  `createddate` date NOT NULL,
  `createdby` int(100) NOT NULL,
  `lastmodifieddate` timestamp NOT NULL DEFAULT CURRENT_TIMESTAMP ON UPDATE CURRENT_TIMESTAMP,
  `lastmodifiedby` int(100) NOT NULL,
  PRIMARY KEY (`overpay_detail_id`),
  KEY `overpay_id` (`overpay_id`),
  KEY `invoice_id` (`invoice_id`),
  CONSTRAINT `overpay_charge_detail_ibfk_2` FOREIGN KEY (`invoice_id`) REFERENCES `invoice` (`invoice_id`),
  CONSTRAINT `overpay_charge_detail_ibfk_3` FOREIGN KEY (`invoice_id`) REFERENCES `invoice` (`invoice_id`)
) ENGINE=InnoDB DEFAULT CHARSET=latin1;


CREATE TABLE `parent` (
  `parent_id` int(11) NOT NULL AUTO_INCREMENT,
  `name` longtext COLLATE utf8_unicode_ci NOT NULL,
  `email` longtext COLLATE utf8_unicode_ci NOT NULL,
  `phone` longtext COLLATE utf8_unicode_ci NOT NULL,
  `address` longtext COLLATE utf8_unicode_ci NOT NULL,
  `relationship_id` int(100) NOT NULL,
  `care_type` varchar(20) COLLATE utf8_unicode_ci NOT NULL,
  `profession` longtext COLLATE utf8_unicode_ci NOT NULL,
  `status` int(5) NOT NULL DEFAULT '1',
  PRIMARY KEY (`parent_id`),
  KEY `relationship_id` (`relationship_id`),
  CONSTRAINT `parent_ibfk_1` FOREIGN KEY (`relationship_id`) REFERENCES `relationship` (`relationship_id`)
) ENGINE=InnoDB DEFAULT CHARSET=utf8 COLLATE=utf8_unicode_ci;

INSERT INTO `parent` (`parent_id`, `name`, `email`, `phone`, `address`, `relationship_id`, `care_type`, `profession`, `status`) VALUES
(2,	'Justus Koin 2',	'',	'0711808071',	'Ilpolosat',	1,	'primary',	'Teacher',	1),
(3,	'Emmanuel Toto',	'',	'0723305687',	'Ilpolosat',	1,	'primary',	'',	1),
(5,	'Nicholas Tajeu',	'',	'0775129304',	'Ilpolosat',	1,	'primary',	'',	1),
(6,	'Margaret Kilukei',	'',	'0723784482',	'Ilpolosat',	2,	'primary',	'',	1),
(7,	'Kelvin Morinke',	'',	'0708042519',	'Ilmamen',	1,	'primary',	'',	1),
(9,	'Alex Parsemei',	'',	'0723782982',	'Mashuuru',	1,	'primary',	'',	1),
(10,	'Julius Mutuku',	'',	'0727290562',	'Machakos',	1,	'primary',	'Business ',	1),
(11,	'Eliud Njoroge',	'',	'0727040958',	'Loitokitok',	1,	'primary',	'',	1),
(12,	'Timothy Parkurito',	'',	'0721621857',	'Erankau',	1,	'primary',	'Teaching',	1),
(13,	'Timonah Mwongela',	'',	'0720447817',	'Nairobi',	1,	'primary',	'Business',	1),
(14,	'Moses Mosiani',	'',	'0721340532',	'Lenchani',	1,	'primary',	'Pastor',	1),
(15,	'Daniel Matipe',	'',	'0722248691',	'Ilpolosat',	1,	'primary',	'',	1),
(16,	'Simon Siango',	'',	'0723868058',	'Naserian',	1,	'primary',	'',	1),
(17,	'Kevin Koikai',	'',	'0721282992',	'Kima',	1,	'primary',	'',	1),
(18,	'David Saitoti',	'',	'0721172984',	'Mashuuru',	1,	'primary',	'',	1),
(19,	'Philip Kimiti',	'',	'0727472465',	'Naserian',	1,	'primary',	'',	1),
(20,	'Stanley Sepekua',	'',	'0720841249',	'Kitengela',	1,	'primary',	'',	1),
(21,	'Paul Mutua',	'',	'0725486944',	'Nairobi',	1,	'primary',	'',	1),
(22,	'James Waweru',	'',	'0729933265',	'Mlolongo',	1,	'primary',	'',	1),
(23,	'Benson Shakita',	'',	'0721672025',	'Korrompoi',	1,	'primary',	'',	1),
(25,	'John Lenayia',	'',	'0724562018',	'Nairobi',	1,	'primary',	'',	1),
(26,	'Benjamin Sakimpa',	'',	'0721708216',	'Ilasit',	1,	'primary',	'',	1),
(27,	'Amos Karokia',	'',	'0713419660',	'Oloolera',	1,	'primary',	'',	1),
(28,	'Elijah Mativo',	'',	'0711770944',	'ilmamen',	1,	'primary',	'',	1),
(29,	'Grace Musunku',	'',	'0721386489',	'Ilpolosat',	2,	'primary',	'',	1),
(30,	'Joel Kasaine',	'',	'0720471223',	'Emali',	1,	'primary',	'',	1),
(31,	'Juliet Benson',	'',	'0700278603',	'Olturoto',	2,	'primary',	'',	1),
(32,	'Samuel Ntosho',	'',	'0722614904',	'Korrompoi',	1,	'primary',	'',	1),
(33,	'Mooke Keenka',	'',	'0728497120',	'Konza',	1,	'primary',	'',	1),
(34,	'Joseph Tuleto',	'',	'0722465446',	'Lenchani',	1,	'primary',	'',	1),
(35,	'Christine Matheka',	'',	'0724798105',	'Ulu',	2,	'primary',	'',	1),
(36,	'Samuel Pareno',	'',	'0720911510',	'Mashuuru',	1,	'primary',	'',	1),
(37,	'Alpha Leparakuo',	'',	'0721400559',	'Ilasit',	1,	'primary',	'',	1),
(38,	'Moses Supuker',	'',	'0722872487',	'Korrompoi',	1,	'primary',	'',	1),
(39,	'Ibrahim Suleiman',	'',	'0727630062',	'Kajiado',	1,	'primary',	'',	1),
(40,	'Peter Muthama',	'',	'0720994176',	'Rongai',	1,	'primary',	'',	1),
(41,	'Keton Sintei',	'',	'0726815495',	'Ilnkishumu',	1,	'primary',	'',	1),
(42,	'Maomi Kosencha',	'',	'0712610473',	'Kima',	2,	'primary',	'',	1),
(43,	'Siara Ketuta',	'',	'0711215755',	'Lesoit',	1,	'primary',	'',	1),
(44,	'Samuel Saidimu',	'',	'0703640422',	'Emugur',	1,	'primary',	'',	1),
(45,	'Matura Mutunkei',	'',	'0714600469',	'Olperrelong',	1,	'primary',	'',	1),
(46,	'Stephen Sentero',	'',	'0727405378',	'Kiserian',	1,	'primary',	'',	1),
(47,	'Simon Kosei',	'',	'0727815498',	'Emarti',	1,	'primary',	'',	1),
(49,	'Peter Njuki',	'',	'0729156596',	'Olturoto',	1,	'primary',	'',	1),
(50,	'Duncan Sakimpa',	'',	'0721211261',	'Ilasit',	1,	'primary',	'',	1),
(51,	'Jeremiah Maloi',	'',	'0721222788',	'Lenchani',	1,	'primary',	'',	1),
(52,	'Julius Meoli',	'',	'0721517539',	'Sultan',	1,	'primary',	'',	1),
(53,	'David Mpata',	'',	'0722936221',	'Oldupai',	1,	'primary',	'',	1),
(54,	'Titus Wambua',	'',	'0715187650',	'Nairobi',	1,	'primary',	'',	1),
(55,	'Jackson Sayo',	'',	'0721926900',	'Lenchani',	1,	'primary',	'',	1),
(56,	'Garvin Rimpa',	'',	'0702330900',	'Kisaju',	1,	'primary',	'',	1),
(57,	'Edson Maripet',	'',	'0704880457',	'Ngong',	1,	'primary',	'',	1),
(58,	'Ancelimo Mutabari',	'',	'0715593091',	'Malili',	1,	'primary',	'',	1),
(59,	'Elijah Kaparo',	'',	'0727299295',	'Kajiado',	1,	'primary',	'',	1),
(60,	'Edwin Kanyakua',	'',	'0726555687',	'Enkirgirri',	1,	'primary',	'',	1),
(61,	'Nickson Sinkeet',	'',	'0702104130',	'Ilpolosat',	1,	'primary',	'',	1),
(62,	'Jeremiah Mwatuni',	'',	'0795674235',	'ilmamen',	1,	'primary',	'',	1),
(64,	'Ezekiel Kereyia',	'',	'0722261591',	'Naserian',	1,	'primary',	'',	1),
(65,	'Thomas Morinke',	'',	'0728822029',	'ilmamen',	1,	'primary',	'',	1),
(66,	'Samuel Marine',	'',	'0710740310',	'Ilasit',	1,	'primary',	'',	1),
(68,	'Noah Leeri',	'',	'0721721461',	'Ilpolosat',	1,	'primary',	'',	1),
(69,	'Peggy Nailole',	'',	'0721386489',	'Konza',	2,	'primary',	'',	1),
(70,	'Gipson Paita',	'',	'0723628186',	'Ilpolosat',	1,	'primary',	'',	1),
(71,	'Paul Kimakon',	'',	'0721520794',	'Konza',	1,	'primary',	'',	1),
(72,	'Gladys Wangari',	'',	'0710449792',	'Konza',	2,	'primary',	'',	1),
(74,	'Sironka Kailol',	'',	'0721421559',	'ilmamen',	1,	'primary',	'',	1),
(75,	'Fredrick Musyimi',	'',	'0722943715',	'Konza',	1,	'primary',	'',	1),
(76,	'James Toto',	'',	'0722537816',	'Ilpolosat',	1,	'primary',	'',	1),
(77,	'Christine Mwovia',	'',	'0713748991',	'Konza',	2,	'primary',	'Teaching',	1),
(78,	'Damaris Soipei',	'',	'0715282022',	'Ilpolosat',	2,	'primary',	'',	1),
(79,	'Damaris Jackson',	'',	'0728153850',	'Naserian',	2,	'primary',	'',	1),
(81,	'Kennedy Gedion',	'',	'0725795384',	'Konza',	1,	'primary',	'',	1),
(82,	'Joel Matipei',	'',	'0720434485',	'Ilpolosat',	1,	'primary',	'',	1),
(83,	'James Koiman',	'',	'0720893518',	'ilmamen',	1,	'primary',	'',	1),
(84,	'Stephen Musunku',	'',	'0710514558',	'Ilpolosat',	1,	'primary',	'',	1),
(85,	'Emmanuel Morinke',	'kirisuamo@gmail.com',	'0720444358',	'ilmamen',	1,	'primary',	'',	1),
(87,	'Paul Lewuantai',	'',	'0710943698',	'ilmamen',	1,	'primary',	'',	1),
(88,	'Josephat Senteu',	'',	'0726509726',	'ilmamen',	1,	'primary',	'',	1),
(90,	'Nickson Sanare',	'',	'0723046667',	'Ilpolosat',	1,	'primary',	'',	1),
(91,	'Tiapashina Parkanta',	'',	'0723160806',	'Ilpolosat',	1,	'primary',	'',	1),
(92,	'George Parsaoti',	'',	'0721663891',	'Konza',	1,	'primary',	'',	1),
(95,	'Susan Kanko',	'',	'0795066927',	'Kajiado',	2,	'primary',	'',	1),
(96,	'Mike Oiboo',	'',	'0724636987',	'Ilpolosat',	1,	'primary',	'',	1),
(97,	'Amos Simintei',	'',	'0720091426',	'Enkirgirri',	1,	'primary',	'',	1),
(98,	'Joseph Nkirrimpai',	'',	'0722241357',	'Korrompoi',	1,	'primary',	'',	1),
(99,	'Richard Shirimo',	'',	'0703331481',	'Rombo',	1,	'primary',	'',	1),
(100,	'Memusi Keriako',	'',	'0724746253',	'Emarti',	1,	'primary',	'',	1),
(101,	'Julian Mbinya',	'',	'0720708680',	'Malili',	2,	'primary',	'',	1),
(102,	'Sylvester Kibaki',	'',	'0712363824',	'Emarti',	1,	'primary',	'',	1),
(103,	'Happy Taanai',	'',	'0726956063',	'Kajiado',	2,	'primary',	'',	1),
(105,	'Lydia Parteyie',	'lydiaparteyie@gmail.com',	'0725277132',	'Isinya',	2,	'primary',	'',	1),
(106,	'Paul Mutunkei',	'',	'0720881894',	'Ilpolosat',	1,	'primary',	'',	1),
(107,	'William Matee',	'',	'0703502547',	'Konza',	1,	'primary',	'',	1),
(108,	'Amos Meitiaki',	'',	'0723779699',	'Ilpolosat',	1,	'primary',	'',	1),
(109,	'Julius Kotikash',	'',	'0720817032',	'Konza',	1,	'primary',	'',	1),
(110,	'Daniel Masingot',	'',	'0721650648',	'ilmamen',	1,	'primary',	'',	1),
(111,	'Kilanka Matee',	'',	'0711645404',	'Konza',	1,	'primary',	'',	1),
(112,	'Francis Toto',	'',	'0724534265',	'Ilpolosat',	1,	'primary',	'',	1),
(113,	'James Tumpes',	'',	'0721887315',	'Kapit',	1,	'primary',	'',	1),
(114,	'Jonathan Sisika',	'',	'0729834780',	'Kilo',	1,	'primary',	'',	1),
(115,	'Wilson Lenkisito',	'',	'0729680536',	'Lenchani',	1,	'primary',	'',	1),
(116,	'Jonathan Simintei',	'',	'0714001229',	'Ulu',	1,	'primary',	'',	1),
(117,	'David Lesiyia',	'',	'0721989858',	'Enkirgirri',	1,	'primary',	'',	1),
(118,	'Samuel Ntirika',	'',	'0725711316',	'Olturoto',	1,	'primary',	'',	1),
(119,	'Gideon Parsaoti',	'',	'0721274850',	'Ilpolosat',	1,	'primary',	'',	1),
(120,	'Stephen Maato',	'stephenmorinke@yahoo.com',	'0722921686',	'ilmamen',	1,	'primary',	'',	1),
(122,	'George Sankale',	'',	'0721363647',	'Ilpolosat',	1,	'primary',	'',	1),
(123,	'Joseph Tiriakong',	'',	'0727416295',	'Konza',	1,	'primary',	'',	1),
(124,	'Edward Kamami',	'',	'0720215811',	'Konza',	1,	'primary',	'',	1),
(125,	'Raphael Nchayio',	'',	'0721442760',	'ilmamen',	1,	'primary',	'',	1),
(126,	'Raphael Sanyika',	'',	'0720249818',	'ilmamen',	1,	'primary',	'',	1),
(128,	'Ezekiel Pasha',	'',	'0701120208',	'Sultan',	1,	'primary',	'Teaching',	1),
(129,	'Lucy Saningo',	'',	'0725349805',	'Maili tisa',	2,	'primary',	'',	1),
(130,	'Stephen Onyango',	'',	'0721560290',	'Nairobi',	1,	'primary',	'',	1),
(131,	'Daniel Mativo',	'',	'0720290266',	'Ngatu',	1,	'primary',	'',	1),
(132,	'Stephen Mutunga',	'',	'0712484072',	'Kiu',	1,	'primary',	'',	1),
(133,	'Hellen Mopia',	'',	'0721347275',	'Kima',	2,	'primary',	'',	1),
(134,	'Victoria Lenana',	'',	'0726224212',	'Kimalat',	2,	'primary',	'',	1),
(135,	'Samuel Nchiroine',	'',	'0722920918',	'Kajiado',	1,	'primary',	'',	1),
(136,	'John Soitara',	'',	'0728839879',	'Ngong',	1,	'primary',	'',	1),
(137,	'Lakati Elapu',	'',	'0722827324',	'Rongai',	1,	'primary',	'',	1),
(138,	'Kenyatta Oloitiptip',	'',	'0723145326',	'Namanga',	1,	'primary',	'',	1),
(139,	'Jonathan Kosen',	'kotemu2013@gmail.com',	'0702020656',	'Kajiado',	1,	'primary',	'Teaching',	1),
(140,	'Everlyn Mwongeli',	'',	'0721633497',	'Nairobi',	2,	'primary',	'',	1),
(141,	'Emily Moikai',	'',	'0714217317',	'Emaroro',	2,	'primary',	'',	1),
(142,	'Josephat Mualuko',	'',	'0717402354',	'Salama',	1,	'primary',	'',	1),
(143,	'Paul Malele',	'',	'0722308393',	'Nairobi',	1,	'primary',	'',	1),
(144,	'Maryann Tutuma',	'',	'0720135108',	'Osarai',	4,	'secondary',	'',	1),
(145,	'Lydia Naserian',	'',	'0720537101',	'Oloitoktok',	2,	'primary',	'',	1),
(146,	'Philip Ogutu',	'',	'0722634911',	'Tasia',	1,	'primary',	'',	1),
(147,	'Duncan Kakiyia',	'',	'0720362051',	'Isinya',	1,	'primary',	'',	1),
(148,	'Isaiah Kesese',	'',	'0722423669',	'Olootepes',	1,	'primary',	'',	1),
(149,	'Emmanuel Ntalamia',	'',	'0722504203',	'Emaroro',	1,	'primary',	'',	1),
(150,	'Supeet Musunku',	'',	'0722220406',	'Ilpolosat',	1,	'primary',	'',	1),
(151,	'Taine Musunku',	'',	'0723924882',	'Kitengela',	1,	'primary',	'',	1),
(152,	'Alfred Mutuku',	'',	'0726263740',	'Konza',	1,	'primary',	'',	1),
(153,	'Josephat Sitonik',	'',	'0725305729',	'Ilpolosat',	1,	'primary',	'',	1),
(154,	'Bildad Saitabao',	'',	'0721904187',	'Ilpolosat',	1,	'primary',	'',	1),
(155,	'Catherine Nzilani',	'',	'0705110716',	'Ngiini',	2,	'primary',	'',	1),
(156,	'Evelyn Kailol',	'',	'0714404738',	'ilmamen',	2,	'primary',	'',	1),
(158,	'Richard Musunku',	'',	'0721669333',	'Ilpolosat',	1,	'primary',	'',	1),
(159,	'Willy Muthini',	'',	'0721988185',	'Konza',	1,	'primary',	'',	1),
(160,	'Catherine Mapi',	'',	'0715747031',	'Ilpolosat',	2,	'primary',	'',	1),
(161,	'John Ngethe',	'johnngether@gmail.com',	'0721848301',	'Ilasit',	1,	'primary',	'',	1),
(162,	'Kipkemboi Malel',	'',	'0722766333',	'Kitengela',	1,	'primary',	'',	1),
(163,	'Juliana Kitapo',	'',	'0700440037',	'Konza',	2,	'primary',	'',	1),
(164,	'Moses Parkire',	'timothysayiore@gmail.com',	'0721229996',	'Kilo',	1,	'primary',	'',	1),
(165,	'Kikayaya Sululu',	'',	'0723013048',	'Emaroro',	1,	'primary',	'',	1),
(166,	'Paul Pasua',	'paulsaitoti@gmail.com',	'0721963604',	'Emaroro',	1,	'primary',	'',	1),
(167,	'Simon Mulala',	'',	'0718611256',	'Ulu',	1,	'primary',	'',	1),
(168,	'Harrison Serian',	'',	'0722945738',	'Ilpolosat',	1,	'primary',	'',	1),
(169,	'Saitaga Namayia',	'',	'0711173512',	'Olperrelong',	1,	'primary',	'',	1),
(170,	'Henry Kopirato',	'',	'0725517573',	'Emali',	1,	'primary',	'',	1),
(171,	'Noah Mantilei',	'',	'0721297496',	'Lenchani',	1,	'primary',	'',	1),
(172,	'Catherine Sakimpa',	'',	'0726549534',	'Kitengela',	2,	'primary',	'',	1),
(173,	'Harrison Austin',	'',	'0721739259',	'Nairobi',	1,	'primary',	'',	1),
(174,	'annastacia Ndunge',	'annendunda1@gmail.com',	'0712826495',	'Rongai',	2,	'primary',	'',	1),
(175,	'Joshua Makwi',	'',	'0726647481',	'Kitengela',	1,	'primary',	'',	1),
(176,	'Antony Kamia',	'',	'0723463607',	'Kitengela',	1,	'primary',	'',	1),
(177,	'Ezekiel Kipinkat',	'',	'0737184087',	'Konza',	1,	'primary',	'',	1),
(178,	'Alex Leposo',	'',	'0735912968',	'Naserian',	1,	'primary',	'',	1),
(179,	'Hellen Muindi',	'',	'0720999324',	'Kitengela',	2,	'primary',	'',	1),
(180,	'Hellen Makena',	'hellenkithinji@gmail.com',	'0716763639',	'Kitengela',	2,	'primary',	'',	1),
(181,	'Rodha Mbugua',	'',	'0724113750',	'Juja',	2,	'primary',	'',	1),
(182,	'Jackson Koisinget',	'',	'0723731955',	'Kitengela',	1,	'primary',	'',	1),
(183,	'Joseph Nkiiju',	'',	'0721551374',	'Kima',	1,	'primary',	'',	1),
(184,	'Samuel Mpayei',	'',	'0712384099',	'Kima',	1,	'primary',	'',	1),
(185,	'Gladys Lenana',	'',	'0726224212',	'Kimalat',	2,	'primary',	'',	1),
(186,	'Shuraki Mokopa',	'',	'0716060248',	'Emarti',	1,	'primary',	'',	1),
(187,	'Josephat Kapurua',	'',	'0723824238',	'Sultan',	1,	'primary',	'',	1),
(188,	'Eugene Antera ',	'',	'0722871606',	'Nairobi',	1,	'primary',	'',	1),
(190,	'Joseph Sonyoi',	'',	'0720700507',	'ilmamen',	1,	'primary',	'',	1),
(191,	'Thomas Matee',	'',	'0725417053',	'Ilmunkush',	1,	'primary',	'',	1),
(192,	'Festus Roriki',	'',	'0722444868',	'ilmamen',	1,	'primary',	'',	1),
(193,	'Jeniffer Kamau',	'',	'0713349803',	'Ilpolosat',	2,	'primary',	'',	1),
(194,	'Helen Nyote',	'',	'0727379055',	'Isisira',	2,	'primary',	'Farmer',	1),
(195,	'Gladys Peliloi',	'',	'0724582509',	'Mashuuru',	2,	'primary',	'Farmer',	1),
(196,	'Stephen Kaasha',	'',	'0720334982',	'Korromboi',	1,	'primary',	'Business man',	1),
(199,	'Teto Henry',	'',	'0725975779',	'Naserian',	1,	'primary',	'',	1),
(201,	'Patrick  Mwaria Warutere',	'pwarutere13@gmail.com',	'0725815764',	'Syokimau',	1,	'primary',	'',	1),
(202,	'Elizabeth Mbula',	'',	'0702691477',	'Kitengela',	2,	'primary',	'',	1),
(203,	'Antony Kaesha',	'',	'0723463607',	'Kitengela',	1,	'primary',	'',	1),
(204,	'Jackline Kimeu',	'',	'0727226438',	'Rongai',	2,	'primary',	'',	1),
(205,	'Jeremiah Parsaoti',	'',	'0728724096',	'Ilpolosat',	1,	'primary',	'',	1),
(208,	'Everline David Taporu',	'',	'0713355606',	'Empuyiankat',	2,	'primary',	'',	1),
(209,	'Samuel Kimeu',	'',	'0721543784',	'Ulu',	1,	'primary',	'',	1),
(210,	'Laban kamau',	'',	'0720260313',	'loitoktok',	1,	'primary',	'',	1),
(212,	'Tenke Saidimu',	'',	'0721564952',	'kilo',	1,	'primary',	'',	1),
(213,	'Jackson Lasiti',	'',	'0721834908',	'Kilo',	1,	'primary',	'',	1),
(215,	'Fred Munyao',	'',	'0722660518',	'loitoktok',	1,	'primary',	'',	1),
(217,	'Isaach Mueti Katue',	'',	'0727125984',	'Konza',	1,	'primary',	'',	1),
(218,	'Emmanuel Kesuma',	'',	'0725086441',	'Oldupai',	1,	'primary',	'',	1),
(219,	'Samuel Matipe',	'',	'0726483533',	'Ilpolosat',	1,	'primary',	'',	1),
(220,	'Philip Meori ',	'',	'0722342722',	'Nairobi',	1,	'primary',	'',	1),
(221,	'Antony Musyioki',	'',	'0719558405',	'Machakos',	1,	'primary',	'',	1),
(222,	'Florence Simantoi',	'',	'0729164578',	'Magadi',	2,	'primary',	'',	1),
(224,	'Jackson Kapauya',	'',	'0729393435',	'Olturoto',	1,	'primary',	'',	1),
(226,	'Nelly Muriati',	'',	'0722756848',	'Kitengela',	2,	'primary',	'',	1),
(227,	'Philip Muthiani',	'',	'0724738331',	'Malili',	1,	'primary',	'',	1),
(228,	'Simon Sintei',	'',	'0719156446',	'Kitengela',	1,	'primary',	'',	1),
(229,	'Timothy Sayiore',	'',	'0721229996',	'Kitengela',	1,	'primary',	'',	1),
(230,	'David Kukei',	'',	'0721375157',	'Ilmamen',	1,	'primary',	'',	1),
(231,	'Joseph Kaasha Koiman',	'',	'0710643336',	'Emali',	1,	'primary',	'',	1),
(232,	'Killion Odinga',	'',	'0721411996',	'Nairobi',	1,	'primary',	'',	1),
(233,	'Ramadhan Suma',	'',	'0723929470',	'loitoktok',	1,	'primary',	'',	1),
(234,	'Jenniffer Nzisa',	'',	'0738693179',	'Mukashire',	2,	'primary',	'',	1),
(235,	'Shukuru',	'',	'0725506809',	'Embakasi',	1,	'primary',	'',	1),
(236,	'Jane Mbithe',	'',	'0720733681',	'Machakos',	2,	'primary',	'',	1),
(238,	'John Kariuki',	'',	'0722297149',	'Nairobi',	1,	'primary',	'',	1),
(239,	'Mourine Obunga',	'',	'0705766616',	'Kitengela',	2,	'primary',	'',	1),
(240,	'Isaiah Maina',	'',	'0721480525',	'Konza',	1,	'primary',	'',	1),
(241,	'Magdaline Partimo',	'',	'0720308132',	'Konza',	2,	'primary',	'',	1),
(242,	'Jonathan Muoka',	'',	'0722635445',	'Ulu',	1,	'primary',	'',	1),
(243,	'Peneti Paul',	'',	'0724016553',	'Ilpolosat',	1,	'primary',	'',	1),
(246,	'Eliza Kivungi',	'',	'0717779026',	'Kima',	2,	'primary',	'',	1),
(248,	'Gachau Njoroge',	'',	'0705905362',	'Kitengela',	1,	'primary',	'',	1),
(250,	'Melil Kwonyike Jebet',	'',	'0722938322',	'Nairobi',	2,	'primary',	'',	1),
(251,	'Joyce Kanchori',	'',	'0721595155',	'Kitengela',	2,	'primary',	'',	1),
(252,	'Stephen Kesire',	'',	'0720708979',	'Ngong',	1,	'primary',	'',	1),
(253,	'Daniel Munyao',	'',	'0720226365',	'Ulu',	1,	'primary',	'',	1),
(254,	'Mary Mwendwa',	'maryndivo@gmail.com',	'0722996504',	'Nairobi',	6,	'secondary',	'',	1),
(255,	'Wilson Kipoipoy',	'',	'0722225637',	'Lenchani',	1,	'primary',	'',	1),
(256,	'Irene Wanjiru',	'',	'0724225028',	'Kasalama',	2,	'primary',	'',	1),
(257,	'Jackline Ndirangu',	'Ndirangujacklinenjeri!@gmail',	'0722984693',	'Mashuuru',	2,	'primary',	'',	1),
(258,	'Kipambi Ntele',	'kipambin@gmail.com',	'0722281215',	'Lenchani',	1,	'primary',	'',	1),
(259,	'Jane Leposo',	'',	'0715370875',	'Naserian',	2,	'primary',	'',	1),
(261,	'Jacob Mutila',	'',	'0781330032',	'Migwani',	1,	'primary',	'',	1),
(262,	'Susan Simayio',	'Kmorinke@gmail.com',	'0722921686',	'Ilmamen',	2,	'primary',	'',	1),
(263,	'Jonathan Nzomo',	'',	'0721570186',	'Ilmamen',	1,	'primary',	'',	1),
(264,	'Philemon Karasinga',	'',	'0720940905',	'Kajiado',	1,	'primary',	'',	1),
(266,	'Charles Musau',	'',	'0714134885',	'Athi River',	1,	'primary',	'',	1),
(267,	'Stanley Kipasi',	'stankipasi@gmail.com',	'0722541945',	'Ilmunkush',	1,	'primary',	'',	1),
(268,	'Patrick Muthama',	'',	'0723547481',	'Enzai',	1,	'primary',	'',	1),
(270,	'Esther Kanko',	'',	'0716957830',	'Konza',	2,	'primary',	'',	1),
(271,	'Gideon Tirmei',	'',	'0720425939',	'Lenchani',	1,	'primary',	'',	1),
(272,	'Moses Sayiori',	'',	'0725694179',	'Kilo',	1,	'primary',	'',	1),
(273,	'Harrison Parsaoti',	'',	'0720755345',	'Konza',	1,	'primary',	'',	1),
(274,	'Sarphard Shisia',	'',	'0716591963',	'Nairobi',	1,	'primary',	'',	1),
(275,	'Trizah Kishoyian',	'',	'0728222056',	'loitoktok',	2,	'primary',	'',	1),
(276,	'Oketch Wasonga',	'',	'0712741184',	'Naserian',	1,	'primary',	'',	1),
(278,	'Parorit Pesipesi',	'Patricktumuti@yahoo.com',	'0717488177',	'Konza',	1,	'primary',	'',	1),
(279,	'Purity Nkoitiko',	'',	'0712080715',	'Ilmamen',	2,	'primary',	'',	1),
(280,	'Jonathan Mpayieyio',	'',	'0720742954',	'Olturoto',	1,	'primary',	'',	1),
(281,	'David Moisasi',	'',	'0712227296',	'Ilmamen',	1,	'primary',	'',	1),
(283,	'Douglas Kioko',	'douglaskioko@yahoo.com',	'0721318043',	'Kima',	1,	'primary',	'',	1),
(284,	'John Kilole',	'',	'0722810858',	'Kajiado',	1,	'primary',	'',	1),
(285,	'Charles Kyalo Mawili',	'ckmawili16@gmail.com',	'0710626471',	'Sultan',	1,	'primary',	'',	1),
(287,	'Elizabeth Mupui',	'',	'0714078449',	'Ilmamen',	1,	'primary',	'',	1),
(288,	'Michael Mbithi',	'',	'0724220244',	'Nairobi',	1,	'primary',	'',	1),
(289,	'Dallas Ntanin',	'',	'0725909592',	'Ilpolosat',	1,	'primary',	'',	1),
(290,	'Ken Rianto',	'',	'0724577004',	'Emali',	1,	'primary',	'',	1),
(291,	'David Kakui',	'',	'0728895672',	'Ulu',	1,	'primary',	'',	1),
(292,	'James Koin ',	'',	'0722585431',	'Lenchani',	1,	'primary',	'',	1),
(293,	'Alex Kyalo',	'',	'0726814953',	'Ulu',	1,	'primary',	'',	1),
(297,	'Collins Parsoip',	'',	'0723116016',	'Emarti',	1,	'primary',	'',	1),
(298,	'David Parsaoti',	'',	'0704063352',	'Ilpolosat',	1,	'primary',	'',	1),
(299,	'Johnson Kyalo',	'',	'0721380270',	'Mombasa',	1,	'primary',	'',	1),
(300,	'Isaac Toto',	'',	'0710830266',	'Ilpolosat',	1,	'primary',	'',	1),
(301,	'Nyapol Lewuantai',	'',	'0700082162',	'Kilo',	1,	'primary',	'',	1),
(302,	'Charles Nkaru',	'',	'0716053680',	'Kima',	1,	'primary',	'',	1),
(305,	'Samson Moikai',	'',	'0725568424',	'Ilmamen',	1,	'primary',	'',	1),
(306,	'Mary Mpelesi',	'',	'0720172805',	'Ilmamen',	1,	'primary',	'',	1),
(307,	'Samuel Kiloisa',	'',	'0721225419',	'Ilmamen',	1,	'primary',	'',	1),
(308,	'Paul Nteti',	'',	'0724202578',	'Konza',	1,	'primary',	'',	1),
(309,	'Kisoimpei Moikai',	'',	'0705573757',	'',	1,	'primary',	'',	1),
(310,	'Simon Muvonde',	'',	'0708173842',	'Konza',	1,	'primary',	'',	1),
(311,	'Daniel Siloma',	'',	'0710524450',	'Ilmamen',	1,	'primary',	'',	1),
(312,	'Charles Mwangangi',	'',	'0720002568',	'Konza',	1,	'primary',	'',	1),
(313,	'Ephantus Morinke',	'',	'0713216863',	'Ilmamen',	1,	'primary',	'',	1),
(315,	'Pauline Sanait',	'',	'0721633497',	'Entashat',	2,	'primary',	'',	1),
(316,	'Flowrence Resiato',	'',	'0725952033',	'Kiserian',	2,	'primary',	'',	1),
(317,	'Florence Nasore',	'',	'0724984641',	'Magadi',	2,	'primary',	'',	1),
(318,	'Simon King\'a',	'',	'0722839238',	'',	1,	'primary',	'',	1),
(319,	'Moinei Kinayio',	'',	'0725231465',	'Oloorngosuani',	1,	'primary',	'',	1),
(321,	'Stephen Nabela',	'',	'0722251417',	'Konza',	1,	'primary',	'',	1),
(323,	'Moses Kwonyike',	'',	'0712843954',	'Kajiado',	1,	'primary',	'',	1),
(324,	'Godfrey Parsaoti',	'',	'0720749808',	'Kiserian',	1,	'primary',	'',	1),
(326,	'Joseph Meiseyieki',	'',	'0729884076',	'Oloitokitok',	1,	'primary',	'',	1),
(327,	'Amos Ngatia Kiiru',	'',	'0723321418',	'Kasalama',	1,	'primary',	'',	1),
(331,	'Francis Soropai',	'',	'0704264321',	'Emali',	1,	'primary',	'',	1),
(332,	'Jackline Koin',	'',	'0720668037',	'Kajiado',	2,	'primary',	'',	1),
(333,	'Kizito Kwena',	'',	'0726370808',	'Katumani',	1,	'primary',	'',	1),
(334,	'Judy Nyakeya',	'',	'0721707469',	'Emali',	6,	'secondary',	'',	1),
(335,	'Raphael Muthenya',	'',	'0725405933',	'Kasalama',	1,	'primary',	'',	1),
(337,	'Josephine Weiputa',	'',	'0723918895',	'Kitengela',	2,	'primary',	'',	1),
(338,	'Daniel Kayiaa',	'',	'0722871430',	'Ilpolosat',	1,	'primary',	'',	1),
(339,	'Letuati Nackson Umash',	'oleumash@gmail.com',	'0712878178',	'Napukudet',	1,	'primary',	'',	1),
(340,	'Abel Mwenda Kamau',	'',	'0711103128',	'Konza',	1,	'primary',	'',	1),
(341,	'Esther Kioko',	'',	'0799637877',	'Salama',	2,	'primary',	'',	1),
(342,	'Nicodemus Karisa',	'kiambucluster@gmail.com',	'0775129304',	'Ngong',	1,	'primary',	'IT',	1),
(344,	'Betty Kanze',	'byeri@gmail.com',	'07206484878',	'Nairobi',	2,	'primary',	'Business',	1),
(360,	'Tom Fondo',	'mwambirekarisa2017@gmail.com',	'777777777',	'Test',	1,	'primary',	'Test',	1);

CREATE TABLE `profile` (
  `profile_id` int(100) NOT NULL AUTO_INCREMENT,
  `name` varchar(100) NOT NULL,
  `login_type_id` int(10) NOT NULL,
  `description` varchar(100) NOT NULL,
  PRIMARY KEY (`profile_id`)
) ENGINE=InnoDB DEFAULT CHARSET=latin1;

INSERT INTO `profile` (`profile_id`, `name`, `login_type_id`, `description`) VALUES
(1,	'Super Admin',	1,	'System Main Administrator'),
(2,	'None Class Teachers',	2,	'None Class Teachers'),
(3,	'Secretary',	1,	'Admin Sec');

CREATE TABLE `reconcile` (
  `reconcile_id` int(100) NOT NULL AUTO_INCREMENT,
  `statement_amount` decimal(10,2) NOT NULL,
  `month` date NOT NULL,
  `status` int(11) NOT NULL DEFAULT '0' COMMENT '0=submitted,2=approved',
  `timestamp` timestamp NOT NULL DEFAULT CURRENT_TIMESTAMP ON UPDATE CURRENT_TIMESTAMP,
  PRIMARY KEY (`reconcile_id`)
) ENGINE=InnoDB DEFAULT CHARSET=latin1;

INSERT INTO `reconcile` (`reconcile_id`, `statement_amount`, `month`, `status`, `timestamp`) VALUES
(2,	450000.00,	'2019-05-31',	1,	'2019-07-24 18:59:24');

CREATE TABLE `record_type` (
  `record_type_id` int(100) NOT NULL AUTO_INCREMENT,
  `name` varchar(100) NOT NULL,
  `reference_field` varchar(100) NOT NULL,
  PRIMARY KEY (`record_type_id`)
) ENGINE=InnoDB DEFAULT CHARSET=latin1;

INSERT INTO `record_type` (`record_type_id`, `name`, `reference_field`) VALUES
(1,	'invoice',	'invoice_id'),
(2,	'budget',	'description'),
(3,	'transaction',	'batch_number'),
(4,	'fees_structure',	'name'),
(5,	'student',	'name'),
(6,	'parent',	'name'),
(7,	'funds_transfer',	''),
(8,	'contra_entry',	''),
(9,	'reconcile',	'month');

CREATE TABLE `relationship` (
  `relationship_id` int(100) NOT NULL AUTO_INCREMENT,
  `name` varchar(50) NOT NULL,
  PRIMARY KEY (`relationship_id`)
) ENGINE=InnoDB DEFAULT CHARSET=latin1;

INSERT INTO `relationship` (`relationship_id`, `name`) VALUES
(1,	'Father'),
(2,	'Mother'),
(3,	'Brother'),
(4,	'Sister'),
(5,	'Uncle'),
(6,	'Aunt');

CREATE TABLE `request_type` (
  `request_type_id` int(100) NOT NULL AUTO_INCREMENT,
  `name` varchar(100) NOT NULL,
  PRIMARY KEY (`request_type_id`)
) ENGINE=InnoDB DEFAULT CHARSET=latin1;

INSERT INTO `request_type` (`request_type_id`, `name`) VALUES
(1,	'create'),
(2,	'update'),
(3,	'delete'),
(4,	'cancel'),
(5,	'reinstate');

CREATE TABLE `scheme` (
  `scheme_id` int(100) NOT NULL AUTO_INCREMENT,
  `scheme_header_id` int(100) NOT NULL,
  `week` int(10) NOT NULL,
  `lesson` int(10) NOT NULL,
  `strand` longtext NOT NULL,
  `sub_strand` longtext NOT NULL,
  `learning_outcomes` longtext NOT NULL,
  `inquiry_question` longtext NOT NULL,
  `learning_experiences` longtext NOT NULL,
  `learning_resources` longtext NOT NULL,
  `assessment` longtext NOT NULL,
  `createdby` int(100) NOT NULL,
  `lastmodifiedby` int(100) NOT NULL,
  `createddate` datetime NOT NULL,
  `lastmodifieddate` timestamp NOT NULL DEFAULT CURRENT_TIMESTAMP ON UPDATE CURRENT_TIMESTAMP,
  PRIMARY KEY (`scheme_id`),
  KEY `scheme_header_id` (`scheme_header_id`),
  KEY `createdby` (`createdby`),
  KEY `lastmodifiedby` (`lastmodifiedby`),
  CONSTRAINT `scheme_ibfk_1` FOREIGN KEY (`scheme_header_id`) REFERENCES `scheme_header` (`scheme_header_id`),
  CONSTRAINT `scheme_ibfk_2` FOREIGN KEY (`createdby`) REFERENCES `user` (`user_id`),
  CONSTRAINT `scheme_ibfk_3` FOREIGN KEY (`lastmodifiedby`) REFERENCES `user` (`user_id`)
) ENGINE=InnoDB DEFAULT CHARSET=latin1;


CREATE TABLE `scheme_header` (
  `scheme_header_id` int(100) NOT NULL AUTO_INCREMENT,
  `class_id` int(100) NOT NULL,
  `subject_id` int(100) NOT NULL,
  `term_id` int(100) NOT NULL,
  `year` int(4) NOT NULL,
  `createdby` int(100) NOT NULL,
  `lastmodifiedby` int(100) NOT NULL,
  `createddate` datetime NOT NULL,
  `lastmodifieddate` timestamp NOT NULL DEFAULT CURRENT_TIMESTAMP ON UPDATE CURRENT_TIMESTAMP,
  PRIMARY KEY (`scheme_header_id`),
  KEY `class_id` (`class_id`),
  KEY `subject_id` (`subject_id`),
  KEY `term_id` (`term_id`),
  KEY `createdby` (`createdby`),
  KEY `lastmodifiedby` (`lastmodifiedby`),
  CONSTRAINT `scheme_header_ibfk_1` FOREIGN KEY (`class_id`) REFERENCES `class` (`class_id`),
  CONSTRAINT `scheme_header_ibfk_2` FOREIGN KEY (`subject_id`) REFERENCES `subject` (`subject_id`),
  CONSTRAINT `scheme_header_ibfk_3` FOREIGN KEY (`term_id`) REFERENCES `terms` (`terms_id`),
  CONSTRAINT `scheme_header_ibfk_4` FOREIGN KEY (`createdby`) REFERENCES `user` (`user_id`),
  CONSTRAINT `scheme_header_ibfk_5` FOREIGN KEY (`lastmodifiedby`) REFERENCES `user` (`user_id`)
) ENGINE=InnoDB DEFAULT CHARSET=latin1;


CREATE TABLE `section` (
  `section_id` int(11) NOT NULL AUTO_INCREMENT,
  `name` longtext COLLATE utf8_unicode_ci NOT NULL,
  `nick_name` longtext COLLATE utf8_unicode_ci NOT NULL,
  `class_id` int(11) NOT NULL,
  `teacher_id` int(11) NOT NULL,
  PRIMARY KEY (`section_id`),
  KEY `class_id` (`class_id`),
  KEY `teacher_id` (`teacher_id`),
  CONSTRAINT `section_ibfk_1` FOREIGN KEY (`class_id`) REFERENCES `class` (`class_id`),
  CONSTRAINT `section_ibfk_2` FOREIGN KEY (`teacher_id`) REFERENCES `teacher` (`teacher_id`)
) ENGINE=InnoDB DEFAULT CHARSET=utf8 COLLATE=utf8_unicode_ci;


CREATE TABLE `settings` (
  `settings_id` int(11) NOT NULL AUTO_INCREMENT,
  `type` longtext CHARACTER SET utf8 COLLATE utf8_unicode_ci NOT NULL,
  `description` longtext CHARACTER SET utf8 COLLATE utf8_unicode_ci NOT NULL,
  PRIMARY KEY (`settings_id`)
) ENGINE=MyISAM DEFAULT CHARSET=latin1;

INSERT INTO `settings` (`settings_id`, `type`, `description`) VALUES
(1,	'system_name',	'KPVA School Management System'),
(2,	'system_title',	'KPV Academy'),
(3,	'address',	'Konza'),
(4,	'phone',	'254764837462'),
(5,	'paypal_email',	'info@kpvacademy.com'),
(6,	'currency',	'Kes.'),
(7,	'system_email',	'info@kpvacademy.com'),
(20,	'active_sms_service',	'africastalking'),
(11,	'language',	'english'),
(12,	'text_align',	'left-to-right'),
(13,	'clickatell_user',	''),
(14,	'clickatell_password',	''),
(15,	'clickatell_api_id',	''),
(16,	'skin_colour',	'blue'),
(17,	'twilio_account_sid',	''),
(18,	'twilio_auth_token',	''),
(19,	'twilio_sender_phone_number',	''),
(21,	'system_start_date',	'2019-05-01'),
(22,	'version',	'2019040100'),
(23,	'sidebar-collapsed',	'no'),
(24,	'allowable_variance_upper_limit',	'10'),
(25,	'allowable_variance_lower_limit',	'-10'),
(26,	'africastalking_user',	'KPVASCHOOL'),
(27,	'africastalking_api_id',	'7cdaa5fdf7c97d9e0b0efef914edf73e2c7a6aa5677a52f0bdc6039c73dace2f');

CREATE TABLE `sms_delivery` (
  `sms_delivery_id` int(100) NOT NULL AUTO_INCREMENT,
  `message_id` varchar(200) NOT NULL,
  `status` varchar(20) NOT NULL,
  `phoneNumber` varchar(50) NOT NULL,
  `networkCode` varchar(50) NOT NULL,
  `failureReason` varchar(50) NOT NULL,
  `retryCount` int(50) NOT NULL,
  PRIMARY KEY (`sms_delivery_id`)
) ENGINE=InnoDB DEFAULT CHARSET=latin1;


CREATE TABLE `student` (
  `student_id` int(11) NOT NULL AUTO_INCREMENT,
  `name` varchar(100) COLLATE utf8_unicode_ci NOT NULL,
  `birthday` longtext COLLATE utf8_unicode_ci NOT NULL,
  `sex` varchar(10) COLLATE utf8_unicode_ci NOT NULL,
  `religion` varchar(20) COLLATE utf8_unicode_ci NOT NULL,
  `blood_group` varchar(5) COLLATE utf8_unicode_ci NOT NULL,
  `address` varchar(100) COLLATE utf8_unicode_ci NOT NULL,
  `phone` varchar(20) COLLATE utf8_unicode_ci NOT NULL,
  `email` varchar(50) COLLATE utf8_unicode_ci NOT NULL,
  `class_id` int(11) NOT NULL,
  `section_id` int(10) NOT NULL,
  `parent_id` int(100) NOT NULL,
  `roll` varchar(59) COLLATE utf8_unicode_ci NOT NULL,
  `upi_number` varchar(50) COLLATE utf8_unicode_ci NOT NULL,
  `transport_id` int(10) NOT NULL,
  `dormitory_id` int(50) NOT NULL,
  `dormitory_room_number` varchar(20) COLLATE utf8_unicode_ci NOT NULL,
  `active` int(5) NOT NULL DEFAULT '1',
  PRIMARY KEY (`student_id`),
  KEY `class_id` (`class_id`),
  CONSTRAINT `student_ibfk_1` FOREIGN KEY (`class_id`) REFERENCES `class` (`class_id`)
) ENGINE=InnoDB DEFAULT CHARSET=utf8 COLLATE=utf8_unicode_ci;

INSERT INTO `student` (`student_id`, `name`, `birthday`, `sex`, `religion`, `blood_group`, `address`, `phone`, `email`, `class_id`, `section_id`, `parent_id`, `roll`, `upi_number`, `transport_id`, `dormitory_id`, `dormitory_room_number`, `active`) VALUES
(1,	'Matipe Arenus Meitamei',	'09/03/2014',	'male',	'',	'',	'Ilpolosat',	'0720 239 394',	'',	3,	0,	0,	'KPVA/426',	'',	0,	0,	'',	0),
(2,	'Koin Angel Natasha',	'07/19/2015',	'female',	'',	'',	'Ilpolosat',	'0722 425 676',	'',	3,	0,	0,	'KPVA/446',	'',	0,	0,	'',	1),
(3,	'Moson Talia Nashilu',	'',	'female',	'',	'',	'Ilpolosat',	'0720 453 253',	'',	3,	0,	5,	'KPVA/462',	'',	0,	0,	'',	0),
(4,	'Nabela Solomon Rakita',	'11/06/2015',	'male',	'',	'',	'Ilpolosat',	'0722 251 417',	'',	3,	0,	0,	'KPVA/466',	'',	0,	0,	'',	1),
(5,	'Tajeu Myles Lazaro',	'12/02/2014',	'male',	'',	'',	'Ilpolosat',	'0722 366 621',	'',	3,	0,	9,	'KPVA/396',	'',	0,	0,	'',	1),
(6,	'Kilukei Felix Koote',	'12/24/2015',	'male',	'',	'',	'Ilpolosat',	'0723 784 482',	'',	3,	0,	0,	'KPVA/342',	'',	0,	0,	'',	1),
(7,	'Ramaita Melany Seenoi',	'10/13/2014',	'female',	'',	'',	'Ilmamen',	'0708 042 519',	'',	3,	0,	0,	'KPVA/467',	'',	0,	0,	'',	1),
(8,	'Solomon Mepukori',	'01/03/2014',	'male',	'',	'',	'Enkirgirri',	'0726 555 687',	'',	4,	0,	0,	'KPVA/459',	'',	0,	0,	'',	1),
(9,	'Sinkeet Mikhel Matipei',	'07/17/2014',	'male',	'',	'',	'Ilpolosat',	'0702 104 130',	'',	4,	0,	0,	'KPVA/298',	'',	0,	0,	'',	1),
(10,	'Mwatuni Linet Mayiamei',	'01/01/2014',	'female',	'',	'',	'ilmamen',	'0795 674 235',	'',	4,	0,	0,	'KPVA/259',	'',	0,	0,	'',	1),
(11,	'Kayiaa Latifa Sinyati',	'06/20/2014',	'female',	'',	'',	'Ilpolosat',	'0722 871 430',	'',	4,	0,	0,	'KPVA/294',	'',	0,	0,	'',	1),
(12,	'Sakimpa Sifa Mutero',	'11/23/2014',	'female',	'',	'',	'Ilasit',	'0721 211 261',	'',	4,	0,	0,	'KPVA/341',	'',	0,	0,	'',	1),
(13,	'Sakimpa Imani Mutero',	'11/23/2014',	'female',	'',	'',	'Ilasit',	'0721 211 261',	'',	4,	0,	0,	'KPVA/340',	'',	0,	0,	'',	1),
(14,	'Kereyia Timon Sapati',	'03/03/2014',	'male',	'',	'',	'Naserian',	'0722 261 591',	'',	4,	0,	0,	'KPVA/388',	'',	0,	0,	'',	1),
(15,	'Morinke Enock Saruni',	'03/05/2014',	'male',	'',	'',	'ilmamen',	'0728 822 029',	'',	4,	0,	0,	'KPVA/386',	'',	0,	0,	'',	1),
(16,	'Marine Joyville Soitalel',	'06/06/2015',	'female',	'',	'',	'Ilasit',	'0710 740 310',	'',	4,	0,	0,	'KPVA/395',	'',	0,	0,	'',	1),
(17,	'Oiboo Alvin Israel',	'',	'male',	'',	'',	'Ilpolosat',	'0724 636 987',	'',	4,	0,	0,	'KPVA/474',	'',	0,	0,	'',	1),
(18,	'Leeri Christian Tajeu',	'02/24/2013',	'male',	'',	'',	'Ilpolosat',	'0721 721 461',	'',	5,	0,	0,	'KPVA/171',	'XH44XM',	0,	0,	'',	1),
(19,	'Leire Shwayne Lennox',	'01/29/2014',	'male',	'',	'',	'Konza',	'0721 386 489',	'',	5,	0,	0,	'KPVA/235',	'X98FFE',	0,	0,	'',	1),
(20,	'Paita Jessy Leshao',	'08/25/2013',	'male',	'',	'',	'Ilpolosat',	'0723 628 186',	'',	5,	0,	0,	'KPVA/247',	'TADTP4',	0,	0,	'',	1),
(21,	'Kimakon Joy Kosiantet',	'02/26/2013',	'female',	'',	'',	'Konza',	'0721 520 794',	'',	5,	0,	0,	'KPVA/196',	'5W6RQ7',	0,	0,	'',	1),
(22,	'Siango Mitchelle Naserian',	'06/12/2013',	'female',	'',	'',	'Konza',	'0710 449 792',	'',	5,	0,	0,	'KPVA/250',	'FMVXGB',	0,	0,	'',	1),
(23,	'Sironka Vivian Sempeyian',	'04/01/2014',	'male',	'',	'',	'ilmamen',	'0721 421 559',	'',	4,	0,	0,	'KPVA/284',	'',	0,	0,	'',	1),
(24,	'Musyimi Blessed Mumo',	'01/31/2013',	'female',	'',	'',	'Konza',	'0722 943 715',	'',	5,	0,	0,	'KPVA/321',	'NW8EV7',	0,	0,	'',	1),
(25,	'Toto Phanice Ropian',	'05/25/2013',	'male',	'',	'',	'Ilpolosat',	'0722 537 816',	'',	5,	0,	0,	'KPVA/373',	'',	0,	0,	'',	1),
(26,	'William Elvis Muuo',	'09/15/2013',	'male',	'',	'',	'Konza',	'0713 748 991',	'',	5,	0,	0,	'KPVA/389',	'DP9228',	0,	0,	'',	1),
(27,	'Soipei Happy Yiapaso',	'03/23/2013',	'female',	'',	'',	'Ilpolosat',	'0715 282 022',	'',	5,	0,	0,	'KPVA/181',	'',	0,	0,	'',	1),
(28,	'Makwi Karen',	'05/28/2013',	'female',	'',	'',	'Naserian',	'0728 153 850',	'',	5,	0,	0,	'KPVA/401',	'',	0,	0,	'',	1),
(29,	'Odupoi Felix Lenana',	'02/18/2013',	'male',	'',	'',	'Naserian',	'0727 472 465',	'',	5,	0,	0,	'KPVA/399',	'',	0,	0,	'',	0),
(30,	'Kayiaa Felix Kanai',	'02/01/2012',	'male',	'',	'',	'Ilpolosat',	'0722 871 430',	'',	6,	0,	0,	'KPVA/091',	'TXMV68',	2,	0,	'',	1),
(31,	'Kilukei Collins Simel',	'12/24/2011',	'male',	'',	'',	'Ilpolosat',	'0723 784 482',	'',	6,	0,	0,	'KPVA/115',	'',	0,	0,	'',	1),
(32,	'Kennedy James Kirisua',	'',	'male',	'',	'',	'Konza',	'0725 795 384',	'',	6,	0,	0,	'KPVA/121',	'X92NGY',	0,	0,	'',	1),
(33,	'Matipei Michael Lomunyak',	'03/27/2012',	'male',	'',	'',	'Ilpolosat',	'0720 434 485',	'',	6,	0,	0,	'KPVA/118',	'GABAS7',	0,	0,	'',	1),
(34,	'Koman Meshack Masaiyo',	'05/06/2012',	'male',	'',	'',	'ilmamen',	'0720 893 518',	'',	6,	0,	0,	'KPVA/157',	'',	0,	0,	'',	1),
(35,	'Musunku Evans Osinyu',	'01/03/2013',	'male',	'',	'',	'Ilpolosat',	'0710 514 558',	'',	6,	0,	0,	'KPVA/234',	'QJ2EUS',	0,	0,	'',	1),
(36,	'Kirisua Joan Ruret',	'08/10/2011',	'female',	'',	'',	'ilmamen',	'0720 444 358',	'',	6,	0,	0,	'KPVA/124',	'FSG34S',	0,	0,	'',	1),
(37,	'Kirisua Neema Narias',	'04/28/2012',	'female',	'',	'',	'ilmamen',	'0720 444 358',	'kirisuamo@gmail.com',	6,	0,	0,	'KPVA/125',	'F2BZNG',	0,	0,	'',	1),
(38,	'Nkoitiko Happiness Naipei',	'01/24/2012',	'female',	'',	'',	'ilmamen',	'0705 277 015',	'',	6,	0,	0,	'KPVA/156',	'ZCTGCN',	0,	0,	'',	1),
(39,	'Lewauantai Anita Rimpen',	'03/01/2012',	'female',	'',	'',	'ilmamen',	'0710 943 698',	'',	6,	0,	0,	'KPVA/164',	'EH262G',	0,	0,	'',	1),
(40,	'Senteu Sheila Naisesoi',	'01/12/2013',	'female',	'',	'',	'ilmamen',	'0726 509 726',	'',	6,	0,	0,	'KPVA/186',	'KFKDU6',	0,	0,	'',	1),
(41,	'Tereu Joy Namunyak',	'01/01/2013',	'female',	'',	'',	'Konza',	'0721 663 891',	'',	6,	0,	0,	'KPVA/221',	'',	0,	0,	'',	1),
(42,	'Sanare Daisy Sanaipei',	'09/09/2011',	'female',	'',	'',	'Ilpolosat',	'0723 046 667',	'',	6,	0,	0,	'KPVA/242',	'',	0,	0,	'',	1),
(43,	'Tiapashina Abigael Nadupa',	'01/15/2011',	'female',	'',	'',	'Ilpolosat',	'0723 160 806',	'',	6,	0,	0,	'KPVA/226',	'T3S6SU',	0,	0,	'',	1),
(44,	'Tajeu Harriet Nashipae',	'03/30/2012',	'female',	'',	'',	'Ilpolosat',	'0722 366 621',	'',	6,	0,	0,	'KPVA/114',	'',	0,	0,	'',	1),
(45,	'Sakimpa N Sakimpa',	'10/18/2012',	'male',	'',	'',	'Ilasit',	'0721 211 261',	'',	6,	0,	0,	'KPVA/293',	'T8WUXX',	0,	0,	'',	1),
(46,	'Toto Abby Sian',	'01/01/2011',	'female',	'',	'',	'Naserian',	'0720 453 253',	'',	6,	0,	0,	'KPVA/300',	'',	0,	0,	'',	1),
(47,	'Toto Phoebe Resian',	'03/23/2012',	'female',	'',	'',	'Ilpolosat',	'0722 537 816',	'',	6,	0,	0,	'KPVA/372',	'62JYL8',	0,	0,	'',	1),
(48,	'Kereya Gilead Selempo',	'06/06/2011',	'male',	'',	'',	'Naserian',	'0722 261 591',	'',	6,	0,	0,	'KPVA/387',	'UCMJVB',	0,	0,	'',	1),
(49,	'Kanko Jacob Lenkai',	'03/26/2011',	'male',	'',	'',	'Kajiado',	'0795 066 927',	'',	6,	0,	0,	'KPVA/274',	'G84YDC',	0,	0,	'',	1),
(50,	'Oiboo Tabitha Namayiana',	'12/28/2011',	'female',	'',	'',	'Ilpolosat',	'0724 636 987',	'',	6,	0,	0,	'KPVA/230',	'',	0,	0,	'',	1),
(51,	'Majani Samuel Kiparki',	'05/26/2010',	'male',	'',	'',	'Enkirgirri',	'0720 091 426',	'',	6,	0,	0,	'KPVA/248',	'',	0,	0,	'',	1),
(52,	'Nkirrimpai David Tarayia',	'08/26/2011',	'male',	'',	'',	'Korrompoi',	'0722 241 357',	'',	6,	0,	0,	'KPVA/454',	'',	0,	0,	'',	1),
(53,	'Shirimo Jeovan Richard',	'01/01/2011',	'male',	'',	'',	'Rombo',	'0703 331 481',	'',	6,	0,	0,	'KPVA/483',	'',	0,	0,	'',	1),
(54,	'Memusi Vivian Simaton',	'01/01/2012',	'female',	'',	'',	'Emarti',	'0724 746 253',	'',	6,	0,	0,	'KPVA/310',	'ABQVR3',	0,	0,	'',	1),
(55,	'Gloria Mumo',	'01/01/2010',	'female',	'',	'',	'Malili',	'0720 708 680',	'',	6,	0,	0,	'KPVA/270',	'JCLZ27',	0,	0,	'',	1),
(56,	'Kibaki Linus Kaparo',	'05/06/2010',	'male',	'',	'',	'Emarti',	'0712 363 824',	'',	7,	0,	0,	'KPVA/357',	'ZJHCNP',	0,	0,	'',	0),
(57,	'Lemayian Ntosho Blessed',	'08/07/2011',	'male',	'',	'',	'Korrompoi',	'0722 614 904',	'',	7,	0,	0,	'KPVA/409',	'',	0,	0,	'',	1),
(58,	'Lekishon Lemashon',	'06/21/2010',	'male',	'',	'',	'Kajiado',	'0726 956 063',	'',	8,	0,	0,	'KPVA/441',	'',	0,	0,	'',	1),
(59,	'Kipampi Sasha Seret',	'09/04/2011',	'female',	'',	'',	'Lenchani',	'0722 281 215',	'',	7,	0,	0,	'KPVA/383',	'AYSWMP',	0,	0,	'',	1),
(60,	'Kipampi Terry Teriano',	'10/26/2011',	'female',	'',	'',	'Lenchani',	'0722 281 215',	'',	7,	0,	0,	'KPVA/384',	'PDURBU',	0,	0,	'',	1),
(61,	'Musumbi Sabina Angel',	'03/28/2012',	'female',	'',	'',	'Isinya',	'0725 277 132',	'',	7,	0,	0,	'KPVA/470',	'',	0,	0,	'',	1),
(62,	'Shirimo Elizabeth Richard',	'',	'female',	'',	'',	'Rombo',	'0703 331 481',	'',	7,	0,	0,	'KPVA/482',	'',	0,	0,	'',	1),
(63,	'Kailol Zacharia Kintet',	'',	'male',	'',	'',	'ilmamen',	'0721 421 559',	'',	7,	0,	0,	'KPVA/088',	'',	0,	0,	'',	1),
(64,	'Mutunkei Raphael Suyianka',	'02/17/2012',	'male',	'',	'',	'Ilpolosat',	'0720 881 894',	'',	7,	0,	0,	'KPVA/070',	'',	0,	0,	'',	1),
(65,	'Matee Francis Lekishon',	'',	'male',	'',	'',	'Konza',	'0703 502 547',	'',	7,	0,	0,	'KPVA/033',	'',	0,	0,	'',	1),
(66,	'Meitiaki Noah Melau',	'',	'male',	'',	'',	'Ilpolosat',	'0723 779 699',	'',	7,	0,	0,	'KPVA/50',	'',	0,	0,	'',	1),
(67,	'Parsaoti Shem Noah',	'',	'male',	'',	'',	'Ilpolosat',	'0721 721 461',	'',	7,	0,	0,	'KPVA/066',	'',	0,	0,	'',	1),
(68,	'Kotikash Joshua Lemayian',	'',	'male',	'',	'',	'Konza',	'0720 817 032',	'',	7,	0,	0,	'KPVA/041',	'',	0,	0,	'',	1),
(69,	'Masingot Joseph Kasaine',	'09/06/2010',	'male',	'',	'',	'ilmamen',	'0721 650 648',	'',	7,	0,	0,	'KPVA/216',	'',	0,	0,	'',	1),
(70,	'Joshua Palinte',	'',	'male',	'',	'',	'',	'',	'',	7,	0,	0,	'KPVA/279',	'',	0,	0,	'',	1),
(71,	'Senteu Blessing Nossim',	'06/07/2010',	'female',	'',	'',	'Ilpolosat',	'0726 509 726',	'',	7,	0,	0,	'KPVA/106',	'',	0,	0,	'',	1),
(72,	'Senteu Immaculate Nosim',	'05/08/2011',	'female',	'',	'',	'Ilpolosat',	'0726 509 726',	'',	7,	0,	0,	'KPVA/085',	'',	0,	0,	'',	1),
(73,	'Nashipae Elijah',	'02/18/2011',	'female',	'',	'',	'ilmamen',	'0711 770 944',	'',	7,	0,	0,	'KPVA/076',	'',	0,	0,	'',	1),
(74,	'Kilanka Ruth Manyishoe',	'10/05/2010',	'female',	'',	'',	'Konza',	'0711 645 404',	'',	7,	0,	0,	'KPVA/087',	'',	0,	0,	'',	1),
(75,	'Wilfred Odupoi',	'01/01/2010',	'male',	'',	'',	'Ilpolosat',	'0723 779 699',	'',	7,	0,	0,	'KPVA/285',	'',	0,	0,	'',	1),
(76,	'Toto Mitchelle Nadupoi',	'03/05/2011',	'female',	'',	'',	'Ilpolosat',	'0724 534 265',	'',	7,	0,	0,	'KPVA/301',	'',	0,	0,	'',	1),
(77,	'Tumpes Lovely Namelok',	'01/07/2012',	'female',	'',	'',	'Kapiti',	'0721 887 315',	'',	7,	0,	0,	'KPVA/366',	'',	0,	0,	'',	1),
(78,	'Sisika Leah Simantei',	'06/06/2010',	'female',	'',	'',	'Kilo',	'0729 834 780',	'',	8,	0,	0,	'KPVA/204',	'',	0,	0,	'',	1),
(79,	'Precious Reson',	'04/14/2010',	'female',	'',	'',	'Lenchani',	'0729 680 536',	'',	8,	0,	0,	'KPVA/319',	'',	0,	0,	'',	1),
(80,	'Samuel Lasiti Ntayia',	'',	'male',	'',	'',	'Emugur',	'0703 640 422',	'',	8,	0,	0,	'KPVA/227',	'',	0,	0,	'',	1),
(81,	'Mooke Abel Torian',	'06/03/2010',	'male',	'',	'',	'Emali',	'0728 497 120',	'',	8,	0,	0,	'KPVA/377',	'854AAQ',	0,	0,	'',	1),
(82,	'Tirmei Simintei',	'',	'male',	'',	'',	'Ulu',	'0714 001 229',	'',	8,	0,	0,	'KPVA/048',	'YZFTNU',	0,	0,	'',	1),
(83,	'Sisika Manasseh Ipancha',	'06/06/2010',	'male',	'',	'',	'Kilo',	'0729 834 780',	'',	8,	0,	0,	'KPVA/203',	'',	0,	0,	'',	1),
(84,	'Keriako Meshack Memusi',	'01/01/2010',	'male',	'',	'',	'Emarti',	'0724 746 253',	'',	8,	0,	0,	'KPVA/312',	'ELA3WH',	0,	0,	'',	1),
(85,	'Vincent Kukan',	'06/09/2010',	'male',	'',	'',	'Enkirgirri',	'0721 989 858',	'',	8,	0,	0,	'KPVA/362',	'ZKX42K',	0,	0,	'',	1),
(86,	'Karaine Joshua',	'01/01/2008',	'male',	'',	'',	'Emarti',	'0713 419 660',	'',	8,	0,	0,	'KPVA/421',	'',	0,	0,	'',	1),
(87,	'Mutunkei Mitchelle Nashipae',	'02/06/2009',	'female',	'',	'',	'Ilpolosat',	'0720 881 894',	'',	8,	0,	0,	'KPVA/069',	'726YGZ',	0,	0,	'',	1),
(88,	'Ntirika Vivian Lasoi',	'06/24/2010',	'female',	'',	'',	'Olturoto',	'0725 711 316',	'',	8,	0,	0,	'KPVA/484',	'',	0,	0,	'',	1),
(89,	'Leseyio Ephraim Tarayia',	'01/08/2010',	'male',	'',	'',	'Ilpolosat',	'0721 274 850',	'',	8,	0,	0,	'KPVA/065',	'',	0,	0,	'',	1),
(90,	'Maato David Kirisua',	'',	'male',	'',	'',	'ilmamen',	'0722 921 686',	'',	8,	0,	0,	'KPVA/002',	'T24C87',	0,	0,	'',	1),
(91,	'Lemayian Saruni Sankale',	'01/01/2009',	'male',	'',	'',	'Ilpolosat',	'0721 363 647',	'',	8,	0,	0,	'KPVA/083',	'',	0,	0,	'',	1),
(92,	'Sakimpa Leirr Mutero',	'06/06/2010',	'male',	'',	'',	'Ilasit',	'0721 211 261',	'',	8,	0,	0,	'KPVA/292',	'',	0,	0,	'',	1),
(93,	'Sankale Ashley Ropian',	'01/01/2008',	'female',	'',	'',	'Ilpolosat',	'0721 363 647',	'',	8,	0,	0,	'KPVA/084',	'',	0,	0,	'',	1),
(94,	'Musunku Happiness Mayanai',	'05/03/2009',	'female',	'',	'',	'Ilpolosat',	'0710 514 558',	'',	8,	0,	0,	'KPVA/103',	'',	0,	0,	'',	1),
(95,	'Tiriakong Tiwai Veronicah',	'',	'female',	'',	'',	'Konza',	'0727 416 295',	'',	8,	0,	0,	'KPVA/056',	'',	0,	0,	'',	1),
(96,	'Lucy Wambui',	'',	'female',	'',	'',	'Konza',	'0720 215 811',	'',	8,	0,	0,	'KPVA/014',	'',	0,	0,	'',	1),
(97,	'Koiman Isabella Naipantei',	'',	'female',	'',	'',	'ilmamen',	'0720 893 518',	'',	8,	0,	0,	'KPVA/040',	'',	0,	0,	'',	1),
(98,	'Sanyika Valery Namelok',	'04/29/2010',	'female',	'',	'',	'ilmamen',	'0720 249 818',	'',	8,	0,	0,	'KPVA/120',	'',	0,	0,	'',	1),
(99,	'Ryan Matipe',	'',	'male',	'',	'',	'Ilpolosat',	'0720 239 394',	'',	8,	0,	0,	'KPVA/067',	'',	0,	0,	'',	0),
(100,	'Kanko Penina Namunyak',	'02/25/2009',	'female',	'',	'',	'Kajiado',	'0795 066 927',	'',	8,	0,	0,	'KPVA/273',	'',	0,	0,	'',	1),
(101,	'Andrew Saitieu',	'',	'male',	'',	'',	'Sultan',	'0701 120 208',	'',	9,	0,	0,	'KPVA/326',	'MMHACJ',	0,	0,	'',	1),
(102,	'Saningo Kanoi',	'09/23/2007',	'male',	'',	'',	'Maili tisa',	'0725 349 805',	'',	9,	0,	0,	'KPVA/380',	'',	0,	0,	'',	1),
(103,	'Onyango Adam Presley',	'07/02/2009',	'male',	'',	'',	'Nairobi',	'0721 560 290',	'',	9,	0,	0,	'KPVA/318',	'S6NP6Z',	0,	0,	'',	1),
(104,	'Mativo Stephen Solonka',	'05/11/2009',	'male',	'',	'',	'Ngatu',	'0720 290 266',	'',	9,	0,	0,	'KPVA/405',	'',	0,	0,	'',	1),
(105,	'Mutunga John Musyoka',	'08/03/2009',	'male',	'',	'',	'Kiu',	'0712 484 072',	'',	9,	0,	0,	'KPVA/145',	'7M752S',	0,	0,	'',	1),
(106,	'Rimpa Jessey Semperu',	'03/06/2010',	'male',	'',	'',	'Kisaju',	'0702 330 900',	'',	9,	0,	0,	'KPVA/438',	'',	0,	0,	'',	1),
(107,	'Mopia Kelvin Murianka',	'03/06/2010',	'male',	'',	'',	'Korrompoi',	'0722 241 357',	'',	9,	0,	0,	'KPVA/431',	'',	0,	0,	'',	1),
(108,	'Lenana Gifton Melau',	'11/11/2009',	'male',	'',	'',	'Kimalat',	'0726 224 212',	'',	9,	0,	0,	'KPVA/444',	'',	0,	0,	'',	1),
(109,	'Nkirrimpai Henry Kamakia',	'05/29/2009',	'male',	'',	'',	'Korrompoi',	'0722 241 357',	'',	9,	0,	0,	'KPVA/455',	'',	0,	0,	'',	1),
(110,	'Mutuku Mutunga Benjamen',	'01/07/2007',	'male',	'',	'',	'Machakos',	'0727 290  562',	'',	11,	0,	0,	'KPVA/359',	'',	0,	0,	'',	1),
(111,	'Meipaku Benjamin Selela',	'04/30/2008',	'male',	'',	'',	'Kajiado',	'0722 920 918',	'',	9,	0,	0,	'KPVA/486',	'',	0,	0,	'',	1),
(112,	'Soitara Israel Leparakuo',	'02/07/2009',	'male',	'',	'',	'Ngong',	'0728 839 879',	'',	9,	0,	0,	'KPVA/468',	'',	0,	0,	'',	1),
(113,	'Lakati Kelvin Lemayian',	'09/26/2008',	'male',	'',	'',	'Rongai',	'0722 827 324',	'',	9,	0,	0,	'KPVA/478',	'',	0,	0,	'',	1),
(114,	'Shirimo Living Richard',	'01/01/2008',	'male',	'',	'',	'Rombo',	'0703 331 481',	'',	9,	0,	0,	'KPVA/481',	'',	0,	0,	'',	1),
(115,	'Kenyatta Robbin Nchipai',	'07/04/2007',	'male',	'',	'',	'Namanga',	'0723 145 326',	'',	9,	0,	0,	'KPVA/485',	'',	0,	0,	'',	1),
(116,	'Lemayian Titus Ngeshian',	'01/01/2008',	'male',	'',	'',	'Ilpolosat',	'0724 534 265',	'',	9,	0,	0,	'KPVA/361',	'',	0,	0,	'',	1),
(117,	'Kosen Loishorua Kotemu',	'03/23/2009',	'male',	'',	'',	'Kajiado',	'0702 020 656',	'',	10,	0,	0,	'KPVA/419',	'',	0,	0,	'',	1),
(118,	'Muyoma Mitchelle Ndinda',	'01/18/2008',	'female',	'',	'',	'Nairobi',	'0721 633 497',	'',	9,	0,	0,	'KPVA/307',	'464VSR',	0,	0,	'',	1),
(119,	'Rakonik Diana Sompol',	'04/26/2008',	'female',	'',	'',	'Kajiado',	'0721 517 539',	'',	9,	0,	0,	'KPVA/400',	'',	0,	0,	'',	1),
(120,	'Sian Faith Moikai',	'',	'female',	'',	'',	'Emaroro',	'08',	'',	9,	0,	0,	'KPVA/414',	'',	0,	0,	'',	1),
(121,	'Sian Faith Moikai',	'01/01/2009',	'female',	'',	'',	'Emaroro',	'0714 217 317',	'',	9,	0,	0,	'KPVA/',	'',	0,	0,	'',	0),
(122,	'Mualuko Faith Mueni',	'01/31/2010',	'female',	'',	'',	'Salama',	'0717 402 354',	'',	9,	0,	0,	'KPVA/344',	'N8H47W',	0,	0,	'',	1),
(123,	'Malele Pelia Nita',	'08/14/2009',	'female',	'',	'',	'Nairobi',	'0722 308 393',	'',	9,	0,	0,	'KPVA/158',	'',	0,	0,	'',	1),
(124,	'Tutuma Mirriam Yiasi',	'',	'female',	'',	'',	'Osarai',	'0720 135 108',	'',	9,	0,	0,	'KPVA/403',	'',	0,	0,	'',	1),
(125,	'Tatio Maryann Seneyian',	'06/08/2009',	'female',	'',	'',	'Oloitiktok',	'0720 537 101',	'',	9,	0,	0,	'KPVA/440',	'',	0,	0,	'',	1),
(126,	'Deborah Musumba',	'01/01/2010',	'female',	'',	'',	'Lenchani',	'0721 222 788',	'',	9,	0,	0,	'KPVA/460',	'',	0,	0,	'',	1),
(127,	'Ogutu Sharleen Nangila',	'12/12/2010',	'female',	'',	'',	'Tasia',	'0722 634 911',	'',	9,	0,	0,	'KPVA/449',	'',	0,	0,	'',	1),
(128,	'Kesese Abigail Neeso',	'01/01/2008',	'female',	'',	'',	'Olootepes',	'0722 423 669',	'',	9,	0,	0,	'KPVA/453',	'',	0,	0,	'',	1),
(129,	'Matee Alphin Kakiyia',	'01/01/2010',	'female',	'',	'',	'Isinya',	'0720 362 051',	'',	9,	0,	0,	'KPVA/456',	'',	0,	0,	'',	1),
(130,	'Ntalamia Happiness Nsashipae',	'12/17/2007',	'female',	'',	'',	'Emaroro',	'0722 504 203',	'',	9,	0,	0,	'KPVA/476',	'',	0,	0,	'',	1),
(131,	'Tajeu Supeet',	'07/07/2010',	'male',	'',	'',	'Ilpolosat',	'0722 220 406',	'',	9,	0,	0,	'KPVA/015',	'',	0,	0,	'',	1),
(132,	'Samuel Mutie',	'10/29/2010',	'male',	'',	'',	'Ilpolosat',	'0721 386 489',	'',	9,	0,	0,	'KPVA/073',	'',	0,	0,	'',	1),
(133,	'Njoroge Moses Kamotho',	'01/01/2008',	'male',	'',	'',	'Ilasit',	'0727 040 958',	'',	11,	0,	0,	'KPVA/339',	'',	0,	0,	'',	1),
(134,	'Koin Henry',	'06/05/2008',	'male',	'',	'',	'Ilpolosat',	'0722 425 676',	'',	9,	0,	0,	'KPVA/026',	'',	0,	0,	'',	1),
(135,	'Perez Lempiris Ipitet',	'06/03/2008',	'male',	'',	'',	'Erankau',	'0721 621 857',	'',	11,	0,	0,	'KPVA/254',	'',	0,	0,	'',	1),
(136,	'Taine Dennis Soipei',	'05/01/2008',	'male',	'',	'',	'Kitengela',	'0723 924 882',	'',	9,	0,	0,	'KPVA/236',	'',	0,	0,	'',	1),
(137,	'Blessed Memusi Timothy',	'10/28/2006',	'male',	'',	'',	'Erankau',	'0721 621 857',	'',	11,	0,	0,	'KPVA/255',	'',	0,	0,	'',	1),
(138,	'Mutuku Oscar',	'02/08/2009',	'male',	'',	'',	'Konza',	'0726 263 740',	'',	9,	0,	0,	'KPVA/078',	'',	0,	0,	'',	1),
(139,	'Mwongela Alex Mwololo',	'07/05/2007',	'male',	'',	'',	'Nairobi',	'0720 447 817',	'',	11,	0,	0,	'KPVA/281',	'',	0,	0,	'',	1),
(140,	'Parsaoti Elly Sitonik',	'10/07/2009',	'male',	'',	'',	'Ilpolosat',	'0725 305 729',	'',	9,	0,	0,	'KPVA/062',	'',	0,	0,	'',	1),
(141,	'Shadrack Masoon',	'01/01/2005',	'male',	'',	'',	'Lenchani',	'0721 340 532',	'',	11,	0,	0,	'KPVA/258',	'',	0,	0,	'',	1),
(142,	'Daniel Eugine Mayiani',	'',	'male',	'',	'',	'Ilpolosat',	'0722 248 691',	'',	11,	0,	0,	'KPVA/053',	'',	0,	0,	'',	1),
(143,	'Ephy Saitabao',	'10/08/2008',	'male',	'',	'',	'Ilpolosat',	'0721 904 187',	'',	9,	0,	0,	'KPVA/472',	'',	0,	0,	'',	1),
(144,	'Siango Luther Leipa',	'01/01/2007',	'male',	'',	'',	'Naserian',	'0723 868 058',	'',	11,	0,	0,	'KPVA/225',	'',	0,	0,	'',	1),
(145,	'Joseph Martha Soila',	'',	'female',	'',	'',	'Konza',	'0727 416 295',	'',	9,	0,	0,	'KPVA/057',	'',	0,	0,	'',	1),
(146,	'Sharon Joy Ndanu',	'02/13/2009',	'female',	'',	'',	'Ngiini',	'0705 110 716',	'',	9,	0,	0,	'KPVA/174',	'',	0,	0,	'',	1),
(147,	'Litan Moses Koikai',	'02/27/2007',	'male',	'',	'',	'Kima',	'0721 282 992',	'',	11,	0,	0,	'KPVA/322',	'',	0,	0,	'',	1),
(148,	'Kailol Violet Seleyian',	'05/30/2008',	'female',	'',	'',	'ilmamen',	'0714 404 738',	'',	9,	0,	0,	'KPVA/113',	'',	0,	0,	'',	1),
(149,	'Roimen Saitoti',	'05/08/2007',	'male',	'',	'',	'Mashuuru',	'0721 172 984',	'',	11,	0,	0,	'KPVA/354',	'',	0,	0,	'',	1),
(150,	'Siango Hope Naserem',	'07/29/2009',	'female',	'',	'',	'Ilpolosat',	'0720 755 345',	'',	9,	0,	0,	'KPVA/038',	'',	0,	0,	'',	1),
(151,	'Musunku Norah Sompet',	'09/27/2009',	'female',	'',	'',	'',	'0721 669 333',	'',	9,	0,	0,	'KPVA/195',	'',	0,	0,	'',	1),
(152,	'Odupoi Ian Tajeu',	'01/30/2008',	'male',	'',	'',	'Naserian',	'072 7472 465',	'',	11,	0,	0,	'KPVA/398',	'',	0,	0,	'',	1),
(153,	'Muthini Juliet Nduku',	'02/19/2009',	'female',	'',	'',	'Konza',	'0721 988 185',	'',	9,	0,	0,	'KPVA/037',	'',	0,	0,	'',	1),
(154,	'Mapi Joy Siyiapei',	'',	'female',	'',	'',	'Ilpolosat',	'0715 747 031',	'',	9,	0,	0,	'KPVA/163',	'',	0,	0,	'',	0),
(155,	'Alvin Lantei',	'07/17/2008',	'male',	'',	'',	'Kitengela',	'0720 841 249',	'',	11,	0,	0,	'KPVA/435',	'',	0,	0,	'',	1),
(156,	'Kateyian Victor Tande',	'07/04/2007',	'male',	'',	'',	'Korromboi',	'0721 672 025',	'',	11,	0,	0,	'KPVA/471',	'',	0,	0,	'',	1),
(157,	'Juliet Kaasha',	'01/01/2008',	'female',	'',	'',	'Oltinka',	'0707 653 266',	'',	11,	0,	0,	'KPVA/263',	'',	0,	0,	'',	1),
(158,	'Mepukori Joshua',	'07/10/2007',	'male',	'',	'',	'Nairobi',	'0724 562 018',	'',	11,	0,	0,	'KPVA/427',	'',	0,	0,	'',	1),
(159,	'Melvin Tipapei',	'',	'male',	'',	'',	'Ilasit',	'0721 708 216',	'',	11,	0,	0,	'KPVA/458',	'',	0,	0,	'',	1),
(160,	'Sikoi Koine',	'01/01/2004',	'female',	'',	'',	'Oloolera',	'0731 821 924',	'',	11,	0,	0,	'KPVA/382',	'',	0,	0,	'',	1),
(161,	'Maloi Doughlas Lemayian',	'01/01/2007',	'male',	'',	'',	'Lenchani',	'0721 222 788',	'',	10,	0,	0,	'KPVA/352',	'YYP2EJ',	0,	0,	'',	1),
(162,	'Elijah Katito',	'06/27/2007',	'female',	'',	'',	'Ilmamen',	'0711 770 944',	'',	11,	0,	0,	'KPVA/110',	'',	0,	0,	'',	1),
(163,	'Ngethe Fidel Castro',	'01/01/2009',	'male',	'',	'',	'Oloitoktok',	'0721 848 301',	'',	10,	0,	0,	'KPVA/306',	'UYXWSA',	0,	0,	'',	1),
(164,	'Monica Mukai',	'05/22/2007',	'female',	'',	'',	'Ilpolosat',	'0721 386 489',	'',	11,	0,	0,	'KPVA/072',	'',	0,	0,	'',	1),
(165,	'Kuseyo EvansKipeno',	'08/27/2007',	'male',	'',	'',	'Sultan',	'0701 120 208',	'',	10,	0,	0,	'KPVA/167',	'XZAWCV',	0,	0,	'',	1),
(166,	'Kipkemboi Nimrod Kirwa',	'01/22/2008',	'male',	'',	'',	'Kitengela',	'0722 766 333',	'',	10,	0,	0,	'KPVA/327',	'9ERFU6',	0,	0,	'',	1),
(167,	'Joel Winnie Malia',	'05/10/2007',	'female',	'',	'',	'Emali',	'0720 471 223',	'',	11,	0,	0,	'KPVA/239',	'',	0,	0,	'',	1),
(168,	'Juliana Victor Tobiko',	'',	'male',	'',	'',	'Konza',	'0700 440 037',	'',	10,	0,	0,	'KPVA/095',	'6YLWR8',	0,	0,	'',	1),
(169,	'Mantilei Hillary Saruni',	'07/17/2007',	'male',	'',	'',	'Lenchani',	'0721 297 496',	'',	10,	0,	0,	'KPVA/194',	'5U6YKX',	0,	0,	'',	1),
(170,	'Benson Shadrack Koinet',	'05/14/2007',	'male',	'',	'',	'Olturoto',	'0700 278 603',	'',	11,	0,	0,	'KPVA/049',	'',	0,	0,	'',	1),
(171,	'Eugine  Ntele Ntosho',	'08/12/2008',	'male',	'',	'',	'Korromboi',	'0722 614 904',	'',	11,	0,	0,	'KPVA/410',	'',	0,	0,	'',	1),
(172,	'Mooke Collins Keenka',	'11/14/2008',	'male',	'',	'',	'Konza',	'0728 497 120',	'',	11,	0,	0,	'KPVA/240',	'',	0,	0,	'',	1),
(173,	'Shem Koinato',	'01/01/2006',	'male',	'',	'',	'Lenchani',	'0722 465 446',	'',	11,	0,	0,	'KPVA/219',	'',	0,	0,	'',	1),
(174,	'Victor Kalonzo Matheka',	'08/01/2007',	'male',	'',	'',	'Ulu',	'0724 798 105',	'',	11,	0,	0,	'KPVA/346',	'',	0,	0,	'',	1),
(175,	'Titus Toire',	'10/09/2007',	'male',	'',	'',	'Mashuuru',	'0720 911 510',	'',	11,	0,	0,	'KPVA/375',	'',	0,	0,	'',	1),
(176,	'Felix Leserewan Leparakuo',	'08/16/2008',	'male',	'',	'',	'Ilasit',	'0721 400 559',	'',	11,	0,	0,	'KPVA/464',	'',	0,	0,	'',	1),
(177,	'Alvis Kokoyian',	'01/13/2007',	'female',	'',	'',	'Korromboi',	'0722 872 487',	'',	11,	0,	0,	'KPVA/463',	'',	0,	0,	'',	1),
(178,	'Razaq Githinji',	'',	'male',	'',	'',	'Kajiado',	'0727 630 062',	'',	11,	0,	0,	'KPVA/424',	'',	0,	0,	'',	1),
(179,	'Peter Caroline Nzembi',	'01/01/2006',	'female',	'',	'',	'Rongai',	'0720 994 176',	'',	11,	0,	0,	'KPVA/406',	'',	0,	0,	'',	1),
(180,	'Glory Keton',	'09/26/2008',	'female',	'',	'',	'Ikishumu',	'0726 815 495',	'',	11,	0,	0,	'KPVA/222',	'',	0,	0,	'',	1),
(181,	'Rael Selina Maninke',	'04/12/2006',	'female',	'',	'',	'Kima',	'0712 610 473',	'',	11,	0,	0,	'KPVA/390',	'',	0,	0,	'',	1),
(182,	'Parkire Lesalon',	'',	'male',	'',	'',	'Kilo',	'0721 229 996',	'',	10,	0,	0,	'KPVA/142',	'',	0,	0,	'',	0),
(183,	'Lydia Putani Parsemei',	'01/14/2008',	'female',	'',	'',	'Mashuuru',	'0723 782 982',	'',	11,	0,	0,	'KPV/329',	'',	0,	0,	'',	1),
(184,	'Davin Siara Jackson',	'',	'female',	'',	'',	'Lesoit',	'0711 215 755',	'',	11,	0,	0,	'KPVA/060',	'',	0,	0,	'',	1),
(185,	'Soipei Peter Keteko',	'07/02/2007',	'male',	'',	'',	'Ilpolosat',	'0715 282 022',	'',	10,	0,	0,	'KPVA/183',	'4WLWVE',	0,	0,	'',	1),
(186,	'Abigael Namunyak',	'06/27/2007',	'female',	'',	'',	'Kima',	'0716 053 680',	'',	11,	0,	0,	'KPVA/334',	'',	0,	0,	'',	1),
(187,	'Koikai David Milia',	'09/12/2008',	'male',	'',	'',	'Kima',	'0721 282 992',	'',	10,	0,	0,	'KPVA/323',	'68Q7RV',	0,	0,	'',	1),
(188,	'Kikayaya Shedrack Letesh',	'01/01/2008',	'male',	'',	'',	'Emaroro',	'0723 013 048',	'',	10,	0,	0,	'KPVA/320',	'83SM4E',	0,	0,	'',	1),
(189,	'Neema Alena Ntayia',	'',	'female',	'',	'',	'Emugurr',	'0703 640 422',	'',	11,	0,	0,	'KPVA/228',	'',	0,	0,	'',	1),
(190,	'Tumpes Melton Sanare',	'11/08/2008',	'male',	'',	'',	'Kapiti',	'0721 887 315',	'',	10,	0,	0,	'KPVA/408',	'',	0,	0,	'',	1),
(191,	'Naisula Matura',	'01/01/2006',	'female',	'',	'',	'Olperrelongo',	'0714 600 469',	'',	11,	0,	0,	'KPVA/350',	'',	0,	0,	'',	1),
(192,	'Pasua Clement Kasaine',	'12/9/2008',	'male',	'',	'',	'Emaroro',	'0721 963 604',	'paulsaitoti@gmail.com',	10,	0,	0,	'KPVA/411',	'',	0,	0,	'',	1),
(193,	'Mulala Daniel Simon',	'12/01/2008',	'male',	'',	'',	'Ulu',	'0718 611 256',	'',	10,	0,	0,	'KPVA/412',	'',	0,	0,	'',	1),
(194,	'Sitonick Lovenda Sitatian',	'02/08/2007',	'female',	'',	'',	'Kiserian',	'0727 405 378',	'',	11,	0,	0,	'KPVA/289',	'',	0,	0,	'',	1),
(195,	'Serian Melton Lemaron',	'11/19/2008',	'male',	'',	'',	'Ilpolosat',	'0722 945 738',	'',	10,	0,	0,	'KPVA/439',	'',	0,	0,	'',	1),
(196,	'Dibora Siyionta Tanet',	'01/01/2007',	'female',	'',	'',	'Emarti',	'0727 815 498',	'',	11,	0,	0,	'KPVA/309',	'',	0,	0,	'',	1),
(197,	'Prudence Karimi Peter',	'02/10/2007',	'female',	'',	'',	'Olturoto',	'0729 156 596',	'',	11,	0,	0,	'KPVA/333',	'',	0,	0,	'',	1),
(198,	'Sakimpa Kunai Mutero',	'11/14/2007',	'female',	'',	'',	'Ilasit',	'0721 211 261',	'',	11,	0,	0,	'KPVA/176',	'',	0,	0,	'',	1),
(199,	'Susan Nashipai Tatio',	'02/08/2007',	'female',	'',	'',	'loitoktok',	'0720 537 101',	'',	11,	0,	0,	'KPVA/172',	'',	0,	0,	'',	1),
(200,	'Meoli lydia Narinoi',	'05/31/2007',	'female',	'',	'',	'Sultan',	'0721 517 539',	'',	11,	0,	0,	'KPVA/374',	'',	0,	0,	'',	1),
(201,	'Naserem Gloria Mpata',	'07/20/2007',	'female',	'',	'',	'Oldupai',	'0722 936 221',	'',	11,	0,	0,	'KPVA/360',	'',	0,	0,	'',	1),
(202,	'Wambua Debra Ndanu',	'08/26/2007',	'female',	'',	'',	'Nairobi',	'0715 187 650',	'',	11,	0,	0,	'KPVA/422',	'',	0,	0,	'',	1),
(203,	'Sayo Edna Sian',	'02/07/2008',	'female',	'',	'',	'Lenchani',	'0721 926 900',	'',	11,	0,	0,	'KPVA/469',	'',	0,	0,	'',	1),
(204,	'Kelvin Saitaga',	'01/01/2007',	'male',	'',	'',	'Olperrelong',	'0711 173 512',	'',	10,	0,	0,	'KPVA/477',	'',	0,	0,	'',	1),
(205,	'Shopoko Samuel Ogeli',	'01/01/2008',	'male',	'',	'',	'Emali',	'0725 517 573',	'',	10,	0,	0,	'KPVA/393',	'9CEMWW',	0,	0,	'',	1),
(206,	'Mercy Namunyak Rimpa',	'02/03/2008',	'female',	'',	'',	'Kisajo',	'0702 330 900',	'',	11,	0,	0,	'KPVA/437',	'',	0,	0,	'',	1),
(207,	'Maripet Sharon Metian',	'05/29/2006',	'female',	'',	'',	'Ngong',	'0704 880 457',	'',	11,	0,	0,	'KPVA/479',	'',	0,	0,	'',	1),
(208,	'Mutabori Lourdes Mwende',	'04/04/2008',	'female',	'',	'',	'Malili',	'0715 593 091',	'',	11,	0,	0,	'KPVA/418',	'',	0,	0,	'',	1),
(209,	'Abel Mayiani',	'12/27/2008',	'male',	'',	'',	'Kajiado',	'0727 299 295',	'',	11,	0,	0,	'KPVA/452',	'',	0,	0,	'',	0),
(210,	'Doris Mutanu',	'',	'female',	'',	'',	'Konza',	'0713 748 991',	'',	11,	0,	0,	'KPVA/139',	'',	0,	0,	'',	1),
(211,	'Samson Linet Resiato',	'01/01/2007',	'female',	'',	'',	'Ilmamen',	'0725 568 424',	'',	11,	0,	0,	'KPVA/136',	'',	0,	0,	'',	1),
(212,	'Michael Mwedwa',	'07/28/2006',	'male',	'',	'',	'Nkiini',	'0705 110 716',	'',	11,	0,	0,	'KPVA/173',	'',	0,	0,	'',	1),
(213,	'Paul Samuel Koosei',	'04/03/2008',	'male',	'',	'',	'Ilmamen',	'0720 172 805',	'',	11,	0,	0,	'KPVA/043',	'',	0,	0,	'',	1),
(214,	'Sarah Naserian Kanko',	'06/04/2006',	'male',	'',	'',	'Kajiado',	'0707 098 252',	'',	11,	0,	0,	'KPVA/272',	'',	0,	0,	'',	1),
(215,	'Samuel Koken Jackob',	'07/01/2006',	'male',	'',	'',	'Ilmamen',	'0721 225 419',	'',	11,	0,	0,	'KPVA/130',	'',	0,	0,	'',	1),
(216,	'Paul Aron Metito',	'12/13/2007',	'male',	'',	'',	'Konza',	'0724 202 578',	'',	11,	0,	0,	'KPVA/128',	'',	0,	0,	'',	1),
(217,	'Stephen Susan Sainapei',	'',	'female',	'',	'',	'Ilmamen',	'0705 573 757',	'',	11,	0,	0,	'KPVA/132',	'',	0,	0,	'',	1),
(218,	'Muvonde Angela Wanza',	'02/14/2008',	'female',	'',	'',	'Konza',	'0708 173 842',	'',	11,	0,	0,	'KPVA/391',	'',	0,	0,	'',	1),
(219,	'Raphael Fridah Nation',	'08/18/2007',	'female',	'',	'',	'Ilmamen',	'0721 442 760',	'',	11,	0,	0,	'KPVA/046',	'',	0,	0,	'',	1),
(220,	'Linet Silayio Daniel',	'07/01/2004',	'female',	'',	'',	'Ilmamen',	'0710 524 450',	'',	11,	0,	0,	'KPVA/129',	'',	0,	0,	'',	1),
(221,	'Mwangangi Samuel Mutwiwa',	'03/01/2007',	'male',	'',	'',	'Konza',	'0720 002 568',	'',	11,	0,	0,	'KPVA/068',	'',	0,	0,	'',	1),
(222,	'Mary Nyambura',	'09/20/2005',	'female',	'',	'',	'Ilmamen',	'0713 216 863',	'',	11,	0,	0,	'KPVA/290',	'',	1,	0,	'',	1),
(223,	'Lewuantai Resian Abigael',	'',	'female',	'',	'',	'Ilmamen',	'0710 943 698',	'',	11,	0,	0,	'KPVA/019',	'',	0,	0,	'',	1),
(224,	'Muteti Joy Mumo',	'',	'female',	'',	'',	'Ilpolosat',	'0713 349 803',	'',	10,	0,	0,	'KPVA/012',	'',	0,	0,	'',	1),
(225,	'Partari Felix Sanare',	'02/02/2008',	'male',	'',	'',	'Kitengela',	'0726 549 534',	'',	10,	0,	0,	'KPVA/457',	'',	0,	0,	'',	1),
(226,	'Harrison Austin Kevin',	'01/01/2009',	'male',	'',	'',	'Nairobi',	'0721 739 259',	'',	10,	0,	0,	'KPVA/473',	'',	0,	0,	'',	1),
(227,	'Kosen Loishorua Kotemu',	'03/23/2009',	'male',	'',	'',	'Kajiado',	'0702 020 656',	'',	10,	0,	0,	'KPVA/419',	'',	0,	0,	'',	0),
(228,	'Ndunda Daniela Keli',	'01/28/2009',	'female',	'',	'',	'Rongai',	'0712 826 495',	'',	10,	0,	0,	'KPVA/413',	'',	0,	0,	'',	1),
(229,	'Makwi Lavenda Nosotua',	'01/07/2008',	'female',	'',	'',	'Kitengela',	'0726 647 481',	'',	10,	0,	0,	'KPVA/208',	'',	0,	0,	'',	1),
(230,	'Simel Abigael Sempeyian',	'01/01/2006',	'female',	'',	'',	'Ilpolosat',	'0723 784 482',	'',	10,	0,	0,	'KPVA/169',	'982THZ',	0,	0,	'',	1),
(231,	'Kamia Chelsea Sasha',	'01/01/2009',	'female',	'',	'',	'Kitengela',	'0723 463 607',	'',	10,	0,	0,	'KPVA/314',	'S2M2KV',	0,	0,	'',	1),
(232,	'Veronicah Selian',	'',	'female',	'',	'',	'Osarai',	'0720 135 108',	'',	10,	0,	0,	'KPVA/404',	'',	0,	0,	'',	1),
(233,	'Kipinkat Mila Milka',	'',	'female',	'',	'',	'Konza',	'0737 184 087',	'',	10,	0,	0,	'KPVA/035',	'BKZ5M7',	0,	0,	'',	1),
(234,	'Kuunai Leposo',	'02/13/2007',	'female',	'',	'',	'Naserian',	'0735 912 968',	'',	10,	0,	0,	'KPVA/202',	'55B466',	0,	0,	'',	1),
(235,	'Okongo Mercy Mwende',	'06/29/2008',	'female',	'',	'',	'Naserian',	'0720 999 324',	'',	10,	0,	0,	'KPVA/325',	'B5MX72',	0,	0,	'',	1),
(236,	'Mwendwa Gift Makena',	'09/09/2008',	'female',	'',	'',	'Kitengela',	'0716 763 639',	'',	10,	0,	0,	'KPVA/355',	'',	0,	0,	'',	1),
(237,	'Mbugua Anita Njeri',	'08/08/2008',	'female',	'',	'',	'Juja',	'0724 113 750',	'',	10,	0,	0,	'KPVA/283',	'6U2KN9',	0,	0,	'',	1),
(238,	'Koisinget Melany',	'01/07/2008',	'female',	'',	'',	'Kitengela',	'0723 731 955',	'',	10,	0,	0,	'KPVA/423',	'',	0,	0,	'',	1),
(239,	'Nkiiju Mitchelle Lasoi',	'01/01/2009',	'female',	'',	'',	'Kima',	'0721 551 374',	'',	10,	0,	0,	'KPVA/430',	'',	0,	0,	'',	1),
(240,	'Mpayei Cynthia Naserian',	'03/05/2009',	'female',	'',	'',	'Kima',	'0712 384 099',	'',	10,	0,	0,	'KPVA/432',	'',	0,	0,	'',	1),
(241,	'Lenana Abigael Saina',	'03/08/2008',	'female',	'',	'',	'Kimalat',	'0726 224 212',	'',	10,	0,	0,	'KPVA/445',	'',	0,	0,	'',	1),
(242,	'Shuraki Lilian Tankoi',	'',	'female',	'',	'',	'Emarti',	'0716 060 248',	'',	10,	0,	0,	'KPVA/147',	'23TMKY',	0,	0,	'',	1),
(243,	'Kpaurua Precious Muntet',	'05/30/2007',	'female',	'',	'',	'Sultan',	'0723 824 238',	'',	10,	0,	0,	'KPVA/429',	'',	0,	0,	'',	1),
(244,	'Antera Wema Naisesoi',	'05/05/2008',	'female',	'',	'',	'Nairobi',	'0722 871 606',	'',	10,	0,	0,	'KPVA/451',	'',	0,	0,	'',	1),
(245,	'Okwako Lindsey Adhiambo',	'06/21/2009',	'female',	'',	'',	'Nairobi',	'0721 947 024',	'',	10,	0,	0,	'KPVA/161',	'',	0,	0,	'',	0),
(246,	'Sonyoi Titus Lelit',	'12/01/2007',	'male',	'',	'',	'ilmamen',	'0720 700 507',	'',	10,	0,	0,	'KPVA/137',	'',	0,	0,	'',	1),
(247,	'Mapi Wycliff Sironka',	'',	'male',	'',	'',	'Ilpolosat',	'0715 747 031',	'',	10,	0,	0,	'KPVA/168',	'23TMKY',	2,	0,	'',	1),
(248,	'Siopei Peter Keteko',	'12/01/2007',	'male',	'',	'',	'ilmamen',	'0715 282 022',	'',	10,	0,	0,	'KPVA/183',	'',	0,	0,	'',	0),
(249,	'Matee Brian Kashu',	'01/01/2011',	'male',	'',	'',	'Ilmunkush',	'0725 417 053',	'',	10,	0,	0,	'KPVA/365',	'',	0,	0,	'',	1),
(250,	'Parsaoti Irene Musei',	'07/27/2009',	'female',	'',	'',	'Ilpolosat',	'0721 663 891',	'',	10,	0,	0,	'KPVA/223',	'',	0,	0,	'',	1),
(251,	'Roriki Mercy Namunyak',	'01/01/2008',	'female',	'',	'',	'ilmamen',	'0722 444 868',	'',	10,	0,	0,	'KPVA/005',	'',	0,	0,	'',	1),
(252,	'Sanyika Sharon Nampaso',	'07/11/2007',	'female',	'',	'',	'ilmamen',	'0720 249 818',	'',	10,	0,	0,	'KPVA/119',	'',	0,	0,	'',	1),
(253,	'Meitiaki Praise Naserem',	'12/29/2007',	'female',	'',	'',	'Ilpolosat',	'0723 779 699',	'',	10,	0,	0,	'KPVA/286',	'',	0,	0,	'',	1),
(254,	'Nyote Joshua Matipe',	'',	'male',	'',	'',	'Isisira',	'0727379055',	'',	12,	0,	0,	'KPVA/003',	'',	0,	0,	'',	0),
(255,	'Micah Lepapa',	'07/13/2005',	'male',	'',	'',	'Mashuuru',	'0724582509',	'',	12,	0,	0,	'KPVA/353',	'',	0,	0,	'',	1),
(256,	'Pasha Brian Kaasha',	'12/22/2005',	'male',	'',	'',	'Korromboi',	'0720334982',	'',	12,	0,	0,	'KPVA/370',	'2XWMUK',	0,	0,	'',	1),
(257,	'Sisika Caleb Odupoi',	'05/26/2007',	'male',	'',	'',	'Kilo',	'',	'',	12,	0,	0,	'KPVA/150',	'',	0,	0,	'',	1),
(258,	'Kelvin Kyalo ',	'11/19/2005',	'male',	'',	'',	'Sultan',	'0710626471',	'',	12,	0,	0,	'KPVA/287',	'432EJA',	0,	0,	'',	1),
(259,	'Olomunyak Teto',	'01/01/2002',	'male',	'',	'',	'Naserian',	'0725975779',	'',	12,	0,	0,	'KPVA/206',	'946YDJ',	0,	0,	'',	1),
(260,	'Mwendwa Muoka',	'01/01/2004',	'male',	'',	'',	'Ulu',	'0722635445',	'',	12,	0,	0,	'KPVA/251',	'883WKP',	0,	0,	'',	1),
(261,	'Mwaria Brian Warutere',	'05/13/2007',	'male',	'',	'',	'Syokimau',	'0725815764',	'pwarutere13@gmail.com',	12,	0,	0,	'KPVA/443',	'',	0,	0,	'',	1),
(262,	'Liam Mandela',	'11/22/2006',	'male',	'',	'',	'Kitengela',	'0702691477',	'',	12,	0,	0,	'KPVA/296',	'',	0,	0,	'',	1),
(263,	'Kaesha Rayan Kamia',	'10/20/2006',	'male',	'',	'',	'Kitengela',	'0723463607',	'',	12,	0,	0,	'KPVA/315',	'',	0,	0,	'',	1),
(264,	'Ian Mumo',	'08/13/2004',	'male',	'',	'',	'Rongai',	'0727226438',	'',	12,	0,	0,	'KPVA/303',	'352CER',	0,	0,	'',	1),
(265,	'Kelvin Kandira Shisia',	'08/20/2006',	'male',	'',	'',	'Nairobi',	'0716591963',	'',	12,	0,	0,	'KPVA/336',	'',	0,	0,	'',	1),
(266,	'Naishorua Ruth Matipei',	'07/07/2009',	'female',	'',	'',	'Ilpolosat',	'0720 434 485',	'',	8,	0,	0,	'KPVA/059',	'',	0,	0,	'',	1),
(267,	'Jeremia Aaron Metito',	'01/01/2003',	'male',	'',	'',	'Ilpolosat',	'0728724096',	'',	12,	0,	0,	'KPVA/134',	'RX7H2W',	0,	0,	'',	1),
(268,	'Kanko Priscah Nadupoi',	'02/28/2004',	'female',	'',	'',	'Kajiado',	'0707 098 252',	'',	12,	0,	0,	'KPVA/271',	'579WVJ',	0,	0,	'',	1),
(269,	'Nchayio Cynthia Njoki',	'07/29/2009',	'female',	'',	'',	'ilmamen',	'0721 442 760',	'',	8,	0,	0,	'KPVA/045',	'',	0,	0,	'',	1),
(270,	'David Recho Nabulu',	'',	'female',	'',	'',	'Empuyiankat',	'0713 355 606',	'',	12,	0,	0,	'KPVA/122',	'',	0,	0,	'',	1),
(271,	'Kimeu Juliet Ndanu',	'',	'female',	'',	'',	'Ulu',	'0721 543 784',	'',	12,	0,	0,	'KPVA/167',	'286EHW',	0,	0,	'',	1),
(272,	'Margerate Nashipae',	'11/08/2006',	'female',	'',	'',	'',	'0720 260 313',	'',	12,	0,	0,	'KPVA/330',	'',	0,	0,	'',	1),
(273,	'Sharon Sisina ',	'08/11/2004',	'female',	'',	'',	'Naserian',	'0735 912 968',	'',	12,	0,	0,	'KPVA/200',	'QRVTJ8',	0,	0,	'',	1),
(274,	'Sision Tenke',	'04/01/2004',	'female',	'',	'',	'Kilo',	'0721 564 952',	'',	12,	0,	0,	'KPVA/337',	'',	0,	0,	'',	1),
(275,	'Tiapashina Abigael Jackson',	'06/03/2006',	'female',	'',	'',	'Kilo',	'0721 834 908',	'',	12,	0,	0,	'KPVA/246',	'',	0,	0,	'',	1),
(276,	'Soipei Maria Synthia',	'08/01/2004',	'female',	'',	'',	'Ilpolosat',	'0715 282 022',	'',	12,	0,	0,	'KPVA/182',	'',	0,	0,	'',	1),
(277,	'Macy Reson',	'07/10/2007',	'female',	'',	'',	'loitoktok',	'0722 660 518',	'',	12,	0,	0,	'KPVA/480',	'',	0,	0,	'',	1),
(278,	'David Leshan',	'06/03/2006',	'male',	'',	'',	'Ngong',	'0722 577 311',	'',	12,	0,	0,	'KPVA/371',	'699HDT',	0,	0,	'',	1),
(279,	'Raphael Alex Partimo',	'10/24/2005',	'male',	'',	'',	'Ilmamen',	'072 1442 760',	'Raphaelsumat@gmail.com',	12,	0,	0,	'KPVA/047',	'VP5NXY',	0,	0,	'',	1),
(280,	'Isaac Victor Mshindi',	'04/29/2005',	'male',	'',	'',	'Konza',	'0727 125 984',	'',	12,	0,	0,	'KPVA/138',	'ACVP2Y',	0,	0,	'',	1),
(281,	'George Lesalon Kesuma',	'',	'male',	'',	'',	'Ilmamen',	'0725 086 441',	'',	12,	0,	0,	'KPVA/018',	'JAPRFX',	0,	0,	'',	1),
(282,	'Nkoshumu Evans Saruni',	'',	'male',	'',	'',	'Ilpolosat',	'0726 483 533',	'',	12,	0,	0,	'KPVA/036',	'J47NFD',	0,	0,	'',	1),
(283,	'Meori Rayan Koinari',	'03/05/2006',	'male',	'',	'',	'Nairobi',	'0722 342 722',	'',	12,	0,	0,	'KPVA/245',	'ZCLR67',	0,	0,	'',	1),
(284,	'David Munywoki',	'01/01/2004',	'male',	'',	'',	'Machakos',	'0719 558 405',	'',	12,	0,	0,	'KPVA/269',	'',	0,	0,	'',	0),
(285,	'Mwaria Sidney Murage',	'12/04/2005',	'male',	'',	'',	'Syokimau',	'0725 815 764',	'pwarutere13@gmail.com',	12,	0,	0,	'KPVA/442',	'',	0,	0,	'',	1),
(286,	'Neema Namunyak Kipinkat',	'03/23/2006',	'female',	'',	'',	'Emamparisuai',	'0737 184 087',	'',	12,	0,	0,	'KPVA/092',	'Z98YPA',	0,	0,	'',	1),
(287,	'Lewis Lemayian',	'01/21/2007',	'male',	'',	'',	'Magadi',	'0729 164 578',	'florencesimantoi@gmail.com',	12,	0,	0,	'KPVA/213',	'AZPVAD',	0,	0,	'',	1),
(288,	'Ngethe Collins Gichuru',	'01/10/2007',	'male',	'',	'',	'Ilasit',	'0721 848 301',	'johnngethe@gmail2017',	12,	0,	0,	'KPVA/305',	'96WKFX',	0,	0,	'',	1),
(289,	'Kapuya Kelvin Tobiko',	'01/26/2006',	'male',	'',	'',	'Olturoto',	'0729 393 435',	'',	12,	0,	0,	'KPVA/347',	'',	0,	0,	'',	1),
(290,	'Meitiaki Caleb Mayiani',	'',	'male',	'',	'',	'Ilpolosat',	'0723 779 699',	'',	12,	0,	0,	'KPVA/052',	'787FAV',	0,	0,	'',	1),
(291,	'Wesley Mutunkei',	'12/15/2006',	'male',	'',	'',	'Kitengela',	'0722 756 848',	'',	12,	0,	0,	'KPVA/417',	'',	0,	0,	'',	1),
(292,	'Muthiani Consolata Mutanu',	'12/01/2005',	'female',	'',	'',	'Malili',	'0724 738 331',	'',	12,	0,	0,	'KPVA/297',	'',	0,	0,	'',	1),
(293,	'Joan Nashipae',	'11/10/2006',	'female',	'',	'',	'Kitengela',	'0719 156 446',	'',	12,	0,	0,	'KPVA/257',	'476LZA',	0,	0,	'',	1),
(294,	'Mooke Lona Lamet',	'08/08/2005',	'female',	'',	'',	'Emali',	'0728 497 120',	'',	12,	0,	0,	'KPVA/241',	'2ERUFM',	0,	0,	'',	1),
(295,	'Tomothy Sharon Sayiore',	'08/08/2006',	'female',	'',	'',	'Kitengela',	'0721 229 996',	'',	12,	0,	0,	'KPVA/313',	'',	0,	0,	'',	1),
(296,	'Soinei Cicilia David',	'',	'female',	'',	'',	'Ilmamen',	'0721 375 157',	'',	12,	0,	0,	'KPVA/291',	'586ZLG',	0,	0,	'',	0),
(297,	'Irine Kaasha',	'01/10/2005',	'female',	'',	'',	'Emali',	'0710 643 336',	'',	12,	0,	0,	'KPVA/262',	'',	0,	0,	'',	1),
(298,	'Mandara Margerate Odinga',	'10/27/2007',	'female',	'',	'',	'',	'0726604034',	'',	12,	0,	2,	'KPVA/335',	'M77R66',	0,	0,	'',	1),
(299,	'Pilly Shamim',	'08/14/2007',	'female',	'',	'',	'loitoktok',	'0723 929 470',	'',	12,	0,	0,	'KPVA/363',	'VJJ89J',	0,	0,	'',	1),
(300,	'Daianah Nshipae',	'02/19/2005',	'female',	'',	'',	'Mukashire',	'0738 693 179',	'',	12,	0,	0,	'KPVA/392',	'JA26QU',	0,	0,	'',	1),
(301,	'Meseno Joy Nosim',	'',	'female',	'',	'',	'Embakasi',	'0725 506 809',	'',	12,	0,	0,	'KPVA/407',	'',	0,	0,	'',	1),
(302,	'Muvu Raid Mumbua',	'09/30/2005',	'female',	'',	'',	'Machakos',	'0720 733 681',	'',	12,	0,	0,	'KPVA/268',	'',	0,	0,	'',	1),
(303,	'Marieta Jane Njambi',	'05/08/2006',	'female',	'',	'',	'Sultan',	'0710 626 471',	'',	12,	0,	0,	'KPVA/471',	'',	0,	0,	'',	1),
(304,	'Jacinta Murugi',	'03/04/2007',	'female',	'',	'',	'Nairobi',	'0722 297 149',	'',	12,	0,	0,	'KPVA/433',	'',	0,	0,	'',	1),
(305,	'Briana Adhiambo',	'09/24/2006',	'female',	'',	'',	'Kitengela',	'0705 766 616',	'',	12,	0,	0,	'KPVA/475',	'',	0,	0,	'',	1),
(306,	'Maina Wilson Muthemba',	'04/16/2007',	'male',	'',	'',	'',	'0721 480 529',	'',	12,	0,	0,	'KPVA/166',	'',	0,	0,	'',	1),
(307,	'Partimo Lydia Reson',	'02/26/2007',	'female',	'',	'',	'Konza',	'0720 308 132',	'',	12,	0,	0,	'KPVA/055',	'',	0,	0,	'',	1),
(308,	'Kipasi Aisha Peyion',	'01/01/2015',	'female',	'',	'',	'Ilmunkush',	'0722 541 945',	'',	3,	0,	0,	'KPVA/500',	'',	0,	0,	'',	1),
(309,	'Musau Elizabeth Mutheu',	'01/01/2010',	'female',	'',	'',	'Athi River',	'0714 134 885',	'',	8,	0,	0,	'KPVA/497',	'',	0,	0,	'',	1),
(310,	'Karasinka Michelle Sian',	'10/03/2006',	'female',	'',	'',	'Kajiado',	'0720 940 905',	'',	11,	0,	0,	'KPVA/499',	'',	0,	0,	'',	1),
(311,	'Mutila Dennis Munyasya',	'12/16/2012',	'male',	'',	'',	'Migwani',	'0724 435 752',	'',	7,	0,	0,	'KPVA/4',	'',	0,	0,	'',	0),
(312,	'Jonathan Muuo Muoka',	'04/03/2005',	'male',	'',	'',	'Ulu',	'0722 635 445',	'',	13,	0,	0,	'KPVA/111',	'',	0,	0,	'',	1),
(313,	'Ngatia Eldad Waweru',	'03/14/2014',	'male',	'',	'',	'Kasalama',	'0724 225 028',	'',	5,	0,	0,	'KPVA/495',	'',	0,	0,	'',	1),
(314,	'Peneti Maxwell Sanare',	'04/06/2005',	'male',	'',	'',	'Ilpolosat',	'0724 016 553',	'',	13,	0,	0,	'KPVA/042',	'VLLCB2',	0,	0,	'',	1),
(315,	'Muia Brigid Mutheu',	'07/14/2008',	'female',	'',	'',	'Nairobi',	'0722 996 504',	'',	10,	0,	0,	'KPVA/498',	'',	0,	0,	'',	0),
(316,	'Duncan Malit',	'01/01/2005',	'male',	'',	'',	'Lenchani',	'0721 222 788',	'',	13,	0,	0,	'KPVA/220',	'977VJW',	0,	0,	'',	1),
(317,	'Marine Meshack Sadira',	'01/10/2005',	'male',	'',	'',	'Naserian',	'0710 740 310',	'',	13,	0,	0,	'KPVA/175',	'879XYL',	0,	0,	'',	1),
(318,	'Onesmus Kivungi Musyoki',	'04/04/2004',	'male',	'',	'',	'Kima',	'0717 779 026',	'',	13,	0,	0,	'KPVA/266',	'',	0,	0,	'',	1),
(319,	'Jeremi Kaurrai ',	'06/16/2004',	'male',	'',	'',	'Ilpolosat',	'0722 425 676',	'justuskoin@gmail.com',	13,	0,	0,	'KPVA/027',	'DC1GHW',	0,	0,	'',	1),
(320,	'Ronaldo Salmin',	'09/22/2005',	'male',	'',	'',	'Kitengela',	'0705 905 362',	'',	13,	0,	0,	'KPVA/199',	'2GRAY2',	0,	0,	'',	1),
(321,	'Parsaoti Evans Mengoru',	'03/23/2004',	'male',	'',	'',	'Konza',	'0720 755 305',	'',	13,	0,	0,	'KPVA/025',	'254XTV',	0,	0,	'',	1),
(322,	'Sitonik  Martha Reria',	'12/19/2004',	'female',	'',	'',	'Ilpolosat',	'0729 018 207',	'',	13,	0,	0,	'KPVA/063',	'LG9HBY',	0,	0,	'',	1),
(323,	'Benjamin Lempiris',	'04/09/2006',	'male',	'',	'',	'Ngong',	'0720 708 979',	'',	11,	0,	0,	'KPVA/496',	'',	0,	0,	'',	1),
(324,	'Wangui phiona Kanchori',	'05/21/2006',	'female',	'',	'',	'Kitengela',	'0721 595 155',	'',	13,	0,	0,	'KPVA/324',	'SBX6SA',	0,	0,	'',	1),
(325,	'Losutan Kibet Gachomo',	'09/03/2010',	'male',	'',	'',	'Nairobi',	'0722 938 322',	'',	8,	0,	0,	'KPVA/492',	'',	0,	0,	'',	1),
(326,	'Daniel Victoria Mumo',	'07/05/2005',	'female',	'',	'',	'Ulu',	'0720 226 365',	'',	13,	0,	0,	'KPVA/331',	'KUDLTRL',	0,	0,	'',	1),
(327,	'Kipoipoy Faith Seemu',	'12/04/2005',	'female',	'',	'',	'Lenchani',	'0722 225 637',	'',	13,	0,	0,	'KPVA/190',	'545WWH',	0,	0,	'',	1),
(328,	'Nasikoe Elijah',	'05/04/2006',	'female',	'',	'',	'Ilmamen',	'0711 770 944',	'',	13,	0,	0,	'KPVA/007',	'282CZC',	0,	0,	'',	1),
(329,	'Tirmei Losim',	'01/01/2009',	'male',	'',	'',	'Lenchani',	'0720 425 939',	'',	10,	0,	0,	'KPVA/184',	'',	0,	0,	'',	1),
(330,	'Ndirangu Gladwell Wambui',	'05/08/2005',	'female',	'',	'',	'Mashuuru',	'0722 984 693',	'Ndirangujacklinenjeri!@gmail',	13,	0,	0,	'KPVA/356',	'',	0,	0,	'',	1),
(331,	'Nixon Lesalon',	'01/01/2007',	'male',	'',	'',	'Kilo',	'0725 694 179',	'',	10,	0,	0,	'KPVA/142',	'',	0,	0,	'',	1),
(332,	'Kaparo Abel Mayiani',	'01/01/2008',	'male',	'',	'',	'Kajiado',	'0727 299 295',	'',	10,	0,	0,	'KPVA/452',	'',	0,	0,	'',	1),
(333,	'Kipambi Joy Teleu',	'08/23/2005',	'female',	'',	'',	'Lenchani',	'0722 281 215',	'kipambin@gmail.com',	13,	0,	0,	'KPVA/348',	'1CW8EC',	0,	0,	'',	1),
(334,	'Paita Joan Namunyak',	'01/01/2009',	'female',	'',	'',	'Ilpolosat',	'0723 628 186',	'',	10,	0,	0,	'KPVA/024',	'',	0,	0,	'',	1),
(335,	'Leposo Caren Moyiapai',	'09/29/2000',	'female',	'',	'',	'Naserian',	'0715 370 875',	'',	13,	0,	0,	'KPVA/201',	'684UQT',	0,	0,	'',	1),
(336,	'Mwongeli Simon',	'01/01/2006',	'female',	'',	'',	'Ulu',	'0718 611 256',	'',	13,	0,	0,	'KPVA/252',	'',	0,	0,	'',	1),
(337,	'Kailol Vivian Sempeyian',	'01/01/2013',	'female',	'',	'',	'ilmamen',	'0721 421 559',	'',	4,	0,	0,	'KPVA/284',	'',	0,	0,	'',	0),
(338,	'Koin Diana Seelah ',	'',	'female',	'',	'',	'Ilmamen',	'0722 921 686',	'Kmorinke@gmail.com',	13,	0,	0,	'KPVA/001',	'',	0,	0,	'',	1),
(339,	'Katunge Patience Nzomo',	'08/04/2006',	'female',	'',	'',	'Ilmamen',	'0721 570 186',	'',	13,	0,	0,	'KPVA/054',	'',	0,	0,	'',	1),
(340,	'Mumo Judith Muthama',	'11/07/2005',	'female',	'',	'',	'Enzai',	'0723 547 481',	'',	13,	0,	0,	'KPVA/425',	'962EQK',	0,	0,	'',	1),
(341,	'Lasoi Joseph',	'',	'male',	'',	'',	'Konza',	'0727 416 295',	'',	13,	0,	0,	'KPVA/010',	'',	0,	0,	'',	1),
(342,	'Njonga Janet Kanko',	'',	'female',	'',	'',	'Konza',	'0716 957 830',	'',	13,	0,	0,	'KPVA 133',	'',	0,	0,	'',	1),
(343,	'Meiseyieki Dennis Miaron',	'01/01/2004',	'male',	'',	'',	'loitoktok',	'0728 222 056',	'',	13,	0,	0,	'KPVA/304',	'337RVA',	0,	0,	'',	1),
(344,	'Wasonga Derick Ochieng',	'08/14/2001',	'male',	'',	'',	'Nairobi',	'0712 741 184',	'',	13,	0,	0,	'KPVA/170',	'',	0,	0,	'',	1),
(345,	'Mbugua Josiah Kungu',	'02/25/2007',	'male',	'',	'',	'Kiambu',	'0724 113 750',	'',	13,	0,	0,	'KPVA/282',	'VJH6PN',	0,	0,	'',	1),
(346,	'Kilole Daniel Saitabao',	'01/01/2009',	'male',	'',	'',	'Kajiado',	'0722 810 858',	'',	9,	0,	0,	'KPVA/448',	'',	0,	0,	'',	1),
(347,	'Parorit Timothy Sironka',	'07/01/2003',	'male',	'',	'',	'Konza',	'0717 488 177',	'Patricktumuti@yahoo.com',	13,	0,	0,	'KPVA/338',	'594JYA',	0,	0,	'',	1),
(348,	'Aaron Muyionko',	'07/05/2003',	'male',	'',	'',	'Ilmamen',	'0712 080 715',	'',	13,	0,	0,	'KPVA/299',	'633YWZ',	0,	0,	'',	1),
(349,	'Solomon Kipetuan',	'02/01/2005',	'male',	'',	'',	'Olturoto',	'0720 742 954',	'',	13,	0,	0,	'KPVA/229',	'VLCUKG',	0,	0,	'',	1),
(350,	'Sakimpa Parsaoti Mutero',	'05/14/2006',	'male',	'',	'',	'Ilasit',	'0721211261',	'',	13,	0,	0,	'KPVA/178',	'967YNC',	0,	0,	'',	1),
(351,	'David Lemayian Moisasi',	'01/01/2005',	'male',	'',	'',	'Ilmamen',	'0712 227 296',	'',	13,	0,	0,	'KPVA/074',	'526AQT',	0,	0,	'',	1),
(352,	'Oipaki Hilary Kishapui',	'05/22/2005',	'male',	'',	'',	'Lenchani',	'0722 465 446',	'',	13,	0,	0,	'KPVA/192',	'488KHL',	0,	0,	'',	1),
(353,	'Mutinda Samuel Kioko',	'04/01/2004',	'male',	'',	'',	'Kima',	'0721 318 043',	'douglaskioko@yahoo.com',	13,	0,	0,	'KPVA/302',	'DHRNWT',	0,	0,	'',	1),
(354,	'Mandela Laban Kyalo',	'04/02/2003',	'male',	'',	'',	'Sultan',	'0710 626 471',	'',	13,	0,	0,	'KPVA/378',	'873TCC',	0,	0,	'',	1),
(355,	'Lewuantai Meshark Timayio',	'01/01/2004',	'male',	'',	'',	'Ilmamen',	'0710 943 698',	'',	13,	0,	0,	'KPVA/020',	'',	0,	0,	'',	1),
(356,	'Kyalo Victor Musomba',	'11/16/2005',	'male',	'',	'',	'Ilmamen',	'0714 078 449',	'',	13,	0,	0,	'KPVA/416',	'',	0,	0,	'',	1),
(357,	'Nathan Muoki',	'05/25/2005',	'male',	'',	'',	'Nairobi',	'0724 220 244',	'',	13,	0,	0,	'KPVA/428',	'',	0,	0,	'',	1),
(358,	'Ntanin Doreen Nanteyian',	'04/12/2004',	'female',	'',	'',	'Ilpolosat',	'0725 909 592',	'',	13,	0,	0,	'KPVA/090',	'474RAY',	0,	0,	'',	1),
(359,	'Sainapei Vivian Rianto',	'05/04/2005',	'female',	'',	'',	'Emali',	'0724 577 004',	'',	13,	0,	0,	'KPVA/152',	'YQQG3Q3',	0,	0,	'',	1),
(360,	'Christine Ndule Kakui',	'05/01/2000',	'female',	'',	'',	'Ulu',	'0728 895 672',	'',	13,	0,	0,	'KPVA/189',	'839SAY',	0,	0,	'',	1),
(361,	'Koin Lorna Simaton',	'02/27/2003',	'female',	'',	'',	'Lenchani',	'0722 585 431',	'',	13,	0,	0,	'KPVA/233',	'597UQG',	0,	0,	'',	1),
(362,	'Alex Ndile Kyalo',	'06/29/2005',	'male',	'',	'',	'Ulu',	'0726 814 953',	'',	13,	0,	0,	'KPVA/094',	'699ZTP',	0,	0,	'',	1),
(363,	'Njoroge Mary Wairimu',	'04/11/2005',	'female',	'',	'',	'Ilasit',	'0727 040 958',	'',	13,	0,	0,	'KPVA/288',	'742DTT',	0,	0,	'',	1),
(364,	'Precious Nicole',	'09/23/2005',	'female',	'',	'',	'Nairobi',	'0722 308 393',	'',	13,	0,	0,	'KPVA/159',	'59B5HY',	0,	0,	'',	1),
(365,	'Joseph Raymond Kisarei',	'02/01/2005',	'male',	'',	'',	'Ilmamen',	'0715 590 176',	'',	13,	0,	0,	'KPVA/141',	'',	0,	0,	'',	1),
(366,	'Masingot Angela Rusuel',	'07/12/2007',	'female',	'',	'',	'Ilpolosat',	'0721 850 846',	'',	11,	0,	0,	'KPVA/099',	'',	0,	0,	'',	1),
(367,	'Winny Parsoip',	'08/01/2005',	'female',	'',	'',	'Emarti',	'0723 116 016',	'',	11,	0,	0,	'KPVA/253',	'',	0,	0,	'',	1),
(368,	'Seeto Melilau',	'',	'female',	'',	'',	'Kilo',	'0711 215 755',	'',	12,	0,	0,	'KPVA/0',	'',	0,	0,	'',	0),
(369,	'Lawi Loishorua',	'',	'male',	'',	'',	'Ilpolosat',	'0704 063 352',	'',	11,	0,	0,	'KPVA/420',	'',	0,	0,	'',	1),
(370,	'Oiboo Karei Eliezer',	'08/08/2007',	'male',	'',	'',	'Ilpolosat',	'0724 636 987',	'',	11,	0,	0,	'KPVA/231',	'',	0,	0,	'',	1),
(371,	'Caleb Lemayian',	'',	'male',	'',	'',	'Kilo',	'0721 834908',	'',	12,	0,	0,	'KPVA/162',	'',	0,	0,	'',	1),
(372,	'Sharon Kyalo',	'07/14/2005',	'female',	'',	'',	'Mombasa',	'0721 380 270',	'',	13,	0,	0,	'KPVA/260',	'',	0,	0,	'',	1),
(373,	'Maurine Joseph',	'05/05/2005',	'female',	'',	'',	'Konza',	'',	'',	12,	0,	0,	'KPVA/009',	'',	0,	0,	'',	1),
(374,	'Ketuta Sempeyian Siara',	'',	'female',	'',	'',	'Kilo',	'0711 215 755',	'',	13,	0,	0,	'KPVA/098',	'',	0,	0,	'',	1),
(375,	'Toto Caleb Lemayian',	'',	'male',	'',	'',	'Ilpolosat',	'0710 830 266',	'',	13,	0,	0,	'KPVA/461',	'',	0,	0,	'',	1),
(376,	'Charlos Tonkei',	'',	'male',	'',	'',	'Kiserian',	'0725 952 033',	'',	13,	0,	0,	'KPVA/316',	'',	0,	0,	'',	1),
(377,	'Nyapol Ann Siyiapei',	'10/12/2003',	'female',	'',	'',	'Kilo',	'',	'',	12,	0,	0,	'KPVA160',	'',	0,	0,	'',	1),
(378,	'Mideva Venessa Mwende',	'12/12/2005',	'female',	'',	'',	'Nairobi',	'',	'',	12,	0,	0,	'KPVA/308',	'',	0,	0,	'',	1),
(379,	'Maurine Sereyian',	'05/19/2007',	'female',	'',	'',	'Kiserian',	'0725 952 033',	'',	11,	0,	0,	'KPVA/317',	'',	0,	0,	'',	1),
(380,	'Seeto Melilau',	'',	'female',	'',	'',	'Kilo',	'0711 215 755',	'',	13,	0,	0,	'KPVA/097',	'',	0,	0,	'',	1),
(381,	'King\'a Lovely Nanyorre',	'12/24/2007',	'female',	'',	'',	'',	'0722 839 238',	'',	11,	0,	0,	'KPVA/447',	'',	0,	0,	'',	1),
(382,	'Susan Simaloi',	'01/08/2005',	'female',	'',	'',	'Magadi',	'0724 984 641',	'',	12,	0,	0,	'KPVA/212',	'',	0,	0,	'',	1),
(383,	'Kyalo Mary',	'12/26/2006',	'female',	'',	'',	'Sultan',	'',	'',	12,	0,	0,	'KPVA/415',	'',	0,	0,	'',	1),
(384,	'Kesire Timothy Lemayian',	'07/10/2008',	'male',	'',	'',	'Ngong',	'',	'',	9,	0,	0,	'KPVA/502',	'',	0,	0,	'',	1),
(385,	'Nabela Johnson Tenik',	'',	'male',	'',	'',	'Konza',	'0722 251 417',	'',	12,	0,	0,	'KPVA/034',	'',	0,	0,	'',	1),
(386,	'Jane Leno Moinei',	'',	'female',	'',	'',	'Oloorngosuani',	'0725 231 465',	'',	12,	0,	0,	'KPVA/131',	'',	0,	0,	'',	1),
(387,	'Matee Lilian Mayianae ',	'08/08/2005',	'female',	'',	'',	'Konza',	'0722 251 417',	'',	12,	0,	0,	'KPVA/140',	'',	0,	0,	'',	1),
(388,	'Nyote Joshua Matipe',	'',	'male',	'',	'',	'Isisira',	'0727 379 055',	'',	12,	0,	0,	'KPVA/003',	'',	0,	0,	'',	1),
(389,	'Soropai Lewis Solitei',	'07/27/2013',	'male',	'',	'',	'Emali',	'0704 264 321',	'',	5,	0,	0,	'KPVA/501',	'',	0,	0,	'',	1),
(390,	'Kipasi Aisha Peyon',	'01/01/2015',	'female',	'',	'',	'Konza',	'0722 541 945',	'',	3,	0,	0,	'KPVA/500',	'',	0,	0,	'',	0),
(391,	'Karasinka Michelle Sian',	'10/03/2006',	'female',	'',	'',	'Kajiado',	'0720 940 906',	'',	11,	0,	0,	'KPVA/499',	'',	0,	0,	'',	0),
(392,	'Muia Brigid Mutheu',	'07/14/2008',	'female',	'',	'',	'Nairobi',	'0722 996 504',	'',	10,	0,	0,	'KPVA/498',	'',	0,	0,	'',	1),
(393,	'Musau Elizabeth Mutheu',	'01/01/2010',	'female',	'',	'',	'Athi River',	'0714 134 885',	'',	8,	0,	0,	'KPVA/497',	'',	0,	0,	'',	0),
(394,	'Benjamin Lempiris',	'04/09/2006',	'male',	'',	'',	'Ngong',	'0720 708 979',	'',	11,	0,	0,	'KPVA/496',	'',	0,	0,	'',	0),
(395,	'Ngatia Eldad Waweru',	'03/14/2014',	'male',	'',	'',	'Kasalama',	'0723 321 418',	'',	5,	0,	0,	'KPVA/495',	'',	0,	0,	'',	0),
(396,	'Meiseyieki Sharleen',	'12/30/2009',	'female',	'',	'',	'Oloitokitok',	'0729 884 076',	'',	9,	0,	0,	'KPVA/493',	'',	0,	0,	'',	1),
(397,	'Losutan Kibet Gachomo',	'09/03/2010',	'male',	'',	'',	'Nairobi',	'0722 938 322',	'',	8,	0,	0,	'KPVA/9',	'',	0,	0,	'',	0),
(398,	'Kwonyike Florence Ntetei',	'11/11/2004',	'female',	'',	'',	'Kajiado',	'0712 843 954',	'',	12,	0,	0,	'KPVA/491',	'',	0,	0,	'',	1),
(399,	'Kwonyike Nosim Sulaek',	'02/08/2010',	'female',	'',	'',	'Kajiado',	'0720 668 037',	'',	9,	0,	0,	'KPVA/490',	'',	0,	0,	'',	1),
(400,	'Kwonyike Lindiwe',	'08/05/2009',	'female',	'',	'',	'Kajiado',	'0720 668 037',	'',	9,	0,	0,	'KPVA/488',	'',	0,	0,	'',	1),
(401,	'Parsaoti Lenah Pesian',	'01/01/2007',	'female',	'',	'',	'Kiserian',	'0720 749 808',	'',	10,	0,	0,	'KPVA/489',	'',	0,	0,	'',	1),
(402,	'Mutila Dennis Munyasya',	'12/26/2012',	'male',	'',	'',	'Migwani',	'0871 330 032',	'',	7,	0,	0,	'KPVA/487',	'',	0,	0,	'',	1),
(403,	'Kizito Louie',	'01/01/2007',	'male',	'',	'',	'Katumani',	'0726 370 808',	'',	11,	0,	0,	'KPVA/494',	'',	0,	0,	'',	1),
(404,	'Kambua Wayua',	'10/15/2009',	'female',	'',	'',	'Emali',	'0721 707 469',	'',	5,	0,	0,	'KPVA/503',	'',	0,	0,	'',	1),
(405,	'Mutua Joseph Baraka',	'02/28/2007',	'male',	'',	'',	'N/airobi',	'0725 486 944',	'',	11,	0,	0,	'KPVA/436',	'',	0,	0,	'',	1),
(406,	'Memusi Mercy Koitei',	'01/24/2008',	'female',	'',	'',	'Emarti',	'0724 746 253',	'',	9,	0,	0,	'KPVA/311',	'',	0,	0,	'',	1),
(407,	'Raphael Veronicah Kamene',	'01/01/2014',	'female',	'',	'',	'Kasalama',	'0725 405 933',	'',	5,	0,	0,	'KPVA/465',	'',	0,	0,	'',	1),
(408,	'Kukei Cecilia David',	'',	'female',	'',	'',	'Mashuuru',	'',	'',	12,	0,	0,	'KPVA/291',	'',	0,	0,	'',	0),
(409,	'Bakuni Vincent',	'09/26/2006',	'male',	'',	'',	'',	'0723 918 895',	'',	11,	0,	0,	'KPVA/450',	'',	0,	0,	'',	1),
(410,	'Parsemei Samuel Maloi',	'',	'male',	'',	'',	'Mashuuru',	'',	'',	11,	0,	0,	'KPVA/328',	'',	0,	0,	'',	1),
(411,	'Waweru Elvis Mwendwa',	'07/08/2008',	'male',	'',	'',	'Mlolongo',	'',	'',	11,	0,	0,	'KPVA/434',	'',	0,	0,	'',	1),
(412,	'Nangili Naomi',	'',	'female',	'',	'',	'Sultan',	'',	'',	13,	0,	0,	'KPVA/505',	'',	0,	0,	'',	1),
(413,	'Kyalo Milka',	'',	'female',	'',	'',	'Sultan',	'',	'',	10,	0,	0,	'KPVA/506',	'',	0,	0,	'',	1),
(414,	'Letuati Martha Pereruan',	'05/24/2008',	'female',	'',	'',	'Kilo',	'0712 878 178',	'',	11,	0,	0,	'KPVA/504',	'',	0,	0,	'',	1),
(415,	'Mwenda Annabel Wacera',	'04/21/2016',	'female',	'',	'',	'Konza',	'0711103128',	'',	3,	0,	0,	'KPVA/507',	'',	0,	0,	'',	1),
(416,	'Asiimwe Daniela',	'05/04/2005',	'female',	'',	'',	'salama',	'',	'',	12,	0,	0,	'KPVA/508',	'',	0,	0,	'',	1),
(417,	'Alinda Danellia',	'07/31/2014',	'female',	'',	'',	'salama',	'',	'',	4,	0,	0,	'KPVA/509',	'',	0,	0,	'',	1);

CREATE TABLE `subject` (
  `subject_id` int(11) NOT NULL AUTO_INCREMENT,
  `name` longtext COLLATE utf8_unicode_ci NOT NULL,
  `class_id` int(11) NOT NULL,
  `teacher_id` int(11) NOT NULL,
  PRIMARY KEY (`subject_id`)
) ENGINE=InnoDB DEFAULT CHARSET=utf8 COLLATE=utf8_unicode_ci;

INSERT INTO `subject` (`subject_id`, `name`, `class_id`, `teacher_id`) VALUES
(1,	'Mathematics activities',	6,	13),
(2,	'Language Activities',	6,	13),
(3,	'Hygiene and Nutrition',	6,	13),
(4,	'Kiswahili',	6,	13),
(5,	'Environmental Activities',	6,	13),
(6,	'Language Activities',	7,	6),
(8,	'English',	13,	11),
(9,	'Kiswahili',	13,	14),
(10,	'Maths',	13,	8),
(11,	'Science',	13,	12),
(12,	'Social Studies/CRE',	13,	7),
(14,	'Kiswahili',	7,	6),
(15,	'Mathematics activities',	7,	6),
(16,	'H/ N',	7,	6),
(17,	'Environmental Activities',	7,	6),
(18,	'Language Activities',	4,	17),
(19,	'Number Work',	4,	17),
(20,	'Creative',	4,	17),
(21,	'Environmental',	4,	17),
(22,	'CRE Activities',	4,	17),
(23,	'Language Activities',	5,	3),
(24,	'Number Work',	5,	3),
(25,	'Creative',	5,	3),
(26,	'Environmental',	5,	3),
(27,	'CRE Activities',	5,	3),
(29,	'English',	8,	10),
(30,	'Kiswahili',	8,	10),
(31,	'Maths',	8,	10),
(32,	'Science',	8,	10),
(33,	'SST/CRE',	8,	10),
(34,	'English',	9,	4),
(35,	'Kiswahili',	9,	18),
(36,	'Maths',	9,	2),
(37,	'Science',	9,	19),
(38,	'SST/CRE',	9,	9),
(39,	'English',	10,	19),
(40,	'Kiswahili',	10,	18),
(41,	'Maths',	10,	7),
(42,	'Science',	10,	12),
(43,	'SST/CRE',	10,	9),
(44,	'English',	11,	4),
(45,	'Kiswahili',	11,	15),
(46,	'Maths',	11,	16),
(47,	'Science',	11,	11),
(48,	'SST/CRE',	11,	9),
(49,	'English',	12,	2),
(50,	'Kiswahili',	12,	14),
(51,	'Maths',	12,	7),
(52,	'Science',	12,	16),
(53,	'SST/CRE',	12,	4),
(54,	'Language',	3,	1),
(55,	'Numbers',	3,	1),
(56,	'Environmental',	3,	1);

CREATE TABLE `teacher` (
  `teacher_id` int(11) NOT NULL AUTO_INCREMENT,
  `name` longtext COLLATE utf8_unicode_ci NOT NULL,
  `birthday` longtext COLLATE utf8_unicode_ci NOT NULL,
  `sex` longtext COLLATE utf8_unicode_ci NOT NULL,
  `religion` longtext COLLATE utf8_unicode_ci NOT NULL,
  `blood_group` longtext COLLATE utf8_unicode_ci NOT NULL,
  `address` longtext COLLATE utf8_unicode_ci NOT NULL,
  `phone` longtext COLLATE utf8_unicode_ci NOT NULL,
  `email` longtext COLLATE utf8_unicode_ci NOT NULL,
  `status` int(2) NOT NULL DEFAULT '1',
  PRIMARY KEY (`teacher_id`)
) ENGINE=InnoDB DEFAULT CHARSET=utf8 COLLATE=utf8_unicode_ci;

INSERT INTO `teacher` (`teacher_id`, `name`, `birthday`, `sex`, `religion`, `blood_group`, `address`, `phone`, `email`, `status`) VALUES
(1,	'Jane Siango',	'06/16/2009',	'female',	'',	'',	'Ilpolosat',	'0',	'',	1),
(2,	'Shalom Muasya',	'06/08/1992',	'male',	'',	'',	'242 Makindu',	'0719 543 963',	'shalommwendwa@gmail.com',	1),
(3,	'Anne Mutethya',	'10/28/1980',	'female',	'',	'',	'Machakos',	'0716 882 962',	'',	1),
(4,	'Patrick Muthoka',	'07/30/1986',	'male',	'',	'',	'Kola',	'0703 652 365',	'patrickmuthoka@gmail.com',	1),
(5,	'Stella Ombichi',	'05/07/1984',	'female',	'',	'',	'Ulu',	'0790 194 243',	'',	1),
(6,	'Mirriam Mumbua',	'02/13/1994',	'female',	'',	'',	'Emali',	'0727 145 100',	'',	1),
(7,	'Dancan Kyalo',	'10/01/1989',	'male',	'',	'',	'Kibwezi',	'0724 321 123',	'dankyyalo64@gmail.com',	1),
(8,	'Joseph Mwendwa',	'07/14/1991',	'male',	'',	'',	'Salama',	'0703629183',	'jkimweli35@gmail.com',	1),
(9,	'samuel Sunkuyia',	'05/05/1994',	'male',	'',	'',	'Kiserian',	'0791 598 002',	'samuelsunkuyia@gmail.com',	1),
(10,	'Annastacia Maitha',	'04/10/1995',	'female',	'',	'',	'Yoani',	'0711 958 642',	'254salyann@gmail.com',	1),
(11,	'Stephen Munyao',	'07/31/1990',	'male',	'',	'',	'Sultan',	'0717 032 557',	'',	1),
(12,	'Samuel Masai',	'10/10/1961',	'male',	'',	'',	'Salama',	'0724 389 094',	'Samuel.masai@konzaplainsview.ac.ke',	1),
(13,	'Virginia Mwelu',	'06/08/1992',	'female',	'',	'',	'Tawa',	'0725 255 391',	'',	1),
(14,	'Moses Ananda',	'01/06/1990',	'male',	'',	'',	'Emuhaya',	'0712 572 961',	'',	1),
(15,	'Meshack Peter',	'04/06/1990',	'male',	'',	'',	'Yoani',	'0705 653 754',	'meshack.mwanzia2016@gmail.com',	1),
(16,	'Fredrick Kakui',	'09/24/1990',	'male',	'',	'',	'Kibwezi',	'0790 859 038',	'fredrickmuteti@yahoo.com',	1),
(17,	'Catherine Nzilani',	'05/24/1983',	'female',	'',	'',	'Machakos',	'0705 110 716',	'catherinenzilani15@gmail.com',	1),
(18,	'Joseph Jessy',	'05/14/1996',	'male',	'',	'',	'Emali',	'0743 091 060',	'',	1),
(19,	'Emelda Achieng',	'06/08/1993',	'female',	'',	'',	'Kisumu',	'0706 796 878',	'',	1);

CREATE TABLE `terms` (
  `terms_id` int(100) NOT NULL AUTO_INCREMENT,
  `term_number` int(5) NOT NULL,
  `name` varchar(100) NOT NULL,
  `start_month` int(2) NOT NULL,
  `end_month` int(2) NOT NULL,
  PRIMARY KEY (`terms_id`)
) ENGINE=InnoDB DEFAULT CHARSET=latin1;

INSERT INTO `terms` (`terms_id`, `term_number`, `name`, `start_month`, `end_month`) VALUES
(1,	1,	'One',	1,	4),
(2,	2,	'Two',	5,	8),
(3,	3,	'Three',	9,	12);

CREATE TABLE `transaction` (
  `transaction_id` int(100) NOT NULL AUTO_INCREMENT,
  `t_date` date NOT NULL,
  `batch_number` varchar(20) NOT NULL,
  `invoice_id` int(100) NOT NULL,
  `description` varchar(200) NOT NULL,
  `payee` varchar(100) NOT NULL,
  `transaction_type_id` int(20) NOT NULL,
  `transaction_method_id` int(20) NOT NULL COMMENT '1-Cash, 2-Bank',
  `cheque_no` int(10) NOT NULL,
  `amount` decimal(10,2) NOT NULL,
  `cleared` int(5) NOT NULL COMMENT '0-oustanding,1-cleared',
  `clearedMonth` date NOT NULL,
  `is_cancelled` int(5) NOT NULL DEFAULT '0',
  `reversing_batch_number` varchar(20) NOT NULL,
  `createddate` datetime NOT NULL,
  `createdby` int(100) NOT NULL,
  `lastmodifieddate` timestamp NOT NULL DEFAULT CURRENT_TIMESTAMP ON UPDATE CURRENT_TIMESTAMP,
  `lastmodifiedby` int(100) NOT NULL,
  PRIMARY KEY (`transaction_id`),
  KEY `transaction_type_id` (`transaction_type_id`),
  KEY `transaction_method_id` (`transaction_method_id`),
  CONSTRAINT `transaction_ibfk_1` FOREIGN KEY (`transaction_type_id`) REFERENCES `transaction_type` (`transaction_type_id`),
  CONSTRAINT `transaction_ibfk_2` FOREIGN KEY (`transaction_method_id`) REFERENCES `transaction_method` (`transaction_method_id`)
) ENGINE=InnoDB DEFAULT CHARSET=latin1;

INSERT INTO `transaction` (`transaction_id`, `t_date`, `batch_number`, `invoice_id`, `description`, `payee`, `transaction_type_id`, `transaction_method_id`, `cheque_no`, `amount`, `cleared`, `clearedMonth`, `is_cancelled`, `reversing_batch_number`, `createddate`, `createdby`, `lastmodifieddate`, `lastmodifiedby`) VALUES
(292,	'2019-05-01',	'190501',	396,	'Fees Payment',	'Tom',	1,	1,	0,	6600.00,	0,	'0000-00-00',	0,	'',	'0000-00-00 00:00:00',	1,	'2019-06-17 09:08:33',	1),
(293,	'2019-05-01',	'190502',	397,	'Fees',	'Sharon',	1,	1,	0,	2600.00,	0,	'0000-00-00',	0,	'',	'0000-00-00 00:00:00',	1,	'2019-06-17 10:26:49',	1),
(294,	'2019-05-02',	'190503',	399,	'Fees',	'John',	1,	1,	0,	3000.00,	0,	'0000-00-00',	0,	'',	'0000-00-00 00:00:00',	1,	'2019-06-17 10:48:36',	1),
(295,	'2019-05-02',	'190504',	0,	'Test',	'Test',	1,	1,	0,	1500.00,	0,	'0000-00-00',	0,	'',	'2019-05-02 00:00:00',	1,	'2019-07-10 06:47:26',	1),
(296,	'2019-05-03',	'190505',	0,	'Testing',	'Testing',	1,	2,	0,	10000.00,	0,	'0000-00-00',	0,	'',	'2019-05-03 00:00:00',	1,	'2019-07-10 06:48:56',	1),
(297,	'2019-05-03',	'190506',	396,	'School Fees',	'Joan',	1,	1,	0,	400.00,	0,	'0000-00-00',	0,	'',	'0000-00-00 00:00:00',	1,	'2019-07-12 07:07:22',	1),
(298,	'2019-05-04',	'190507',	400,	'School Fees Payment',	'Lenny',	1,	1,	0,	10000.00,	0,	'0000-00-00',	0,	'',	'0000-00-00 00:00:00',	1,	'2019-07-12 07:08:06',	1),
(299,	'2019-05-04',	'190508',	400,	'School Fees',	'Fred',	1,	1,	0,	700.00,	0,	'0000-00-00',	0,	'',	'0000-00-00 00:00:00',	1,	'2019-07-12 07:33:35',	1),
(300,	'2019-05-04',	'190509',	400,	'School Fees',	'Seth',	1,	1,	0,	500.00,	0,	'0000-00-00',	0,	'',	'0000-00-00 00:00:00',	1,	'2019-07-12 07:35:12',	1),
(301,	'2019-05-04',	'190510',	396,	'School Fees',	'Maria',	1,	1,	0,	800.00,	0,	'0000-00-00',	0,	'',	'0000-00-00 00:00:00',	1,	'2019-07-12 08:26:21',	1),
(302,	'2019-05-04',	'190511',	403,	'Fees',	'Marieta',	1,	1,	0,	1000.00,	0,	'0000-00-00',	0,	'',	'0000-00-00 00:00:00',	1,	'2019-07-12 08:26:53',	1),
(303,	'2019-05-04',	'190512',	401,	'Fee',	'Mandara',	1,	1,	0,	500.00,	0,	'0000-00-00',	0,	'',	'0000-00-00 00:00:00',	1,	'2019-07-12 08:29:26',	1),
(304,	'2019-05-06',	'190513',	406,	'Feees',	'Wesley',	1,	1,	0,	4000.00,	0,	'0000-00-00',	0,	'',	'0000-00-00 00:00:00',	1,	'2019-07-12 08:30:03',	1),
(305,	'2019-05-06',	'190514',	402,	'Fees',	'Maggy',	1,	1,	0,	400.00,	0,	'0000-00-00',	0,	'',	'0000-00-00 00:00:00',	1,	'2019-07-12 08:31:08',	1),
(306,	'2019-05-06',	'190515',	406,	'Fees',	'Wesley',	1,	1,	0,	4000.00,	0,	'0000-00-00',	0,	'',	'0000-00-00 00:00:00',	1,	'2019-07-12 08:32:33',	1),
(307,	'2019-05-06',	'190516',	0,	'Test',	'Test',	1,	1,	0,	4200.00,	0,	'0000-00-00',	0,	'',	'2019-05-06 00:00:00',	1,	'2019-07-12 08:38:10',	1),
(308,	'2019-05-06',	'190517',	0,	'Test paid',	'Paid test',	2,	1,	0,	19700.00,	0,	'0000-00-00',	0,	'',	'0000-00-00 00:00:00',	1,	'2019-07-12 08:45:22',	1),
(309,	'2019-05-07',	'190518',	0,	'Banking',	'System Generated',	3,	4,	0,	54000.00,	0,	'0000-00-00',	0,	'',	'2019-05-07 00:00:00',	1,	'2019-07-12 08:46:31',	1),
(310,	'2019-05-07',	'190519',	0,	'PC Withdrawal',	'System Generated',	4,	4,	0,	15000.00,	0,	'0000-00-00',	0,	'',	'2019-05-07 00:00:00',	1,	'2019-07-12 08:49:03',	1),
(311,	'2019-05-07',	'190520',	0,	'Deposit',	'System Generated',	3,	4,	0,	35400.00,	0,	'0000-00-00',	0,	'',	'2019-05-07 00:00:00',	1,	'2019-07-12 08:51:43',	1),
(312,	'2019-05-08',	'190521',	0,	'Withdraw',	'System Generated',	4,	4,	0,	21000.00,	0,	'0000-00-00',	0,	'',	'2019-05-08 00:00:00',	1,	'2019-07-12 08:52:49',	1),
(313,	'2019-05-08',	'190522',	0,	'Banking',	'System Generated',	3,	4,	0,	8000.00,	0,	'0000-00-00',	0,	'',	'2019-05-08 00:00:00',	1,	'2019-07-12 08:53:44',	1),
(314,	'2019-05-08',	'190523',	0,	'Withdraw',	'System Generated',	4,	4,	0,	7500.00,	0,	'0000-00-00',	0,	'',	'2019-05-08 00:00:00',	1,	'2019-07-12 08:54:01',	1),
(315,	'2019-05-08',	'190524',	0,	'To PC',	'System Generated',	4,	4,	0,	45000.00,	0,	'0000-00-00',	0,	'',	'2019-05-08 00:00:00',	1,	'2019-07-12 08:55:33',	1),
(316,	'2019-06-03',	'190601',	396,	'Fees',	'Leah',	1,	1,	0,	24500.00,	0,	'0000-00-00',	0,	'',	'0000-00-00 00:00:00',	1,	'2019-07-26 12:04:35',	1),
(317,	'2019-06-03',	'190602',	404,	'Cleared fees',	'Joan',	1,	1,	0,	4500.00,	0,	'0000-00-00',	0,	'',	'0000-00-00 00:00:00',	1,	'2019-07-26 12:07:42',	1);

CREATE TABLE `transaction_detail` (
  `transaction_detail_id` int(100) NOT NULL AUTO_INCREMENT,
  `transaction_id` int(100) NOT NULL,
  `invoice_details_id` int(200) NOT NULL,
  `expense_category_id` int(100) NOT NULL,
  `income_category_id` int(100) NOT NULL,
  `qty` decimal(10,2) NOT NULL,
  `detail_description` varchar(100) NOT NULL,
  `unitcost` decimal(10,2) NOT NULL,
  `cost` decimal(10,2) NOT NULL,
  PRIMARY KEY (`transaction_detail_id`),
  KEY `transaction_id` (`transaction_id`),
  CONSTRAINT `transaction_detail_ibfk_1` FOREIGN KEY (`transaction_id`) REFERENCES `transaction` (`transaction_id`)
) ENGINE=InnoDB DEFAULT CHARSET=latin1;

INSERT INTO `transaction_detail` (`transaction_detail_id`, `transaction_id`, `invoice_details_id`, `expense_category_id`, `income_category_id`, `qty`, `detail_description`, `unitcost`, `cost`) VALUES
(1204,	292,	2108,	0,	1,	1.00,	'School Fees Payment For R100-Tuition',	4500.00,	4500.00),
(1205,	292,	2110,	0,	2,	1.00,	'School Fees Payment For R300 -Boarding',	2100.00,	2100.00),
(1206,	293,	2147,	0,	1,	1.00,	'School Fees Payment For R100-Tuition',	2100.00,	2100.00),
(1207,	293,	2149,	0,	6,	1.00,	'School Fees Payment For R700 - Student grooming and hygiene',	500.00,	500.00),
(1208,	294,	2144,	0,	1,	1.00,	'School Fees Payment For R100-Tuition',	2500.00,	2500.00),
(1209,	294,	2146,	0,	4,	1.00,	'School Fees Payment For R400 - Teaching and learning materials',	500.00,	500.00),
(1215,	295,	0,	0,	1,	1.00,	'Test',	1500.00,	1500.00),
(1216,	296,	0,	0,	1,	1.00,	'Testing 1',	3500.00,	3500.00),
(1217,	296,	0,	0,	8,	1.00,	'Testing 2',	6500.00,	6500.00),
(1218,	297,	2115,	0,	1,	1.00,	'School Fees Payment For R100-Tuition',	200.00,	200.00),
(1219,	297,	2116,	0,	4,	1.00,	'School Fees Payment For R400 - Teaching and learning materials',	200.00,	200.00),
(1220,	298,	2150,	0,	1,	1.00,	'School Fees Payment For R100-Tuition',	4000.00,	4000.00),
(1221,	298,	2151,	0,	4,	1.00,	'School Fees Payment For R400 - Teaching and learning materials',	1000.00,	1000.00),
(1222,	298,	2153,	0,	2,	1.00,	'School Fees Payment For R300 -Boarding',	5000.00,	5000.00),
(1227,	299,	2150,	0,	1,	1.00,	'School Fees Payment For R100-Tuition',	700.00,	700.00),
(1228,	300,	2152,	0,	5,	1.00,	'School Fees Payment For R600 - Medication',	500.00,	500.00),
(1229,	301,	2116,	0,	4,	1.00,	'School Fees Payment For R400 - Teaching and learning materials',	800.00,	800.00),
(1230,	302,	2140,	0,	8,	1.00,	'School Fees Payment For R200 - Meals',	1000.00,	1000.00),
(1231,	303,	2142,	0,	8,	1.00,	'School Fees Payment For R200 - Meals',	500.00,	500.00),
(1232,	304,	2132,	0,	1,	1.00,	'School Fees Payment For R100-Tuition',	4000.00,	4000.00),
(1233,	305,	2121,	0,	8,	1.00,	'School Fees Payment For R200 - Meals',	400.00,	400.00),
(1234,	306,	2136,	0,	2,	1.00,	'School Fees Payment For R300 -Boarding',	4000.00,	4000.00),
(1237,	307,	0,	0,	1,	1.00,	'Test 1',	1200.00,	1200.00),
(1238,	307,	0,	0,	7,	2.00,	'Test 2',	1500.00,	3000.00),
(1241,	308,	0,	4,	0,	2.00,	'Paid',	2100.00,	4200.00),
(1242,	308,	0,	8,	0,	5.00,	'Paid test',	3100.00,	15500.00),
(1243,	309,	0,	0,	0,	1.00,	'Contra Entry: To Bank Contra Entry',	54000.00,	54000.00),
(1244,	310,	0,	0,	0,	1.00,	'Contra Entry: To Cash Contra Entry',	15000.00,	15000.00),
(1245,	311,	0,	0,	0,	1.00,	'Contra Entry: To Bank Contra Entry',	35400.00,	35400.00),
(1246,	312,	0,	0,	0,	1.00,	'Contra Entry: To Cash Contra Entry',	21000.00,	21000.00),
(1247,	313,	0,	0,	0,	1.00,	'Contra Entry: To Bank Contra Entry',	8000.00,	8000.00),
(1248,	314,	0,	0,	0,	1.00,	'Contra Entry: To Cash Contra Entry',	7500.00,	7500.00),
(1249,	315,	0,	0,	0,	1.00,	'Contra Entry: To Cash Contra Entry',	45000.00,	45000.00),
(1250,	316,	2115,	0,	1,	1.00,	'School Fees Payment For R100-Tuition',	8500.00,	8500.00),
(1251,	316,	2117,	0,	2,	1.00,	'School Fees Payment For R300 -Boarding',	7500.00,	7500.00),
(1252,	316,	2118,	0,	5,	1.00,	'School Fees Payment For R600 - Medication',	500.00,	500.00),
(1253,	316,	2119,	0,	2,	1.00,	'School Fees Payment For R300 -Boarding',	8000.00,	8000.00),
(1254,	317,	2123,	0,	8,	1.00,	'School Fees Payment For R200 - Meals',	4500.00,	4500.00);

CREATE TABLE `transaction_method` (
  `transaction_method_id` int(20) NOT NULL AUTO_INCREMENT,
  `name` varchar(100) NOT NULL,
  `description` varchar(100) NOT NULL,
  `can_be_selected` int(5) NOT NULL DEFAULT '1',
  PRIMARY KEY (`transaction_method_id`)
) ENGINE=InnoDB DEFAULT CHARSET=latin1;

INSERT INTO `transaction_method` (`transaction_method_id`, `name`, `description`, `can_be_selected`) VALUES
(1,	'cash',	'Cash',	1),
(2,	'bank',	'Bank',	1),
(3,	'mpesa',	'M-Pesa',	1),
(4,	'funds_transfer',	'Funds Transfer',	0);

CREATE TABLE `transaction_type` (
  `transaction_type_id` int(20) NOT NULL AUTO_INCREMENT,
  `name` varchar(50) NOT NULL,
  `description` varchar(100) NOT NULL,
  `can_be_cancelled` int(5) NOT NULL DEFAULT '1' COMMENT '1=can be cancelled, 0= can''t be cancelled',
  PRIMARY KEY (`transaction_type_id`)
) ENGINE=InnoDB DEFAULT CHARSET=latin1;

INSERT INTO `transaction_type` (`transaction_type_id`, `name`, `description`, `can_be_cancelled`) VALUES
(1,	'income',	'Income',	1),
(2,	'expense',	'Expense',	1),
(3,	'contra_entry_to_bank',	'To Bank Contra Entry',	1),
(4,	'contra_entry_to_cash',	'To Cash Contra Entry',	1),
(5,	'funds_transfer',	'Funds Transfer',	1);

CREATE TABLE `transition` (
  `transition_id` int(100) NOT NULL AUTO_INCREMENT,
  `name` varchar(100) NOT NULL,
  PRIMARY KEY (`transition_id`)
) ENGINE=InnoDB DEFAULT CHARSET=latin1;

INSERT INTO `transition` (`transition_id`, `name`) VALUES
(1,	'transfer'),
(2,	'completion'),
(3,	'suspend'),
(4,	'other');

CREATE TABLE `transition_detail` (
  `transition_detail_id` int(100) NOT NULL AUTO_INCREMENT,
  `transition_id` int(100) NOT NULL,
  `student_id` int(11) NOT NULL,
  `transition_date` date NOT NULL,
  `reason` varchar(200) NOT NULL,
  `status` int(5) NOT NULL DEFAULT '1',
  PRIMARY KEY (`transition_detail_id`),
  KEY `transition_id` (`transition_id`),
  KEY `student_id` (`student_id`),
  CONSTRAINT `transition_detail_ibfk_1` FOREIGN KEY (`student_id`) REFERENCES `student` (`student_id`),
  CONSTRAINT `transition_detail_ibfk_2` FOREIGN KEY (`transition_id`) REFERENCES `transition` (`transition_id`)
) ENGINE=InnoDB DEFAULT CHARSET=latin1;

INSERT INTO `transition_detail` (`transition_detail_id`, `transition_id`, `student_id`, `transition_date`, `reason`, `status`) VALUES
(1,	1,	99,	'2019-05-02',	'Mother relocated to different place',	1),
(2,	1,	56,	'0000-00-00',	'Father was transfered',	1),
(3,	1,	154,	'0000-00-00',	'Got a sponsor in Kajiado',	1),
(4,	1,	1,	'2019-05-02',	'Parents relocated',	1),
(5,	2,	390,	'2019-05-13',	'Double entry',	1),
(6,	3,	337,	'2019-05-13',	'Double entry',	1),
(7,	3,	395,	'2019-05-13',	'Double entry',	1),
(8,	3,	311,	'2019-05-13',	'Double entry',	1),
(9,	3,	397,	'2019-05-13',	'Double entry',	1),
(10,	3,	393,	'2019-05-13',	'Double entry',	1),
(11,	3,	121,	'2019-05-13',	'Double entry',	1),
(12,	3,	182,	'2019-05-13',	'Double entry',	1),
(13,	3,	248,	'2019-05-13',	'Double entry',	1),
(14,	3,	227,	'2019-05-13',	'Double entry',	1),
(15,	3,	315,	'2019-05-13',	'Double entry',	1),
(16,	3,	394,	'2019-05-13',	'Double entry',	1),
(17,	3,	391,	'2019-05-13',	'Double entry',	1),
(18,	3,	254,	'2019-05-13',	'Double entry',	1),
(19,	3,	209,	'2019-05-14',	'Double entry',	1),
(20,	3,	296,	'2019-05-14',	'Double entry',	1),
(21,	3,	368,	'2019-05-16',	'Double entry',	1),
(22,	1,	29,	'0000-00-00',	'Lack of school fees',	1),
(23,	1,	284,	'2019-05-02',	'School fee',	1),
(24,	1,	408,	'2019-05-02',	'Lack of school fees',	1),
(25,	1,	245,	'2019-05-02',	'Health issues',	1),
(26,	1,	3,	'2019-07-25',	'Transferred',	0),
(27,	1,	5,	'2019-07-25',	'Test',	0),
(28,	4,	5,	'2019-07-25',	'Double entry',	0);

CREATE TABLE `transport` (
  `transport_id` int(11) NOT NULL AUTO_INCREMENT,
  `route_name` longtext COLLATE utf8_unicode_ci NOT NULL,
  `number_of_vehicle` longtext COLLATE utf8_unicode_ci NOT NULL,
  `description` longtext COLLATE utf8_unicode_ci NOT NULL,
  `route_fare` longtext COLLATE utf8_unicode_ci NOT NULL,
  PRIMARY KEY (`transport_id`)
) ENGINE=InnoDB DEFAULT CHARSET=utf8 COLLATE=utf8_unicode_ci;

INSERT INTO `transport` (`transport_id`, `route_name`, `number_of_vehicle`, `description`, `route_fare`) VALUES
(1,	'Ilmamen route',	'KCP 188Z',	'Transport',	'6000'),
(2,	'B',	'kcp 188z',	'transport',	'7500.00'),
(3,	'C',	'kcp 188z',	'transport',	'9000.00'),
(4,	'D',	'kcp 188z',	'transport',	'12000.00');

CREATE TABLE `user` (
  `user_id` int(100) NOT NULL AUTO_INCREMENT,
  `firstname` varchar(50) COLLATE utf8_unicode_ci NOT NULL,
  `lastname` varchar(50) COLLATE utf8_unicode_ci NOT NULL,
  `email` varchar(100) COLLATE utf8_unicode_ci NOT NULL,
  `email_notify` int(5) NOT NULL DEFAULT '1',
  `password` varchar(100) COLLATE utf8_unicode_ci NOT NULL,
  `phone` varchar(20) COLLATE utf8_unicode_ci NOT NULL,
  `login_type_id` tinyint(10) NOT NULL,
  `profile_id` tinyint(5) NOT NULL,
  `type_user_id` int(100) NOT NULL,
  `app_id` int(100) NOT NULL DEFAULT '2',
  `auth` tinyint(5) NOT NULL,
  PRIMARY KEY (`user_id`),
  UNIQUE KEY `email` (`email`)
) ENGINE=InnoDB DEFAULT CHARSET=utf8 COLLATE=utf8_unicode_ci;

INSERT INTO `user` (`user_id`, `firstname`, `lastname`, `email`, `email_notify`, `password`, `phone`, `login_type_id`, `profile_id`, `type_user_id`, `app_id`, `auth`) VALUES
(1,	'Nicodemus',	'Karisa',	'nkmwambs@gmail.com',	1,	'fbdf9989ea636d6b339fd6b85f63e06e',	'254711808071',	1,	1,	7,	2,	1),
(7,	'Samuel',	'Saiyorri',	'grcnamelok@gmail.com',	0,	'c21f969b5f03d33d43e04f8f136e7682',	'0728803985',	1,	1,	1,	2,	1),
(8,	'Stanley',	'Mpelesi',	'stankipasi@gmail.com',	0,	'c21f969b5f03d33d43e04f8f136e7682',	'0722541945',	1,	1,	2,	2,	1),
(9,	'Judith',	'Mwololo',	'judithmbaika1976@yahoo.com',	0,	'c21f969b5f03d33d43e04f8f136e7682',	'0723100130',	1,	1,	3,	2,	1),
(10,	'Benson',	'Morinke',	'kmorinke@yahoo.com',	0,	'c21f969b5f03d33d43e04f8f136e7682',	'+7144680105',	1,	1,	1,	2,	1),
(11,	'Steve',	'Morinke',	'stephenmorinke@yahoo.com',	0,	'c21f969b5f03d33d43e04f8f136e7682',	'0722921686',	1,	1,	5,	2,	1),
(12,	'Henry',	'Kopirato',	'kopiratohenry@gmail.com',	0,	'c21f969b5f03d33d43e04f8f136e7682',	'0725517573',	1,	1,	6,	2,	1),
(13,	'Karisa',	'Mwambire',	'mwambire2019@gmail.com',	1,	'22dc4fd1172282249f2a0cb4f543a35b',	'0711202081',	1,	1,	17,	2,	1),
(14,	'Victor',	'',	'as@gmail.com',	1,	'22dc4fd1172282249f2a0cb4f543a35b',	'888',	1,	1,	16,	2,	1),
(15,	'Testing',	'',	'n@gmail.com',	1,	'22dc4fd1172282249f2a0cb4f543a35b',	'088',	1,	1,	15,	2,	1),
(16,	'Mary',	'Kai',	'marykai2019@gmail.com',	1,	'22dc4fd1172282249f2a0cb4f543a35b',	'0711786543',	1,	1,	8,	2,	1);

-- 2019-08-08 12:46:12
