-- Adminer 4.6.3 MySQL dump

SET NAMES utf8;
SET time_zone = '+00:00';
SET foreign_key_checks = 0;
SET sql_mode = 'NO_AUTO_VALUE_ON_ZERO';

CREATE TABLE `access` (
  `access_id` int(100) NOT NULL AUTO_INCREMENT,
  `entitlement_id` int(100) NOT NULL,
  `profile_id` int(100) NOT NULL,
  PRIMARY KEY (`access_id`),
  KEY `entitlement_id` (`entitlement_id`),
  KEY `profile_id` (`profile_id`),
  CONSTRAINT `access_ibfk_1` FOREIGN KEY (`entitlement_id`) REFERENCES `entitlement` (`entitlement_id`),
  CONSTRAINT `access_ibfk_2` FOREIGN KEY (`profile_id`) REFERENCES `profile` (`profile_id`)
) ENGINE=InnoDB DEFAULT CHARSET=latin1;

INSERT INTO `access` (`access_id`, `entitlement_id`, `profile_id`) VALUES
(242,	796,	1),
(243,	799,	1),
(244,	800,	1),
(245,	801,	1),
(246,	804,	1),
(247,	805,	1),
(248,	869,	1),
(249,	864,	1),
(250,	865,	1),
(251,	866,	1),
(252,	867,	1),
(253,	868,	1),
(254,	863,	1),
(255,	831,	1),
(256,	819,	1),
(257,	820,	1),
(258,	821,	1),
(259,	822,	1),
(260,	823,	1),
(261,	824,	1),
(262,	825,	1),
(263,	826,	1),
(264,	827,	1),
(265,	828,	1),
(266,	829,	1),
(267,	806,	1),
(268,	807,	1),
(269,	808,	1),
(270,	809,	1),
(271,	810,	1),
(272,	812,	1),
(273,	813,	1),
(274,	811,	1),
(275,	814,	1),
(276,	815,	1),
(277,	871,	1),
(278,	872,	1),
(279,	830,	1),
(280,	832,	1),
(281,	833,	1),
(282,	834,	1),
(283,	835,	1),
(284,	836,	1),
(285,	837,	1),
(286,	838,	1),
(287,	839,	1),
(288,	840,	1),
(289,	841,	1),
(290,	842,	1),
(291,	843,	1),
(292,	844,	1),
(293,	845,	1),
(294,	846,	1),
(295,	847,	1),
(296,	848,	1),
(297,	849,	1),
(298,	850,	1),
(299,	798,	1),
(300,	797,	1),
(301,	870,	1),
(302,	862,	1),
(303,	861,	1),
(304,	860,	1),
(305,	858,	1),
(306,	859,	1),
(307,	857,	1),
(308,	856,	1),
(309,	855,	1),
(310,	854,	1),
(311,	853,	1),
(312,	852,	1),
(313,	851,	1),
(314,	816,	1),
(315,	817,	1),
(316,	803,	1),
(317,	802,	1),
(318,	873,	1),
(319,	875,	1),
(320,	874,	1),
(321,	879,	1),
(322,	880,	1),
(323,	881,	1),
(324,	882,	1),
(325,	883,	1),
(326,	878,	1),
(327,	876,	1),
(328,	885,	1),
(329,	886,	1),
(330,	887,	1),
(331,	888,	1),
(332,	889,	1),
(333,	890,	1),
(334,	891,	1),
(335,	892,	1),
(336,	893,	1),
(337,	894,	1),
(338,	896,	1),
(339,	897,	1),
(340,	898,	1),
(341,	899,	1),
(342,	900,	1),
(343,	901,	1);

CREATE TABLE `accounts` (
  `accounts_id` int(10) NOT NULL AUTO_INCREMENT,
  `numeric_code` int(10) NOT NULL,
  `name` varchar(20) NOT NULL,
  `opening_balance` decimal(10,2) NOT NULL,
  `opening_date` date DEFAULT NULL,
  PRIMARY KEY (`accounts_id`)
) ENGINE=InnoDB DEFAULT CHARSET=latin1;

INSERT INTO `accounts` (`accounts_id`, `numeric_code`, `name`, `opening_balance`, `opening_date`) VALUES
(1,	1,	'cash',	0.00,	'2017-05-01'),
(2,	2,	'bank',	-315554.44,	'2019-05-01');

CREATE TABLE `activity` (
  `activity_id` int(100) NOT NULL AUTO_INCREMENT,
  `name` varchar(20) NOT NULL,
  `description` varchar(100) NOT NULL,
  `start_date` date NOT NULL,
  `end_date` date NOT NULL,
  `stmp` timestamp NOT NULL DEFAULT CURRENT_TIMESTAMP ON UPDATE CURRENT_TIMESTAMP,
  PRIMARY KEY (`activity_id`)
) ENGINE=InnoDB DEFAULT CHARSET=latin1;


CREATE TABLE `activity_attendance` (
  `activity_attendance_id` int(100) NOT NULL AUTO_INCREMENT,
  `activity_id` int(100) NOT NULL,
  `parent_id` int(11) NOT NULL,
  `expected` tinyint(5) NOT NULL,
  `attendance` int(5) NOT NULL COMMENT '0=Absent,1=Not Attending, 2=Attended',
  PRIMARY KEY (`activity_attendance_id`),
  KEY `activity_id` (`activity_id`),
  KEY `parent_id` (`parent_id`),
  CONSTRAINT `activity_attendance_ibfk_1` FOREIGN KEY (`activity_id`) REFERENCES `activity` (`activity_id`),
  CONSTRAINT `activity_attendance_ibfk_2` FOREIGN KEY (`activity_id`) REFERENCES `activity` (`activity_id`),
  CONSTRAINT `activity_attendance_ibfk_3` FOREIGN KEY (`parent_id`) REFERENCES `parent` (`parent_id`)
) ENGINE=InnoDB DEFAULT CHARSET=latin1;


CREATE TABLE `admin` (
  `admin_id` int(11) NOT NULL AUTO_INCREMENT,
  `name` longtext CHARACTER SET utf8 COLLATE utf8_unicode_ci NOT NULL,
  `email` longtext CHARACTER SET utf8 COLLATE utf8_unicode_ci NOT NULL,
  `birthday` longtext CHARACTER SET utf8 COLLATE utf8_unicode_ci NOT NULL,
  `sex` longtext CHARACTER SET utf8 COLLATE utf8_unicode_ci NOT NULL,
  `phone` longtext CHARACTER SET utf8 COLLATE utf8_unicode_ci NOT NULL,
  `level` longtext CHARACTER SET utf8 COLLATE utf8_unicode_ci NOT NULL,
  `is_approver` int(5) NOT NULL DEFAULT '0',
  PRIMARY KEY (`admin_id`),
  UNIQUE KEY `email` (`email`(100))
) ENGINE=InnoDB DEFAULT CHARSET=latin1;

INSERT INTO `admin` (`admin_id`, `name`, `email`, `birthday`, `sex`, `phone`, `level`, `is_approver`) VALUES
(1,	'Nicodemus Karisa',	'nkmwambs@gmail.com',	'10/12/1980',	'male',	'0711808078',	'super',	1),
(2,	'Livingstone Onduso',	'livingstoneonduso@gmail.com',	'',	'male',	'0909',	'super',	0),
(3,	'Hope Shume',	'hopeshume@gmail.com',	'',	'female',	'87778',	'super',	0),
(4,	'Rose Nkaiwatei',	'rmuresen@gmail.com',	'06/30/1993',	'female',	'+25472',	'super',	1),
(5,	'Edwin Yego',	'keystry904@gmail.com',	'03/10/1999',	'male',	'+254723631904',	'super',	0),
(6,	'Bishop Solonka',	'jkashaa@gmail.com',	'',	'male',	'',	'super',	0);

CREATE TABLE `app` (
  `app_id` int(100) NOT NULL AUTO_INCREMENT,
  `app_name` varchar(20) NOT NULL,
  `dsn` varchar(20) NOT NULL,
  `hostname` varchar(20) NOT NULL,
  `username` varchar(20) NOT NULL,
  `password` varchar(20) NOT NULL,
  `database` varchar(20) NOT NULL,
  `dbdriver` varchar(20) NOT NULL,
  `dbprefix` varchar(20) NOT NULL,
  `pconnect` varchar(20) NOT NULL,
  `db_debug` varchar(20) NOT NULL,
  `cache_on` varchar(20) NOT NULL,
  `cachedir` varchar(20) NOT NULL,
  `char_set` varchar(20) NOT NULL,
  `dbcollat` varchar(20) NOT NULL,
  PRIMARY KEY (`app_id`)
) ENGINE=InnoDB DEFAULT CHARSET=latin1;

INSERT INTO `app` (`app_id`, `app_name`, `dsn`, `hostname`, `username`, `password`, `database`, `dbdriver`, `dbprefix`, `pconnect`, `db_debug`, `cache_on`, `cachedir`, `char_set`, `dbcollat`) VALUES
(10,	'school_app10',	'mysql:host=localhost',	'localhost',	'compatl8_root',	'@Compassion123',	'school_app10',	'pdo',	'FALSE',	'TRUE',	'FALSE',	'',	'',	'utf8',	'utf8_general_ci');

CREATE TABLE `approval` (
  `approval_id` int(100) NOT NULL AUTO_INCREMENT,
  `affected_table_name` varchar(50) NOT NULL,
  `affected_record_id` int(100) NOT NULL,
  `affected_table_field` varchar(50) NOT NULL,
  `affected_table_field_value` varchar(20) NOT NULL,
  `action_to_approve` varchar(20) NOT NULL,
  `approval_detail` longtext NOT NULL,
  `approval_status` int(11) NOT NULL DEFAULT '0' COMMENT '0=new,1=approved,2=effected',
  `createdby` int(100) NOT NULL,
  `lastmodifiedby` int(100) NOT NULL,
  `createddate` date NOT NULL,
  `lastmodifieddate` timestamp NOT NULL DEFAULT CURRENT_TIMESTAMP ON UPDATE CURRENT_TIMESTAMP,
  PRIMARY KEY (`approval_id`)
) ENGINE=InnoDB DEFAULT CHARSET=latin1;


CREATE TABLE `approval_request` (
  `approval_request_id` int(100) NOT NULL AUTO_INCREMENT,
  `record_type_id` int(100) NOT NULL COMMENT 'Table that originates the request e.g. Invoice',
  `record_type_primary_id` int(100) NOT NULL,
  `request_type_id` int(100) NOT NULL COMMENT '1-Create, 2-Update, 3-Delete, 4- Reverse/ Cancel, 5 - Reinstate',
  `status` int(5) NOT NULL DEFAULT '0' COMMENT '0-new,1-approved,2-declined,3-reinstated, 4-implemented',
  `created_date` date NOT NULL,
  `last_modified_date` timestamp NOT NULL DEFAULT CURRENT_TIMESTAMP ON UPDATE CURRENT_TIMESTAMP,
  `created_by` int(100) NOT NULL,
  `last_modified_by` int(100) NOT NULL,
  `approved_by` int(100) NOT NULL,
  PRIMARY KEY (`approval_request_id`),
  KEY `record_type_id` (`record_type_id`),
  KEY `request_type_id` (`request_type_id`),
  CONSTRAINT `approval_request_ibfk_1` FOREIGN KEY (`record_type_id`) REFERENCES `record_type` (`record_type_id`),
  CONSTRAINT `approval_request_ibfk_2` FOREIGN KEY (`request_type_id`) REFERENCES `request_type` (`request_type_id`)
) ENGINE=InnoDB DEFAULT CHARSET=latin1;

INSERT INTO `approval_request` (`approval_request_id`, `record_type_id`, `record_type_primary_id`, `request_type_id`, `status`, `created_date`, `last_modified_date`, `created_by`, `last_modified_by`, `approved_by`) VALUES
(4,	3,	380,	4,	1,	'2019-08-31',	'2019-08-30 21:00:00',	1,	1,	1),
(5,	3,	129,	4,	0,	'2019-08-31',	'2019-08-31 21:31:47',	1,	1,	0),
(6,	3,	1,	4,	1,	'2019-09-01',	'2019-08-31 21:00:00',	1,	1,	1),
(7,	3,	416,	4,	1,	'2019-09-01',	'2019-08-31 21:00:00',	1,	1,	1),
(8,	3,	177,	4,	1,	'2019-09-01',	'2019-08-31 21:00:00',	1,	1,	1),
(9,	3,	458,	4,	1,	'2019-09-01',	'2019-08-31 21:00:00',	1,	1,	1),
(10,	1,	11,	4,	4,	'2019-09-01',	'2019-09-01 13:07:56',	1,	1,	1),
(11,	1,	84,	4,	4,	'2019-09-01',	'2019-09-01 13:10:47',	1,	1,	1),
(12,	3,	481,	4,	1,	'2019-09-03',	'2019-09-02 21:00:00',	1,	1,	1),
(13,	3,	483,	4,	1,	'2019-09-03',	'2019-09-02 21:00:00',	1,	1,	1),
(14,	1,	256,	2,	4,	'2019-09-03',	'2019-09-03 07:15:26',	1,	1,	1),
(15,	1,	255,	2,	4,	'2019-09-11',	'2019-09-11 21:46:18',	1,	1,	1);

CREATE TABLE `approval_request_messaging` (
  `approval_request_messaging_id` int(100) NOT NULL AUTO_INCREMENT,
  `approval_request_id` int(100) NOT NULL,
  `sender_id` int(100) NOT NULL,
  `recipient_id` int(100) NOT NULL,
  `message` longtext NOT NULL,
  `created_date` date NOT NULL,
  `last_modified_date` timestamp NOT NULL DEFAULT CURRENT_TIMESTAMP ON UPDATE CURRENT_TIMESTAMP,
  PRIMARY KEY (`approval_request_messaging_id`),
  KEY `approval_request_id` (`approval_request_id`),
  CONSTRAINT `approval_request_messaging_ibfk_1` FOREIGN KEY (`approval_request_id`) REFERENCES `approval_request` (`approval_request_id`)
) ENGINE=InnoDB DEFAULT CHARSET=latin1;

INSERT INTO `approval_request_messaging` (`approval_request_messaging_id`, `approval_request_id`, `sender_id`, `recipient_id`, `message`, `created_date`, `last_modified_date`) VALUES
(4,	4,	1,	0,	'Test',	'2019-08-31',	'2019-08-31 20:08:34'),
(5,	5,	1,	0,	'Testing a reversal',	'2019-08-31',	'2019-08-31 21:31:47'),
(6,	6,	1,	0,	'Reasons for the cancellation',	'2019-09-01',	'2019-09-01 12:48:10'),
(7,	7,	1,	0,	'Second',	'2019-09-01',	'2019-09-01 12:52:26'),
(8,	8,	1,	0,	'Reason 2',	'2019-09-01',	'2019-09-01 13:03:17'),
(9,	9,	1,	0,	'458',	'2019-09-01',	'2019-09-01 13:04:52'),
(10,	10,	1,	0,	'Cancel this',	'2019-09-01',	'2019-09-01 13:07:20'),
(11,	11,	1,	0,	'Cancel 3',	'2019-09-01',	'2019-09-01 13:10:19'),
(12,	12,	1,	0,	'Reverse this',	'2019-09-03',	'2019-09-03 07:07:10'),
(13,	12,	1,	0,	'Okay',	'2019-09-03',	'2019-09-03 07:07:56'),
(14,	13,	1,	0,	'Reverse',	'2019-09-03',	'2019-09-03 07:09:26'),
(15,	14,	1,	0,	'Reverse unpaid',	'2019-09-03',	'2019-09-03 07:14:06'),
(16,	14,	1,	0,	'K',	'2019-09-03',	'2019-09-03 07:14:35'),
(17,	15,	1,	0,	'Test',	'2019-09-11',	'2019-09-11 21:43:37');

CREATE TABLE `attendance` (
  `attendance_id` int(11) NOT NULL AUTO_INCREMENT,
  `morning` int(11) NOT NULL COMMENT '0 undefined , 1 present , 2  absent',
  `afternoon` int(11) NOT NULL COMMENT '	0 undefined , 1 present , 2 absent',
  `student_id` int(11) NOT NULL,
  `date` date NOT NULL,
  PRIMARY KEY (`attendance_id`),
  KEY `student_id` (`student_id`),
  CONSTRAINT `attendance_ibfk_1` FOREIGN KEY (`student_id`) REFERENCES `student` (`student_id`)
) ENGINE=InnoDB DEFAULT CHARSET=latin1;

INSERT INTO `attendance` (`attendance_id`, `morning`, `afternoon`, `student_id`, `date`) VALUES
(1,	0,	0,	3,	'2019-05-31'),
(2,	0,	0,	4,	'2019-05-31'),
(3,	0,	0,	5,	'2019-05-31'),
(4,	0,	0,	6,	'2019-05-31'),
(5,	0,	0,	7,	'2019-05-31'),
(6,	0,	0,	8,	'2019-05-31'),
(7,	1,	1,	2,	'2019-06-25'),
(8,	1,	1,	160,	'2019-06-25'),
(9,	1,	1,	161,	'2019-06-25'),
(10,	2,	2,	162,	'2019-06-25'),
(11,	2,	0,	163,	'2019-06-25'),
(12,	0,	0,	164,	'2019-06-25'),
(13,	0,	0,	165,	'2019-06-25'),
(14,	0,	0,	166,	'2019-06-25'),
(15,	0,	0,	167,	'2019-06-25'),
(16,	0,	0,	168,	'2019-06-25'),
(17,	0,	0,	169,	'2019-06-25'),
(18,	0,	0,	170,	'2019-06-25'),
(19,	0,	0,	171,	'2019-06-25'),
(20,	0,	0,	172,	'2019-06-25'),
(21,	0,	0,	173,	'2019-06-25'),
(22,	0,	0,	174,	'2019-06-25'),
(23,	0,	0,	175,	'2019-06-25'),
(24,	0,	0,	176,	'2019-06-25'),
(25,	0,	0,	177,	'2019-06-25'),
(26,	0,	0,	178,	'2019-06-25'),
(27,	0,	0,	179,	'2019-06-25'),
(28,	0,	0,	180,	'2019-06-25'),
(29,	0,	0,	181,	'2019-06-25'),
(30,	0,	0,	182,	'2019-06-25'),
(31,	0,	0,	183,	'2019-06-25'),
(32,	0,	0,	184,	'2019-06-25'),
(33,	0,	0,	185,	'2019-06-25'),
(34,	0,	0,	186,	'2019-06-25'),
(35,	0,	0,	187,	'2019-06-25'),
(36,	0,	0,	188,	'2019-06-25'),
(37,	0,	0,	189,	'2019-06-25'),
(38,	0,	0,	190,	'2019-06-25'),
(39,	0,	0,	191,	'2019-06-25'),
(40,	0,	0,	192,	'2019-06-25'),
(41,	0,	0,	193,	'2019-06-25'),
(42,	0,	0,	2,	'2019-07-18'),
(43,	0,	0,	160,	'2019-07-18'),
(44,	0,	0,	161,	'2019-07-18'),
(45,	0,	0,	162,	'2019-07-18'),
(46,	0,	0,	163,	'2019-07-18'),
(47,	0,	0,	164,	'2019-07-18'),
(48,	0,	0,	165,	'2019-07-18'),
(49,	0,	0,	166,	'2019-07-18'),
(50,	0,	0,	167,	'2019-07-18'),
(51,	0,	0,	168,	'2019-07-18'),
(52,	0,	0,	169,	'2019-07-18'),
(53,	0,	0,	170,	'2019-07-18'),
(54,	0,	0,	171,	'2019-07-18'),
(55,	0,	0,	172,	'2019-07-18'),
(56,	0,	0,	173,	'2019-07-18'),
(57,	0,	0,	174,	'2019-07-18'),
(58,	0,	0,	175,	'2019-07-18'),
(59,	0,	0,	176,	'2019-07-18'),
(60,	0,	0,	177,	'2019-07-18'),
(61,	0,	0,	178,	'2019-07-18'),
(62,	0,	0,	179,	'2019-07-18'),
(63,	0,	0,	180,	'2019-07-18'),
(64,	0,	0,	181,	'2019-07-18'),
(65,	0,	0,	182,	'2019-07-18'),
(66,	0,	0,	183,	'2019-07-18'),
(67,	0,	0,	184,	'2019-07-18'),
(68,	0,	0,	185,	'2019-07-18'),
(69,	0,	0,	186,	'2019-07-18'),
(70,	0,	0,	187,	'2019-07-18'),
(71,	0,	0,	188,	'2019-07-18'),
(72,	0,	0,	189,	'2019-07-18'),
(73,	0,	0,	190,	'2019-07-18'),
(74,	0,	0,	191,	'2019-07-18'),
(75,	0,	0,	192,	'2019-07-18'),
(76,	0,	0,	193,	'2019-07-18'),
(77,	0,	0,	227,	'2019-07-18'),
(78,	0,	0,	228,	'2019-07-18'),
(79,	0,	0,	229,	'2019-07-18');

CREATE TABLE `book` (
  `book_id` int(11) NOT NULL AUTO_INCREMENT,
  `name` longtext COLLATE utf8_unicode_ci NOT NULL,
  `description` longtext COLLATE utf8_unicode_ci NOT NULL,
  `author` longtext COLLATE utf8_unicode_ci NOT NULL,
  `class_id` longtext COLLATE utf8_unicode_ci NOT NULL,
  `status` longtext COLLATE utf8_unicode_ci NOT NULL,
  `price` longtext COLLATE utf8_unicode_ci NOT NULL,
  PRIMARY KEY (`book_id`)
) ENGINE=InnoDB DEFAULT CHARSET=utf8 COLLATE=utf8_unicode_ci;


CREATE TABLE `budget` (
  `budget_id` int(100) NOT NULL AUTO_INCREMENT,
  `expense_category_id` int(11) NOT NULL,
  `description` varchar(200) NOT NULL,
  `fy` int(5) NOT NULL,
  `terms_id` int(100) NOT NULL,
  `qty` decimal(10,2) NOT NULL,
  `unitcost` decimal(10,2) NOT NULL,
  `often` int(10) NOT NULL,
  `total` decimal(10,2) NOT NULL,
  `smtp` timestamp NOT NULL DEFAULT CURRENT_TIMESTAMP ON UPDATE CURRENT_TIMESTAMP,
  PRIMARY KEY (`budget_id`),
  KEY `expense_category_id` (`expense_category_id`),
  KEY `terms_id` (`terms_id`),
  CONSTRAINT `budget_ibfk_1` FOREIGN KEY (`expense_category_id`) REFERENCES `expense_category` (`expense_category_id`),
  CONSTRAINT `budget_ibfk_2` FOREIGN KEY (`terms_id`) REFERENCES `terms` (`terms_id`)
) ENGINE=InnoDB DEFAULT CHARSET=latin1;


CREATE TABLE `budget_schedule` (
  `budget_schedule_id` int(100) NOT NULL AUTO_INCREMENT,
  `budget_id` int(100) NOT NULL,
  `month` int(10) NOT NULL,
  `amount` decimal(10,2) NOT NULL,
  `stmp` timestamp NOT NULL DEFAULT CURRENT_TIMESTAMP ON UPDATE CURRENT_TIMESTAMP,
  PRIMARY KEY (`budget_schedule_id`),
  KEY `budget_id` (`budget_id`),
  CONSTRAINT `budget_schedule_ibfk_1` FOREIGN KEY (`budget_id`) REFERENCES `budget` (`budget_id`)
) ENGINE=InnoDB DEFAULT CHARSET=latin1;


CREATE TABLE `caregiver` (
  `caregiver_id` int(100) NOT NULL AUTO_INCREMENT,
  `parent_id` int(11) NOT NULL,
  `student_id` int(11) NOT NULL,
  PRIMARY KEY (`caregiver_id`),
  KEY `student_id` (`student_id`),
  KEY `parent_id` (`parent_id`),
  CONSTRAINT `caregiver_ibfk_1` FOREIGN KEY (`student_id`) REFERENCES `student` (`student_id`),
  CONSTRAINT `caregiver_ibfk_2` FOREIGN KEY (`parent_id`) REFERENCES `parent` (`parent_id`)
) ENGINE=InnoDB DEFAULT CHARSET=latin1;


CREATE TABLE `ci_sessions` (
  `id` varchar(40) COLLATE utf8_unicode_ci NOT NULL,
  `ip_address` varchar(45) COLLATE utf8_unicode_ci NOT NULL,
  `timestamp` int(10) unsigned NOT NULL DEFAULT '0',
  `data` blob NOT NULL,
  PRIMARY KEY (`id`),
  KEY `ci_sessions_timestamp` (`timestamp`)
) ENGINE=InnoDB DEFAULT CHARSET=utf8 COLLATE=utf8_unicode_ci;

INSERT INTO `ci_sessions` (`id`, `ip_address`, `timestamp`, `data`) VALUES
('08shn7ovq8as5q174o4vc7p5fftj8rb4',	'::1',	1568240808,	'__ci_last_regenerate|i:1568240808;active_login|s:1:\"1\";login_user_id|s:1:\"1\";login_firstname|s:9:\"Nicodemus\";login_lastname|s:6:\"Karisa\";login_email|s:18:\"nkmwambs@gmail.com\";login_type_id|s:1:\"1\";login_profile|s:1:\"1\";login_type|s:5:\"admin\";profile_id|s:1:\"1\";type_login_user_id|s:1:\"1\";profile|s:11:\"Super Admin\";page_type|s:7:\"finance\";'),
('0hn8ub5ee1tgkmjq1ke8apcp8uit7knf',	'::1',	1567977996,	'__ci_last_regenerate|i:1567977996;active_login|s:1:\"1\";login_user_id|s:1:\"1\";login_firstname|s:9:\"Nicodemus\";login_lastname|s:6:\"Karisa\";login_email|s:18:\"nkmwambs@gmail.com\";login_type_id|s:1:\"1\";login_profile|s:1:\"1\";login_type|s:5:\"admin\";profile_id|s:1:\"1\";type_login_user_id|s:1:\"1\";profile|s:11:\"Super Admin\";page_type|s:7:\"finance\";'),
('0lqou2q8u39mli9m8p831mlhnnf1btjv',	'::1',	1568239406,	'__ci_last_regenerate|i:1568239406;active_login|s:1:\"1\";login_user_id|s:1:\"1\";login_firstname|s:9:\"Nicodemus\";login_lastname|s:6:\"Karisa\";login_email|s:18:\"nkmwambs@gmail.com\";login_type_id|s:1:\"1\";login_profile|s:1:\"1\";login_type|s:5:\"admin\";profile_id|s:1:\"1\";type_login_user_id|s:1:\"1\";profile|s:11:\"Super Admin\";page_type|s:7:\"finance\";'),
('1vhje5s69plabu99cflto8oep91bc7j1',	'::1',	1568240380,	'__ci_last_regenerate|i:1568240380;active_login|s:1:\"1\";login_user_id|s:1:\"1\";login_firstname|s:9:\"Nicodemus\";login_lastname|s:6:\"Karisa\";login_email|s:18:\"nkmwambs@gmail.com\";login_type_id|s:1:\"1\";login_profile|s:1:\"1\";login_type|s:5:\"admin\";profile_id|s:1:\"1\";type_login_user_id|s:1:\"1\";profile|s:11:\"Super Admin\";page_type|s:7:\"finance\";'),
('2d67h8h686mvjq81la4nf1uppqmh89n7',	'::1',	1567966261,	'__ci_last_regenerate|i:1567966261;active_login|s:1:\"1\";login_user_id|s:1:\"1\";login_firstname|s:9:\"Nicodemus\";login_lastname|s:6:\"Karisa\";login_email|s:18:\"nkmwambs@gmail.com\";login_type_id|s:1:\"1\";login_profile|s:1:\"1\";login_type|s:5:\"admin\";profile_id|s:1:\"1\";type_login_user_id|s:1:\"1\";profile|s:11:\"Super Admin\";page_type|s:9:\"dashboard\";'),
('3c24gil9mfcgjvgf3cebfip71k67ci39',	'::1',	1568175183,	'__ci_last_regenerate|i:1568175183;active_login|s:1:\"1\";login_user_id|s:1:\"1\";login_firstname|s:9:\"Nicodemus\";login_lastname|s:6:\"Karisa\";login_email|s:18:\"nkmwambs@gmail.com\";login_type_id|s:1:\"1\";login_profile|s:1:\"1\";login_type|s:5:\"admin\";profile_id|s:1:\"1\";type_login_user_id|s:1:\"1\";profile|s:11:\"Super Admin\";page_type|s:9:\"dashboard\";'),
('5lddl6ei16ptiu6grrve2ojsj9p349ja',	'::1',	1567974272,	'__ci_last_regenerate|i:1567974272;active_login|s:1:\"1\";login_user_id|s:1:\"1\";login_firstname|s:9:\"Nicodemus\";login_lastname|s:6:\"Karisa\";login_email|s:18:\"nkmwambs@gmail.com\";login_type_id|s:1:\"1\";login_profile|s:1:\"1\";login_type|s:5:\"admin\";profile_id|s:1:\"1\";type_login_user_id|s:1:\"1\";profile|s:11:\"Super Admin\";page_type|s:7:\"finance\";'),
('67vu919feeiucc0lqsn0kcp12jcuim71',	'::1',	1567915479,	'__ci_last_regenerate|i:1567915479;active_login|s:1:\"1\";login_user_id|s:1:\"1\";login_firstname|s:9:\"Nicodemus\";login_lastname|s:6:\"Karisa\";login_email|s:18:\"nkmwambs@gmail.com\";login_type_id|s:1:\"1\";login_profile|s:1:\"1\";login_type|s:5:\"admin\";profile_id|s:1:\"1\";type_login_user_id|s:1:\"1\";profile|s:11:\"Super Admin\";page_type|s:9:\"dashboard\";'),
('696040hse7b8o58md6qdtc0jgm6bn1ut',	'::1',	1568237541,	'__ci_last_regenerate|i:1568237541;active_login|s:1:\"1\";login_user_id|s:1:\"1\";login_firstname|s:9:\"Nicodemus\";login_lastname|s:6:\"Karisa\";login_email|s:18:\"nkmwambs@gmail.com\";login_type_id|s:1:\"1\";login_profile|s:1:\"1\";login_type|s:5:\"admin\";profile_id|s:1:\"1\";type_login_user_id|s:1:\"1\";profile|s:11:\"Super Admin\";page_type|s:7:\"finance\";'),
('775nhcvaaagudtsum5vkf6k1t8h89pe7',	'::1',	1568241965,	'__ci_last_regenerate|i:1568241965;active_login|s:1:\"1\";login_user_id|s:1:\"1\";login_firstname|s:9:\"Nicodemus\";login_lastname|s:6:\"Karisa\";login_email|s:18:\"nkmwambs@gmail.com\";login_type_id|s:1:\"1\";login_profile|s:1:\"1\";login_type|s:5:\"admin\";profile_id|s:1:\"1\";type_login_user_id|s:1:\"1\";profile|s:11:\"Super Admin\";page_type|s:7:\"finance\";'),
('8m68l8dhab96l11h9fjqce470rtvo1p6',	'::1',	1568238670,	'__ci_last_regenerate|i:1568238670;active_login|s:1:\"1\";login_user_id|s:1:\"1\";login_firstname|s:9:\"Nicodemus\";login_lastname|s:6:\"Karisa\";login_email|s:18:\"nkmwambs@gmail.com\";login_type_id|s:1:\"1\";login_profile|s:1:\"1\";login_type|s:5:\"admin\";profile_id|s:1:\"1\";type_login_user_id|s:1:\"1\";profile|s:11:\"Super Admin\";page_type|s:7:\"finance\";'),
('9ln5gt0n3u6r1jitkdk31ml89kr8pb39',	'::1',	1568021396,	'__ci_last_regenerate|i:1568021396;active_login|s:1:\"1\";login_user_id|s:1:\"1\";login_firstname|s:9:\"Nicodemus\";login_lastname|s:6:\"Karisa\";login_email|s:18:\"nkmwambs@gmail.com\";login_type_id|s:1:\"1\";login_profile|s:1:\"1\";login_type|s:5:\"admin\";profile_id|s:1:\"1\";type_login_user_id|s:1:\"1\";profile|s:11:\"Super Admin\";page_type|s:7:\"finance\";'),
('ad3dlj3nvamttlidjtcei2k8k16klt9p',	'::1',	1568241553,	'__ci_last_regenerate|i:1568241553;active_login|s:1:\"1\";login_user_id|s:1:\"1\";login_firstname|s:9:\"Nicodemus\";login_lastname|s:6:\"Karisa\";login_email|s:18:\"nkmwambs@gmail.com\";login_type_id|s:1:\"1\";login_profile|s:1:\"1\";login_type|s:5:\"admin\";profile_id|s:1:\"1\";type_login_user_id|s:1:\"1\";profile|s:11:\"Super Admin\";page_type|s:7:\"finance\";'),
('b83ohg2evlof94mv930dd3ths94gp2dd',	'::1',	1568222754,	'__ci_last_regenerate|i:1568222754;active_login|s:1:\"1\";login_user_id|s:1:\"1\";login_firstname|s:9:\"Nicodemus\";login_lastname|s:6:\"Karisa\";login_email|s:18:\"nkmwambs@gmail.com\";login_type_id|s:1:\"1\";login_profile|s:1:\"1\";login_type|s:5:\"admin\";profile_id|s:1:\"1\";type_login_user_id|s:1:\"1\";profile|s:11:\"Super Admin\";page_type|s:7:\"finance\";'),
('btepqgij4bgkrvb92meplrdptdb98pf6',	'::1',	1568242425,	'__ci_last_regenerate|i:1568242425;active_login|s:1:\"1\";login_user_id|s:1:\"1\";login_firstname|s:9:\"Nicodemus\";login_lastname|s:6:\"Karisa\";login_email|s:18:\"nkmwambs@gmail.com\";login_type_id|s:1:\"1\";login_profile|s:1:\"1\";login_type|s:5:\"admin\";profile_id|s:1:\"1\";type_login_user_id|s:1:\"1\";profile|s:11:\"Super Admin\";page_type|s:7:\"finance\";'),
('civmkc43l5a9vmb9e0r8a03fghpdrde2',	'::1',	1567916013,	'__ci_last_regenerate|i:1567916013;active_login|s:1:\"1\";login_user_id|s:1:\"1\";login_firstname|s:9:\"Nicodemus\";login_lastname|s:6:\"Karisa\";login_email|s:18:\"nkmwambs@gmail.com\";login_type_id|s:1:\"1\";login_profile|s:1:\"1\";login_type|s:5:\"admin\";profile_id|s:1:\"1\";type_login_user_id|s:1:\"1\";profile|s:11:\"Super Admin\";page_type|s:7:\"finance\";'),
('ei9d471ld5na3hkeigjd6ldloeao0gn7',	'::1',	1568198014,	'__ci_last_regenerate|i:1568198014;'),
('faa2brti9hlirubbqici9rd396dv5nrj',	'::1',	1568091804,	'__ci_last_regenerate|i:1568091804;active_login|s:1:\"1\";login_user_id|s:1:\"1\";login_firstname|s:9:\"Nicodemus\";login_lastname|s:6:\"Karisa\";login_email|s:18:\"nkmwambs@gmail.com\";login_type_id|s:1:\"1\";login_profile|s:1:\"1\";login_type|s:5:\"admin\";profile_id|s:1:\"1\";type_login_user_id|s:1:\"1\";profile|s:11:\"Super Admin\";app|s:12:\"school_app10\";'),
('fs4736i7qrd0t697n1rap1lls3g234to',	'::1',	1568090357,	'__ci_last_regenerate|i:1568090357;'),
('hr84ihklrkpvdn7egp6chdrfrji93vod',	'::1',	1568269908,	'__ci_last_regenerate|i:1568269908;active_login|s:1:\"1\";login_user_id|s:1:\"1\";login_firstname|s:9:\"Nicodemus\";login_lastname|s:6:\"Karisa\";login_email|s:18:\"nkmwambs@gmail.com\";login_type_id|s:1:\"1\";login_profile|s:1:\"1\";login_type|s:5:\"admin\";profile_id|s:1:\"1\";type_login_user_id|s:1:\"1\";profile|s:11:\"Super Admin\";page_type|s:7:\"finance\";'),
('i5rqaevdlqncfdvd68rq4fcrd1l5jd2k',	'::1',	1568269313,	'__ci_last_regenerate|i:1568269313;active_login|s:1:\"1\";login_user_id|s:1:\"1\";login_firstname|s:9:\"Nicodemus\";login_lastname|s:6:\"Karisa\";login_email|s:18:\"nkmwambs@gmail.com\";login_type_id|s:1:\"1\";login_profile|s:1:\"1\";login_type|s:5:\"admin\";profile_id|s:1:\"1\";type_login_user_id|s:1:\"1\";profile|s:11:\"Super Admin\";page_type|s:7:\"finance\";'),
('iabu8fpi5tbtvf0bafod7e3rn60o1t9t',	'::1',	1568198014,	'__ci_last_regenerate|i:1568198014;'),
('ii9fitgt1g2a9j8ed8mvaap4tsaopccm',	'::1',	1567916878,	'__ci_last_regenerate|i:1567916877;active_login|s:1:\"1\";login_user_id|s:1:\"1\";login_firstname|s:9:\"Nicodemus\";login_lastname|s:6:\"Karisa\";login_email|s:18:\"nkmwambs@gmail.com\";login_type_id|s:1:\"1\";login_profile|s:1:\"1\";login_type|s:5:\"admin\";profile_id|s:1:\"1\";type_login_user_id|s:1:\"1\";profile|s:11:\"Super Admin\";page_type|s:7:\"finance\";'),
('kpmrq8k9hgjfgd8gmntheb30sahou32n',	'::1',	1568231245,	'__ci_last_regenerate|i:1568231245;active_login|s:1:\"1\";login_user_id|s:1:\"1\";login_firstname|s:9:\"Nicodemus\";login_lastname|s:6:\"Karisa\";login_email|s:18:\"nkmwambs@gmail.com\";login_type_id|s:1:\"1\";login_profile|s:1:\"1\";login_type|s:5:\"admin\";profile_id|s:1:\"1\";type_login_user_id|s:1:\"1\";profile|s:11:\"Super Admin\";page_type|s:7:\"finance\";'),
('lg63b9bpq4cmuloa60qpdo5ai7ao4s75',	'::1',	1568243463,	'__ci_last_regenerate|i:1568243463;active_login|s:1:\"1\";login_user_id|s:1:\"1\";login_firstname|s:9:\"Nicodemus\";login_lastname|s:6:\"Karisa\";login_email|s:18:\"nkmwambs@gmail.com\";login_type_id|s:1:\"1\";login_profile|s:1:\"1\";login_type|s:5:\"admin\";profile_id|s:1:\"1\";type_login_user_id|s:1:\"1\";profile|s:11:\"Super Admin\";page_type|s:7:\"finance\";'),
('lk9a7g48l3ihetipljupvvtogdikqr89',	'::1',	1568240044,	'__ci_last_regenerate|i:1568240044;active_login|s:1:\"1\";login_user_id|s:1:\"1\";login_firstname|s:9:\"Nicodemus\";login_lastname|s:6:\"Karisa\";login_email|s:18:\"nkmwambs@gmail.com\";login_type_id|s:1:\"1\";login_profile|s:1:\"1\";login_type|s:5:\"admin\";profile_id|s:1:\"1\";type_login_user_id|s:1:\"1\";profile|s:11:\"Super Admin\";page_type|s:7:\"finance\";'),
('mb6ond2gj9ibgeifav784rfvrdkqvekc',	'::1',	1568239738,	'__ci_last_regenerate|i:1568239738;active_login|s:1:\"1\";login_user_id|s:1:\"1\";login_firstname|s:9:\"Nicodemus\";login_lastname|s:6:\"Karisa\";login_email|s:18:\"nkmwambs@gmail.com\";login_type_id|s:1:\"1\";login_profile|s:1:\"1\";login_type|s:5:\"admin\";profile_id|s:1:\"1\";type_login_user_id|s:1:\"1\";profile|s:11:\"Super Admin\";page_type|s:7:\"finance\";'),
('mu9f5tqrce8j9lobuff3mktq29hr2l5q',	'::1',	1567913944,	'__ci_last_regenerate|i:1567913944;active_login|s:1:\"1\";login_user_id|s:1:\"1\";login_firstname|s:9:\"Nicodemus\";login_lastname|s:6:\"Karisa\";login_email|s:18:\"nkmwambs@gmail.com\";login_type_id|s:1:\"1\";login_profile|s:1:\"1\";login_type|s:5:\"admin\";profile_id|s:1:\"1\";type_login_user_id|s:1:\"1\";profile|s:11:\"Super Admin\";page_type|s:7:\"finance\";'),
('npqb4vr45laio324p3vl42n94att3sen',	'::1',	1568238347,	'__ci_last_regenerate|i:1568238347;active_login|s:1:\"1\";login_user_id|s:1:\"1\";login_firstname|s:9:\"Nicodemus\";login_lastname|s:6:\"Karisa\";login_email|s:18:\"nkmwambs@gmail.com\";login_type_id|s:1:\"1\";login_profile|s:1:\"1\";login_type|s:5:\"admin\";profile_id|s:1:\"1\";type_login_user_id|s:1:\"1\";profile|s:11:\"Super Admin\";page_type|s:7:\"finance\";'),
('pii9koe6e505sch8tfsl7aktaj5ma8eq',	'::1',	1567978216,	'__ci_last_regenerate|i:1567977996;active_login|s:1:\"1\";login_user_id|s:1:\"1\";login_firstname|s:9:\"Nicodemus\";login_lastname|s:6:\"Karisa\";login_email|s:18:\"nkmwambs@gmail.com\";login_type_id|s:1:\"1\";login_profile|s:1:\"1\";login_type|s:5:\"admin\";profile_id|s:1:\"1\";type_login_user_id|s:1:\"1\";profile|s:11:\"Super Admin\";page_type|s:7:\"finance\";'),
('pjc2s9s2vj9kfe2fjnj1ba77t8uaptcm',	'::1',	1568243583,	'__ci_last_regenerate|i:1568243463;active_login|s:1:\"1\";login_user_id|s:1:\"1\";login_firstname|s:9:\"Nicodemus\";login_lastname|s:6:\"Karisa\";login_email|s:18:\"nkmwambs@gmail.com\";login_type_id|s:1:\"1\";login_profile|s:1:\"1\";login_type|s:5:\"admin\";profile_id|s:1:\"1\";type_login_user_id|s:1:\"1\";profile|s:11:\"Super Admin\";page_type|s:7:\"finance\";'),
('psfkrm2po1b4qad13rjp97rbca0q1eu5',	'::1',	1567977612,	'__ci_last_regenerate|i:1567977612;active_login|s:1:\"1\";login_user_id|s:1:\"1\";login_firstname|s:9:\"Nicodemus\";login_lastname|s:6:\"Karisa\";login_email|s:18:\"nkmwambs@gmail.com\";login_type_id|s:1:\"1\";login_profile|s:1:\"1\";login_type|s:5:\"admin\";profile_id|s:1:\"1\";type_login_user_id|s:1:\"1\";profile|s:11:\"Super Admin\";page_type|s:7:\"finance\";'),
('rc9ur6hvi33rcs6a120311pu6sgtbjdn',	'::1',	1568021840,	'__ci_last_regenerate|i:1568021834;active_login|s:1:\"1\";login_user_id|s:1:\"1\";login_firstname|s:9:\"Nicodemus\";login_lastname|s:6:\"Karisa\";login_email|s:18:\"nkmwambs@gmail.com\";login_type_id|s:1:\"1\";login_profile|s:1:\"1\";login_type|s:5:\"admin\";profile_id|s:1:\"1\";type_login_user_id|s:1:\"1\";profile|s:11:\"Super Admin\";page_type|s:7:\"finance\";'),
('rfd4d9vker97au5jtj31ag42c7g9ali1',	'::1',	1567966640,	'__ci_last_regenerate|i:1567966640;active_login|s:1:\"1\";login_user_id|s:1:\"1\";login_firstname|s:9:\"Nicodemus\";login_lastname|s:6:\"Karisa\";login_email|s:18:\"nkmwambs@gmail.com\";login_type_id|s:1:\"1\";login_profile|s:1:\"1\";login_type|s:5:\"admin\";profile_id|s:1:\"1\";type_login_user_id|s:1:\"1\";profile|s:11:\"Super Admin\";page_type|s:7:\"finance\";'),
('rq1qsv4k49351dunou8p8dedivhcgu63',	'::1',	1568238046,	'__ci_last_regenerate|i:1568238046;active_login|s:1:\"1\";login_user_id|s:1:\"1\";login_firstname|s:9:\"Nicodemus\";login_lastname|s:6:\"Karisa\";login_email|s:18:\"nkmwambs@gmail.com\";login_type_id|s:1:\"1\";login_profile|s:1:\"1\";login_type|s:5:\"admin\";profile_id|s:1:\"1\";type_login_user_id|s:1:\"1\";profile|s:11:\"Super Admin\";page_type|s:7:\"finance\";'),
('s11vrfvmlkhp8hjovbogsi28umbsr1fe',	'::1',	1567909295,	'__ci_last_regenerate|i:1567909295;'),
('s3cmi6ambu2q6apui7jih93qi50obel9',	'::1',	1568020878,	'__ci_last_regenerate|i:1568020878;active_login|s:1:\"1\";login_user_id|s:1:\"1\";login_firstname|s:9:\"Nicodemus\";login_lastname|s:6:\"Karisa\";login_email|s:18:\"nkmwambs@gmail.com\";login_type_id|s:1:\"1\";login_profile|s:1:\"1\";login_type|s:5:\"admin\";profile_id|s:1:\"1\";type_login_user_id|s:1:\"1\";profile|s:11:\"Super Admin\";page_type|s:7:\"finance\";'),
('slg63r2k9fav83kdmkscem7fki5sjgig',	'::1',	1568175242,	'__ci_last_regenerate|i:1568175242;'),
('t05ve3fpdbtdotskn7tdvtppdos40k71',	'::1',	1567916877,	'__ci_last_regenerate|i:1567916877;active_login|s:1:\"1\";login_user_id|s:1:\"1\";login_firstname|s:9:\"Nicodemus\";login_lastname|s:6:\"Karisa\";login_email|s:18:\"nkmwambs@gmail.com\";login_type_id|s:1:\"1\";login_profile|s:1:\"1\";login_type|s:5:\"admin\";profile_id|s:1:\"1\";type_login_user_id|s:1:\"1\";profile|s:11:\"Super Admin\";page_type|s:7:\"finance\";'),
('t1etocs8n9v3p3f7t869lurso0cm89lo',	'::1',	1568229589,	'__ci_last_regenerate|i:1568229589;active_login|s:1:\"1\";login_user_id|s:1:\"1\";login_firstname|s:9:\"Nicodemus\";login_lastname|s:6:\"Karisa\";login_email|s:18:\"nkmwambs@gmail.com\";login_type_id|s:1:\"1\";login_profile|s:1:\"1\";login_type|s:5:\"admin\";profile_id|s:1:\"1\";type_login_user_id|s:1:\"1\";profile|s:11:\"Super Admin\";page_type|s:7:\"finance\";'),
('t3fuofgpgq6l84q8msaknend5vjm64le',	'::1',	1568269908,	'__ci_last_regenerate|i:1568269908;active_login|s:1:\"1\";login_user_id|s:1:\"1\";login_firstname|s:9:\"Nicodemus\";login_lastname|s:6:\"Karisa\";login_email|s:18:\"nkmwambs@gmail.com\";login_type_id|s:1:\"1\";login_profile|s:1:\"1\";login_type|s:5:\"admin\";profile_id|s:1:\"1\";type_login_user_id|s:1:\"1\";profile|s:11:\"Super Admin\";page_type|s:7:\"finance\";'),
('t9p2lhgtcodp2d8sf10edlrk2lr7abpt',	'::1',	1568088636,	'__ci_last_regenerate|i:1568088636;'),
('tmvnli8g21nflgis5tps14doi10hke3g',	'::1',	1568175205,	'__ci_last_regenerate|i:1568175205;'),
('u8usuboe4n9q5i2i3ted6hlbnegns3nc',	'::1',	1568233627,	'__ci_last_regenerate|i:1568233627;active_login|s:1:\"1\";login_user_id|s:1:\"1\";login_firstname|s:9:\"Nicodemus\";login_lastname|s:6:\"Karisa\";login_email|s:18:\"nkmwambs@gmail.com\";login_type_id|s:1:\"1\";login_profile|s:1:\"1\";login_type|s:5:\"admin\";profile_id|s:1:\"1\";type_login_user_id|s:1:\"1\";profile|s:11:\"Super Admin\";page_type|s:7:\"finance\";'),
('udvrptqm7vumc57s61ied3ohmeuku8qv',	'::1',	1568236602,	'__ci_last_regenerate|i:1568236602;active_login|s:1:\"1\";login_user_id|s:1:\"1\";login_firstname|s:9:\"Nicodemus\";login_lastname|s:6:\"Karisa\";login_email|s:18:\"nkmwambs@gmail.com\";login_type_id|s:1:\"1\";login_profile|s:1:\"1\";login_type|s:5:\"admin\";profile_id|s:1:\"1\";type_login_user_id|s:1:\"1\";profile|s:11:\"Super Admin\";page_type|s:7:\"finance\";'),
('uio1ecoclss7c0kctda9a1d77ab28jmu',	'::1',	1567976369,	'__ci_last_regenerate|i:1567976369;active_login|s:1:\"1\";login_user_id|s:1:\"1\";login_firstname|s:9:\"Nicodemus\";login_lastname|s:6:\"Karisa\";login_email|s:18:\"nkmwambs@gmail.com\";login_type_id|s:1:\"1\";login_profile|s:1:\"1\";login_type|s:5:\"admin\";profile_id|s:1:\"1\";type_login_user_id|s:1:\"1\";profile|s:11:\"Super Admin\";page_type|s:7:\"finance\";'),
('ull74djqplsqf90seqbjkkkr1ij36fsj',	'::1',	1567975926,	'__ci_last_regenerate|i:1567975926;active_login|s:1:\"1\";login_user_id|s:1:\"1\";login_firstname|s:9:\"Nicodemus\";login_lastname|s:6:\"Karisa\";login_email|s:18:\"nkmwambs@gmail.com\";login_type_id|s:1:\"1\";login_profile|s:1:\"1\";login_type|s:5:\"admin\";profile_id|s:1:\"1\";type_login_user_id|s:1:\"1\";profile|s:11:\"Super Admin\";page_type|s:7:\"finance\";'),
('ur66iptckj5rmb4etm5m8lkjuine0ahp',	'::1',	1568021834,	'__ci_last_regenerate|i:1568021834;active_login|s:1:\"1\";login_user_id|s:1:\"1\";login_firstname|s:9:\"Nicodemus\";login_lastname|s:6:\"Karisa\";login_email|s:18:\"nkmwambs@gmail.com\";login_type_id|s:1:\"1\";login_profile|s:1:\"1\";login_type|s:5:\"admin\";profile_id|s:1:\"1\";type_login_user_id|s:1:\"1\";profile|s:11:\"Super Admin\";page_type|s:7:\"finance\";'),
('uv0alvpgd9336udehog509m8i4trngeh',	'::1',	1567910138,	'__ci_last_regenerate|i:1567910138;active_login|s:1:\"1\";login_user_id|s:1:\"1\";login_firstname|s:9:\"Nicodemus\";login_lastname|s:6:\"Karisa\";login_email|s:18:\"nkmwambs@gmail.com\";login_type_id|s:1:\"1\";login_profile|s:1:\"1\";login_type|s:5:\"admin\";profile_id|s:1:\"1\";type_login_user_id|s:1:\"1\";profile|s:11:\"Super Admin\";page_type|s:7:\"finance\";'),
('vbrjmtf5d6ke3b6cs6r6dasq2t73is7d',	'::1',	1567912512,	'__ci_last_regenerate|i:1567912512;active_login|s:1:\"1\";login_user_id|s:1:\"1\";login_firstname|s:9:\"Nicodemus\";login_lastname|s:6:\"Karisa\";login_email|s:18:\"nkmwambs@gmail.com\";login_type_id|s:1:\"1\";login_profile|s:1:\"1\";login_type|s:5:\"admin\";profile_id|s:1:\"1\";type_login_user_id|s:1:\"1\";profile|s:11:\"Super Admin\";page_type|s:7:\"finance\";'),
('vl16lknot5tqifa3a23sqaebrmqf1obe',	'::1',	1568091804,	'__ci_last_regenerate|i:1568091804;');

CREATE TABLE `class` (
  `class_id` int(11) NOT NULL AUTO_INCREMENT,
  `name` longtext COLLATE utf8_unicode_ci NOT NULL,
  `name_numeric` tinyint(4) NOT NULL,
  `teacher_id` int(11) NOT NULL,
  PRIMARY KEY (`class_id`),
  KEY `teacher_id` (`teacher_id`),
  CONSTRAINT `class_ibfk_1` FOREIGN KEY (`teacher_id`) REFERENCES `teacher` (`teacher_id`)
) ENGINE=InnoDB DEFAULT CHARSET=utf8 COLLATE=utf8_unicode_ci;

INSERT INTO `class` (`class_id`, `name`, `name_numeric`, `teacher_id`) VALUES
(3,	'Play Group',	1,	1),
(7,	'PP1',	2,	11),
(8,	'CLASS 4',	7,	5),
(9,	'CLASS 5',	8,	4),
(10,	'CLASS 6',	9,	3),
(11,	'Class 3',	6,	8),
(12,	'CLASS 2',	5,	9),
(13,	'Class 1',	4,	10),
(14,	'PP2',	3,	2);

CREATE TABLE `class_routine` (
  `class_routine_id` int(11) NOT NULL AUTO_INCREMENT,
  `class_id` int(11) NOT NULL,
  `subject_id` int(11) NOT NULL,
  `time_start` int(11) NOT NULL,
  `time_end` int(11) NOT NULL,
  `time_start_min` int(11) NOT NULL,
  `time_end_min` int(11) NOT NULL,
  `day` longtext COLLATE utf8_unicode_ci NOT NULL,
  PRIMARY KEY (`class_routine_id`),
  KEY `class_id` (`class_id`),
  KEY `subject_id` (`subject_id`),
  CONSTRAINT `class_routine_ibfk_1` FOREIGN KEY (`class_id`) REFERENCES `class` (`class_id`),
  CONSTRAINT `class_routine_ibfk_2` FOREIGN KEY (`subject_id`) REFERENCES `subject` (`subject_id`)
) ENGINE=InnoDB DEFAULT CHARSET=utf8 COLLATE=utf8_unicode_ci;

INSERT INTO `class_routine` (`class_routine_id`, `class_id`, `subject_id`, `time_start`, `time_end`, `time_start_min`, `time_end_min`, `day`) VALUES
(1,	1,	2,	8,	8,	0,	40,	'wednesday'),
(2,	1,	3,	8,	9,	40,	30,	'wednesday'),
(3,	1,	14,	14,	14,	0,	40,	'thursday');

CREATE TABLE `class_routine_attendance` (
  `class_routine_attendance_id` int(100) NOT NULL AUTO_INCREMENT,
  `class_routine_id` int(11) NOT NULL,
  `attendance_date` date NOT NULL,
  `notes` longtext NOT NULL,
  PRIMARY KEY (`class_routine_attendance_id`),
  KEY `class_routine_id` (`class_routine_id`),
  CONSTRAINT `class_routine_attendance_ibfk_1` FOREIGN KEY (`class_routine_id`) REFERENCES `class_routine` (`class_routine_id`)
) ENGINE=InnoDB DEFAULT CHARSET=latin1;


CREATE TABLE `crud` (
  `crud_id` int(100) NOT NULL AUTO_INCREMENT,
  `user_access` varchar(20) NOT NULL,
  `feature` varchar(20) NOT NULL,
  `operation` varchar(20) NOT NULL,
  PRIMARY KEY (`crud_id`)
) ENGINE=InnoDB DEFAULT CHARSET=latin1;


CREATE TABLE `document` (
  `document_id` int(11) NOT NULL AUTO_INCREMENT,
  `title` longtext COLLATE utf8_unicode_ci NOT NULL,
  `description` longtext COLLATE utf8_unicode_ci NOT NULL,
  `file_name` longtext COLLATE utf8_unicode_ci NOT NULL,
  `file_type` longtext COLLATE utf8_unicode_ci NOT NULL,
  `class_id` longtext COLLATE utf8_unicode_ci NOT NULL,
  `teacher_id` int(11) NOT NULL,
  `timestamp` longtext COLLATE utf8_unicode_ci NOT NULL,
  PRIMARY KEY (`document_id`)
) ENGINE=MyISAM DEFAULT CHARSET=utf8 COLLATE=utf8_unicode_ci;


CREATE TABLE `dormitory` (
  `dormitory_id` int(11) NOT NULL AUTO_INCREMENT,
  `name` longtext COLLATE utf8_unicode_ci NOT NULL,
  `number_of_room` longtext COLLATE utf8_unicode_ci NOT NULL,
  `description` longtext COLLATE utf8_unicode_ci NOT NULL,
  PRIMARY KEY (`dormitory_id`)
) ENGINE=InnoDB DEFAULT CHARSET=utf8 COLLATE=utf8_unicode_ci;


CREATE TABLE `entitlement` (
  `entitlement_id` int(100) NOT NULL AUTO_INCREMENT,
  `name` varchar(100) NOT NULL,
  `login_type_id` int(10) NOT NULL,
  `derivative_id` int(100) NOT NULL,
  `visibility` int(100) NOT NULL DEFAULT '1',
  PRIMARY KEY (`entitlement_id`)
) ENGINE=InnoDB DEFAULT CHARSET=latin1;

INSERT INTO `entitlement` (`entitlement_id`, `name`, `login_type_id`, `derivative_id`, `visibility`) VALUES
(796,	'dashboard',	1,	0,	1),
(797,	'accounts',	1,	0,	1),
(798,	'view_administrators',	1,	797,	1),
(799,	'view_teachers',	1,	797,	1),
(800,	'view_parents',	1,	797,	1),
(801,	'view_students',	1,	797,	1),
(802,	'admit_student',	1,	797,	1),
(803,	'admin_student',	1,	797,	1),
(804,	'view_all_students',	1,	797,	1),
(805,	'class_numeric_1_students',	1,	797,	1),
(806,	'class_numeric_2_students',	1,	797,	1),
(807,	'class_numeric_3_students',	1,	797,	1),
(808,	'class_numeric_4_students',	1,	797,	1),
(809,	'class_numeric_5_students',	1,	797,	1),
(810,	'class_numeric_6_students',	1,	797,	1),
(811,	'class_numeric_7_students',	1,	797,	1),
(812,	'class_numeric_8_students',	1,	797,	1),
(813,	'class_numeric_9_students',	1,	797,	1),
(814,	'class_numeric_10_students',	1,	797,	1),
(815,	'class_numeric_11_students',	1,	797,	1),
(816,	'change_own_profile',	1,	797,	1),
(817,	'parent_activity',	1,	0,	1),
(818,	'subject',	1,	0,	1),
(819,	'class_numeric_1_subjects',	1,	818,	1),
(820,	'class_numeric_2_subjects',	1,	818,	1),
(821,	'class_numeric_3_subjects',	1,	818,	1),
(822,	'class_numeric_4_subjects',	1,	818,	1),
(823,	'class_numeric_5_subjects',	1,	818,	1),
(824,	'class_numeric_6_subjects',	1,	818,	1),
(825,	'class_numeric_7_subjects',	1,	818,	1),
(826,	'class_numeric_8_subjects',	1,	818,	1),
(827,	'class_numeric_9_subjects',	1,	818,	1),
(828,	'class_numeric_10_subjects',	1,	818,	1),
(829,	'class_numeric_11_subjects',	1,	818,	1),
(830,	'accounting',	1,	0,	1),
(831,	'create_transaction',	1,	830,	1),
(832,	'create_transaction',	1,	796,	1),
(833,	'take_student_payment',	1,	796,	1),
(834,	'take_other_income',	1,	796,	1),
(835,	'make_expense',	1,	796,	1),
(836,	'tranfer_funds',	1,	796,	1),
(837,	'raise_contra_entry',	1,	796,	1),
(838,	'student_count',	1,	796,	1),
(839,	'teachers_count',	1,	796,	1),
(840,	'parents_count',	1,	796,	1),
(841,	'today_students_attendance',	1,	796,	1),
(842,	'unpaid_invoices_count',	1,	796,	1),
(843,	'total_fees_balance',	1,	796,	1),
(844,	'total_fees_received',	1,	796,	1),
(845,	'total_invoices_cleared',	1,	796,	1),
(846,	'years_expense_to_date',	1,	796,	1),
(847,	'budget_to_date',	1,	796,	1),
(848,	'percent_class_attendance',	1,	796,	1),
(849,	'percent_lesson_covered',	1,	796,	1),
(850,	'event_schedule',	1,	796,	1),
(851,	'add_teacher',	1,	797,	1),
(852,	'promote_teacher_to_user',	1,	797,	1),
(853,	'edit_teacher',	1,	797,	1),
(854,	'delete_teacher',	1,	797,	1),
(855,	'add_parent',	1,	797,	1),
(856,	'edit_parent',	1,	797,	1),
(857,	'delete_parent',	1,	797,	1),
(858,	'assign_beneficiary',	1,	797,	1),
(859,	'student_admission',	1,	797,	1),
(860,	'promote_student',	1,	797,	1),
(861,	'edit_student',	1,	797,	1),
(862,	'suspend_student',	1,	797,	1),
(863,	'take_student_payment',	1,	830,	1),
(864,	'take_other_income',	1,	830,	1),
(865,	'make_expense',	1,	830,	1),
(866,	'tranfer_funds',	1,	830,	1),
(867,	'raise_contra_entry',	1,	830,	1),
(868,	'bank_reconcialition',	1,	830,	1),
(869,	'reverse_transaction',	1,	830,	1),
(870,	'demote_student',	1,	797,	1),
(871,	'edit_invoice',	1,	830,	1),
(872,	'delete_or_cancel_invoice',	1,	830,	1),
(873,	'add_parent_activity',	1,	817,	1),
(874,	'classes',	1,	0,	1),
(875,	'add_class',	1,	874,	1),
(876,	'edit_class',	1,	874,	1),
(877,	'delete_class',	1,	874,	1),
(878,	'administrator',	1,	0,	1),
(879,	'add_administrator',	1,	878,	1),
(880,	'promote_admin_to_user',	1,	878,	1),
(881,	'edit_admin',	1,	878,	1),
(882,	'assign_profile',	1,	878,	1),
(883,	'delete_admin',	1,	878,	1),
(884,	'delete_student',	1,	797,	1),
(885,	'dashboard_shortcuts',	1,	796,	1),
(886,	'pending_approvals',	1,	796,	1),
(887,	'sms_gateway_balance',	1,	796,	1),
(888,	'request_edit_invoice',	1,	830,	1),
(889,	'request_delete_or_cancel_invoice',	1,	830,	1),
(890,	'approval',	1,	0,	1),
(891,	'approve_request',	1,	890,	1),
(892,	'decline_request',	1,	890,	1),
(893,	'approval_comment',	1,	890,	1),
(894,	'add_overpay_note',	1,	830,	1),
(895,	'reinstate_student',	1,	797,	1),
(896,	'view_financial_report',	1,	830,	1),
(897,	'edit_reconciliation',	1,	830,	1),
(898,	'approve_financial_report',	1,	830,	1),
(899,	'mass_edit_invoices',	1,	830,	1),
(900,	'send_fees_balance_by_sms',	1,	830,	1),
(901,	'create_invoice',	1,	830,	1);

CREATE TABLE `exam` (
  `exam_id` int(11) NOT NULL AUTO_INCREMENT,
  `name` longtext COLLATE utf8_unicode_ci NOT NULL,
  `date` longtext COLLATE utf8_unicode_ci NOT NULL,
  `comment` longtext COLLATE utf8_unicode_ci NOT NULL,
  PRIMARY KEY (`exam_id`)
) ENGINE=InnoDB DEFAULT CHARSET=utf8 COLLATE=utf8_unicode_ci;

INSERT INTO `exam` (`exam_id`, `name`, `date`, `comment`) VALUES
(1,	'TERM TWO 2019 SCHOOL OPENING',	'04/22/2019',	''),
(2,	'TERM TWO 2019 END TERM',	'07/15/2019',	'');

CREATE TABLE `expense_category` (
  `expense_category_id` int(11) NOT NULL AUTO_INCREMENT,
  `name` longtext COLLATE utf8_unicode_ci NOT NULL,
  `income_category_id` int(100) NOT NULL,
  `status` int(5) NOT NULL DEFAULT '1',
  PRIMARY KEY (`expense_category_id`),
  KEY `income_category_id` (`income_category_id`),
  CONSTRAINT `expense_category_ibfk_1` FOREIGN KEY (`income_category_id`) REFERENCES `income_categories` (`income_category_id`)
) ENGINE=InnoDB DEFAULT CHARSET=utf8 COLLATE=utf8_unicode_ci;

INSERT INTO `expense_category` (`expense_category_id`, `name`, `income_category_id`, `status`) VALUES
(1,	'Salaries & Wages - Teaching & Administrative Staff',	1,	1),
(2,	'Motor Vehicle Insurance & Inspection',	2,	1),
(3,	'Staff Development',	1,	1),
(5,	'Administrative Expenses',	1,	1),
(6,	'Motor Vehicle fuel',	2,	1),
(7,	'Motor Vehicle Service & Repairs',	2,	1),
(8,	'Admission Expenses',	3,	1),
(9,	'Milk',	4,	1),
(10,	'Sports trips & Related expenses',	5,	1),
(12,	'Food Materials',	6,	1),
(14,	'Cooking Fuel',	6,	1),
(15,	'Kitchen ware',	6,	1),
(16,	'SWIMMING BILLS',	7,	1),
(17,	'Student T Shirts',	9,	1),
(18,	'Piano Bills',	8,	1),
(19,	'Construction loans and other loans',	15,	1),
(20,	'Furniture & Fittings',	15,	1),
(21,	'Tools & Equipment',	15,	1),
(22,	'Assets Insurance',	15,	1),
(23,	'Repairs & Maintenace',	15,	1),
(24,	'Landscaping',	15,	1),
(25,	'Marketing',	15,	1),
(26,	'Dues & Subscriptions',	15,	1),
(27,	'Security & Professional Services',	15,	1),
(28,	'Teachers & Drivers allowances',	14,	1),
(29,	'Bus Hire fuel',	14,	1),
(30,	'Charity Contribution',	14,	1),
(31,	'Staff Welfare',	14,	1),
(32,	'Miscelleneous expenses',	14,	1),
(33,	'School trips',	13,	1),
(34,	'Play grounds Hire',	5,	1),
(35,	'Drivers Salaries & Wages',	2,	1),
(36,	'Local Travel',	2,	1),
(37,	'Exercise Books',	12,	1),
(38,	'Office Stationery',	12,	1),
(39,	'Text Books',	12,	1),
(40,	'Diaries/ Report Cards',	12,	1),
(41,	'Kitchen Staff Salaries & Wages',	6,	1),
(42,	'Kitchen Staff Salaries & Wages',	6,	1),
(43,	'Cleaning Items',	6,	1),
(44,	'Communication',	1,	1),
(45,	'Examination & Related Expenses',	1,	1),
(46,	'Medical Insurance',	1,	1),
(47,	'Electricity, Water & Sanitation',	19,	1);

CREATE TABLE `expense_variance_note` (
  `expense_variance_note_id` int(100) NOT NULL AUTO_INCREMENT,
  `month` date NOT NULL,
  `income_category_id` int(100) NOT NULL,
  `note` longtext NOT NULL,
  `createddate` timestamp NOT NULL DEFAULT CURRENT_TIMESTAMP ON UPDATE CURRENT_TIMESTAMP,
  PRIMARY KEY (`expense_variance_note_id`),
  KEY `income_category_id` (`income_category_id`),
  CONSTRAINT `expense_variance_note_ibfk_1` FOREIGN KEY (`income_category_id`) REFERENCES `income_categories` (`income_category_id`)
) ENGINE=InnoDB DEFAULT CHARSET=latin1;


CREATE TABLE `fees_structure` (
  `fees_id` int(10) NOT NULL AUTO_INCREMENT,
  `name` longtext NOT NULL,
  `class_id` int(10) NOT NULL,
  `yr` int(10) NOT NULL,
  `term` int(10) NOT NULL,
  PRIMARY KEY (`fees_id`)
) ENGINE=InnoDB DEFAULT CHARSET=latin1;

INSERT INTO `fees_structure` (`fees_id`, `name`, `class_id`, `yr`, `term`) VALUES
(3,	'class_CLASS_5_term_Two_year_2019',	9,	2019,	2),
(4,	'class_CLASS_4_term_Two_year_2019',	8,	2019,	2),
(5,	'class_Class_3_term_Two_year_2019',	11,	2019,	2),
(6,	'class_CLASS_2_term_Two_year_2019',	12,	2019,	2),
(7,	'class_Class_1_term_Two_year_2019',	13,	2019,	2),
(8,	'class_PP1_term_Two_year_2019',	7,	2019,	2),
(9,	'class_PP2_term_Two_year_2019',	14,	2019,	2),
(10,	'class_Play_Group_term_Two_year_2019',	3,	2019,	2),
(11,	'class_CLASS_6_term_Two_year_2019',	10,	2019,	2),
(12,	'class_Class_1_term_Three_year_2019',	13,	2019,	3),
(13,	'class_CLASS_2_term_Three_year_2019',	12,	2019,	3),
(14,	'class_Class_3_term_Three_year_2019',	11,	2019,	3),
(15,	'class_CLASS_4_term_Three_year_2019',	8,	2019,	3),
(16,	'class_CLASS_5_term_Three_year_2019',	9,	2019,	3),
(17,	'class_CLASS_6_term_Three_year_2019',	10,	2019,	3),
(18,	'class_Play_Group_term_Three_year_2019',	3,	2019,	3),
(19,	'class_PP1_term_Three_year_2019',	7,	2019,	3),
(20,	'class_PP2_term_Three_year_2019',	14,	2019,	3);

CREATE TABLE `fees_structure_details` (
  `detail_id` int(10) NOT NULL AUTO_INCREMENT,
  `pay_order` int(50) NOT NULL DEFAULT '0',
  `name` longtext NOT NULL,
  `fees_id` int(10) NOT NULL,
  `income_category_id` int(100) NOT NULL,
  `amount` int(10) NOT NULL,
  PRIMARY KEY (`detail_id`),
  KEY `income_category_id` (`income_category_id`),
  KEY `fees_id` (`fees_id`),
  CONSTRAINT `fees_structure_details_ibfk_1` FOREIGN KEY (`income_category_id`) REFERENCES `income_categories` (`income_category_id`),
  CONSTRAINT `fees_structure_details_ibfk_2` FOREIGN KEY (`fees_id`) REFERENCES `fees_structure` (`fees_id`)
) ENGINE=InnoDB DEFAULT CHARSET=latin1;

INSERT INTO `fees_structure_details` (`detail_id`, `pay_order`, `name`, `fees_id`, `income_category_id`, `amount`) VALUES
(11,	0,	'Balance Brought Forward',	3,	15,	0),
(12,	0,	'Admission fees (Payable once on admission)',	3,	20,	3300),
(13,	0,	'Tuition fees',	3,	1,	11800),
(14,	0,	'Activity fee',	3,	5,	350),
(15,	0,	'Food & Kitchen facilities',	3,	6,	3500),
(16,	0,	'Utilities (Water, Electricity, Sanitation etc)',	3,	19,	700),
(17,	0,	'School transport for pupils',	3,	2,	0),
(18,	0,	'School Milk',	3,	4,	2000),
(19,	0,	'Piano/Swimming classes',	3,	8,	2000),
(20,	0,	'Student Diary',	3,	18,	200),
(21,	0,	'Interview fee (Payable once on admission)',	3,	17,	1000),
(22,	0,	'Text books (Payable once - Grade 1 upwards)',	3,	16,	5000),
(24,	0,	'School Tshirt',	3,	9,	500),
(25,	1,	'Balance Brought Forward',	4,	15,	0),
(26,	3,	'Admission fees (Payable once on admission)',	4,	20,	3300),
(27,	2,	'Tuition fees',	4,	1,	11800),
(28,	4,	'Activity fee',	4,	5,	350),
(29,	5,	'Food & Kitchen facilities',	4,	6,	3500),
(30,	6,	'Utilities (Water, Electricity, Sanitation etc)',	4,	19,	700),
(31,	7,	'School transport for pupils',	4,	2,	0),
(32,	8,	'School Milk',	4,	4,	2000),
(33,	9,	'Piano/Swimming classes',	4,	8,	2000),
(34,	10,	'Student Diary',	4,	18,	200),
(35,	11,	'Interview fee (Payable once on admission)',	4,	17,	1000),
(36,	12,	'Text books (Payable once - Grade 1 upwards)',	4,	16,	5000),
(37,	13,	'School Tshirt',	4,	9,	500),
(38,	0,	'Balance Brought Forward',	5,	15,	0),
(39,	0,	'Admission fees (Payable once on admission)',	5,	20,	3300),
(40,	0,	'Tuition fees',	5,	1,	11000),
(41,	0,	'Activity fee',	5,	5,	350),
(42,	0,	'Food & Kitchen facilities',	5,	6,	2800),
(43,	0,	'Utilities (Water, Electricity, Sanitation etc)',	5,	19,	700),
(44,	0,	'School transport for pupils',	5,	2,	0),
(45,	0,	'School Milk',	5,	4,	2000),
(46,	0,	'Piano/Swimming classes',	5,	8,	2000),
(47,	0,	'Student Diary',	5,	18,	200),
(48,	0,	'Interview fee (Payable once on admission)',	5,	17,	1000),
(49,	0,	'Text books (Payable once - Grade 1 upwards)',	5,	16,	5000),
(50,	0,	'School Tshirt',	5,	9,	500),
(51,	0,	'Balance Brought Forward',	6,	15,	0),
(52,	0,	'Admission fees (Payable once on admission)',	6,	20,	3300),
(53,	0,	'Tuition fees',	6,	1,	11000),
(54,	0,	'Activity fee',	6,	5,	350),
(55,	0,	'Food & Kitchen facilities',	6,	6,	2800),
(56,	0,	'Utilities (Water, Electricity, Sanitation etc)',	6,	19,	700),
(57,	0,	'School transport for pupils',	6,	2,	0),
(58,	0,	'School Milk',	6,	4,	2000),
(59,	0,	'Piano/Swimming classes',	6,	8,	2000),
(60,	0,	'Student Diary',	6,	18,	200),
(61,	0,	'Interview fee (Payable once on admission)',	6,	17,	1000),
(62,	0,	'Text books (Payable once - Grade 1 upwards)',	6,	16,	5000),
(63,	0,	'School Tshirt',	6,	9,	500),
(64,	0,	'Balance Brought Forward',	7,	15,	0),
(65,	0,	'Admission fees (Payable once on admission)',	7,	20,	3300),
(66,	0,	'Tuition fees',	7,	1,	11000),
(67,	0,	'Activity fee',	7,	5,	350),
(68,	0,	'Food & Kitchen facilities',	7,	6,	2800),
(69,	0,	'Utilities (Water, Electricity, Sanitation etc)',	7,	19,	700),
(70,	0,	'School transport for pupils',	7,	2,	0),
(71,	0,	'School Milk',	7,	4,	2000),
(72,	0,	'Piano/Swimming classes',	7,	8,	2000),
(73,	0,	'Student Diary',	7,	18,	200),
(74,	0,	'Interview fee (Payable once on admission)',	7,	17,	1000),
(75,	0,	'Text books (Payable once - Grade 1 upwards)',	7,	16,	5000),
(76,	0,	'School Tshirt',	7,	9,	500),
(77,	1,	'Balance Brought Forward',	8,	15,	0),
(78,	2,	'Admission fees (Payable once on admission)',	8,	20,	3300),
(79,	3,	'Tuition fees',	8,	1,	8000),
(80,	4,	'Activity fee',	8,	5,	350),
(81,	5,	'Food & Kitchen facilities',	8,	6,	2800),
(82,	6,	'Utilities (Water, Electricity, Sanitation etc)',	8,	19,	700),
(83,	7,	'School transport for pupils',	8,	2,	0),
(84,	8,	'School Milk',	8,	4,	2000),
(85,	9,	'Piano/Swimming classes',	8,	8,	2000),
(86,	10,	'Student Diary',	8,	18,	200),
(87,	11,	'Interview fee (Payable once on admission)',	8,	17,	1000),
(89,	12,	'School Tshirt',	8,	9,	500),
(90,	0,	'Balance Brought Forward',	9,	15,	0),
(91,	0,	'Admission fees (Payable once on admission)',	9,	20,	3300),
(92,	0,	'Tuition fees',	9,	1,	8000),
(93,	0,	'Activity fee',	9,	5,	350),
(94,	0,	'Food & Kitchen facilities',	9,	6,	2800),
(95,	0,	'Utilities (Water, Electricity, Sanitation etc)',	9,	19,	700),
(96,	0,	'School transport for pupils',	9,	2,	0),
(97,	0,	'School Milk',	9,	4,	2000),
(98,	0,	'Piano/Swimming classes',	9,	8,	2000),
(99,	0,	'Student Diary',	9,	18,	200),
(100,	0,	'Interview fee (Payable once on admission)',	9,	17,	1000),
(101,	0,	'School Tshirt',	9,	9,	500),
(102,	0,	'Balance Brought Forward',	10,	15,	0),
(104,	0,	'Tuition fees',	10,	1,	8000),
(105,	0,	'Activity fee',	10,	5,	350),
(106,	0,	'Food & Kitchen facilities',	10,	6,	2800),
(107,	0,	'Utilities (Water, Electricity, Sanitation etc)',	10,	19,	700),
(108,	0,	'School transport for pupils',	10,	2,	0),
(109,	0,	'School Milk',	10,	4,	2000),
(110,	0,	'Piano/Swimming classes',	10,	8,	2000),
(111,	0,	'Student Diary',	10,	18,	200),
(113,	0,	'School Tshirt',	10,	9,	500),
(114,	0,	'Admission fees (Payable once on Admission)',	10,	3,	3300),
(115,	0,	'Balance Brought Forward',	11,	15,	0),
(116,	0,	'Admission fees (Payable once on admission)',	11,	20,	3300),
(117,	0,	'Tuition fees',	11,	1,	11800),
(118,	0,	'Activity fee',	11,	5,	350),
(119,	0,	'Food & Kitchen facilities',	11,	6,	3500),
(120,	0,	'Utilities (Water, Electricity, Sanitation etc)',	11,	19,	700),
(121,	0,	'School transport for pupils',	11,	2,	0),
(122,	0,	'School Milk',	11,	4,	2000),
(123,	0,	'Piano/Swimming classes',	11,	8,	2000),
(124,	0,	'Student Diary',	11,	18,	200),
(125,	0,	'Interview fee (Payable once on admission)',	11,	17,	1000),
(126,	0,	'Text books (Payable once - Grade 1 upwards)',	11,	16,	5000),
(127,	0,	'School Tshirt',	11,	9,	500),
(128,	13,	'Academic trip',	8,	13,	0),
(129,	0,	'Academic trip',	6,	13,	0),
(130,	0,	'Academic Trip',	6,	13,	0),
(131,	0,	'Academic trip',	5,	13,	0),
(132,	14,	'Academic trip',	4,	13,	0),
(133,	0,	'Academic trip',	3,	13,	0),
(134,	0,	'Academic trip',	11,	13,	0),
(135,	0,	'Academic trip',	10,	13,	0),
(136,	0,	'Academic trip',	9,	13,	0),
(137,	0,	'School Diary',	7,	18,	200),
(138,	0,	'Student diary',	6,	18,	200),
(139,	0,	'Student diary',	5,	18,	200),
(140,	15,	'Student diary',	4,	18,	200),
(141,	0,	'Student diary',	3,	18,	200),
(142,	0,	'Student diary',	11,	18,	200),
(143,	0,	'Student diary',	10,	18,	200),
(144,	14,	'Student diary',	8,	18,	200),
(145,	0,	'Student diary',	9,	18,	200),
(146,	0,	'Academic Trip',	7,	13,	0),
(147,	0,	'Arrears',	5,	15,	0),
(148,	0,	'Student diary',	11,	18,	200),
(149,	3,	'Balance Brought Forward',	12,	15,	0),
(150,	1,	'Admission fees (Payable once on admission)',	12,	20,	3300),
(151,	3,	'Tuition fees',	12,	1,	11000),
(152,	4,	'Activity fee',	12,	5,	350),
(153,	5,	'Food & Kitchen facilities',	12,	6,	2800),
(154,	6,	'Utilities (Water, Electricity, Sanitation etc)',	12,	19,	700),
(155,	14,	'School transport for pupils',	12,	2,	0),
(156,	7,	'School Milk',	12,	4,	2000),
(157,	7,	'Piano/Swimming classes',	12,	8,	2000),
(158,	7,	'Student Diary',	12,	18,	200),
(159,	7,	'Interview fee (Payable once on admission)',	12,	17,	1000),
(160,	7,	'Text books (Payable once - Grade 1 upwards)',	12,	16,	5000),
(161,	7,	'School Tshirt',	12,	9,	500),
(162,	7,	'School Diary',	12,	18,	200),
(163,	15,	'Academic Trip',	12,	13,	0),
(164,	1,	'Balance Brought Forward',	13,	15,	0),
(165,	2,	'Admission fees (Payable once on admission)',	13,	20,	3300),
(166,	3,	'Tuition fees',	13,	1,	11000),
(167,	4,	'Activity fee',	13,	5,	350),
(168,	5,	'Food & Kitchen facilities',	13,	6,	2800),
(169,	6,	'Utilities (Water, Electricity, Sanitation etc)',	13,	19,	700),
(170,	7,	'School transport for pupils',	13,	2,	0),
(171,	8,	'School Milk',	13,	4,	2000),
(172,	9,	'Piano/Swimming classes',	13,	8,	2000),
(173,	10,	'Student Diary',	13,	18,	200),
(174,	11,	'Interview fee (Payable once on admission)',	13,	17,	1000),
(175,	12,	'Text books (Payable once - Grade 1 upwards)',	13,	16,	5000),
(176,	13,	'School Tshirt',	13,	9,	500),
(177,	14,	'Academic trip',	13,	13,	0),
(178,	15,	'Academic Trip',	13,	13,	0),
(179,	16,	'Student diary',	13,	18,	200),
(180,	0,	'Balance Brought Forward',	14,	15,	0),
(181,	0,	'Admission fees (Payable once on admission)',	14,	20,	3300),
(182,	0,	'Tuition fees',	14,	1,	11000),
(183,	0,	'Activity fee',	14,	5,	350),
(184,	0,	'Food & Kitchen facilities',	14,	6,	2800),
(185,	0,	'Utilities (Water, Electricity, Sanitation etc)',	14,	19,	700),
(186,	0,	'School transport for pupils',	14,	2,	0),
(187,	0,	'School Milk',	14,	4,	2000),
(188,	0,	'Piano/Swimming classes',	14,	8,	2000),
(189,	0,	'Student Diary',	14,	18,	200),
(190,	0,	'Interview fee (Payable once on admission)',	14,	17,	1000),
(191,	0,	'Text books (Payable once - Grade 1 upwards)',	14,	16,	5000),
(192,	0,	'School Tshirt',	14,	9,	500),
(193,	0,	'Academic trip',	14,	13,	0),
(194,	0,	'Student diary',	14,	18,	200),
(195,	0,	'Arrears',	14,	15,	0),
(196,	0,	'Balance Brought Forward',	15,	15,	0),
(197,	0,	'Admission fees (Payable once on admission)',	15,	20,	3300),
(198,	0,	'Tuition fees',	15,	1,	11800),
(199,	0,	'Activity fee',	15,	5,	350),
(200,	0,	'Food & Kitchen facilities',	15,	6,	3500),
(201,	0,	'Utilities (Water, Electricity, Sanitation etc)',	15,	19,	700),
(202,	0,	'School transport for pupils',	15,	2,	0),
(203,	0,	'School Milk',	15,	4,	2000),
(204,	0,	'Piano/Swimming classes',	15,	8,	2000),
(205,	0,	'Student Diary',	15,	18,	200),
(206,	0,	'Interview fee (Payable once on admission)',	15,	17,	1000),
(207,	0,	'Text books (Payable once - Grade 1 upwards)',	15,	16,	5000),
(208,	0,	'School Tshirt',	15,	9,	500),
(209,	0,	'Academic trip',	15,	13,	0),
(210,	0,	'Student diary',	15,	18,	200),
(211,	0,	'Balance Brought Forward',	16,	15,	0),
(212,	0,	'Admission fees (Payable once on admission)',	16,	20,	3300),
(213,	0,	'Tuition fees',	16,	1,	11800),
(214,	0,	'Activity fee',	16,	5,	350),
(215,	0,	'Food & Kitchen facilities',	16,	6,	3500),
(216,	0,	'Utilities (Water, Electricity, Sanitation etc)',	16,	19,	700),
(217,	0,	'School transport for pupils',	16,	2,	0),
(218,	0,	'School Milk',	16,	4,	2000),
(219,	0,	'Piano/Swimming classes',	16,	8,	2000),
(220,	0,	'Student Diary',	16,	18,	200),
(221,	0,	'Interview fee (Payable once on admission)',	16,	17,	1000),
(222,	0,	'Text books (Payable once - Grade 1 upwards)',	16,	16,	5000),
(223,	0,	'School Tshirt',	16,	9,	500),
(224,	0,	'Academic trip',	16,	13,	0),
(225,	0,	'Student diary',	16,	18,	200),
(226,	0,	'Balance Brought Forward',	17,	15,	0),
(227,	0,	'Admission fees (Payable once on admission)',	17,	20,	3300),
(228,	0,	'Tuition fees',	17,	1,	11800),
(229,	0,	'Activity fee',	17,	5,	350),
(230,	0,	'Food & Kitchen facilities',	17,	6,	3500),
(231,	0,	'Utilities (Water, Electricity, Sanitation etc)',	17,	19,	700),
(232,	0,	'School transport for pupils',	17,	2,	0),
(233,	0,	'School Milk',	17,	4,	2000),
(234,	0,	'Piano/Swimming classes',	17,	8,	2000),
(235,	0,	'Student Diary',	17,	18,	200),
(236,	0,	'Interview fee (Payable once on admission)',	17,	17,	1000),
(237,	0,	'Text books (Payable once - Grade 1 upwards)',	17,	16,	5000),
(238,	0,	'School Tshirt',	17,	9,	500),
(239,	0,	'Academic trip',	17,	13,	0),
(240,	0,	'Student diary',	17,	18,	200),
(241,	0,	'Student diary',	17,	18,	200),
(242,	0,	'Balance Brought Forward',	18,	15,	0),
(243,	0,	'Tuition fees',	18,	1,	8000),
(244,	0,	'Activity fee',	18,	5,	350),
(245,	0,	'Food & Kitchen facilities',	18,	6,	2800),
(246,	0,	'Utilities (Water, Electricity, Sanitation etc)',	18,	19,	700),
(247,	0,	'School transport for pupils',	18,	2,	0),
(248,	0,	'School Milk',	18,	4,	2000),
(249,	0,	'Piano/Swimming classes',	18,	8,	2000),
(250,	0,	'Student Diary',	18,	18,	200),
(251,	0,	'School Tshirt',	18,	9,	500),
(252,	0,	'Admission fees (Payable once on Admission)',	18,	3,	3300),
(253,	0,	'Academic trip',	18,	13,	0),
(254,	0,	'Student diary',	18,	18,	200),
(255,	0,	'Balance Brought Forward',	19,	15,	0),
(256,	0,	'Admission fees (Payable once on admission)',	19,	20,	3300),
(257,	0,	'Tuition fees',	19,	1,	8000),
(258,	0,	'Activity fee',	19,	5,	350),
(259,	0,	'Food & Kitchen facilities',	19,	6,	2800),
(260,	0,	'Utilities (Water, Electricity, Sanitation etc)',	19,	19,	700),
(261,	0,	'School transport for pupils',	19,	2,	0),
(262,	0,	'School Milk',	19,	4,	2000),
(263,	0,	'Piano/Swimming classes',	19,	8,	2000),
(264,	0,	'Student Diary',	19,	18,	200),
(265,	0,	'Interview fee (Payable once on admission)',	19,	17,	1000),
(266,	0,	'School Tshirt',	19,	9,	500),
(267,	0,	'Academic trip',	19,	13,	0),
(268,	0,	'Student diary',	19,	18,	200),
(269,	0,	'Balance Brought Forward',	20,	15,	0),
(270,	0,	'Admission fees (Payable once on admission)',	20,	20,	3300),
(271,	0,	'Tuition fees',	20,	1,	8000),
(272,	0,	'Activity fee',	20,	5,	350),
(273,	0,	'Food & Kitchen facilities',	20,	6,	2800),
(274,	0,	'Utilities (Water, Electricity, Sanitation etc)',	20,	19,	700),
(275,	0,	'School transport for pupils',	20,	2,	0),
(276,	0,	'School Milk',	20,	4,	2000),
(277,	0,	'Piano/Swimming classes',	20,	8,	2000),
(278,	0,	'Student Diary',	20,	18,	200),
(279,	0,	'Interview fee (Payable once on admission)',	20,	17,	1000),
(280,	0,	'School Tshirt',	20,	9,	500),
(281,	0,	'Academic trip',	20,	13,	0),
(282,	0,	'Student diary',	20,	18,	200);

CREATE TABLE `grade` (
  `grade_id` int(11) NOT NULL AUTO_INCREMENT,
  `name` longtext COLLATE utf8_unicode_ci NOT NULL,
  `grade_point` longtext COLLATE utf8_unicode_ci NOT NULL,
  `mark_from` int(11) NOT NULL,
  `mark_upto` int(11) NOT NULL,
  `comment` longtext COLLATE utf8_unicode_ci NOT NULL,
  PRIMARY KEY (`grade_id`)
) ENGINE=InnoDB DEFAULT CHARSET=utf8 COLLATE=utf8_unicode_ci;

INSERT INTO `grade` (`grade_id`, `name`, `grade_point`, `mark_from`, `mark_upto`, `comment`) VALUES
(1,	'A',	'12',	80,	100,	'EXCELLENT'),
(2,	'A-',	'11',	75,	79,	'VERY GOOD'),
(3,	'B+',	'10',	70,	74,	'GOOD');

CREATE TABLE `income_categories` (
  `income_category_id` int(100) NOT NULL AUTO_INCREMENT,
  `name` varchar(50) NOT NULL,
  `opening_balance` decimal(10,2) NOT NULL,
  `default_category` int(5) NOT NULL DEFAULT '0',
  `status` int(5) NOT NULL DEFAULT '1',
  PRIMARY KEY (`income_category_id`)
) ENGINE=InnoDB DEFAULT CHARSET=latin1;

INSERT INTO `income_categories` (`income_category_id`, `name`, `opening_balance`, `default_category`, `status`) VALUES
(1,	'TUITION',	0.00,	0,	1),
(2,	'TRANSPORT',	0.00,	0,	1),
(3,	'ADMISSION',	0.00,	0,	1),
(4,	'MILK',	0.00,	0,	1),
(5,	'ACTIVITY FEE',	0.00,	0,	1),
(6,	'FOOD & KITCHEN FACILITIES',	0.00,	0,	1),
(7,	'SWIMMING',	0.00,	0,	1),
(8,	'PIANO/SWIMMING',	0.00,	0,	1),
(9,	'SCHOOL T-SHIRT',	0.00,	0,	1),
(12,	'TEACHING & LEARNING MATERIALS',	0.00,	0,	1),
(13,	'TOUR',	0.00,	0,	1),
(14,	'OTHER INCOMES',	0.00,	0,	1),
(15,	'FUNDS RESERVE',	0.00,	1,	1),
(16,	'TEXTBOOKS',	0.00,	0,	1),
(17,	'INTERVIEW FEE',	0.00,	0,	1),
(18,	'DIARY ',	0.00,	0,	1),
(19,	'UTILITIES',	0.00,	0,	1),
(20,	'ADMISSION',	3300.00,	0,	1);

CREATE TABLE `invoice` (
  `invoice_id` int(11) NOT NULL AUTO_INCREMENT,
  `student_id` int(11) NOT NULL,
  `class_id` int(11) NOT NULL,
  `yr` longtext COLLATE utf8_unicode_ci NOT NULL,
  `term` longtext COLLATE utf8_unicode_ci NOT NULL,
  `amount` int(11) NOT NULL COMMENT 'fees structure amount less transport',
  `amount_due` int(11) NOT NULL COMMENT 'amount liable to pay plus transport',
  `creation_timestamp` varchar(100) COLLATE utf8_unicode_ci NOT NULL,
  `status` longtext COLLATE utf8_unicode_ci NOT NULL COMMENT 'paid, excess, unpaid or cancelled',
  `carry_forward` int(11) NOT NULL DEFAULT '0',
  `transitioned` int(11) NOT NULL DEFAULT '0',
  `last_approval_request_id` int(100) NOT NULL,
  PRIMARY KEY (`invoice_id`),
  KEY `student_id` (`student_id`),
  KEY `class_id` (`class_id`),
  CONSTRAINT `invoice_ibfk_1` FOREIGN KEY (`student_id`) REFERENCES `student` (`student_id`),
  CONSTRAINT `invoice_ibfk_2` FOREIGN KEY (`class_id`) REFERENCES `class` (`class_id`)
) ENGINE=InnoDB DEFAULT CHARSET=utf8 COLLATE=utf8_unicode_ci;

INSERT INTO `invoice` (`invoice_id`, `student_id`, `class_id`, `yr`, `term`, `amount`, `amount_due`, `creation_timestamp`, `status`, `carry_forward`, `transitioned`, `last_approval_request_id`) VALUES
(2,	190,	7,	'2019',	'2',	20850,	11850,	'1560988800',	'cancelled',	0,	1,	0),
(3,	168,	7,	'2019',	'2',	20850,	17850,	'1560988800',	'excess',	0,	0,	0),
(4,	177,	7,	'2019',	'2',	20850,	19250,	'1560988800',	'paid',	0,	0,	0),
(5,	173,	7,	'2019',	'2',	20850,	14050,	'1560988800',	'excess',	0,	0,	0),
(6,	164,	7,	'2019',	'2',	20850,	16850,	'1560988800',	'excess',	0,	0,	0),
(7,	193,	7,	'2019',	'2',	20850,	18050,	'1560988800',	'paid',	0,	0,	0),
(8,	172,	7,	'2019',	'2',	20850,	13700,	'1560988800',	'excess',	0,	0,	0),
(9,	163,	7,	'2019',	'2',	20850,	14050,	'1560988800',	'paid',	0,	0,	0),
(10,	179,	7,	'2019',	'2',	20850,	19850,	'1560988800',	'paid',	0,	0,	0),
(11,	160,	7,	'2019',	'2',	20850,	17700,	'1560988800',	'cancelled',	0,	0,	10),
(12,	182,	7,	'2019',	'2',	20850,	11850,	'1560988800',	'paid',	0,	0,	0),
(13,	2,	7,	'2019',	'2',	20850,	17050,	'1560988800',	'paid',	0,	0,	0),
(14,	174,	7,	'2019',	'2',	20850,	13850,	'1560988800',	'paid',	0,	0,	0),
(15,	166,	7,	'2019',	'2',	20850,	16050,	'1560988800',	'paid',	0,	0,	0),
(16,	187,	7,	'2019',	'2',	20850,	17850,	'1560988800',	'paid',	0,	0,	0),
(17,	161,	7,	'2019',	'2',	20850,	14850,	'1560988800',	'paid',	0,	0,	0),
(18,	167,	7,	'2019',	'2',	20850,	12850,	'1560988800',	'paid',	0,	0,	0),
(19,	169,	7,	'2019',	'2',	20850,	19450,	'1560988800',	'paid',	0,	0,	0),
(20,	188,	7,	'2019',	'2',	20850,	17850,	'1560988800',	'paid',	0,	0,	0),
(21,	184,	7,	'2019',	'2',	20850,	11850,	'1560988800',	'paid',	0,	0,	0),
(22,	183,	7,	'2019',	'2',	20850,	14550,	'1560988800',	'paid',	0,	0,	0),
(23,	175,	7,	'2019',	'2',	20850,	22050,	'1560988800',	'paid',	0,	0,	0),
(24,	185,	7,	'2019',	'2',	20850,	16050,	'1560988800',	'paid',	0,	0,	0),
(25,	165,	7,	'2019',	'2',	20850,	11850,	'1560988800',	'excess',	0,	0,	0),
(26,	186,	7,	'2019',	'2',	20850,	16050,	'1560988800',	'paid',	0,	0,	0),
(27,	124,	14,	'2019',	'2',	20850,	11850,	'1560988800',	'paid',	0,	0,	0),
(28,	132,	14,	'2019',	'2',	20850,	13850,	'1560988800',	'paid',	0,	0,	0),
(29,	133,	14,	'2019',	'2',	20850,	11850,	'1560988800',	'paid',	0,	0,	0),
(30,	131,	14,	'2019',	'2',	20850,	21450,	'1560988800',	'paid',	0,	0,	0),
(31,	147,	14,	'2019',	'2',	20850,	19450,	'1560988800',	'paid',	0,	0,	0),
(32,	125,	14,	'2019',	'2',	20850,	18750,	'1560988800',	'paid',	0,	0,	0),
(33,	137,	14,	'2019',	'2',	20850,	21450,	'1560988800',	'paid',	0,	0,	0),
(34,	159,	14,	'2019',	'2',	20850,	11850,	'1560988800',	'paid',	0,	0,	0),
(35,	142,	14,	'2019',	'2',	20850,	19850,	'1560988800',	'paid',	0,	0,	0),
(36,	145,	14,	'2019',	'2',	20850,	19450,	'1560988800',	'paid',	0,	0,	0),
(37,	127,	14,	'2019',	'2',	20850,	18050,	'1560988800',	'paid',	0,	0,	0),
(38,	138,	14,	'2019',	'2',	20850,	19450,	'1560988800',	'paid',	0,	0,	0),
(39,	144,	14,	'2019',	'2',	20850,	18750,	'1560988800',	'paid',	0,	0,	0),
(40,	151,	14,	'2019',	'2',	20850,	14050,	'1560988800',	'cancelled',	1,	0,	0),
(41,	136,	14,	'2019',	'2',	20850,	23450,	'1560988800',	'paid',	0,	0,	0),
(42,	156,	14,	'2019',	'2',	20850,	19250,	'1560988800',	'excess',	0,	0,	0),
(43,	154,	14,	'2019',	'2',	20850,	19450,	'1560988800',	'excess',	0,	0,	0),
(44,	140,	14,	'2019',	'2',	20850,	13850,	'1560988800',	'paid',	0,	0,	0),
(45,	152,	14,	'2019',	'2',	20850,	19450,	'1560988800',	'paid',	0,	0,	0),
(46,	128,	14,	'2019',	'2',	20850,	16900,	'1560988800',	'paid',	0,	0,	0),
(47,	157,	14,	'2019',	'2',	20850,	19850,	'1560988800',	'excess',	0,	0,	0),
(48,	123,	14,	'2019',	'2',	20850,	16550,	'1560988800',	'excess',	0,	0,	0),
(49,	130,	14,	'2019',	'2',	20850,	11850,	'1560988800',	'paid',	0,	0,	0),
(50,	141,	14,	'2019',	'2',	20850,	22050,	'1560988800',	'paid',	0,	0,	0),
(51,	158,	14,	'2019',	'2',	20850,	14850,	'1560988800',	'paid',	0,	0,	0),
(52,	143,	14,	'2019',	'2',	20850,	21550,	'1560988800',	'paid',	0,	0,	0),
(53,	129,	14,	'2019',	'2',	20850,	11850,	'1560988800',	'paid',	0,	0,	0),
(54,	146,	14,	'2019',	'2',	20850,	19250,	'1560988800',	'paid',	0,	0,	0),
(55,	135,	14,	'2019',	'2',	20850,	14550,	'1560988800',	'paid',	0,	0,	0),
(56,	148,	14,	'2019',	'2',	20850,	20050,	'1560988800',	'excess',	0,	0,	0),
(57,	153,	14,	'2019',	'2',	20850,	17250,	'1560988800',	'paid',	0,	0,	0),
(58,	155,	14,	'2019',	'2',	20850,	19450,	'1560988800',	'paid',	0,	0,	0),
(59,	126,	14,	'2019',	'2',	20850,	13850,	'1560988800',	'unpaid',	0,	0,	0),
(60,	139,	14,	'2019',	'2',	20850,	11850,	'1560988800',	'paid',	0,	0,	0),
(61,	134,	14,	'2019',	'2',	20850,	13200,	'1560988800',	'paid',	0,	0,	0),
(62,	114,	13,	'2019',	'2',	28850,	24450,	'1561593600',	'paid',	0,	0,	0),
(63,	116,	13,	'2019',	'2',	28850,	17050,	'1561593600',	'paid',	0,	0,	0),
(64,	115,	13,	'2019',	'2',	28850,	8100,	'1561593600',	'paid',	0,	0,	0),
(65,	103,	13,	'2019',	'2',	28850,	19050,	'1561593600',	'paid',	0,	0,	0),
(66,	94,	13,	'2019',	'2',	28850,	20250,	'1561593600',	'excess',	0,	0,	0),
(67,	99,	13,	'2019',	'2',	28850,	8100,	'1561593600',	'paid',	0,	0,	0),
(68,	110,	13,	'2019',	'2',	28850,	19050,	'1561593600',	'paid',	0,	0,	0),
(69,	107,	13,	'2019',	'2',	28850,	20850,	'1561593600',	'paid',	0,	0,	0),
(70,	96,	13,	'2019',	'2',	28850,	25050,	'1561593600',	'paid',	0,	0,	0),
(71,	97,	13,	'2019',	'2',	28850,	17050,	'1561593600',	'paid',	0,	0,	0),
(72,	105,	13,	'2019',	'2',	28850,	14850,	'1561593600',	'paid',	0,	0,	0),
(73,	106,	13,	'2019',	'2',	28850,	17550,	'1561593600',	'paid',	0,	0,	0),
(74,	100,	13,	'2019',	'2',	28850,	19050,	'1561593600',	'paid',	0,	0,	0),
(75,	104,	13,	'2019',	'2',	28850,	14850,	'1561593600',	'paid',	0,	0,	0),
(76,	112,	13,	'2019',	'2',	28850,	22050,	'1561593600',	'paid',	0,	0,	0),
(77,	113,	13,	'2019',	'2',	28850,	16850,	'1561593600',	'paid',	0,	0,	0),
(78,	117,	13,	'2019',	'2',	28850,	22250,	'1561593600',	'excess',	0,	0,	0),
(79,	102,	13,	'2019',	'2',	28850,	25050,	'1561593600',	'excess',	0,	0,	0),
(80,	91,	13,	'2019',	'2',	28850,	22450,	'1561593600',	'paid',	0,	0,	0),
(81,	101,	13,	'2019',	'2',	28850,	14100,	'1561593600',	'paid',	0,	0,	0),
(82,	118,	13,	'2019',	'2',	28850,	25050,	'1561593600',	'paid',	0,	0,	0),
(83,	95,	13,	'2019',	'2',	28850,	22450,	'1561593600',	'paid',	0,	0,	0),
(84,	92,	13,	'2019',	'2',	28850,	21750,	'1561593600',	'cancelled',	0,	0,	11),
(85,	119,	13,	'2019',	'2',	28850,	17050,	'1561593600',	'excess',	0,	0,	0),
(86,	121,	13,	'2019',	'2',	28850,	19050,	'1561593600',	'paid',	0,	0,	0),
(87,	108,	13,	'2019',	'2',	28850,	14850,	'1561593600',	'excess',	0,	0,	0),
(88,	65,	12,	'2019',	'2',	28850,	17050,	'1561593600',	'excess',	0,	0,	0),
(89,	76,	12,	'2019',	'2',	28850,	24850,	'1561593600',	'excess',	0,	0,	0),
(90,	63,	12,	'2019',	'2',	28850,	27050,	'1561593600',	'paid',	0,	0,	0),
(91,	59,	12,	'2019',	'2',	28850,	21750,	'1561593600',	'excess',	0,	0,	0),
(92,	88,	12,	'2019',	'2',	28850,	22450,	'1561593600',	'paid',	0,	0,	0),
(93,	64,	12,	'2019',	'2',	28850,	20850,	'1561593600',	'paid',	0,	0,	0),
(94,	58,	12,	'2019',	'2',	28850,	17050,	'1561593600',	'paid',	0,	0,	0),
(95,	68,	12,	'2019',	'2',	28850,	20850,	'1561593600',	'paid',	0,	0,	0),
(96,	70,	12,	'2019',	'2',	28850,	18850,	'1561593600',	'paid',	0,	0,	0),
(97,	69,	12,	'2019',	'2',	28850,	14850,	'1561593600',	'paid',	0,	0,	0),
(98,	87,	12,	'2019',	'2',	28850,	23050,	'1561593600',	'unpaid',	0,	0,	0),
(99,	72,	12,	'2019',	'2',	28850,	22350,	'1561593600',	'paid',	0,	0,	0),
(100,	57,	12,	'2019',	'2',	28850,	17550,	'1561593600',	'paid',	0,	0,	0),
(101,	83,	12,	'2019',	'2',	28850,	16850,	'1561593600',	'excess',	0,	0,	0),
(102,	60,	12,	'2019',	'2',	28850,	14850,	'1561593600',	'paid',	0,	0,	0),
(103,	67,	12,	'2019',	'2',	28850,	15050,	'1561593600',	'paid',	0,	0,	0),
(104,	80,	12,	'2019',	'2',	28850,	14850,	'1561593600',	'paid',	0,	0,	0),
(105,	74,	12,	'2019',	'2',	28850,	20250,	'1561593600',	'paid',	0,	0,	0),
(106,	77,	12,	'2019',	'2',	28850,	20850,	'1561593600',	'paid',	0,	0,	0),
(107,	79,	12,	'2019',	'2',	28850,	23050,	'1561593600',	'paid',	0,	0,	0),
(108,	71,	12,	'2019',	'2',	28850,	16850,	'1561593600',	'paid',	0,	0,	0),
(109,	81,	12,	'2019',	'2',	28850,	24850,	'1561593600',	'paid',	0,	0,	0),
(110,	61,	12,	'2019',	'2',	28850,	21850,	'1561593600',	'paid',	0,	0,	0),
(111,	89,	12,	'2019',	'2',	28850,	20850,	'1561593600',	'paid',	0,	0,	0),
(112,	84,	12,	'2019',	'2',	28850,	22250,	'1561593600',	'paid',	0,	0,	0),
(113,	62,	12,	'2019',	'2',	28850,	23050,	'1561593600',	'paid',	0,	0,	0),
(114,	82,	12,	'2019',	'2',	28850,	14850,	'1561593600',	'paid',	0,	0,	0),
(115,	66,	12,	'2019',	'2',	28850,	17550,	'1561593600',	'paid',	0,	0,	0),
(116,	85,	12,	'2019',	'2',	28850,	17050,	'1561593600',	'paid',	0,	0,	0),
(117,	75,	12,	'2019',	'2',	28850,	22250,	'1561593600',	'paid',	0,	0,	0),
(118,	73,	12,	'2019',	'2',	28850,	14850,	'1561593600',	'paid',	0,	0,	0),
(119,	86,	12,	'2019',	'2',	28850,	17050,	'1561593600',	'paid',	0,	0,	0),
(120,	53,	11,	'2019',	'2',	28850,	8100,	'1561593600',	'paid',	0,	0,	0),
(121,	41,	11,	'2019',	'2',	28850,	19550,	'1561593600',	'paid',	0,	0,	0),
(122,	52,	11,	'2019',	'2',	28850,	26250,	'1561593600',	'paid',	0,	0,	0),
(123,	55,	11,	'2019',	'2',	28850,	28250,	'1561593600',	'paid',	0,	0,	0),
(124,	35,	11,	'2019',	'2',	28850,	19700,	'1561593600',	'cancelled',	1,	0,	0),
(125,	37,	11,	'2019',	'2',	28850,	14000,	'1561593600',	'paid',	0,	0,	0),
(126,	47,	11,	'2019',	'2',	28850,	20250,	'1561593600',	'excess',	0,	0,	0),
(127,	49,	11,	'2019',	'2',	28850,	20850,	'1561593600',	'paid',	0,	0,	0),
(128,	43,	11,	'2019',	'2',	28850,	28850,	'1561593600',	'paid',	0,	0,	0),
(129,	50,	11,	'2019',	'2',	28850,	8100,	'1561593600',	'excess',	0,	0,	0),
(130,	46,	11,	'2019',	'2',	28850,	22850,	'1561593600',	'excess',	0,	0,	0),
(131,	51,	11,	'2019',	'2',	28850,	17550,	'1561593600',	'paid',	0,	0,	0),
(132,	40,	11,	'2019',	'2',	28850,	30850,	'1561593600',	'paid',	0,	0,	0),
(133,	42,	11,	'2019',	'2',	28850,	24850,	'1561593600',	'excess',	0,	0,	0),
(134,	39,	11,	'2019',	'2',	28850,	28250,	'1561593600',	'paid',	0,	0,	0),
(135,	38,	11,	'2019',	'2',	28850,	14500,	'1561593600',	'paid',	0,	0,	0),
(136,	44,	11,	'2019',	'2',	28850,	14850,	'1561593600',	'excess',	0,	0,	0),
(137,	36,	11,	'2019',	'2',	28850,	20850,	'1561593600',	'paid',	0,	0,	0),
(138,	48,	11,	'2019',	'2',	28850,	20850,	'1561593600',	'paid',	0,	0,	0),
(139,	56,	11,	'2019',	'2',	28850,	29350,	'1561593600',	'paid',	0,	0,	0),
(140,	54,	11,	'2019',	'2',	28850,	17050,	'1561593600',	'excess',	0,	0,	0),
(141,	45,	11,	'2019',	'2',	28850,	20250,	'1561593600',	'paid',	0,	0,	0),
(142,	28,	8,	'2019',	'2',	30350,	22350,	'1561593600',	'paid',	0,	0,	0),
(143,	32,	8,	'2019',	'2',	30350,	28350,	'1561593600',	'paid',	0,	0,	0),
(144,	25,	8,	'2019',	'2',	30350,	10850,	'1561593600',	'paid',	0,	0,	0),
(145,	24,	8,	'2019',	'2',	30350,	8850,	'1561593600',	'paid',	0,	0,	0),
(146,	33,	8,	'2019',	'2',	30350,	10850,	'1561593600',	'paid',	0,	0,	0),
(147,	12,	8,	'2019',	'2',	30350,	24350,	'1561593600',	'paid',	0,	0,	0),
(148,	26,	8,	'2019',	'2',	30350,	29750,	'1561593600',	'paid',	0,	0,	0),
(149,	10,	8,	'2019',	'2',	30350,	19050,	'1561593600',	'excess',	0,	0,	0),
(150,	31,	8,	'2019',	'2',	30350,	28350,	'1561593600',	'paid',	0,	0,	0),
(151,	34,	8,	'2019',	'2',	30350,	30350,	'1561593600',	'paid',	0,	0,	0),
(152,	29,	8,	'2019',	'2',	30350,	16350,	'1561593600',	'paid',	0,	0,	0),
(153,	27,	8,	'2019',	'2',	30350,	20350,	'1561593600',	'paid',	0,	0,	0),
(154,	9,	8,	'2019',	'2',	30350,	27750,	'1561593600',	'paid',	0,	0,	0),
(155,	30,	8,	'2019',	'2',	30350,	27350,	'1561593600',	'paid',	0,	0,	0),
(156,	6,	9,	'2019',	'2',	30350,	28350,	'1561593600',	'excess',	0,	0,	0),
(157,	5,	9,	'2019',	'2',	30350,	16350,	'1561593600',	'excess',	0,	0,	0),
(158,	4,	9,	'2019',	'2',	30350,	16350,	'1561593600',	'unpaid',	0,	0,	0),
(159,	7,	9,	'2019',	'2',	30350,	22350,	'1561593600',	'paid',	0,	0,	0),
(160,	3,	9,	'2019',	'2',	30350,	20175,	'1561593600',	'paid',	0,	0,	0),
(161,	16,	10,	'2019',	'2',	30350,	29750,	'1561593600',	'paid',	0,	0,	0),
(162,	20,	10,	'2019',	'2',	30350,	16350,	'1561593600',	'paid',	0,	0,	0),
(163,	23,	10,	'2019',	'2',	30350,	12150,	'1561593600',	'unpaid',	0,	0,	0),
(164,	22,	10,	'2019',	'2',	30350,	24350,	'1561593600',	'paid',	0,	0,	0),
(165,	21,	10,	'2019',	'2',	30350,	22350,	'1561593600',	'paid',	0,	0,	0),
(166,	15,	10,	'2019',	'2',	30350,	22350,	'1561593600',	'paid',	0,	0,	0),
(167,	19,	10,	'2019',	'2',	30350,	25350,	'1561593600',	'paid',	0,	0,	0),
(168,	14,	10,	'2019',	'2',	30350,	13200,	'1561593600',	'paid',	0,	0,	0),
(169,	18,	10,	'2019',	'2',	30350,	22350,	'1561593600',	'paid',	0,	0,	0),
(170,	109,	13,	'2019',	'2',	28850,	17050,	'1561593600',	'paid',	0,	0,	0),
(171,	120,	13,	'2019',	'2',	28850,	20250,	'1561593600',	'paid',	0,	0,	0),
(172,	194,	3,	'2019',	'2',	20050,	16550,	'1561939200',	'paid',	0,	0,	0),
(173,	195,	3,	'2019',	'2',	20050,	21550,	'1561939200',	'paid',	0,	0,	0),
(174,	196,	3,	'2019',	'2',	20050,	11850,	'1561939200',	'paid',	0,	0,	0),
(175,	197,	3,	'2019',	'2',	20050,	19750,	'1561939200',	'paid',	0,	0,	0),
(176,	198,	3,	'2019',	'2',	20050,	17250,	'1561939200',	'paid',	0,	0,	0),
(177,	199,	3,	'2019',	'2',	20050,	19050,	'1561939200',	'paid',	0,	0,	0),
(178,	200,	3,	'2019',	'2',	20050,	17250,	'1561939200',	'paid',	0,	0,	0),
(179,	201,	3,	'2019',	'2',	20050,	7000,	'1561939200',	'paid',	0,	0,	0),
(180,	202,	3,	'2019',	'2',	20050,	6600,	'1561939200',	'paid',	0,	0,	0),
(181,	203,	3,	'2019',	'2',	20050,	17250,	'1561939200',	'paid',	0,	0,	0),
(182,	204,	3,	'2019',	'2',	20050,	15050,	'1561939200',	'paid',	0,	0,	0),
(183,	205,	3,	'2019',	'2',	20050,	16550,	'1561939200',	'paid',	0,	0,	0),
(184,	206,	3,	'2019',	'2',	20050,	17750,	'1561939200',	'paid',	0,	0,	0),
(185,	207,	3,	'2019',	'2',	20050,	17550,	'1561939200',	'paid',	0,	0,	0),
(186,	208,	3,	'2019',	'2',	20050,	12850,	'1561939200',	'excess',	0,	0,	0),
(187,	209,	3,	'2019',	'2',	20050,	14550,	'1561939200',	'paid',	0,	0,	0),
(188,	210,	3,	'2019',	'2',	20050,	12100,	'1561939200',	'unpaid',	0,	0,	0),
(189,	211,	3,	'2019',	'2',	20050,	17850,	'1561939200',	'paid',	0,	0,	0),
(190,	212,	3,	'2019',	'2',	20050,	11850,	'1561939200',	'paid',	0,	0,	0),
(191,	213,	3,	'2019',	'2',	20050,	11850,	'1561939200',	'paid',	0,	0,	0),
(192,	214,	3,	'2019',	'2',	20050,	11850,	'1561939200',	'paid',	0,	0,	0),
(193,	215,	3,	'2019',	'2',	20050,	17850,	'1561939200',	'paid',	0,	0,	0),
(194,	216,	3,	'2019',	'2',	20050,	11850,	'1561939200',	'paid',	0,	0,	0),
(195,	217,	3,	'2019',	'2',	20050,	17850,	'1561939200',	'paid',	0,	0,	0),
(196,	218,	3,	'2019',	'2',	20050,	20050,	'1561939200',	'paid',	0,	0,	0),
(197,	219,	3,	'2019',	'2',	20050,	13850,	'1561939200',	'unpaid',	0,	0,	0),
(198,	220,	3,	'2019',	'2',	20050,	17850,	'1561939200',	'paid',	0,	0,	0),
(199,	221,	3,	'2019',	'2',	20050,	19450,	'1561939200',	'paid',	0,	0,	0),
(200,	222,	3,	'2019',	'2',	20050,	11850,	'1561939200',	'paid',	0,	0,	0),
(201,	223,	3,	'2019',	'2',	20050,	13850,	'1561939200',	'paid',	0,	0,	0),
(202,	224,	3,	'2019',	'2',	20050,	15550,	'1561939200',	'paid',	0,	0,	0),
(203,	225,	3,	'2019',	'2',	20050,	15150,	'1561939200',	'paid',	0,	0,	0),
(204,	8,	9,	'2019',	'2',	30550,	22350,	'1561939200',	'paid',	0,	0,	0),
(205,	226,	10,	'2019',	'2',	30750,	22350,	'1561939200',	'paid',	0,	0,	0),
(206,	178,	7,	'2019',	'2',	21050,	6600,	'1561939200',	'unpaid',	0,	0,	0),
(207,	171,	7,	'2019',	'2',	21050,	19450,	'1561939200',	'paid',	0,	0,	0),
(208,	189,	7,	'2019',	'2',	21050,	13850,	'1561939200',	'paid',	0,	0,	0),
(209,	192,	7,	'2019',	'2',	21050,	17550,	'1561939200',	'paid',	0,	0,	0),
(210,	180,	7,	'2019',	'2',	21050,	6600,	'1561939200',	'paid',	0,	0,	0),
(211,	227,	7,	'2019',	'2',	21050,	16950,	'1561939200',	'unpaid',	0,	0,	0),
(212,	162,	7,	'2019',	'2',	21050,	16050,	'1561939200',	'paid',	0,	0,	0),
(213,	170,	7,	'2019',	'2',	21050,	11850,	'1561939200',	'paid',	0,	0,	0),
(214,	229,	7,	'2019',	'2',	21050,	11850,	'1561939200',	'paid',	0,	0,	0),
(215,	230,	14,	'2019',	'2',	21050,	22050,	'1561939200',	'paid',	0,	0,	0),
(216,	231,	14,	'2019',	'2',	21050,	17850,	'1561939200',	'unpaid',	0,	0,	0),
(217,	149,	14,	'2019',	'2',	21050,	10800,	'1561939200',	'paid',	0,	0,	0),
(218,	150,	14,	'2019',	'2',	21050,	8800,	'1561939200',	'paid',	0,	0,	0),
(219,	90,	12,	'2019',	'2',	29050,	26050,	'1561939200',	'paid',	0,	0,	0),
(220,	78,	12,	'2019',	'2',	29050,	23050,	'1561939200',	'paid',	0,	0,	0),
(221,	233,	8,	'2019',	'2',	30550,	24350,	'1561939200',	'paid',	0,	0,	0),
(222,	11,	8,	'2019',	'2',	30550,	6000,	'1561939200',	'paid',	0,	0,	0),
(223,	232,	8,	'2019',	'2',	30550,	16350,	'1561939200',	'unpaid',	0,	0,	0),
(224,	234,	7,	'2019',	'2',	21050,	4000,	'1561939200',	'paid',	0,	0,	0),
(225,	181,	7,	'2019',	'2',	21050,	17050,	'1561939200',	'paid',	0,	0,	0),
(226,	191,	7,	'2019',	'2',	21050,	11850,	'1561939200',	'paid',	0,	0,	0),
(227,	176,	7,	'2019',	'2',	21050,	22050,	'1561939200',	'paid',	0,	0,	0),
(228,	119,	13,	'2019',	'2',	29050,	19050,	'1564617600',	'paid',	0,	0,	0),
(229,	114,	13,	'2019',	'2',	29050,	200,	'1564617600',	'paid',	0,	0,	0),
(230,	116,	13,	'2019',	'2',	29050,	5400,	'1564617600',	'paid',	0,	0,	0),
(231,	111,	13,	'2019',	'2',	29050,	10350,	'1564617600',	'unpaid',	0,	0,	0),
(232,	121,	13,	'2019',	'2',	29050,	850,	'1564617600',	'paid',	0,	0,	0),
(233,	32,	8,	'2019',	'2',	30550,	500,	'1564617600',	'paid',	0,	0,	0),
(234,	20,	10,	'2019',	'2',	30750,	6000,	'1564617600',	'paid',	0,	0,	0),
(235,	158,	14,	'2019',	'2',	21050,	2000,	'1564617600',	'paid',	0,	0,	0),
(236,	177,	7,	'2019',	'2',	21050,	2200,	'1564617600',	'excess',	0,	0,	0),
(237,	227,	3,	'2019',	'2',	21050,	14950,	'1564617600',	'unpaid',	0,	0,	0),
(238,	208,	3,	'2019',	'2',	20050,	650,	'1564617600',	'paid',	0,	0,	0),
(239,	74,	12,	'2019',	'2',	29050,	2000,	'1564617600',	'paid',	0,	0,	0),
(240,	77,	12,	'2019',	'2',	29050,	2000,	'1564617600',	'excess',	0,	0,	0),
(241,	81,	12,	'2019',	'2',	29050,	700,	'1564617600',	'unpaid',	0,	0,	0),
(242,	222,	3,	'2019',	'2',	20050,	0,	'1564617600',	'paid',	0,	0,	0),
(243,	168,	7,	'2019',	'2',	21050,	22050,	'1564617600',	'paid',	0,	0,	0),
(244,	173,	7,	'2019',	'2',	21050,	2000,	'1567209600',	'unpaid',	0,	0,	0),
(245,	2,	7,	'2019',	'2',	21050,	200,	'1567209600',	'paid',	0,	0,	0),
(246,	171,	7,	'2019',	'2',	21050,	2000,	'1567209600',	'paid',	0,	0,	0),
(247,	181,	7,	'2019',	'2',	21050,	2000,	'1567209600',	'paid',	0,	0,	0),
(248,	147,	14,	'2019',	'2',	21050,	2000,	'1567209600',	'paid',	0,	0,	0),
(249,	159,	14,	'2019',	'2',	21050,	2000,	'1567209600',	'unpaid',	0,	0,	0),
(250,	55,	11,	'2019',	'2',	29050,	2000,	'1567209600',	'paid',	0,	0,	0),
(251,	5,	9,	'2019',	'2',	30550,	2000,	'1567209600',	'excess',	0,	0,	0),
(252,	164,	7,	'2019',	'3',	0,	11195,	'1577746800',	'paid',	0,	0,	0),
(253,	164,	7,	'2019',	'3',	21050,	11150,	'1577487600',	'unpaid',	0,	0,	0),
(254,	10,	8,	'2019',	'3',	30550,	12650,	'1577487600',	'excess',	0,	0,	0),
(255,	108,	13,	'2019',	'3',	29050,	17600,	'1575068400',	'unpaid',	0,	0,	15),
(256,	154,	14,	'2019',	'3',	21050,	9700,	'1569794400',	'paid',	0,	0,	14),
(257,	151,	14,	'2019',	'3',	21050,	14450,	'1567288800',	'unpaid',	0,	0,	0),
(258,	134,	14,	'2019',	'3',	21050,	15250,	'1567288800',	'unpaid',	0,	0,	0),
(259,	46,	11,	'2019',	'3',	29050,	12500,	'1567288800',	'unpaid',	0,	0,	0),
(260,	35,	11,	'2019',	'3',	29050,	31300,	'1567288800',	'unpaid',	0,	0,	0);

CREATE TABLE `invoice_details` (
  `invoice_details_id` int(200) NOT NULL AUTO_INCREMENT,
  `invoice_id` int(200) NOT NULL,
  `detail_id` int(200) NOT NULL,
  `amount_due` int(200) NOT NULL,
  PRIMARY KEY (`invoice_details_id`),
  KEY `detail_id` (`detail_id`),
  KEY `invoice_id` (`invoice_id`),
  CONSTRAINT `invoice_details_ibfk_1` FOREIGN KEY (`detail_id`) REFERENCES `fees_structure_details` (`detail_id`),
  CONSTRAINT `invoice_details_ibfk_2` FOREIGN KEY (`invoice_id`) REFERENCES `invoice` (`invoice_id`)
) ENGINE=InnoDB DEFAULT CHARSET=latin1;

INSERT INTO `invoice_details` (`invoice_details_id`, `invoice_id`, `detail_id`, `amount_due`) VALUES
(5,	2,	79,	8000),
(6,	2,	80,	350),
(7,	2,	81,	2800),
(8,	2,	82,	700),
(9,	3,	79,	8000),
(10,	3,	80,	350),
(11,	3,	81,	2800),
(12,	3,	82,	700),
(13,	3,	83,	6000),
(14,	3,	85,	0),
(15,	4,	79,	8000),
(16,	4,	80,	350),
(17,	4,	81,	2800),
(18,	4,	82,	700),
(19,	4,	83,	5400),
(20,	4,	84,	2000),
(21,	5,	79,	8000),
(22,	5,	80,	350),
(23,	5,	81,	2800),
(24,	5,	82,	700),
(25,	6,	79,	8000),
(26,	6,	80,	350),
(27,	6,	81,	2800),
(28,	6,	82,	700),
(29,	6,	83,	3000),
(30,	6,	84,	2000),
(31,	7,	78,	3300),
(32,	7,	79,	8000),
(33,	7,	80,	350),
(34,	7,	81,	2800),
(35,	7,	82,	700),
(36,	8,	79,	8000),
(37,	8,	80,	350),
(38,	8,	81,	2800),
(39,	8,	82,	700),
(40,	9,	79,	8000),
(41,	9,	80,	350),
(42,	9,	81,	2800),
(43,	9,	82,	700),
(44,	10,	79,	8000),
(45,	10,	80,	350),
(46,	10,	81,	2800),
(47,	10,	82,	700),
(48,	10,	83,	6000),
(49,	11,	79,	8000),
(50,	11,	80,	350),
(51,	11,	81,	2800),
(52,	11,	82,	700),
(53,	12,	79,	8000),
(54,	12,	80,	350),
(55,	12,	81,	2800),
(56,	12,	82,	700),
(57,	13,	79,	8000),
(58,	13,	80,	350),
(59,	13,	81,	2800),
(60,	13,	82,	700),
(61,	13,	83,	3000),
(62,	14,	79,	8000),
(63,	14,	80,	350),
(64,	14,	81,	2800),
(65,	14,	82,	700),
(66,	15,	79,	8000),
(67,	15,	80,	350),
(68,	15,	81,	2800),
(69,	15,	82,	700),
(70,	15,	84,	2000),
(71,	16,	79,	8000),
(72,	16,	80,	350),
(73,	16,	81,	2800),
(74,	16,	82,	700),
(75,	16,	83,	6000),
(76,	17,	79,	8000),
(77,	17,	80,	350),
(78,	17,	81,	2800),
(79,	17,	82,	700),
(80,	17,	83,	3000),
(81,	18,	79,	8000),
(82,	18,	80,	350),
(83,	18,	81,	2800),
(84,	18,	82,	700),
(85,	19,	79,	8000),
(86,	19,	80,	350),
(87,	19,	81,	2800),
(88,	19,	82,	700),
(89,	19,	83,	5400),
(90,	20,	79,	8000),
(91,	20,	80,	350),
(92,	20,	81,	2800),
(93,	20,	82,	700),
(94,	20,	83,	6000),
(95,	21,	79,	8000),
(96,	21,	80,	350),
(97,	21,	81,	2800),
(98,	21,	82,	700),
(99,	22,	79,	8000),
(100,	22,	80,	350),
(101,	22,	81,	2800),
(102,	22,	82,	700),
(103,	22,	83,	2700),
(104,	23,	79,	8000),
(105,	23,	80,	350),
(106,	23,	81,	2800),
(107,	23,	82,	700),
(108,	23,	84,	2000),
(109,	23,	85,	0),
(110,	24,	79,	8000),
(111,	24,	80,	350),
(112,	24,	81,	2800),
(113,	24,	82,	700),
(114,	25,	79,	8000),
(115,	25,	80,	350),
(116,	25,	81,	2800),
(117,	25,	82,	700),
(118,	25,	83,	0),
(119,	26,	79,	8000),
(120,	26,	80,	350),
(121,	26,	81,	2800),
(122,	26,	82,	700),
(123,	26,	84,	2000),
(124,	27,	92,	8000),
(125,	27,	93,	350),
(126,	27,	94,	2800),
(127,	27,	95,	700),
(128,	28,	92,	8000),
(129,	28,	93,	350),
(130,	28,	94,	2800),
(131,	28,	95,	700),
(132,	28,	97,	2000),
(133,	29,	92,	8000),
(134,	29,	93,	350),
(135,	29,	94,	2800),
(136,	29,	95,	700),
(137,	30,	92,	8000),
(138,	30,	93,	350),
(139,	30,	94,	2800),
(140,	30,	95,	700),
(141,	30,	96,	5400),
(142,	30,	97,	2000),
(143,	31,	92,	8000),
(144,	31,	93,	350),
(145,	31,	94,	2800),
(146,	31,	95,	700),
(147,	31,	96,	5400),
(148,	32,	92,	8000),
(149,	32,	93,	350),
(150,	32,	94,	2800),
(151,	32,	95,	700),
(152,	32,	96,	2700),
(153,	32,	98,	2000),
(154,	33,	92,	8000),
(155,	33,	93,	350),
(156,	33,	94,	2800),
(157,	33,	95,	700),
(158,	33,	96,	5400),
(159,	33,	97,	2000),
(160,	34,	92,	8000),
(161,	34,	93,	350),
(162,	34,	94,	2800),
(163,	34,	95,	700),
(164,	35,	92,	8000),
(165,	35,	93,	350),
(166,	35,	94,	2800),
(167,	35,	95,	700),
(168,	35,	96,	6000),
(169,	35,	97,	2000),
(170,	36,	92,	8000),
(171,	36,	93,	350),
(172,	36,	94,	2800),
(173,	36,	95,	700),
(174,	36,	96,	5400),
(175,	36,	97,	0),
(176,	37,	92,	8000),
(177,	37,	93,	350),
(178,	37,	94,	2800),
(179,	37,	95,	700),
(180,	37,	96,	6000),
(181,	38,	92,	8000),
(182,	38,	93,	350),
(183,	38,	94,	2800),
(184,	38,	95,	700),
(185,	38,	96,	5400),
(186,	39,	92,	8000),
(187,	39,	93,	350),
(188,	39,	94,	2800),
(189,	39,	95,	700),
(190,	39,	96,	2700),
(191,	39,	97,	2000),
(192,	39,	98,	0),
(193,	40,	92,	8000),
(194,	40,	93,	350),
(195,	40,	94,	2800),
(196,	40,	95,	700),
(197,	41,	92,	8000),
(198,	41,	93,	350),
(199,	41,	94,	2800),
(200,	41,	95,	700),
(201,	41,	96,	5400),
(202,	41,	97,	2000),
(203,	41,	98,	2000),
(204,	42,	92,	8000),
(205,	42,	93,	350),
(206,	42,	94,	2800),
(207,	42,	95,	700),
(208,	42,	96,	5400),
(209,	42,	97,	2000),
(210,	43,	92,	8000),
(211,	43,	93,	350),
(212,	43,	94,	2800),
(213,	43,	95,	700),
(214,	43,	96,	5400),
(215,	44,	92,	8000),
(216,	44,	93,	350),
(217,	44,	94,	2800),
(218,	44,	95,	700),
(219,	44,	98,	2000),
(220,	45,	92,	8000),
(221,	45,	93,	350),
(222,	45,	94,	2800),
(223,	45,	95,	700),
(224,	45,	96,	5400),
(225,	46,	92,	8000),
(226,	46,	93,	350),
(227,	46,	94,	2800),
(228,	46,	95,	700),
(229,	46,	97,	2000),
(230,	47,	92,	8000),
(231,	47,	93,	350),
(232,	47,	94,	2800),
(233,	47,	95,	700),
(234,	47,	96,	6000),
(235,	47,	97,	2000),
(236,	48,	92,	8000),
(237,	48,	93,	350),
(238,	48,	94,	2800),
(239,	48,	95,	700),
(240,	48,	96,	2700),
(241,	48,	97,	2000),
(242,	49,	92,	8000),
(243,	49,	93,	350),
(244,	49,	94,	2800),
(245,	49,	95,	700),
(246,	50,	92,	8000),
(247,	50,	93,	350),
(248,	50,	94,	2800),
(249,	50,	95,	700),
(250,	50,	96,	6000),
(251,	50,	98,	2000),
(252,	51,	92,	8000),
(253,	51,	93,	350),
(254,	51,	94,	2800),
(255,	51,	95,	700),
(256,	51,	96,	1000),
(257,	51,	97,	2000),
(258,	52,	92,	8000),
(259,	52,	93,	350),
(260,	52,	94,	2800),
(261,	52,	95,	700),
(262,	52,	96,	3000),
(263,	52,	97,	2000),
(264,	53,	92,	8000),
(265,	53,	93,	350),
(266,	53,	94,	2800),
(267,	53,	95,	700),
(268,	54,	92,	8000),
(269,	54,	93,	350),
(270,	54,	94,	2800),
(271,	54,	95,	700),
(272,	54,	96,	5400),
(273,	54,	98,	2000),
(274,	55,	92,	8000),
(275,	55,	93,	350),
(276,	55,	94,	2800),
(277,	55,	95,	700),
(278,	55,	96,	2700),
(279,	56,	92,	8000),
(280,	56,	93,	350),
(281,	56,	94,	2800),
(282,	56,	95,	700),
(283,	56,	96,	6000),
(284,	57,	92,	8000),
(285,	57,	93,	350),
(286,	57,	94,	2800),
(287,	57,	95,	700),
(288,	57,	96,	5400),
(289,	58,	92,	8000),
(290,	58,	93,	350),
(291,	58,	94,	2800),
(292,	58,	95,	700),
(293,	58,	96,	5400),
(294,	59,	92,	8000),
(295,	59,	93,	350),
(296,	59,	94,	2800),
(297,	59,	95,	700),
(298,	59,	97,	2000),
(299,	60,	92,	8000),
(300,	60,	93,	350),
(301,	60,	94,	2800),
(302,	60,	95,	700),
(303,	61,	92,	8000),
(304,	61,	93,	350),
(305,	61,	94,	2800),
(306,	61,	95,	700),
(307,	61,	96,	1350),
(308,	62,	66,	11000),
(309,	62,	67,	350),
(310,	62,	68,	2800),
(311,	62,	69,	700),
(312,	62,	70,	5400),
(313,	62,	71,	2000),
(314,	63,	66,	11000),
(315,	63,	67,	350),
(316,	63,	68,	2800),
(317,	63,	69,	700),
(318,	64,	66,	4250),
(319,	64,	67,	350),
(320,	64,	68,	2800),
(321,	64,	69,	700),
(322,	65,	66,	11000),
(323,	65,	67,	350),
(324,	65,	68,	2800),
(325,	65,	69,	700),
(326,	66,	66,	11000),
(327,	66,	67,	350),
(328,	66,	68,	2800),
(329,	66,	69,	700),
(330,	66,	70,	5400),
(331,	67,	66,	4250),
(332,	67,	67,	350),
(333,	67,	68,	2800),
(334,	67,	69,	700),
(335,	68,	66,	11000),
(336,	68,	67,	350),
(337,	68,	68,	2800),
(338,	68,	69,	700),
(339,	68,	71,	2000),
(340,	69,	66,	11000),
(341,	69,	67,	350),
(342,	69,	68,	2800),
(343,	69,	69,	700),
(344,	69,	70,	6000),
(345,	70,	66,	11000),
(346,	70,	67,	350),
(347,	70,	68,	2800),
(348,	70,	69,	700),
(349,	70,	70,	6000),
(350,	70,	72,	2000),
(351,	71,	66,	11000),
(352,	71,	67,	350),
(353,	71,	68,	2800),
(354,	71,	69,	700),
(355,	72,	66,	11000),
(356,	72,	67,	350),
(357,	72,	68,	2800),
(358,	72,	69,	700),
(359,	73,	66,	11000),
(360,	73,	67,	350),
(361,	73,	68,	2800),
(362,	73,	69,	700),
(363,	74,	66,	11000),
(364,	74,	67,	350),
(365,	74,	68,	2800),
(366,	74,	69,	700),
(367,	74,	72,	2000),
(368,	75,	66,	11000),
(369,	75,	67,	350),
(370,	75,	68,	2800),
(371,	75,	69,	700),
(372,	76,	66,	11000),
(373,	76,	67,	350),
(374,	76,	68,	2800),
(375,	76,	69,	700),
(376,	76,	70,	3000),
(377,	76,	72,	2000),
(378,	77,	66,	11000),
(379,	77,	67,	350),
(380,	77,	68,	2800),
(381,	77,	69,	700),
(382,	77,	71,	2000),
(383,	78,	66,	11000),
(384,	78,	67,	350),
(385,	78,	68,	2800),
(386,	78,	69,	700),
(387,	79,	66,	11000),
(388,	79,	67,	350),
(389,	79,	68,	2800),
(390,	79,	69,	700),
(391,	79,	70,	6000),
(392,	80,	66,	11000),
(393,	80,	67,	350),
(394,	80,	68,	2800),
(395,	80,	69,	700),
(396,	80,	70,	5400),
(397,	81,	66,	4250),
(398,	81,	67,	350),
(399,	81,	68,	2800),
(400,	81,	69,	700),
(401,	81,	70,	6000),
(402,	82,	66,	11000),
(403,	82,	67,	350),
(404,	82,	68,	2800),
(405,	82,	69,	700),
(406,	82,	70,	6000),
(407,	82,	72,	2000),
(408,	83,	66,	11000),
(409,	83,	67,	350),
(410,	83,	68,	2800),
(411,	83,	69,	700),
(412,	84,	66,	11000),
(413,	84,	67,	350),
(414,	84,	68,	2800),
(415,	84,	69,	700),
(416,	85,	66,	11000),
(417,	85,	67,	350),
(418,	85,	68,	2800),
(419,	85,	69,	700),
(420,	86,	66,	11000),
(421,	86,	67,	350),
(422,	86,	68,	2800),
(423,	86,	69,	700),
(424,	86,	72,	2000),
(425,	87,	66,	11000),
(426,	87,	67,	350),
(427,	87,	68,	2800),
(428,	87,	69,	700),
(429,	88,	53,	11000),
(430,	88,	54,	350),
(431,	88,	55,	2800),
(432,	88,	56,	700),
(433,	89,	53,	11000),
(434,	89,	54,	350),
(435,	89,	55,	2800),
(436,	89,	56,	700),
(437,	89,	57,	6000),
(438,	89,	58,	2000),
(439,	90,	53,	11000),
(440,	90,	54,	350),
(441,	90,	55,	2800),
(442,	90,	56,	700),
(443,	90,	57,	6000),
(444,	90,	58,	2000),
(445,	90,	59,	2000),
(446,	91,	53,	11000),
(447,	91,	54,	350),
(448,	91,	55,	2800),
(449,	91,	56,	700),
(450,	91,	57,	2700),
(451,	91,	59,	2000),
(452,	92,	53,	11000),
(453,	92,	54,	350),
(454,	92,	55,	2800),
(455,	92,	56,	700),
(456,	92,	57,	5400),
(457,	93,	53,	11000),
(458,	93,	54,	350),
(459,	93,	55,	2800),
(460,	93,	56,	700),
(461,	93,	57,	6000),
(462,	94,	53,	11000),
(463,	94,	54,	350),
(464,	94,	55,	2800),
(465,	94,	56,	700),
(466,	95,	53,	11000),
(467,	95,	54,	350),
(468,	95,	55,	2800),
(469,	95,	56,	700),
(470,	95,	57,	6000),
(471,	96,	53,	11000),
(472,	96,	54,	350),
(473,	96,	55,	2800),
(474,	96,	56,	700),
(475,	96,	57,	4000),
(476,	97,	53,	11000),
(477,	97,	54,	350),
(478,	97,	55,	2800),
(479,	97,	56,	700),
(480,	97,	57,	0),
(481,	98,	53,	11000),
(482,	98,	54,	350),
(483,	98,	55,	2800),
(484,	98,	56,	700),
(485,	98,	57,	6000),
(486,	99,	53,	11000),
(487,	99,	54,	350),
(488,	99,	55,	2800),
(489,	99,	56,	700),
(490,	99,	57,	7500),
(491,	100,	53,	11000),
(492,	100,	54,	350),
(493,	100,	55,	2800),
(494,	100,	56,	700),
(495,	100,	57,	2700),
(496,	101,	53,	11000),
(497,	101,	54,	350),
(498,	101,	55,	2800),
(499,	101,	56,	700),
(500,	101,	58,	2000),
(501,	102,	53,	11000),
(502,	102,	54,	350),
(503,	102,	55,	2800),
(504,	102,	56,	700),
(505,	103,	53,	11000),
(506,	103,	54,	350),
(507,	103,	55,	2800),
(508,	103,	56,	700),
(509,	104,	53,	11000),
(510,	104,	54,	350),
(511,	104,	55,	2800),
(512,	104,	56,	700),
(513,	105,	53,	11000),
(514,	105,	54,	350),
(515,	105,	55,	2800),
(516,	105,	56,	700),
(517,	106,	53,	11000),
(518,	106,	54,	350),
(519,	106,	55,	2800),
(520,	106,	56,	700),
(521,	106,	57,	6000),
(522,	107,	53,	11000),
(523,	107,	54,	350),
(524,	107,	55,	2800),
(525,	107,	56,	700),
(526,	107,	57,	6000),
(527,	107,	59,	0),
(528,	108,	53,	11000),
(529,	108,	54,	350),
(530,	108,	55,	2800),
(531,	108,	56,	700),
(532,	108,	58,	2000),
(533,	109,	53,	11000),
(534,	109,	54,	350),
(535,	109,	55,	2800),
(536,	109,	56,	700),
(537,	109,	57,	6000),
(538,	109,	58,	2000),
(539,	109,	59,	2000),
(540,	110,	53,	11000),
(541,	110,	54,	350),
(542,	110,	55,	2800),
(543,	110,	56,	700),
(544,	110,	57,	3000),
(545,	110,	58,	2000),
(546,	110,	59,	2000),
(547,	111,	53,	11000),
(548,	111,	54,	350),
(549,	111,	55,	2800),
(550,	111,	56,	700),
(551,	111,	57,	6000),
(552,	112,	53,	11000),
(553,	112,	54,	350),
(554,	112,	55,	2800),
(555,	112,	56,	700),
(556,	112,	57,	5400),
(557,	112,	59,	2000),
(558,	113,	53,	11000),
(559,	113,	54,	350),
(560,	113,	55,	2800),
(561,	113,	56,	700),
(562,	113,	57,	6000),
(563,	114,	53,	11000),
(564,	114,	54,	350),
(565,	114,	55,	2800),
(566,	114,	56,	700),
(567,	115,	53,	11000),
(568,	115,	54,	350),
(569,	115,	55,	2800),
(570,	115,	56,	700),
(571,	116,	53,	11000),
(572,	116,	54,	350),
(573,	116,	55,	2800),
(574,	116,	56,	700),
(575,	117,	53,	11000),
(576,	117,	54,	350),
(577,	117,	55,	2800),
(578,	117,	56,	700),
(579,	117,	57,	5400),
(580,	117,	58,	2000),
(581,	118,	53,	11000),
(582,	118,	54,	350),
(583,	118,	55,	2800),
(584,	118,	56,	700),
(585,	119,	53,	11000),
(586,	119,	54,	350),
(587,	119,	55,	2800),
(588,	119,	56,	700),
(589,	120,	40,	4250),
(590,	120,	41,	350),
(591,	120,	42,	2800),
(592,	120,	43,	700),
(593,	121,	40,	11000),
(594,	121,	41,	350),
(595,	121,	42,	2800),
(596,	121,	43,	700),
(597,	121,	44,	2700),
(598,	121,	46,	2000),
(599,	122,	40,	11000),
(600,	122,	41,	350),
(601,	122,	42,	2800),
(602,	122,	43,	700),
(603,	122,	44,	5400),
(604,	123,	40,	11000),
(605,	123,	41,	350),
(606,	123,	42,	2800),
(607,	123,	43,	700),
(608,	123,	44,	5400),
(609,	123,	46,	2000),
(610,	124,	40,	11000),
(611,	124,	41,	350),
(612,	124,	42,	2800),
(613,	124,	43,	700),
(614,	125,	40,	4250),
(615,	125,	41,	250),
(616,	125,	42,	2800),
(617,	125,	43,	700),
(618,	126,	40,	11000),
(619,	126,	41,	350),
(620,	126,	42,	2800),
(621,	126,	43,	700),
(622,	126,	44,	5400),
(623,	126,	46,	0),
(624,	127,	40,	11000),
(625,	127,	41,	350),
(626,	127,	42,	2800),
(627,	127,	43,	700),
(628,	127,	44,	6000),
(629,	128,	40,	11000),
(630,	128,	41,	350),
(631,	128,	42,	2800),
(632,	128,	43,	700),
(633,	128,	44,	6000),
(634,	128,	46,	2000),
(635,	129,	40,	4250),
(636,	129,	41,	350),
(637,	129,	42,	2800),
(638,	129,	43,	700),
(639,	130,	40,	11000),
(640,	130,	41,	350),
(641,	130,	42,	2800),
(642,	130,	43,	700),
(643,	131,	40,	11000),
(644,	131,	41,	350),
(645,	131,	42,	2800),
(646,	131,	43,	700),
(647,	131,	44,	2700),
(648,	132,	40,	11000),
(649,	132,	41,	350),
(650,	132,	42,	2800),
(651,	132,	43,	700),
(652,	132,	44,	6000),
(653,	132,	45,	2000),
(654,	132,	46,	2000),
(655,	133,	40,	11000),
(656,	133,	41,	350),
(657,	133,	42,	2800),
(658,	133,	43,	700),
(659,	133,	44,	6000),
(660,	133,	45,	2000),
(661,	133,	46,	2000),
(662,	134,	40,	11000),
(663,	134,	41,	350),
(664,	134,	42,	2800),
(665,	134,	43,	700),
(666,	134,	44,	5400),
(667,	134,	46,	2000),
(668,	135,	40,	11000),
(669,	135,	41,	0),
(670,	135,	42,	2800),
(671,	135,	43,	700),
(672,	135,	44,	0),
(673,	135,	46,	0),
(674,	136,	40,	11000),
(675,	136,	41,	350),
(676,	136,	42,	2800),
(677,	136,	43,	700),
(678,	137,	40,	11000),
(679,	137,	41,	350),
(680,	137,	42,	2800),
(681,	137,	43,	700),
(682,	137,	46,	0),
(683,	138,	40,	11000),
(684,	138,	41,	350),
(685,	138,	42,	2800),
(686,	138,	43,	700),
(687,	139,	40,	11000),
(688,	139,	41,	350),
(689,	139,	42,	2800),
(690,	139,	43,	700),
(691,	139,	44,	8500),
(692,	140,	40,	11000),
(693,	140,	41,	350),
(694,	140,	42,	2800),
(695,	140,	43,	700),
(696,	140,	44,	5400),
(697,	141,	40,	11000),
(698,	141,	41,	350),
(699,	141,	42,	2800),
(700,	141,	43,	700),
(701,	141,	44,	5400),
(702,	142,	27,	11800),
(703,	142,	28,	350),
(704,	142,	29,	3500),
(705,	142,	30,	700),
(706,	143,	27,	11800),
(707,	143,	28,	350),
(708,	143,	29,	3500),
(709,	143,	30,	700),
(710,	143,	31,	6000),
(711,	144,	27,	4300),
(712,	144,	28,	350),
(713,	144,	29,	3500),
(714,	144,	30,	700),
(715,	144,	32,	2000),
(716,	145,	27,	4300),
(717,	145,	28,	350),
(718,	145,	29,	3500),
(719,	145,	30,	700),
(720,	146,	27,	4300),
(721,	146,	28,	350),
(722,	146,	29,	3500),
(723,	146,	30,	700),
(724,	147,	27,	11800),
(725,	147,	28,	350),
(726,	147,	29,	3500),
(727,	147,	30,	700),
(728,	147,	32,	2000),
(729,	148,	27,	11800),
(730,	148,	28,	350),
(731,	148,	29,	3500),
(732,	148,	30,	700),
(733,	148,	31,	5400),
(734,	148,	32,	2000),
(735,	149,	27,	11800),
(736,	149,	28,	350),
(737,	149,	29,	3500),
(738,	149,	30,	700),
(739,	149,	31,	2700),
(740,	150,	27,	11800),
(741,	150,	28,	350),
(742,	150,	29,	3500),
(743,	150,	30,	700),
(744,	150,	31,	6000),
(745,	151,	27,	11800),
(746,	151,	28,	350),
(747,	151,	29,	3500),
(748,	151,	30,	700),
(749,	151,	31,	6000),
(750,	152,	27,	11800),
(751,	152,	28,	350),
(752,	152,	29,	3500),
(753,	152,	30,	700),
(754,	153,	27,	11800),
(755,	153,	28,	350),
(756,	153,	29,	3500),
(757,	153,	30,	700),
(758,	153,	31,	4000),
(759,	154,	27,	11800),
(760,	154,	28,	350),
(761,	154,	29,	3500),
(762,	154,	30,	700),
(763,	154,	31,	5400),
(764,	155,	27,	11800),
(765,	155,	28,	350),
(766,	155,	29,	3500),
(767,	155,	30,	700),
(768,	155,	31,	3000),
(769,	155,	32,	2000),
(770,	156,	13,	11800),
(771,	156,	14,	350),
(772,	156,	15,	3500),
(773,	156,	16,	700),
(774,	156,	17,	6000),
(775,	157,	13,	11800),
(776,	157,	14,	350),
(777,	157,	15,	3500),
(778,	157,	16,	700),
(779,	158,	13,	11800),
(780,	158,	14,	350),
(781,	158,	15,	3500),
(782,	158,	16,	700),
(783,	159,	13,	11800),
(784,	159,	14,	350),
(785,	159,	15,	3500),
(786,	159,	16,	700),
(787,	160,	13,	3625),
(788,	160,	14,	350),
(789,	160,	15,	3500),
(790,	160,	16,	700),
(791,	160,	17,	6000),
(792,	161,	117,	11800),
(793,	161,	118,	350),
(794,	161,	119,	3500),
(795,	161,	120,	700),
(796,	161,	121,	5400),
(797,	161,	122,	2000),
(798,	162,	117,	11800),
(799,	162,	118,	350),
(800,	162,	119,	3500),
(801,	162,	120,	700),
(802,	163,	117,	10650),
(803,	163,	118,	1050),
(804,	163,	119,	0),
(805,	163,	120,	450),
(806,	164,	117,	11800),
(807,	164,	118,	350),
(808,	164,	119,	3500),
(809,	164,	120,	700),
(810,	164,	123,	2000),
(811,	165,	117,	11800),
(812,	165,	118,	350),
(813,	165,	119,	3500),
(814,	165,	120,	700),
(815,	166,	117,	11800),
(816,	166,	118,	350),
(817,	166,	119,	3500),
(818,	166,	120,	700),
(819,	167,	117,	11800),
(820,	167,	118,	350),
(821,	167,	119,	3500),
(822,	167,	120,	700),
(823,	167,	121,	3000),
(824,	168,	117,	4000),
(825,	168,	118,	0),
(826,	168,	119,	3000),
(827,	168,	120,	0),
(828,	169,	117,	11800),
(829,	169,	118,	350),
(830,	169,	119,	3500),
(831,	169,	120,	700),
(832,	169,	121,	0),
(833,	170,	66,	11000),
(834,	170,	67,	350),
(835,	170,	68,	2800),
(836,	170,	69,	700),
(837,	171,	66,	11000),
(838,	171,	67,	350),
(839,	171,	68,	2800),
(840,	171,	69,	700),
(841,	171,	70,	5400),
(842,	5,	128,	2200),
(843,	30,	136,	2200),
(844,	31,	136,	2200),
(845,	32,	136,	2200),
(846,	33,	136,	2200),
(847,	36,	136,	2200),
(848,	37,	145,	200),
(849,	39,	136,	2200),
(850,	40,	136,	2200),
(851,	41,	136,	2200),
(852,	43,	136,	2200),
(853,	45,	136,	2200),
(854,	46,	136,	2200),
(855,	46,	96,	850),
(856,	50,	136,	2200),
(857,	52,	136,	2200),
(858,	52,	101,	500),
(859,	52,	98,	2000),
(860,	56,	136,	2200),
(861,	58,	136,	2200),
(862,	62,	146,	2200),
(863,	26,	128,	2200),
(864,	24,	128,	2200),
(865,	24,	84,	2000),
(866,	63,	146,	2200),
(867,	23,	128,	2200),
(868,	23,	83,	6000),
(869,	65,	146,	2200),
(870,	65,	71,	2000),
(871,	19,	128,	2200),
(872,	18,	83,	1000),
(873,	15,	128,	2200),
(874,	14,	84,	2000),
(875,	122,	131,	6000),
(876,	123,	131,	6000),
(877,	124,	147,	4850),
(878,	128,	131,	6000),
(879,	130,	45,	2000),
(880,	132,	131,	6000),
(881,	134,	131,	6000),
(882,	137,	131,	6000),
(883,	138,	131,	6000),
(884,	139,	131,	6000),
(885,	159,	133,	6000),
(886,	156,	133,	6000),
(887,	161,	134,	6000),
(888,	164,	134,	6000),
(889,	165,	134,	6000),
(890,	167,	134,	6000),
(891,	168,	142,	200),
(892,	169,	134,	6000),
(893,	172,	104,	8000),
(894,	172,	105,	350),
(895,	172,	106,	2800),
(896,	172,	107,	700),
(897,	172,	108,	2700),
(898,	172,	109,	2000),
(899,	173,	104,	8000),
(900,	173,	105,	350),
(901,	173,	106,	2800),
(902,	173,	107,	700),
(903,	173,	108,	6000),
(904,	173,	111,	200),
(905,	173,	113,	500),
(906,	173,	114,	3000),
(907,	174,	104,	8000),
(908,	174,	105,	350),
(909,	174,	106,	2800),
(910,	174,	107,	700),
(911,	175,	104,	8000),
(912,	175,	105,	350),
(913,	175,	106,	2800),
(914,	175,	107,	700),
(915,	175,	109,	2000),
(916,	175,	111,	200),
(917,	175,	113,	500),
(918,	175,	114,	3000),
(919,	175,	135,	2200),
(920,	176,	104,	8000),
(921,	176,	105,	350),
(922,	176,	106,	600),
(923,	176,	107,	700),
(924,	176,	108,	5400),
(925,	176,	135,	2200),
(926,	177,	104,	8000),
(927,	177,	105,	350),
(928,	177,	106,	2800),
(929,	177,	107,	700),
(930,	177,	108,	3000),
(931,	177,	109,	2000),
(932,	177,	135,	2200),
(933,	178,	104,	8000),
(934,	178,	105,	350),
(935,	178,	106,	2800),
(936,	178,	107,	700),
(937,	178,	108,	5400),
(938,	179,	104,	7000),
(939,	179,	105,	0),
(940,	179,	106,	0),
(941,	179,	107,	0),
(942,	179,	108,	0),
(943,	180,	104,	2750),
(944,	180,	105,	350),
(945,	180,	106,	2800),
(946,	180,	107,	700),
(947,	181,	104,	8000),
(948,	181,	105,	350),
(949,	181,	106,	2800),
(950,	181,	107,	700),
(951,	181,	108,	5400),
(952,	182,	104,	8000),
(953,	182,	105,	350),
(954,	182,	106,	2800),
(955,	182,	107,	700),
(956,	182,	111,	200),
(957,	182,	114,	3000),
(958,	183,	104,	8000),
(959,	183,	105,	350),
(960,	183,	106,	2800),
(961,	183,	107,	700),
(962,	183,	108,	2700),
(963,	183,	109,	2000),
(964,	184,	104,	8000),
(965,	184,	105,	350),
(966,	184,	106,	2800),
(967,	184,	107,	700),
(968,	184,	108,	2700),
(969,	184,	111,	200),
(970,	184,	114,	3000),
(971,	185,	104,	8000),
(972,	185,	105,	350),
(973,	185,	106,	2800),
(974,	185,	107,	700),
(975,	185,	109,	2000),
(976,	185,	111,	200),
(977,	185,	113,	500),
(978,	185,	114,	3000),
(979,	186,	104,	8000),
(980,	186,	105,	350),
(981,	186,	106,	2800),
(982,	186,	107,	700),
(983,	186,	111,	200),
(984,	186,	113,	500),
(985,	186,	114,	300),
(986,	187,	104,	8000),
(987,	187,	105,	350),
(988,	187,	106,	2800),
(989,	187,	107,	700),
(990,	188,	104,	8000),
(991,	188,	105,	600),
(992,	188,	106,	2800),
(993,	188,	107,	700),
(994,	189,	104,	8000),
(995,	189,	105,	350),
(996,	189,	106,	2800),
(997,	189,	107,	700),
(998,	189,	108,	6000),
(999,	190,	104,	8000),
(1000,	190,	105,	350),
(1001,	190,	106,	2800),
(1002,	190,	107,	700),
(1003,	191,	104,	8000),
(1004,	191,	105,	350),
(1005,	191,	106,	2800),
(1006,	191,	107,	700),
(1007,	192,	104,	8000),
(1008,	192,	105,	350),
(1009,	192,	106,	2800),
(1010,	192,	107,	700),
(1011,	193,	104,	8000),
(1012,	193,	105,	350),
(1013,	193,	106,	2800),
(1014,	193,	107,	700),
(1015,	193,	108,	6000),
(1016,	194,	104,	8000),
(1017,	194,	105,	350),
(1018,	194,	106,	2800),
(1019,	194,	107,	700),
(1020,	195,	104,	8000),
(1021,	195,	105,	350),
(1022,	195,	106,	2800),
(1023,	195,	107,	700),
(1024,	195,	108,	6000),
(1025,	196,	104,	8000),
(1026,	196,	105,	350),
(1027,	196,	106,	2800),
(1028,	196,	107,	700),
(1029,	196,	108,	6000),
(1030,	196,	135,	2200),
(1031,	197,	104,	8000),
(1032,	197,	105,	350),
(1033,	197,	106,	2800),
(1034,	197,	107,	700),
(1035,	197,	109,	2000),
(1036,	198,	104,	8000),
(1037,	198,	105,	350),
(1038,	198,	106,	2800),
(1039,	198,	107,	700),
(1040,	198,	108,	6000),
(1041,	199,	104,	8000),
(1042,	199,	105,	350),
(1043,	199,	106,	2800),
(1044,	199,	107,	700),
(1045,	199,	108,	5400),
(1046,	199,	135,	2200),
(1047,	200,	104,	8000),
(1048,	200,	105,	350),
(1049,	200,	106,	2800),
(1050,	200,	107,	700),
(1051,	201,	104,	8000),
(1052,	201,	105,	350),
(1053,	201,	106,	2800),
(1054,	201,	107,	700),
(1055,	201,	109,	2000),
(1056,	202,	104,	8000),
(1057,	202,	105,	350),
(1058,	202,	106,	2800),
(1059,	202,	107,	700),
(1060,	202,	111,	200),
(1061,	202,	114,	3000),
(1062,	203,	104,	8000),
(1063,	203,	105,	350),
(1064,	203,	106,	2800),
(1065,	203,	107,	700),
(1066,	203,	114,	3300),
(1067,	187,	108,	2700),
(1068,	204,	13,	11800),
(1069,	204,	14,	350),
(1070,	204,	15,	3500),
(1071,	204,	16,	700),
(1072,	204,	133,	6000),
(1073,	205,	117,	11800),
(1074,	205,	118,	350),
(1075,	205,	119,	3500),
(1076,	205,	120,	700),
(1077,	205,	134,	6000),
(1078,	70,	146,	2200),
(1079,	206,	79,	2750),
(1080,	206,	80,	350),
(1081,	206,	81,	2800),
(1082,	206,	82,	700),
(1083,	207,	79,	8000),
(1084,	207,	80,	350),
(1085,	207,	81,	2800),
(1086,	207,	82,	700),
(1087,	207,	83,	5400),
(1088,	207,	128,	2200),
(1089,	208,	79,	8000),
(1090,	208,	80,	350),
(1091,	208,	81,	2800),
(1092,	208,	82,	700),
(1093,	208,	84,	2000),
(1094,	209,	78,	3300),
(1095,	209,	79,	8000),
(1096,	209,	80,	350),
(1097,	209,	81,	2800),
(1098,	209,	82,	700),
(1099,	209,	128,	2200),
(1100,	209,	144,	200),
(1101,	210,	79,	2750),
(1102,	210,	80,	350),
(1103,	210,	81,	600),
(1104,	210,	82,	700),
(1105,	210,	128,	2200),
(1106,	211,	77,	100),
(1107,	211,	79,	8000),
(1108,	211,	80,	350),
(1109,	211,	81,	2800),
(1110,	211,	82,	700),
(1111,	211,	83,	3000),
(1112,	211,	84,	2000),
(1113,	212,	79,	8000),
(1114,	212,	80,	350),
(1115,	212,	81,	2800),
(1116,	212,	82,	700),
(1117,	212,	84,	2000),
(1118,	212,	128,	2200),
(1119,	213,	79,	8000),
(1120,	213,	80,	350),
(1121,	213,	81,	2800),
(1122,	213,	82,	700),
(1123,	71,	146,	2200),
(1124,	170,	146,	2200),
(1125,	214,	79,	8000),
(1126,	214,	80,	350),
(1127,	214,	81,	2800),
(1128,	214,	82,	700),
(1129,	215,	92,	8000),
(1130,	215,	93,	350),
(1131,	215,	94,	2800),
(1132,	215,	95,	700),
(1133,	215,	96,	6000),
(1134,	215,	97,	2000),
(1135,	215,	136,	2200),
(1136,	216,	92,	8000),
(1137,	216,	93,	350),
(1138,	216,	94,	2800),
(1139,	216,	95,	700),
(1140,	216,	96,	4000),
(1141,	216,	97,	2000),
(1142,	217,	92,	2750),
(1143,	217,	93,	350),
(1144,	217,	94,	2800),
(1145,	217,	95,	700),
(1146,	217,	136,	2200),
(1147,	218,	92,	2750),
(1148,	218,	93,	350),
(1149,	218,	94,	2800),
(1150,	218,	95,	700),
(1151,	218,	136,	2200),
(1152,	217,	97,	2000),
(1153,	73,	70,	2700),
(1154,	74,	146,	2200),
(1155,	76,	146,	2200),
(1156,	78,	70,	5400),
(1157,	78,	71,	2000),
(1158,	79,	72,	2000),
(1159,	79,	146,	2200),
(1160,	80,	146,	2200),
(1161,	82,	146,	2200),
(1162,	83,	146,	2200),
(1163,	83,	70,	5400),
(1164,	84,	71,	2000),
(1165,	84,	146,	2200),
(1168,	85,	71,	2000),
(1169,	85,	146,	2200),
(1170,	86,	146,	2200),
(1171,	88,	57,	2700),
(1172,	88,	130,	2200),
(1173,	89,	59,	2000),
(1174,	119,	129,	2200),
(1175,	90,	129,	2200),
(1176,	91,	58,	2000),
(1177,	91,	130,	2200),
(1178,	92,	129,	2200),
(1179,	94,	129,	2200),
(1180,	98,	129,	2200),
(1181,	105,	57,	5400),
(1182,	107,	129,	2200),
(1183,	113,	129,	2200),
(1184,	115,	57,	2700),
(1185,	116,	129,	2200),
(1186,	219,	52,	3300),
(1187,	219,	53,	11000),
(1188,	219,	54,	350),
(1189,	219,	55,	2800),
(1190,	219,	56,	700),
(1191,	219,	60,	200),
(1192,	219,	62,	5000),
(1193,	219,	63,	500),
(1194,	219,	130,	2200),
(1195,	220,	53,	11000),
(1196,	220,	54,	350),
(1197,	220,	55,	2800),
(1198,	220,	56,	700),
(1199,	220,	57,	6000),
(1200,	220,	130,	2200),
(1201,	142,	132,	6000),
(1202,	143,	132,	6000),
(1203,	146,	33,	2000),
(1204,	147,	132,	6000),
(1205,	148,	132,	6000),
(1206,	150,	132,	6000),
(1207,	151,	132,	6000),
(1208,	151,	33,	2000),
(1209,	154,	132,	6000),
(1210,	155,	132,	6000),
(1211,	221,	27,	11800),
(1212,	221,	28,	350),
(1213,	221,	29,	3500),
(1214,	221,	30,	700),
(1215,	221,	33,	2000),
(1216,	221,	132,	6000),
(1217,	222,	132,	6000),
(1218,	223,	27,	11800),
(1219,	223,	28,	350),
(1220,	223,	29,	3500),
(1221,	223,	30,	700),
(1222,	68,	146,	2200),
(1223,	84,	70,	2700),
(1224,	7,	89,	500),
(1225,	7,	144,	200),
(1226,	7,	128,	2200),
(1227,	8,	77,	1850),
(1228,	9,	128,	2200),
(1229,	10,	84,	2000),
(1230,	11,	77,	5850),
(1231,	125,	131,	6000),
(1232,	130,	131,	6000),
(1233,	166,	134,	6000),
(1234,	168,	134,	6000),
(1235,	13,	128,	2200),
(1236,	224,	78,	3300),
(1237,	224,	86,	200),
(1238,	224,	89,	500),
(1239,	225,	79,	8000),
(1240,	225,	80,	350),
(1241,	225,	81,	2800),
(1242,	225,	82,	700),
(1243,	225,	83,	3000),
(1244,	225,	128,	2200),
(1245,	226,	79,	8000),
(1246,	226,	80,	350),
(1247,	226,	81,	2800),
(1248,	226,	82,	700),
(1249,	227,	79,	8000),
(1250,	227,	80,	350),
(1251,	227,	81,	2800),
(1252,	227,	82,	700),
(1253,	227,	83,	6000),
(1254,	227,	84,	2000),
(1255,	227,	128,	2200),
(1256,	103,	60,	200),
(1257,	38,	136,	2200),
(1258,	160,	133,	6000),
(1259,	202,	113,	500),
(1260,	228,	66,	11000),
(1261,	228,	67,	350),
(1262,	228,	68,	2800),
(1263,	228,	69,	700),
(1264,	228,	71,	2000),
(1265,	228,	146,	2200),
(1266,	229,	73,	200),
(1267,	230,	70,	5400),
(1268,	231,	66,	10350),
(1269,	232,	70,	850),
(1270,	140,	131,	2200),
(1271,	233,	37,	500),
(1272,	234,	134,	6000),
(1273,	235,	96,	2000),
(1274,	236,	128,	2200),
(1275,	237,	77,	100),
(1276,	237,	79,	8000),
(1277,	237,	80,	350),
(1278,	237,	81,	2800),
(1279,	237,	82,	700),
(1280,	237,	83,	3000),
(1281,	238,	113,	650),
(1282,	239,	58,	2000),
(1283,	240,	58,	2000),
(1284,	241,	60,	200),
(1285,	241,	63,	500),
(1286,	242,	135,	0),
(1287,	243,	79,	8000),
(1288,	243,	80,	350),
(1289,	243,	81,	2800),
(1290,	243,	82,	700),
(1291,	243,	83,	6000),
(1292,	243,	84,	2000),
(1293,	243,	128,	2200),
(1294,	244,	84,	2000),
(1295,	245,	144,	200),
(1296,	246,	84,	2000),
(1297,	247,	84,	2000),
(1298,	248,	97,	2000),
(1299,	249,	97,	2000),
(1300,	250,	45,	2000),
(1301,	251,	18,	2000),
(1302,	252,	257,	8000),
(1303,	252,	258,	350),
(1304,	252,	259,	2145),
(1305,	252,	260,	700),
(1306,	253,	257,	8000),
(1307,	253,	258,	350),
(1308,	253,	259,	2800),
(1309,	254,	197,	3300),
(1310,	254,	198,	4800),
(1311,	254,	199,	350),
(1312,	254,	200,	3500),
(1313,	254,	201,	700),
(1314,	255,	150,	3300),
(1315,	255,	151,	11000),
(1316,	255,	152,	350),
(1317,	255,	153,	2800),
(1318,	255,	154,	150),
(1319,	256,	271,	7850),
(1320,	256,	272,	350),
(1321,	256,	273,	1500),
(1322,	257,	270,	3300),
(1323,	257,	271,	8000),
(1324,	257,	272,	350),
(1325,	257,	273,	2800),
(1326,	258,	269,	3400),
(1327,	258,	271,	8000),
(1328,	258,	272,	350),
(1329,	258,	273,	2800),
(1330,	258,	274,	700),
(1331,	259,	182,	9000),
(1332,	259,	183,	0),
(1333,	259,	184,	2800),
(1334,	259,	185,	700),
(1335,	260,	180,	14200),
(1336,	260,	181,	3300),
(1337,	260,	182,	11000),
(1338,	260,	183,	0),
(1339,	260,	184,	2800);

CREATE TABLE `language` (
  `phrase_id` int(11) NOT NULL AUTO_INCREMENT,
  `phrase` longtext COLLATE utf8_unicode_ci NOT NULL,
  `english` longtext COLLATE utf8_unicode_ci NOT NULL,
  `bengali` longtext COLLATE utf8_unicode_ci NOT NULL,
  `spanish` longtext COLLATE utf8_unicode_ci NOT NULL,
  `arabic` longtext COLLATE utf8_unicode_ci NOT NULL,
  `dutch` longtext COLLATE utf8_unicode_ci NOT NULL,
  `russian` longtext COLLATE utf8_unicode_ci NOT NULL,
  `chinese` longtext COLLATE utf8_unicode_ci NOT NULL,
  `turkish` longtext COLLATE utf8_unicode_ci NOT NULL,
  `portuguese` longtext COLLATE utf8_unicode_ci NOT NULL,
  `hungarian` longtext COLLATE utf8_unicode_ci NOT NULL,
  `french` longtext COLLATE utf8_unicode_ci NOT NULL,
  `greek` longtext COLLATE utf8_unicode_ci NOT NULL,
  `german` longtext COLLATE utf8_unicode_ci NOT NULL,
  `italian` longtext COLLATE utf8_unicode_ci NOT NULL,
  `thai` longtext COLLATE utf8_unicode_ci NOT NULL,
  `urdu` longtext COLLATE utf8_unicode_ci NOT NULL,
  `hindi` longtext COLLATE utf8_unicode_ci NOT NULL,
  `latin` longtext COLLATE utf8_unicode_ci NOT NULL,
  `indonesian` longtext COLLATE utf8_unicode_ci NOT NULL,
  `japanese` longtext COLLATE utf8_unicode_ci NOT NULL,
  `korean` longtext COLLATE utf8_unicode_ci NOT NULL,
  `swahili` longtext COLLATE utf8_unicode_ci,
  `Kikuyu` longtext COLLATE utf8_unicode_ci,
  PRIMARY KEY (`phrase_id`)
) ENGINE=MyISAM DEFAULT CHARSET=utf8 COLLATE=utf8_unicode_ci;

INSERT INTO `language` (`phrase_id`, `phrase`, `english`, `bengali`, `spanish`, `arabic`, `dutch`, `russian`, `chinese`, `turkish`, `portuguese`, `hungarian`, `french`, `greek`, `german`, `italian`, `thai`, `urdu`, `hindi`, `latin`, `indonesian`, `japanese`, `korean`, `swahili`, `Kikuyu`) VALUES
(1,	'login',	'',	'',	'',	'',	'',	'',	'',	'',	'',	'',	'',	'',	'',	'',	'',	'',	'',	'',	'',	'',	'',	'',	''),
(2,	'forgot_your_password',	'',	'',	'',	'',	'',	'',	'',	'',	'',	'',	'',	'',	'',	'',	'',	'',	'',	'',	'',	'',	'',	'',	''),
(3,	'admin_dashboard',	'',	'',	'',	'',	'',	'',	'',	'',	'',	'',	'',	'',	'',	'',	'',	'',	'',	'',	'',	'',	'',	'',	''),
(4,	'dashboard',	'',	'',	'',	'',	'',	'',	'',	'',	'',	'',	'',	'',	'',	'',	'',	'',	'',	'',	'',	'',	'',	'Karibu',	''),
(5,	'student',	'',	'',	'',	'',	'',	'',	'',	'',	'',	'',	'',	'',	'',	'',	'',	'',	'',	'',	'',	'',	'',	'',	''),
(6,	'admit_student',	'',	'',	'',	'',	'',	'',	'',	'',	'',	'',	'',	'',	'',	'',	'',	'',	'',	'',	'',	'',	'',	'',	''),
(7,	'admit_bulk_student',	'',	'',	'',	'',	'',	'',	'',	'',	'',	'',	'',	'',	'',	'',	'',	'',	'',	'',	'',	'',	'',	'',	''),
(8,	'student_information',	'',	'',	'',	'',	'',	'',	'',	'',	'',	'',	'',	'',	'',	'',	'',	'',	'',	'',	'',	'',	'',	'',	''),
(9,	'teacher',	'',	'',	'',	'',	'',	'',	'',	'',	'',	'',	'',	'',	'',	'',	'',	'',	'',	'',	'',	'',	'',	'',	''),
(10,	'parents',	'',	'',	'',	'',	'',	'',	'',	'',	'',	'',	'',	'',	'',	'',	'',	'',	'',	'',	'',	'',	'',	'',	''),
(11,	'class',	'',	'',	'',	'',	'',	'',	'',	'',	'',	'',	'',	'',	'',	'',	'',	'',	'',	'',	'',	'',	'',	'',	''),
(12,	'manage_classes',	'',	'',	'',	'',	'',	'',	'',	'',	'',	'',	'',	'',	'',	'',	'',	'',	'',	'',	'',	'',	'',	'',	''),
(13,	'manage_sections',	'',	'',	'',	'',	'',	'',	'',	'',	'',	'',	'',	'',	'',	'',	'',	'',	'',	'',	'',	'',	'',	'',	''),
(14,	'subject',	'',	'',	'',	'',	'',	'',	'',	'',	'',	'',	'',	'',	'',	'',	'',	'',	'',	'',	'',	'',	'',	'',	''),
(15,	'class_routine',	'',	'',	'',	'',	'',	'',	'',	'',	'',	'',	'',	'',	'',	'',	'',	'',	'',	'',	'',	'',	'',	'',	''),
(16,	'daily_attendance',	'',	'',	'',	'',	'',	'',	'',	'',	'',	'',	'',	'',	'',	'',	'',	'',	'',	'',	'',	'',	'',	'',	''),
(17,	'exam',	'',	'',	'',	'',	'',	'',	'',	'',	'',	'',	'',	'',	'',	'',	'',	'',	'',	'',	'',	'',	'',	'',	''),
(18,	'exam_list',	'',	'',	'',	'',	'',	'',	'',	'',	'',	'',	'',	'',	'',	'',	'',	'',	'',	'',	'',	'',	'',	'',	''),
(19,	'exam_grades',	'',	'',	'',	'',	'',	'',	'',	'',	'',	'',	'',	'',	'',	'',	'',	'',	'',	'',	'',	'',	'',	'',	''),
(20,	'manage_marks',	'',	'',	'',	'',	'',	'',	'',	'',	'',	'',	'',	'',	'',	'',	'',	'',	'',	'',	'',	'',	'',	'',	''),
(21,	'send_marks_by_sms',	'',	'',	'',	'',	'',	'',	'',	'',	'',	'',	'',	'',	'',	'',	'',	'',	'',	'',	'',	'',	'',	'',	''),
(22,	'tabulation_sheet',	'',	'',	'',	'',	'',	'',	'',	'',	'',	'',	'',	'',	'',	'',	'',	'',	'',	'',	'',	'',	'',	'',	''),
(23,	'accounting',	'',	'',	'',	'',	'',	'',	'',	'',	'',	'',	'',	'',	'',	'',	'',	'',	'',	'',	'',	'',	'',	'',	''),
(24,	'fees_structure',	'',	'',	'',	'',	'',	'',	'',	'',	'',	'',	'',	'',	'',	'',	'',	'',	'',	'',	'',	'',	'',	'',	''),
(25,	'create_invoice',	'',	'',	'',	'',	'',	'',	'',	'',	'',	'',	'',	'',	'',	'',	'',	'',	'',	'',	'',	'',	'',	'',	''),
(26,	'student_payments',	'',	'',	'',	'',	'',	'',	'',	'',	'',	'',	'',	'',	'',	'',	'',	'',	'',	'',	'',	'',	'',	'',	''),
(27,	'school_expenses',	'',	'',	'',	'',	'',	'',	'',	'',	'',	'',	'',	'',	'',	'',	'',	'',	'',	'',	'',	'',	'',	'',	''),
(28,	'cash_book',	'',	'',	'',	'',	'',	'',	'',	'',	'',	'',	'',	'',	'',	'',	'',	'',	'',	'',	'',	'',	'',	'',	''),
(29,	'budget',	'',	'',	'',	'',	'',	'',	'',	'',	'',	'',	'',	'',	'',	'',	'',	'',	'',	'',	'',	'',	'',	'',	''),
(30,	'library',	'',	'',	'',	'',	'',	'',	'',	'',	'',	'',	'',	'',	'',	'',	'',	'',	'',	'',	'',	'',	'',	'',	''),
(31,	'transport',	'',	'',	'',	'',	'',	'',	'',	'',	'',	'',	'',	'',	'',	'',	'',	'',	'',	'',	'',	'',	'',	'',	''),
(32,	'dormitory',	'',	'',	'',	'',	'',	'',	'',	'',	'',	'',	'',	'',	'',	'',	'',	'',	'',	'',	'',	'',	'',	'',	''),
(33,	'noticeboard',	'',	'',	'',	'',	'',	'',	'',	'',	'',	'',	'',	'',	'',	'',	'',	'',	'',	'',	'',	'',	'',	'',	''),
(34,	'message',	'',	'',	'',	'',	'',	'',	'',	'',	'',	'',	'',	'',	'',	'',	'',	'',	'',	'',	'',	'',	'',	'',	''),
(35,	'settings',	'',	'',	'',	'',	'',	'',	'',	'',	'',	'',	'',	'',	'',	'',	'',	'',	'',	'',	'',	'',	'',	'',	''),
(36,	'general_settings',	'',	'',	'',	'',	'',	'',	'',	'',	'',	'',	'',	'',	'',	'',	'',	'',	'',	'',	'',	'',	'',	'',	''),
(37,	'sms_settings',	'',	'',	'',	'',	'',	'',	'',	'',	'',	'',	'',	'',	'',	'',	'',	'',	'',	'',	'',	'',	'',	'',	''),
(38,	'language_settings',	'',	'',	'',	'',	'',	'',	'',	'',	'',	'',	'',	'',	'',	'',	'',	'',	'',	'',	'',	'',	'',	'',	''),
(39,	'school_settings',	'',	'',	'',	'',	'',	'',	'',	'',	'',	'',	'',	'',	'',	'',	'',	'',	'',	'',	'',	'',	'',	'',	''),
(40,	'account',	'',	'',	'',	'',	'',	'',	'',	'',	'',	'',	'',	'',	'',	'',	'',	'',	'',	'',	'',	'',	'',	'',	''),
(41,	'edit_profile',	'',	'',	'',	'',	'',	'',	'',	'',	'',	'',	'',	'',	'',	'',	'',	'',	'',	'',	'',	'',	'',	'',	''),
(42,	'change_password',	'',	'',	'',	'',	'',	'',	'',	'',	'',	'',	'',	'',	'',	'',	'',	'',	'',	'',	'',	'',	'',	'',	''),
(43,	'event_schedule',	'',	'',	'',	'',	'',	'',	'',	'',	'',	'',	'',	'',	'',	'',	'',	'',	'',	'',	'',	'',	'',	'',	''),
(44,	'parent',	'',	'',	'',	'',	'',	'',	'',	'',	'',	'',	'',	'',	'',	'',	'',	'',	'',	'',	'',	'',	'',	'',	'Muciari'),
(45,	'attendance',	'',	'',	'',	'',	'',	'',	'',	'',	'',	'',	'',	'',	'',	'',	'',	'',	'',	'',	'',	'',	'',	'',	''),
(46,	'delete',	'',	'',	'',	'',	'',	'',	'',	'',	'',	'',	'',	'',	'',	'',	'',	'',	'',	'',	'',	'',	'',	'',	''),
(47,	'cancel',	'',	'',	'',	'',	'',	'',	'',	'',	'',	'',	'',	'',	'',	'',	'',	'',	'',	'',	'',	'',	'',	'',	''),
(48,	'Ok',	'',	'',	'',	'',	'',	'',	'',	'',	'',	'',	'',	'',	'',	'',	'',	'',	'',	'',	'',	'',	'',	'',	''),
(49,	'school_budget',	'',	'',	'',	'',	'',	'',	'',	'',	'',	'',	'',	'',	'',	'',	'',	'',	'',	'',	'',	'',	'',	'',	''),
(50,	'new_budget_item',	'',	'',	'',	'',	'',	'',	'',	'',	'',	'',	'',	'',	'',	'',	'',	'',	'',	'',	'',	'',	'',	'',	''),
(51,	'budget_summary',	'',	'',	'',	'',	'',	'',	'',	'',	'',	'',	'',	'',	'',	'',	'',	'',	'',	'',	'',	'',	'',	'',	''),
(52,	'budget_schedules',	'',	'',	'',	'',	'',	'',	'',	'',	'',	'',	'',	'',	'',	'',	'',	'',	'',	'',	'',	'',	'',	'',	''),
(53,	'account_',	'',	'',	'',	'',	'',	'',	'',	'',	'',	'',	'',	'',	'',	'',	'',	'',	'',	'',	'',	'',	'',	'',	''),
(54,	'select',	'',	'',	'',	'',	'',	'',	'',	'',	'',	'',	'',	'',	'',	'',	'',	'',	'',	'',	'',	'',	'',	'',	''),
(55,	'description_',	'',	'',	'',	'',	'',	'',	'',	'',	'',	'',	'',	'',	'',	'',	'',	'',	'',	'',	'',	'',	'',	'',	''),
(56,	'financial_year',	'',	'',	'',	'',	'',	'',	'',	'',	'',	'',	'',	'',	'',	'',	'',	'',	'',	'',	'',	'',	'',	'',	''),
(57,	'quantity_',	'',	'',	'',	'',	'',	'',	'',	'',	'',	'',	'',	'',	'',	'',	'',	'',	'',	'',	'',	'',	'',	'',	''),
(58,	'unit_cost',	'',	'',	'',	'',	'',	'',	'',	'',	'',	'',	'',	'',	'',	'',	'',	'',	'',	'',	'',	'',	'',	'',	''),
(59,	'how_often',	'',	'',	'',	'',	'',	'',	'',	'',	'',	'',	'',	'',	'',	'',	'',	'',	'',	'',	'',	'',	'',	'',	''),
(60,	'total_',	'',	'',	'',	'',	'',	'',	'',	'',	'',	'',	'',	'',	'',	'',	'',	'',	'',	'',	'',	'',	'',	'',	''),
(61,	'monthly_spread',	'',	'',	'',	'',	'',	'',	'',	'',	'',	'',	'',	'',	'',	'',	'',	'',	'',	'',	'',	'',	'',	'',	''),
(62,	'January',	'',	'',	'',	'',	'',	'',	'',	'',	'',	'',	'',	'',	'',	'',	'',	'',	'',	'',	'',	'',	'',	'',	''),
(63,	'February',	'',	'',	'',	'',	'',	'',	'',	'',	'',	'',	'',	'',	'',	'',	'',	'',	'',	'',	'',	'',	'',	'',	''),
(64,	'March',	'',	'',	'',	'',	'',	'',	'',	'',	'',	'',	'',	'',	'',	'',	'',	'',	'',	'',	'',	'',	'',	'',	''),
(65,	'April',	'',	'',	'',	'',	'',	'',	'',	'',	'',	'',	'',	'',	'',	'',	'',	'',	'',	'',	'',	'',	'',	'',	''),
(66,	'May',	'',	'',	'',	'',	'',	'',	'',	'',	'',	'',	'',	'',	'',	'',	'',	'',	'',	'',	'',	'',	'',	'',	''),
(67,	'June',	'',	'',	'',	'',	'',	'',	'',	'',	'',	'',	'',	'',	'',	'',	'',	'',	'',	'',	'',	'',	'',	'',	''),
(68,	'July',	'',	'',	'',	'',	'',	'',	'',	'',	'',	'',	'',	'',	'',	'',	'',	'',	'',	'',	'',	'',	'',	'',	''),
(69,	'August',	'',	'',	'',	'',	'',	'',	'',	'',	'',	'',	'',	'',	'',	'',	'',	'',	'',	'',	'',	'',	'',	'',	''),
(70,	'September',	'',	'',	'',	'',	'',	'',	'',	'',	'',	'',	'',	'',	'',	'',	'',	'',	'',	'',	'',	'',	'',	'',	''),
(71,	'October',	'',	'',	'',	'',	'',	'',	'',	'',	'',	'',	'',	'',	'',	'',	'',	'',	'',	'',	'',	'',	'',	'',	''),
(72,	'November',	'',	'',	'',	'',	'',	'',	'',	'',	'',	'',	'',	'',	'',	'',	'',	'',	'',	'',	'',	'',	'',	'',	''),
(73,	'December',	'',	'',	'',	'',	'',	'',	'',	'',	'',	'',	'',	'',	'',	'',	'',	'',	'',	'',	'',	'',	'',	'',	''),
(74,	'create',	'',	'',	'',	'',	'',	'',	'',	'',	'',	'',	'',	'',	'',	'',	'',	'',	'',	'',	'',	'',	'',	'',	''),
(75,	'clear_spread',	'',	'',	'',	'',	'',	'',	'',	'',	'',	'',	'',	'',	'',	'',	'',	'',	'',	'',	'',	'',	'',	'',	''),
(76,	'error:_account_missing',	'',	'',	'',	'',	'',	'',	'',	'',	'',	'',	'',	'',	'',	'',	'',	'',	'',	'',	'',	'',	'',	'',	''),
(77,	'error:_description_missing',	'',	'',	'',	'',	'',	'',	'',	'',	'',	'',	'',	'',	'',	'',	'',	'',	'',	'',	'',	'',	'',	'',	''),
(78,	'error:_financial_year_missing',	'',	'',	'',	'',	'',	'',	'',	'',	'',	'',	'',	'',	'',	'',	'',	'',	'',	'',	'',	'',	'',	'',	''),
(79,	'error:_quantity_missing',	'',	'',	'',	'',	'',	'',	'',	'',	'',	'',	'',	'',	'',	'',	'',	'',	'',	'',	'',	'',	'',	'',	''),
(80,	'error:_unit_cost_missing',	'',	'',	'',	'',	'',	'',	'',	'',	'',	'',	'',	'',	'',	'',	'',	'',	'',	'',	'',	'',	'',	'',	''),
(81,	'error:_frequency_missing',	'',	'',	'',	'',	'',	'',	'',	'',	'',	'',	'',	'',	'',	'',	'',	'',	'',	'',	'',	'',	'',	'',	''),
(82,	'error:_total_cost_missing',	'',	'',	'',	'',	'',	'',	'',	'',	'',	'',	'',	'',	'',	'',	'',	'',	'',	'',	'',	'',	'',	'',	''),
(83,	'error:_spread_missing',	'',	'',	'',	'',	'',	'',	'',	'',	'',	'',	'',	'',	'',	'',	'',	'',	'',	'',	'',	'',	'',	'',	''),
(84,	'error:_spread_incorrect',	'',	'',	'',	'',	'',	'',	'',	'',	'',	'',	'',	'',	'',	'',	'',	'',	'',	'',	'',	'',	'',	'',	''),
(85,	'unpaid_invoices',	'',	'',	'',	'',	'',	'',	'',	'',	'',	'',	'',	'',	'',	'',	'',	'',	'',	'',	'',	'',	'',	'',	''),
(86,	'cleared_invoices',	'',	'',	'',	'',	'',	'',	'',	'',	'',	'',	'',	'',	'',	'',	'',	'',	'',	'',	'',	'',	'',	'',	''),
(87,	'payment_history',	'',	'',	'',	'',	'',	'',	'',	'',	'',	'',	'',	'',	'',	'',	'',	'',	'',	'',	'',	'',	'',	'',	''),
(88,	'year',	'',	'',	'',	'',	'',	'',	'',	'',	'',	'',	'',	'',	'',	'',	'',	'',	'',	'',	'',	'',	'',	'',	''),
(89,	'fee_structure_total',	'',	'',	'',	'',	'',	'',	'',	'',	'',	'',	'',	'',	'',	'',	'',	'',	'',	'',	'',	'',	'',	'',	''),
(90,	'payable_amount',	'',	'',	'',	'',	'',	'',	'',	'',	'',	'',	'',	'',	'',	'',	'',	'',	'',	'',	'',	'',	'',	'',	''),
(91,	'balance',	'',	'',	'',	'',	'',	'',	'',	'',	'',	'',	'',	'',	'',	'',	'',	'',	'',	'',	'',	'',	'',	'',	''),
(92,	'date',	'',	'',	'',	'',	'',	'',	'',	'',	'',	'',	'',	'',	'',	'',	'',	'',	'',	'',	'',	'',	'',	'',	''),
(93,	'options',	'',	'',	'',	'',	'',	'',	'',	'',	'',	'',	'',	'',	'',	'',	'',	'',	'',	'',	'',	'',	'',	'',	''),
(94,	'action',	'',	'',	'',	'',	'',	'',	'',	'',	'',	'',	'',	'',	'',	'',	'',	'',	'',	'',	'',	'',	'',	'',	''),
(95,	'term',	'',	'',	'',	'',	'',	'',	'',	'',	'',	'',	'',	'',	'',	'',	'',	'',	'',	'',	'',	'',	'',	'',	''),
(96,	'method',	'',	'',	'',	'',	'',	'',	'',	'',	'',	'',	'',	'',	'',	'',	'',	'',	'',	'',	'',	'',	'',	'',	''),
(97,	'amount',	'',	'',	'',	'',	'',	'',	'',	'',	'',	'',	'',	'',	'',	'',	'',	'',	'',	'',	'',	'',	'',	'',	''),
(98,	'expenses',	'',	'',	'',	'',	'',	'',	'',	'',	'',	'',	'',	'',	'',	'',	'',	'',	'',	'',	'',	'',	'',	'',	''),
(99,	'add_new_expense',	'',	'',	'',	'',	'',	'',	'',	'',	'',	'',	'',	'',	'',	'',	'',	'',	'',	'',	'',	'',	'',	'',	''),
(100,	'title',	'',	'',	'',	'',	'',	'',	'',	'',	'',	'',	'',	'',	'',	'',	'',	'',	'',	'',	'',	'',	'',	'',	''),
(101,	'category',	'',	'',	'',	'',	'',	'',	'',	'',	'',	'',	'',	'',	'',	'',	'',	'',	'',	'',	'',	'',	'',	'',	''),
(102,	'add_expense',	'',	'',	'',	'',	'',	'',	'',	'',	'',	'',	'',	'',	'',	'',	'',	'',	'',	'',	'',	'',	'',	'',	''),
(103,	'value_required',	'',	'',	'',	'',	'',	'',	'',	'',	'',	'',	'',	'',	'',	'',	'',	'',	'',	'',	'',	'',	'',	'',	''),
(104,	'select_expense_category',	'',	'',	'',	'',	'',	'',	'',	'',	'',	'',	'',	'',	'',	'',	'',	'',	'',	'',	'',	'',	'',	'',	''),
(105,	'description',	'',	'',	'',	'',	'',	'',	'',	'',	'',	'',	'',	'',	'',	'',	'',	'',	'',	'',	'',	'',	'',	'',	''),
(106,	'cash',	'',	'',	'',	'',	'',	'',	'',	'',	'',	'',	'',	'',	'',	'',	'',	'',	'',	'',	'',	'',	'',	'',	''),
(107,	'check',	'',	'',	'',	'',	'',	'',	'',	'',	'',	'',	'',	'',	'',	'',	'',	'',	'',	'',	'',	'',	'',	'',	''),
(108,	'card',	'',	'',	'',	'',	'',	'',	'',	'',	'',	'',	'',	'',	'',	'',	'',	'',	'',	'',	'',	'',	'',	'',	''),
(109,	'School_terms',	'',	'',	'',	'',	'',	'',	'',	'',	'',	'',	'',	'',	'',	'',	'',	'',	'',	'',	'',	'',	'',	'',	''),
(110,	'add',	'',	'',	'',	'',	'',	'',	'',	'',	'',	'',	'',	'',	'',	'',	'',	'',	'',	'',	'',	'',	'',	'',	''),
(111,	'term_number',	'',	'',	'',	'',	'',	'',	'',	'',	'',	'',	'',	'',	'',	'',	'',	'',	'',	'',	'',	'',	'',	'',	''),
(112,	'terms',	'',	'',	'',	'',	'',	'',	'',	'',	'',	'',	'',	'',	'',	'',	'',	'',	'',	'',	'',	'',	'',	'',	''),
(113,	'income_categories',	'',	'',	'',	'',	'',	'',	'',	'',	'',	'',	'',	'',	'',	'',	'',	'',	'',	'',	'',	'',	'',	'',	''),
(114,	'add_new_income_category',	'',	'',	'',	'',	'',	'',	'',	'',	'',	'',	'',	'',	'',	'',	'',	'',	'',	'',	'',	'',	'',	'',	''),
(115,	'name',	'',	'',	'',	'',	'',	'',	'',	'',	'',	'',	'',	'',	'',	'',	'',	'',	'',	'',	'',	'',	'',	'',	''),
(116,	'expense_categories',	'',	'',	'',	'',	'',	'',	'',	'',	'',	'',	'',	'',	'',	'',	'',	'',	'',	'',	'',	'',	'',	'',	''),
(117,	'add_new_expense_category',	'',	'',	'',	'',	'',	'',	'',	'',	'',	'',	'',	'',	'',	'',	'',	'',	'',	'',	'',	'',	'',	'',	''),
(118,	'income_category',	'',	'',	'',	'',	'',	'',	'',	'',	'',	'',	'',	'',	'',	'',	'',	'',	'',	'',	'',	'',	'',	'',	''),
(119,	'add_expense_category',	'',	'',	'',	'',	'',	'',	'',	'',	'',	'',	'',	'',	'',	'',	'',	'',	'',	'',	'',	'',	'',	'',	''),
(120,	'data_added_successfully',	'',	'',	'',	'',	'',	'',	'',	'',	'',	'',	'',	'',	'',	'',	'',	'',	'',	'',	'',	'',	'',	'',	''),
(121,	'expense_category',	'',	'',	'',	'',	'',	'',	'',	'',	'',	'',	'',	'',	'',	'',	'',	'',	'',	'',	'',	'',	'',	'',	''),
(122,	'edit',	'',	'',	'',	'',	'',	'',	'',	'',	'',	'',	'',	'',	'',	'',	'',	'',	'',	'',	'',	'',	'',	'',	''),
(123,	'action_',	'',	'',	'',	'',	'',	'',	'',	'',	'',	'',	'',	'',	'',	'',	'',	'',	'',	'',	'',	'',	'',	'',	''),
(124,	'qty',	'',	'',	'',	'',	'',	'',	'',	'',	'',	'',	'',	'',	'',	'',	'',	'',	'',	'',	'',	'',	'',	'',	''),
(125,	'unitcost',	'',	'',	'',	'',	'',	'',	'',	'',	'',	'',	'',	'',	'',	'',	'',	'',	'',	'',	'',	'',	'',	'',	''),
(126,	'often',	'',	'',	'',	'',	'',	'',	'',	'',	'',	'',	'',	'',	'',	'',	'',	'',	'',	'',	'',	'',	'',	'',	''),
(127,	'total',	'',	'',	'',	'',	'',	'',	'',	'',	'',	'',	'',	'',	'',	'',	'',	'',	'',	'',	'',	'',	'',	'',	''),
(128,	'Jan',	'',	'',	'',	'',	'',	'',	'',	'',	'',	'',	'',	'',	'',	'',	'',	'',	'',	'',	'',	'',	'',	'',	''),
(129,	'Feb',	'',	'',	'',	'',	'',	'',	'',	'',	'',	'',	'',	'',	'',	'',	'',	'',	'',	'',	'',	'',	'',	'',	''),
(130,	'Mar',	'',	'',	'',	'',	'',	'',	'',	'',	'',	'',	'',	'',	'',	'',	'',	'',	'',	'',	'',	'',	'',	'',	''),
(131,	'Apr',	'',	'',	'',	'',	'',	'',	'',	'',	'',	'',	'',	'',	'',	'',	'',	'',	'',	'',	'',	'',	'',	'',	''),
(132,	'Jun',	'',	'',	'',	'',	'',	'',	'',	'',	'',	'',	'',	'',	'',	'',	'',	'',	'',	'',	'',	'',	'',	'',	''),
(133,	'Jul',	'',	'',	'',	'',	'',	'',	'',	'',	'',	'',	'',	'',	'',	'',	'',	'',	'',	'',	'',	'',	'',	'',	''),
(134,	'Aug',	'',	'',	'',	'',	'',	'',	'',	'',	'',	'',	'',	'',	'',	'',	'',	'',	'',	'',	'',	'',	'',	'',	''),
(135,	'Sep',	'',	'',	'',	'',	'',	'',	'',	'',	'',	'',	'',	'',	'',	'',	'',	'',	'',	'',	'',	'',	'',	'',	''),
(136,	'Oct',	'',	'',	'',	'',	'',	'',	'',	'',	'',	'',	'',	'',	'',	'',	'',	'',	'',	'',	'',	'',	'',	'',	''),
(137,	'Nov',	'',	'',	'',	'',	'',	'',	'',	'',	'',	'',	'',	'',	'',	'',	'',	'',	'',	'',	'',	'',	'',	'',	''),
(138,	'Dec',	'',	'',	'',	'',	'',	'',	'',	'',	'',	'',	'',	'',	'',	'',	'',	'',	'',	'',	'',	'',	'',	'',	''),
(139,	'edit_',	'',	'',	'',	'',	'',	'',	'',	'',	'',	'',	'',	'',	'',	'',	'',	'',	'',	'',	'',	'',	'',	'',	''),
(140,	'delete_',	'',	'',	'',	'',	'',	'',	'',	'',	'',	'',	'',	'',	'',	'',	'',	'',	'',	'',	'',	'',	'',	'',	''),
(141,	'edit_budget',	'',	'',	'',	'',	'',	'',	'',	'',	'',	'',	'',	'',	'',	'',	'',	'',	'',	'',	'',	'',	'',	'',	''),
(142,	'quantity',	'',	'',	'',	'',	'',	'',	'',	'',	'',	'',	'',	'',	'',	'',	'',	'',	'',	'',	'',	'',	'',	'',	''),
(143,	'create_single_invoice',	'',	'',	'',	'',	'',	'',	'',	'',	'',	'',	'',	'',	'',	'',	'',	'',	'',	'',	'',	'',	'',	'',	''),
(144,	'create_mass_invoice',	'',	'',	'',	'',	'',	'',	'',	'',	'',	'',	'',	'',	'',	'',	'',	'',	'',	'',	'',	'',	'',	'',	''),
(145,	'invoice_informations',	'',	'',	'',	'',	'',	'',	'',	'',	'',	'',	'',	'',	'',	'',	'',	'',	'',	'',	'',	'',	'',	'',	''),
(146,	'select_class',	'',	'',	'',	'',	'',	'',	'',	'',	'',	'',	'',	'',	'',	'',	'',	'',	'',	'',	'',	'',	'',	'',	''),
(147,	'select_class_first',	'',	'',	'',	'',	'',	'',	'',	'',	'',	'',	'',	'',	'',	'',	'',	'',	'',	'',	'',	'',	'',	'',	''),
(148,	'payment_informations',	'',	'',	'',	'',	'',	'',	'',	'',	'',	'',	'',	'',	'',	'',	'',	'',	'',	'',	'',	'',	'',	'',	''),
(149,	'total_payable',	'',	'',	'',	'',	'',	'',	'',	'',	'',	'',	'',	'',	'',	'',	'',	'',	'',	'',	'',	'',	'',	'',	''),
(150,	'enter_total_amount',	'',	'',	'',	'',	'',	'',	'',	'',	'',	'',	'',	'',	'',	'',	'',	'',	'',	'',	'',	'',	'',	'',	''),
(151,	'fee_items',	'',	'',	'',	'',	'',	'',	'',	'',	'',	'',	'',	'',	'',	'',	'',	'',	'',	'',	'',	'',	'',	'',	''),
(152,	'full_payment',	'',	'',	'',	'',	'',	'',	'',	'',	'',	'',	'',	'',	'',	'',	'',	'',	'',	'',	'',	'',	'',	'',	''),
(153,	'item',	'',	'',	'',	'',	'',	'',	'',	'',	'',	'',	'',	'',	'',	'',	'',	'',	'',	'',	'',	'',	'',	'',	''),
(154,	'fee_structure_amount',	'',	'',	'',	'',	'',	'',	'',	'',	'',	'',	'',	'',	'',	'',	'',	'',	'',	'',	'',	'',	'',	'',	''),
(155,	'amount_payable',	'',	'',	'',	'',	'',	'',	'',	'',	'',	'',	'',	'',	'',	'',	'',	'',	'',	'',	'',	'',	'',	'',	''),
(156,	'due_payment',	'',	'',	'',	'',	'',	'',	'',	'',	'',	'',	'',	'',	'',	'',	'',	'',	'',	'',	'',	'',	'',	'',	''),
(157,	'enter_payable_amount',	'',	'',	'',	'',	'',	'',	'',	'',	'',	'',	'',	'',	'',	'',	'',	'',	'',	'',	'',	'',	'',	'',	''),
(158,	'enter_payment_amount',	'',	'',	'',	'',	'',	'',	'',	'',	'',	'',	'',	'',	'',	'',	'',	'',	'',	'',	'',	'',	'',	'',	''),
(159,	'edit_invoice',	'',	'',	'',	'',	'',	'',	'',	'',	'',	'',	'',	'',	'',	'',	'',	'',	'',	'',	'',	'',	'',	'',	''),
(160,	'add_new_fees_structure',	'',	'',	'',	'',	'',	'',	'',	'',	'',	'',	'',	'',	'',	'',	'',	'',	'',	'',	'',	'',	'',	'',	''),
(161,	'add_fees_structure',	'',	'',	'',	'',	'',	'',	'',	'',	'',	'',	'',	'',	'',	'',	'',	'',	'',	'',	'',	'',	'',	'',	''),
(162,	'add_student',	'',	'',	'',	'',	'',	'',	'',	'',	'',	'',	'',	'',	'',	'',	'',	'',	'',	'',	'',	'',	'',	'',	''),
(163,	'addmission_form',	'',	'',	'',	'',	'',	'',	'',	'',	'',	'',	'',	'',	'',	'',	'',	'',	'',	'',	'',	'',	'',	'',	''),
(164,	'section',	'',	'',	'',	'',	'',	'',	'',	'',	'',	'',	'',	'',	'',	'',	'',	'',	'',	'',	'',	'',	'',	'',	''),
(165,	'roll',	'Admission Number',	'',	'',	'',	'',	'',	'',	'',	'',	'',	'',	'',	'',	'',	'',	'',	'',	'',	'',	'',	'',	'',	''),
(166,	'birthday',	'',	'',	'',	'',	'',	'',	'',	'',	'',	'',	'',	'',	'',	'',	'',	'',	'',	'',	'',	'',	'',	'',	''),
(167,	'gender',	'',	'',	'',	'',	'',	'',	'',	'',	'',	'',	'',	'',	'',	'',	'',	'',	'',	'',	'',	'',	'',	'',	''),
(168,	'male',	'',	'',	'',	'',	'',	'',	'',	'',	'',	'',	'',	'',	'',	'',	'',	'',	'',	'',	'',	'',	'',	'',	''),
(169,	'female',	'',	'',	'',	'',	'',	'',	'',	'',	'',	'',	'',	'',	'',	'',	'',	'',	'',	'',	'',	'',	'',	'',	''),
(170,	'address',	'',	'',	'',	'',	'',	'',	'',	'',	'',	'',	'',	'',	'',	'',	'',	'',	'',	'',	'',	'',	'',	'',	''),
(171,	'phone',	'',	'',	'',	'',	'',	'',	'',	'',	'',	'',	'',	'',	'',	'',	'',	'',	'',	'',	'',	'',	'',	'',	''),
(172,	'email',	'',	'',	'',	'',	'',	'',	'',	'',	'',	'',	'',	'',	'',	'',	'',	'',	'',	'',	'',	'',	'',	'',	''),
(173,	'password',	'',	'',	'',	'',	'',	'',	'',	'',	'',	'',	'',	'',	'',	'',	'',	'',	'',	'',	'',	'',	'',	'',	''),
(174,	'transport_route',	'',	'',	'',	'',	'',	'',	'',	'',	'',	'',	'',	'',	'',	'',	'',	'',	'',	'',	'',	'',	'',	'',	''),
(175,	'photo',	'',	'',	'',	'',	'',	'',	'',	'',	'',	'',	'',	'',	'',	'',	'',	'',	'',	'',	'',	'',	'',	'',	''),
(176,	'all_parents',	'',	'',	'',	'',	'',	'',	'',	'',	'',	'',	'',	'',	'',	'',	'',	'',	'',	'',	'',	'',	'',	'',	''),
(177,	'add_new_parent',	'',	'',	'',	'',	'',	'',	'',	'',	'',	'',	'',	'',	'',	'',	'',	'',	'',	'',	'',	'',	'',	'',	''),
(178,	'profession',	'',	'',	'',	'',	'',	'',	'',	'',	'',	'',	'',	'',	'',	'',	'',	'',	'',	'',	'',	'',	'',	'',	''),
(179,	'add_parent',	'',	'',	'',	'',	'',	'',	'',	'',	'',	'',	'',	'',	'',	'',	'',	'',	'',	'',	'',	'',	'',	'',	''),
(180,	'manage_class',	'',	'',	'',	'',	'',	'',	'',	'',	'',	'',	'',	'',	'',	'',	'',	'',	'',	'',	'',	'',	'',	'',	''),
(181,	'class_list',	'',	'',	'',	'',	'',	'',	'',	'',	'',	'',	'',	'',	'',	'',	'',	'',	'',	'',	'',	'',	'',	'',	''),
(182,	'add_class',	'',	'',	'',	'',	'',	'',	'',	'',	'',	'',	'',	'',	'',	'',	'',	'',	'',	'',	'',	'',	'',	'',	''),
(183,	'class_name',	'',	'',	'',	'',	'',	'',	'',	'',	'',	'',	'',	'',	'',	'',	'',	'',	'',	'',	'',	'',	'',	'',	''),
(184,	'numeric_name',	'',	'',	'',	'',	'',	'',	'',	'',	'',	'',	'',	'',	'',	'',	'',	'',	'',	'',	'',	'',	'',	'',	''),
(185,	'name_numeric',	'',	'',	'',	'',	'',	'',	'',	'',	'',	'',	'',	'',	'',	'',	'',	'',	'',	'',	'',	'',	'',	'',	''),
(186,	'manage_teacher',	'',	'',	'',	'',	'',	'',	'',	'',	'',	'',	'',	'',	'',	'',	'',	'',	'',	'',	'',	'',	'',	'',	''),
(187,	'add_new_teacher',	'',	'',	'',	'',	'',	'',	'',	'',	'',	'',	'',	'',	'',	'',	'',	'',	'',	'',	'',	'',	'',	'',	''),
(188,	'add_teacher',	'',	'',	'',	'',	'',	'',	'',	'',	'',	'',	'',	'',	'',	'',	'',	'',	'',	'',	'',	'',	'',	'',	''),
(189,	'add_new_section',	'',	'',	'',	'',	'',	'',	'',	'',	'',	'',	'',	'',	'',	'',	'',	'',	'',	'',	'',	'',	'',	'',	''),
(190,	'section_name',	'',	'',	'',	'',	'',	'',	'',	'',	'',	'',	'',	'',	'',	'',	'',	'',	'',	'',	'',	'',	'',	'',	''),
(191,	'nick_name',	'',	'',	'',	'',	'',	'',	'',	'',	'',	'',	'',	'',	'',	'',	'',	'',	'',	'',	'',	'',	'',	'',	''),
(192,	'add_section',	'',	'',	'',	'',	'',	'',	'',	'',	'',	'',	'',	'',	'',	'',	'',	'',	'',	'',	'',	'',	'',	'',	''),
(193,	'add_new_student',	'',	'',	'',	'',	'',	'',	'',	'',	'',	'',	'',	'',	'',	'',	'',	'',	'',	'',	'',	'',	'',	'',	''),
(194,	'all_students',	'',	'',	'',	'',	'',	'',	'',	'',	'',	'',	'',	'',	'',	'',	'',	'',	'',	'',	'',	'',	'',	'',	''),
(195,	'suspended_students',	'',	'',	'',	'',	'',	'',	'',	'',	'',	'',	'',	'',	'',	'',	'',	'',	'',	'',	'',	'',	'',	'',	''),
(196,	'mark_sheet',	'',	'',	'',	'',	'',	'',	'',	'',	'',	'',	'',	'',	'',	'',	'',	'',	'',	'',	'',	'',	'',	'',	''),
(197,	'profile',	'',	'',	'',	'',	'',	'',	'',	'',	'',	'',	'',	'',	'',	'',	'',	'',	'',	'',	'',	'',	'',	'',	''),
(198,	'suspend',	'',	'',	'',	'',	'',	'',	'',	'',	'',	'',	'',	'',	'',	'',	'',	'',	'',	'',	'',	'',	'',	'',	''),
(199,	'manage_daily_attendance',	'',	'',	'',	'',	'',	'',	'',	'',	'',	'',	'',	'',	'',	'',	'',	'',	'',	'',	'',	'',	'',	'',	''),
(200,	'select_date',	'',	'',	'',	'',	'',	'',	'',	'',	'',	'',	'',	'',	'',	'',	'',	'',	'',	'',	'',	'',	'',	'',	''),
(201,	'select_month',	'',	'',	'',	'',	'',	'',	'',	'',	'',	'',	'',	'',	'',	'',	'',	'',	'',	'',	'',	'',	'',	'',	''),
(202,	'select_year',	'',	'',	'',	'',	'',	'',	'',	'',	'',	'',	'',	'',	'',	'',	'',	'',	'',	'',	'',	'',	'',	'',	''),
(203,	'manage_attendance',	'',	'',	'',	'',	'',	'',	'',	'',	'',	'',	'',	'',	'',	'',	'',	'',	'',	'',	'',	'',	'',	'',	''),
(204,	'manage_transport',	'',	'',	'',	'',	'',	'',	'',	'',	'',	'',	'',	'',	'',	'',	'',	'',	'',	'',	'',	'',	'',	'',	''),
(205,	'transport_list',	'',	'',	'',	'',	'',	'',	'',	'',	'',	'',	'',	'',	'',	'',	'',	'',	'',	'',	'',	'',	'',	'',	''),
(206,	'add_transport',	'',	'',	'',	'',	'',	'',	'',	'',	'',	'',	'',	'',	'',	'',	'',	'',	'',	'',	'',	'',	'',	'',	''),
(207,	'route_name',	'',	'',	'',	'',	'',	'',	'',	'',	'',	'',	'',	'',	'',	'',	'',	'',	'',	'',	'',	'',	'',	'',	''),
(208,	'number_of_vehicle',	'',	'',	'',	'',	'',	'',	'',	'',	'',	'',	'',	'',	'',	'',	'',	'',	'',	'',	'',	'',	'',	'',	''),
(209,	'route_fare',	'',	'',	'',	'',	'',	'',	'',	'',	'',	'',	'',	'',	'',	'',	'',	'',	'',	'',	'',	'',	'',	'',	''),
(210,	'record_already_exists',	'',	'',	'',	'',	'',	'',	'',	'',	'',	'',	'',	'',	'',	'',	'',	'',	'',	'',	'',	'',	'',	'',	''),
(211,	'view_fees_structure',	'',	'',	'',	'',	'',	'',	'',	'',	'',	'',	'',	'',	'',	'',	'',	'',	'',	'',	'',	'',	'',	'',	''),
(212,	'clone_fees_structure',	'',	'',	'',	'',	'',	'',	'',	'',	'',	'',	'',	'',	'',	'',	'',	'',	'',	'',	'',	'',	'',	'',	''),
(213,	'add_item',	'',	'',	'',	'',	'',	'',	'',	'',	'',	'',	'',	'',	'',	'',	'',	'',	'',	'',	'',	'',	'',	'',	''),
(214,	'system_settings',	'',	'',	'',	'',	'',	'',	'',	'',	'',	'',	'',	'',	'',	'',	'',	'',	'',	'',	'',	'',	'',	'',	''),
(215,	'system_name',	'',	'',	'',	'',	'',	'',	'',	'',	'',	'',	'',	'',	'',	'',	'',	'',	'',	'',	'',	'',	'',	'',	''),
(216,	'system_title',	'School Name',	'',	'',	'',	'',	'',	'',	'',	'',	'',	'',	'',	'',	'',	'',	'',	'',	'',	'',	'',	'',	'',	''),
(217,	'paypal_email',	'',	'',	'',	'',	'',	'',	'',	'',	'',	'',	'',	'',	'',	'',	'',	'',	'',	'',	'',	'',	'',	'',	''),
(218,	'currency',	'',	'',	'',	'',	'',	'',	'',	'',	'',	'',	'',	'',	'',	'',	'',	'',	'',	'',	'',	'',	'',	'',	''),
(219,	'system_email',	'',	'',	'',	'',	'',	'',	'',	'',	'',	'',	'',	'',	'',	'',	'',	'',	'',	'',	'',	'',	'',	'',	''),
(220,	'language',	'',	'',	'',	'',	'',	'',	'',	'',	'',	'',	'',	'',	'',	'',	'',	'',	'',	'',	'',	'',	'',	'',	''),
(221,	'text_align',	'',	'',	'',	'',	'',	'',	'',	'',	'',	'',	'',	'',	'',	'',	'',	'',	'',	'',	'',	'',	'',	'',	''),
(222,	'save',	'',	'',	'',	'',	'',	'',	'',	'',	'',	'',	'',	'',	'',	'',	'',	'',	'',	'',	'',	'',	'',	'',	''),
(223,	'update_product',	'',	'',	'',	'',	'',	'',	'',	'',	'',	'',	'',	'',	'',	'',	'',	'',	'',	'',	'',	'',	'',	'',	''),
(224,	'file',	'',	'',	'',	'',	'',	'',	'',	'',	'',	'',	'',	'',	'',	'',	'',	'',	'',	'',	'',	'',	'',	'',	''),
(225,	'install_update',	'',	'',	'',	'',	'',	'',	'',	'',	'',	'',	'',	'',	'',	'',	'',	'',	'',	'',	'',	'',	'',	'',	''),
(226,	'theme_settings',	'',	'',	'',	'',	'',	'',	'',	'',	'',	'',	'',	'',	'',	'',	'',	'',	'',	'',	'',	'',	'',	'',	''),
(227,	'default',	'',	'',	'',	'',	'',	'',	'',	'',	'',	'',	'',	'',	'',	'',	'',	'',	'',	'',	'',	'',	'',	'',	''),
(228,	'select_theme',	'',	'',	'',	'',	'',	'',	'',	'',	'',	'',	'',	'',	'',	'',	'',	'',	'',	'',	'',	'',	'',	'',	''),
(229,	'select_a_theme_to_make_changes',	'',	'',	'',	'',	'',	'',	'',	'',	'',	'',	'',	'',	'',	'',	'',	'',	'',	'',	'',	'',	'',	'',	''),
(230,	'upload_logo',	'',	'',	'',	'',	'',	'',	'',	'',	'',	'',	'',	'',	'',	'',	'',	'',	'',	'',	'',	'',	'',	'',	''),
(231,	'upload',	'',	'',	'',	'',	'',	'',	'',	'',	'',	'',	'',	'',	'',	'',	'',	'',	'',	'',	'',	'',	'',	'',	''),
(232,	'add_term',	'',	'',	'',	'',	'',	'',	'',	'',	'',	'',	'',	'',	'',	'',	'',	'',	'',	'',	'',	'',	'',	'',	''),
(233,	'term_title',	'',	'',	'',	'',	'',	'',	'',	'',	'',	'',	'',	'',	'',	'',	'',	'',	'',	'',	'',	'',	'',	'',	''),
(234,	'add_income_category',	'',	'',	'',	'',	'',	'',	'',	'',	'',	'',	'',	'',	'',	'',	'',	'',	'',	'',	'',	'',	'',	'',	''),
(235,	'invoice_created_successfully',	'',	'',	'',	'',	'',	'',	'',	'',	'',	'',	'',	'',	'',	'',	'',	'',	'',	'',	'',	'',	'',	'',	''),
(236,	'invoice_editted_successfully',	'',	'',	'',	'',	'',	'',	'',	'',	'',	'',	'',	'',	'',	'',	'',	'',	'',	'',	'',	'',	'',	'',	''),
(237,	'take_payment',	'',	'',	'',	'',	'',	'',	'',	'',	'',	'',	'',	'',	'',	'',	'',	'',	'',	'',	'',	'',	'',	'',	''),
(238,	'view_invoice',	'',	'',	'',	'',	'',	'',	'',	'',	'',	'',	'',	'',	'',	'',	'',	'',	'',	'',	'',	'',	'',	'',	''),
(239,	'delete_invoice',	'',	'',	'',	'',	'',	'',	'',	'',	'',	'',	'',	'',	'',	'',	'',	'',	'',	'',	'',	'',	'',	'',	''),
(240,	'payment',	'',	'',	'',	'',	'',	'',	'',	'',	'',	'',	'',	'',	'',	'',	'',	'',	'',	'',	'',	'',	'',	'',	''),
(241,	'paid',	'',	'',	'',	'',	'',	'',	'',	'',	'',	'',	'',	'',	'',	'',	'',	'',	'',	'',	'',	'',	'',	'',	''),
(242,	'payment_successfull',	'',	'',	'',	'',	'',	'',	'',	'',	'',	'',	'',	'',	'',	'',	'',	'',	'',	'',	'',	'',	'',	'',	''),
(243,	'creation_date',	'',	'',	'',	'',	'',	'',	'',	'',	'',	'',	'',	'',	'',	'',	'',	'',	'',	'',	'',	'',	'',	'',	''),
(244,	'status',	'',	'',	'',	'',	'',	'',	'',	'',	'',	'',	'',	'',	'',	'',	'',	'',	'',	'',	'',	'',	'',	'',	''),
(245,	'payment_to',	'',	'',	'',	'',	'',	'',	'',	'',	'',	'',	'',	'',	'',	'',	'',	'',	'',	'',	'',	'',	'',	'',	''),
(246,	'bill_to',	'',	'',	'',	'',	'',	'',	'',	'',	'',	'',	'',	'',	'',	'',	'',	'',	'',	'',	'',	'',	'',	'',	''),
(247,	'total_amount',	'',	'',	'',	'',	'',	'',	'',	'',	'',	'',	'',	'',	'',	'',	'',	'',	'',	'',	'',	'',	'',	'',	''),
(248,	'paid_amount',	'',	'',	'',	'',	'',	'',	'',	'',	'',	'',	'',	'',	'',	'',	'',	'',	'',	'',	'',	'',	'',	'',	''),
(249,	'due',	'',	'',	'',	'',	'',	'',	'',	'',	'',	'',	'',	'',	'',	'',	'',	'',	'',	'',	'',	'',	'',	'',	''),
(250,	'invoice_breakdown',	'',	'',	'',	'',	'',	'',	'',	'',	'',	'',	'',	'',	'',	'',	'',	'',	'',	'',	'',	'',	'',	'',	''),
(251,	'payee',	'',	'',	'',	'',	'',	'',	'',	'',	'',	'',	'',	'',	'',	'',	'',	'',	'',	'',	'',	'',	'',	'',	''),
(252,	'cost',	'',	'',	'',	'',	'',	'',	'',	'',	'',	'',	'',	'',	'',	'',	'',	'',	'',	'',	'',	'',	'',	'',	''),
(253,	'add_row',	'',	'',	'',	'',	'',	'',	'',	'',	'',	'',	'',	'',	'',	'',	'',	'',	'',	'',	'',	'',	'',	'',	''),
(254,	'student_payment',	'',	'',	'',	'',	'',	'',	'',	'',	'',	'',	'',	'',	'',	'',	'',	'',	'',	'',	'',	'',	'',	'',	''),
(255,	'bank',	'',	'',	'',	'',	'',	'',	'',	'',	'',	'',	'',	'',	'',	'',	'',	'',	'',	'',	'',	'',	'',	'',	''),
(256,	'reference',	'',	'',	'',	'',	'',	'',	'',	'',	'',	'',	'',	'',	'',	'',	'',	'',	'',	'',	'',	'',	'',	'',	''),
(257,	'transaction_type',	'',	'',	'',	'',	'',	'',	'',	'',	'',	'',	'',	'',	'',	'',	'',	'',	'',	'',	'',	'',	'',	'',	''),
(258,	'income',	'',	'',	'',	'',	'',	'',	'',	'',	'',	'',	'',	'',	'',	'',	'',	'',	'',	'',	'',	'',	'',	'',	''),
(259,	'expense',	'',	'',	'',	'',	'',	'',	'',	'',	'',	'',	'',	'',	'',	'',	'',	'',	'',	'',	'',	'',	'',	'',	''),
(260,	'balance_brought_forward',	'',	'',	'',	'',	'',	'',	'',	'',	'',	'',	'',	'',	'',	'',	'',	'',	'',	'',	'',	'',	'',	'',	''),
(261,	'contra_entries',	'',	'',	'',	'',	'',	'',	'',	'',	'',	'',	'',	'',	'',	'',	'',	'',	'',	'',	'',	'',	'',	'',	''),
(262,	'new_contra_entry',	'',	'',	'',	'',	'',	'',	'',	'',	'',	'',	'',	'',	'',	'',	'',	'',	'',	'',	'',	'',	'',	'',	''),
(263,	'entry_type',	'',	'',	'',	'',	'',	'',	'',	'',	'',	'',	'',	'',	'',	'',	'',	'',	'',	'',	'',	'',	'',	'',	''),
(264,	'to_bank',	'',	'',	'',	'',	'',	'',	'',	'',	'',	'',	'',	'',	'',	'',	'',	'',	'',	'',	'',	'',	'',	'',	''),
(265,	'to_cash',	'',	'',	'',	'',	'',	'',	'',	'',	'',	'',	'',	'',	'',	'',	'',	'',	'',	'',	'',	'',	'',	'',	''),
(266,	'transact',	'',	'',	'',	'',	'',	'',	'',	'',	'',	'',	'',	'',	'',	'',	'',	'',	'',	'',	'',	'',	'',	'',	''),
(267,	'Choose',	'',	'',	'',	'',	'',	'',	'',	'',	'',	'',	'',	'',	'',	'',	'',	'',	'',	'',	'',	'',	'',	'',	''),
(268,	'edit_expense',	'',	'',	'',	'',	'',	'',	'',	'',	'',	'',	'',	'',	'',	'',	'',	'',	'',	'',	'',	'',	'',	'',	''),
(269,	'update',	'',	'',	'',	'',	'',	'',	'',	'',	'',	'',	'',	'',	'',	'',	'',	'',	'',	'',	'',	'',	'',	'',	''),
(270,	'data_updated',	'',	'',	'',	'',	'',	'',	'',	'',	'',	'',	'',	'',	'',	'',	'',	'',	'',	'',	'',	'',	'',	'',	''),
(271,	'account_balances',	'',	'',	'',	'',	'',	'',	'',	'',	'',	'',	'',	'',	'',	'',	'',	'',	'',	'',	'',	'',	'',	'',	''),
(272,	'account_opening_balances',	'',	'',	'',	'',	'',	'',	'',	'',	'',	'',	'',	'',	'',	'',	'',	'',	'',	'',	'',	'',	'',	'',	''),
(273,	'add/_Edit',	'',	'',	'',	'',	'',	'',	'',	'',	'',	'',	'',	'',	'',	'',	'',	'',	'',	'',	'',	'',	'',	'',	''),
(274,	'add/_edit',	'',	'',	'',	'',	'',	'',	'',	'',	'',	'',	'',	'',	'',	'',	'',	'',	'',	'',	'',	'',	'',	'',	''),
(275,	'add/_edit',	'',	'',	'',	'',	'',	'',	'',	'',	'',	'',	'',	'',	'',	'',	'',	'',	'',	'',	'',	'',	'',	'',	''),
(276,	'view_history',	'',	'',	'',	'',	'',	'',	'',	'',	'',	'',	'',	'',	'',	'',	'',	'',	'',	'',	'',	'',	'',	'',	''),
(277,	'add/_edit',	'',	'',	'',	'',	'',	'',	'',	'',	'',	'',	'',	'',	'',	'',	'',	'',	'',	'',	'',	'',	'',	'',	''),
(278,	'add/_edit',	'',	'',	'',	'',	'',	'',	'',	'',	'',	'',	'',	'',	'',	'',	'',	'',	'',	'',	'',	'',	'',	'',	''),
(279,	'add/_edit',	'',	'',	'',	'',	'',	'',	'',	'',	'',	'',	'',	'',	'',	'',	'',	'',	'',	'',	'',	'',	'',	'',	''),
(280,	'add/_edit',	'',	'',	'',	'',	'',	'',	'',	'',	'',	'',	'',	'',	'',	'',	'',	'',	'',	'',	'',	'',	'',	'',	''),
(281,	'add/_edit',	'',	'',	'',	'',	'',	'',	'',	'',	'',	'',	'',	'',	'',	'',	'',	'',	'',	'',	'',	'',	'',	'',	''),
(282,	'add/_edit',	'',	'',	'',	'',	'',	'',	'',	'',	'',	'',	'',	'',	'',	'',	'',	'',	'',	'',	'',	'',	'',	'',	''),
(283,	'add/_edit',	'',	'',	'',	'',	'',	'',	'',	'',	'',	'',	'',	'',	'',	'',	'',	'',	'',	'',	'',	'',	'',	'',	''),
(284,	'add/_edit',	'',	'',	'',	'',	'',	'',	'',	'',	'',	'',	'',	'',	'',	'',	'',	'',	'',	'',	'',	'',	'',	'',	''),
(285,	'add/_edit',	'',	'',	'',	'',	'',	'',	'',	'',	'',	'',	'',	'',	'',	'',	'',	'',	'',	'',	'',	'',	'',	'',	''),
(286,	'batch_number',	'',	'',	'',	'',	'',	'',	'',	'',	'',	'',	'',	'',	'',	'',	'',	'',	'',	'',	'',	'',	'',	'',	''),
(287,	'view',	'',	'',	'',	'',	'',	'',	'',	'',	'',	'',	'',	'',	'',	'',	'',	'',	'',	'',	'',	'',	'',	'',	''),
(288,	'reverse',	'',	'',	'',	'',	'',	'',	'',	'',	'',	'',	'',	'',	'',	'',	'',	'',	'',	'',	'',	'',	'',	'',	''),
(289,	'view_expense_batch',	'',	'',	'',	'',	'',	'',	'',	'',	'',	'',	'',	'',	'',	'',	'',	'',	'',	'',	'',	'',	'',	'',	''),
(290,	'expense_reversed_successful',	'',	'',	'',	'',	'',	'',	'',	'',	'',	'',	'',	'',	'',	'',	'',	'',	'',	'',	'',	'',	'',	'',	''),
(291,	'expense_reversal:_batch',	'',	'',	'',	'',	'',	'',	'',	'',	'',	'',	'',	'',	'',	'',	'',	'',	'',	'',	'',	'',	'',	'',	''),
(292,	'reversal:_batch',	'',	'',	'',	'',	'',	'',	'',	'',	'',	'',	'',	'',	'',	'',	'',	'',	'',	'',	'',	'',	'',	'',	''),
(293,	'record_reversed_successful',	'',	'',	'',	'',	'',	'',	'',	'',	'',	'',	'',	'',	'',	'',	'',	'',	'',	'',	'',	'',	'',	'',	''),
(294,	'actual_incomes',	'',	'',	'',	'',	'',	'',	'',	'',	'',	'',	'',	'',	'',	'',	'',	'',	'',	'',	'',	'',	'',	'',	''),
(295,	'receipt',	'',	'',	'',	'',	'',	'',	'',	'',	'',	'',	'',	'',	'',	'',	'',	'',	'',	'',	'',	'',	'',	'',	''),
(296,	'serial',	'',	'',	'',	'',	'',	'',	'',	'',	'',	'',	'',	'',	'',	'',	'',	'',	'',	'',	'',	'',	'',	'',	''),
(297,	'payment_receipt',	'',	'',	'',	'',	'',	'',	'',	'',	'',	'',	'',	'',	'',	'',	'',	'',	'',	'',	'',	'',	'',	'',	''),
(298,	'student_name',	'',	'',	'',	'',	'',	'',	'',	'',	'',	'',	'',	'',	'',	'',	'',	'',	'',	'',	'',	'',	'',	'',	''),
(299,	'admission_number',	'',	'',	'',	'',	'',	'',	'',	'',	'',	'',	'',	'',	'',	'',	'',	'',	'',	'',	'',	'',	'',	'',	''),
(300,	'receipt_number',	'',	'',	'',	'',	'',	'',	'',	'',	'',	'',	'',	'',	'',	'',	'',	'',	'',	'',	'',	'',	'',	'',	''),
(301,	'total_amount_due',	'',	'',	'',	'',	'',	'',	'',	'',	'',	'',	'',	'',	'',	'',	'',	'',	'',	'',	'',	'',	'',	'',	''),
(302,	'previously_paid',	'',	'',	'',	'',	'',	'',	'',	'',	'',	'',	'',	'',	'',	'',	'',	'',	'',	'',	'',	'',	'',	'',	''),
(303,	'amount_due',	'',	'',	'',	'',	'',	'',	'',	'',	'',	'',	'',	'',	'',	'',	'',	'',	'',	'',	'',	'',	'',	'',	''),
(304,	'reciept_total',	'',	'',	'',	'',	'',	'',	'',	'',	'',	'',	'',	'',	'',	'',	'',	'',	'',	'',	'',	'',	'',	'',	''),
(305,	'fees_balance',	'',	'',	'',	'',	'',	'',	'',	'',	'',	'',	'',	'',	'',	'',	'',	'',	'',	'',	'',	'',	'',	'',	''),
(306,	'receipt_total',	'',	'',	'',	'',	'',	'',	'',	'',	'',	'',	'',	'',	'',	'',	'',	'',	'',	'',	'',	'',	'',	'',	''),
(307,	'fees_due',	'',	'',	'',	'',	'',	'',	'',	'',	'',	'',	'',	'',	'',	'',	'',	'',	'',	'',	'',	'',	'',	'',	''),
(308,	'fees_paid_to_date',	'',	'',	'',	'',	'',	'',	'',	'',	'',	'',	'',	'',	'',	'',	'',	'',	'',	'',	'',	'',	'',	'',	''),
(309,	'view_receipt',	'',	'',	'',	'',	'',	'',	'',	'',	'',	'',	'',	'',	'',	'',	'',	'',	'',	'',	'',	'',	'',	'',	''),
(310,	'download_receipt',	'',	'',	'',	'',	'',	'',	'',	'',	'',	'',	'',	'',	'',	'',	'',	'',	'',	'',	'',	'',	'',	'',	''),
(311,	'manage_library_books',	'',	'',	'',	'',	'',	'',	'',	'',	'',	'',	'',	'',	'',	'',	'',	'',	'',	'',	'',	'',	'',	'',	''),
(312,	'book_list',	'',	'',	'',	'',	'',	'',	'',	'',	'',	'',	'',	'',	'',	'',	'',	'',	'',	'',	'',	'',	'',	'',	''),
(313,	'add_book',	'',	'',	'',	'',	'',	'',	'',	'',	'',	'',	'',	'',	'',	'',	'',	'',	'',	'',	'',	'',	'',	'',	''),
(314,	'book_name',	'',	'',	'',	'',	'',	'',	'',	'',	'',	'',	'',	'',	'',	'',	'',	'',	'',	'',	'',	'',	'',	'',	''),
(315,	'author',	'',	'',	'',	'',	'',	'',	'',	'',	'',	'',	'',	'',	'',	'',	'',	'',	'',	'',	'',	'',	'',	'',	''),
(316,	'price',	'',	'',	'',	'',	'',	'',	'',	'',	'',	'',	'',	'',	'',	'',	'',	'',	'',	'',	'',	'',	'',	'',	''),
(317,	'available',	'',	'',	'',	'',	'',	'',	'',	'',	'',	'',	'',	'',	'',	'',	'',	'',	'',	'',	'',	'',	'',	'',	''),
(318,	'unavailable',	'',	'',	'',	'',	'',	'',	'',	'',	'',	'',	'',	'',	'',	'',	'',	'',	'',	'',	'',	'',	'',	'',	''),
(319,	'print_receipt',	'',	'',	'',	'',	'',	'',	'',	'',	'',	'',	'',	'',	'',	'',	'',	'',	'',	'',	'',	'',	'',	'',	''),
(320,	'manage_noticeboard',	'',	'',	'',	'',	'',	'',	'',	'',	'',	'',	'',	'',	'',	'',	'',	'',	'',	'',	'',	'',	'',	'',	''),
(321,	'noticeboard_list',	'',	'',	'',	'',	'',	'',	'',	'',	'',	'',	'',	'',	'',	'',	'',	'',	'',	'',	'',	'',	'',	'',	''),
(322,	'add_noticeboard',	'',	'',	'',	'',	'',	'',	'',	'',	'',	'',	'',	'',	'',	'',	'',	'',	'',	'',	'',	'',	'',	'',	''),
(323,	'notice',	'',	'',	'',	'',	'',	'',	'',	'',	'',	'',	'',	'',	'',	'',	'',	'',	'',	'',	'',	'',	'',	'',	''),
(324,	'add_notice',	'',	'',	'',	'',	'',	'',	'',	'',	'',	'',	'',	'',	'',	'',	'',	'',	'',	'',	'',	'',	'',	'',	''),
(325,	'send_sms_to_all',	'',	'',	'',	'',	'',	'',	'',	'',	'',	'',	'',	'',	'',	'',	'',	'',	'',	'',	'',	'',	'',	'',	''),
(326,	'yes',	'',	'',	'',	'',	'',	'',	'',	'',	'',	'',	'',	'',	'',	'',	'',	'',	'',	'',	'',	'',	'',	'',	''),
(327,	'no',	'',	'',	'',	'',	'',	'',	'',	'',	'',	'',	'',	'',	'',	'',	'',	'',	'',	'',	'',	'',	'',	'',	''),
(328,	'sms_service_not_activated',	'',	'',	'',	'',	'',	'',	'',	'',	'',	'',	'',	'',	'',	'',	'',	'',	'',	'',	'',	'',	'',	'',	''),
(329,	'private_messaging',	'',	'',	'',	'',	'',	'',	'',	'',	'',	'',	'',	'',	'',	'',	'',	'',	'',	'',	'',	'',	'',	'',	''),
(330,	'messages',	'',	'',	'',	'',	'',	'',	'',	'',	'',	'',	'',	'',	'',	'',	'',	'',	'',	'',	'',	'',	'',	'',	''),
(331,	'new_message',	'',	'',	'',	'',	'',	'',	'',	'',	'',	'',	'',	'',	'',	'',	'',	'',	'',	'',	'',	'',	'',	'',	''),
(332,	'manage_profile',	'',	'',	'',	'',	'',	'',	'',	'',	'',	'',	'',	'',	'',	'',	'',	'',	'',	'',	'',	'',	'',	'',	''),
(333,	'update_profile',	'',	'',	'',	'',	'',	'',	'',	'',	'',	'',	'',	'',	'',	'',	'',	'',	'',	'',	'',	'',	'',	'',	''),
(334,	'current_password',	'',	'',	'',	'',	'',	'',	'',	'',	'',	'',	'',	'',	'',	'',	'',	'',	'',	'',	'',	'',	'',	'',	''),
(335,	'new_password',	'',	'',	'',	'',	'',	'',	'',	'',	'',	'',	'',	'',	'',	'',	'',	'',	'',	'',	'',	'',	'',	'',	''),
(336,	'confirm_new_password',	'',	'',	'',	'',	'',	'',	'',	'',	'',	'',	'',	'',	'',	'',	'',	'',	'',	'',	'',	'',	'',	'',	''),
(337,	'manage_class_routine',	'',	'',	'',	'',	'',	'',	'',	'',	'',	'',	'',	'',	'',	'',	'',	'',	'',	'',	'',	'',	'',	'',	''),
(338,	'class_routine_list',	'',	'',	'',	'',	'',	'',	'',	'',	'',	'',	'',	'',	'',	'',	'',	'',	'',	'',	'',	'',	'',	'',	''),
(339,	'add_class_routine',	'',	'',	'',	'',	'',	'',	'',	'',	'',	'',	'',	'',	'',	'',	'',	'',	'',	'',	'',	'',	'',	'',	''),
(340,	'day',	'',	'',	'',	'',	'',	'',	'',	'',	'',	'',	'',	'',	'',	'',	'',	'',	'',	'',	'',	'',	'',	'',	''),
(341,	'starting_time',	'',	'',	'',	'',	'',	'',	'',	'',	'',	'',	'',	'',	'',	'',	'',	'',	'',	'',	'',	'',	'',	'',	''),
(342,	'hour',	'',	'',	'',	'',	'',	'',	'',	'',	'',	'',	'',	'',	'',	'',	'',	'',	'',	'',	'',	'',	'',	'',	''),
(343,	'minutes',	'',	'',	'',	'',	'',	'',	'',	'',	'',	'',	'',	'',	'',	'',	'',	'',	'',	'',	'',	'',	'',	'',	''),
(344,	'ending_time',	'',	'',	'',	'',	'',	'',	'',	'',	'',	'',	'',	'',	'',	'',	'',	'',	'',	'',	'',	'',	'',	'',	''),
(345,	'manage_subject',	'',	'',	'',	'',	'',	'',	'',	'',	'',	'',	'',	'',	'',	'',	'',	'',	'',	'',	'',	'',	'',	'',	''),
(346,	'subject_list',	'',	'',	'',	'',	'',	'',	'',	'',	'',	'',	'',	'',	'',	'',	'',	'',	'',	'',	'',	'',	'',	'',	''),
(347,	'add_subject',	'',	'',	'',	'',	'',	'',	'',	'',	'',	'',	'',	'',	'',	'',	'',	'',	'',	'',	'',	'',	'',	'',	''),
(348,	'subject_name',	'',	'',	'',	'',	'',	'',	'',	'',	'',	'',	'',	'',	'',	'',	'',	'',	'',	'',	'',	'',	'',	'',	''),
(349,	'financial_report',	'',	'',	'',	'',	'',	'',	'',	'',	'',	'',	'',	'',	'',	'',	'',	'',	'',	'',	'',	'',	'',	'',	''),
(350,	'revenue_report',	'',	'',	'',	'',	'',	'',	'',	'',	'',	'',	'',	'',	'',	'',	'',	'',	'',	'',	'',	'',	'',	'',	''),
(351,	'opening_balance',	'',	'',	'',	'',	'',	'',	'',	'',	'',	'',	'',	'',	'',	'',	'',	'',	'',	'',	'',	'',	'',	'',	''),
(352,	'month_income',	'',	'',	'',	'',	'',	'',	'',	'',	'',	'',	'',	'',	'',	'',	'',	'',	'',	'',	'',	'',	'',	'',	''),
(353,	'month_expense',	'',	'',	'',	'',	'',	'',	'',	'',	'',	'',	'',	'',	'',	'',	'',	'',	'',	'',	'',	'',	'',	'',	''),
(354,	'ending_balance',	'',	'',	'',	'',	'',	'',	'',	'',	'',	'',	'',	'',	'',	'',	'',	'',	'',	'',	'',	'',	'',	'',	''),
(355,	'revenue_report_for',	'',	'',	'',	'',	'',	'',	'',	'',	'',	'',	'',	'',	'',	'',	'',	'',	'',	'',	'',	'',	'',	'',	''),
(356,	'summary_by_expense_categories',	'',	'',	'',	'',	'',	'',	'',	'',	'',	'',	'',	'',	'',	'',	'',	'',	'',	'',	'',	'',	'',	'',	''),
(357,	'summary_by_income_categories',	'',	'',	'',	'',	'',	'',	'',	'',	'',	'',	'',	'',	'',	'',	'',	'',	'',	'',	'',	'',	'',	'',	''),
(358,	'theme_selected',	'',	'',	'',	'',	'',	'',	'',	'',	'',	'',	'',	'',	'',	'',	'',	'',	'',	'',	'',	'',	'',	'',	''),
(359,	'teacher_dashboard',	'',	'',	'',	'',	'',	'',	'',	'',	'',	'',	'',	'',	'',	'',	'',	'',	'',	'',	'',	'',	'',	'',	''),
(360,	'study_material',	'',	'',	'',	'',	'',	'',	'',	'',	'',	'',	'',	'',	'',	'',	'',	'',	'',	'',	'',	'',	'',	'',	''),
(361,	'student_dashboard',	'',	'',	'',	'',	'',	'',	'',	'',	'',	'',	'',	'',	'',	'',	'',	'',	'',	'',	'',	'',	'',	'',	''),
(362,	'exam_marks',	'',	'',	'',	'',	'',	'',	'',	'',	'',	'',	'',	'',	'',	'',	'',	'',	'',	'',	'',	'',	'',	'',	''),
(363,	'school_budget_for_year',	'',	'',	'',	'',	'',	'',	'',	'',	'',	'',	'',	'',	'',	'',	'',	'',	'',	'',	'',	'',	'',	'',	''),
(364,	'school_budget_for_year_',	'',	'',	'',	'',	'',	'',	'',	'',	'',	'',	'',	'',	'',	'',	'',	'',	'',	'',	'',	'',	'',	'',	''),
(365,	'students',	'',	'',	'',	'',	'',	'',	'',	'',	'',	'',	'',	'',	'',	'',	'',	'',	'',	'',	'',	'',	'',	'',	''),
(366,	'edit_transport',	'',	'',	'',	'',	'',	'',	'',	'',	'',	'',	'',	'',	'',	'',	'',	'',	'',	'',	'',	'',	'',	'',	''),
(367,	'edit_student',	'',	'',	'',	'',	'',	'',	'',	'',	'',	'',	'',	'',	'',	'',	'',	'',	'',	'',	'',	'',	'',	'',	''),
(368,	'edit_class',	'',	'',	'',	'',	'',	'',	'',	'',	'',	'',	'',	'',	'',	'',	'',	'',	'',	'',	'',	'',	'',	'',	''),
(369,	'beneficiaries',	'',	'',	'',	'',	'',	'',	'',	'',	'',	'',	'',	'',	'',	'',	'',	'',	'',	'',	'',	'',	'',	'',	''),
(370,	'beneficiary_name',	'',	'',	'',	'',	'',	'',	'',	'',	'',	'',	'',	'',	'',	'',	'',	'',	'',	'',	'',	'',	'',	'',	''),
(371,	'edit_fees_structure',	'',	'',	'',	'',	'',	'',	'',	'',	'',	'',	'',	'',	'',	'',	'',	'',	'',	'',	'',	'',	'',	'',	''),
(372,	'data_deleted',	'',	'',	'',	'',	'',	'',	'',	'',	'',	'',	'',	'',	'',	'',	'',	'',	'',	'',	'',	'',	'',	'',	''),
(373,	'select_a_student',	'',	'',	'',	'',	'',	'',	'',	'',	'',	'',	'',	'',	'',	'',	'',	'',	'',	'',	'',	'',	'',	'',	''),
(374,	'cheque',	'',	'',	'',	'',	'',	'',	'',	'',	'',	'',	'',	'',	'',	'',	'',	'',	'',	'',	'',	'',	'',	'',	''),
(375,	'cheque_number',	'',	'',	'',	'',	'',	'',	'',	'',	'',	'',	'',	'',	'',	'',	'',	'',	'',	'',	'',	'',	'',	'',	''),
(376,	'view_parent',	'',	'',	'',	'',	'',	'',	'',	'',	'',	'',	'',	'',	'',	'',	'',	'',	'',	'',	'',	'',	'',	'',	''),
(377,	'parent_activity',	'',	'',	'',	'',	'',	'',	'',	'',	'',	'',	'',	'',	'',	'',	'',	'',	'',	'',	'',	'',	'',	'',	''),
(378,	'parents_activity',	'',	'',	'',	'',	'',	'',	'',	'',	'',	'',	'',	'',	'',	'',	'',	'',	'',	'',	'',	'',	'',	'',	''),
(379,	'add_activity',	'',	'',	'',	'',	'',	'',	'',	'',	'',	'',	'',	'',	'',	'',	'',	'',	'',	'',	'',	'',	'',	'',	''),
(380,	'activity_name',	'',	'',	'',	'',	'',	'',	'',	'',	'',	'',	'',	'',	'',	'',	'',	'',	'',	'',	'',	'',	'',	'',	''),
(381,	'start_date',	'',	'',	'',	'',	'',	'',	'',	'',	'',	'',	'',	'',	'',	'',	'',	'',	'',	'',	'',	'',	'',	'',	''),
(382,	'end_date',	'',	'',	'',	'',	'',	'',	'',	'',	'',	'',	'',	'',	'',	'',	'',	'',	'',	'',	'',	'',	'',	'',	''),
(383,	'add_parents',	'',	'',	'',	'',	'',	'',	'',	'',	'',	'',	'',	'',	'',	'',	'',	'',	'',	'',	'',	'',	'',	'',	''),
(384,	'search_parents_by',	'',	'',	'',	'',	'',	'',	'',	'',	'',	'',	'',	'',	'',	'',	'',	'',	'',	'',	'',	'',	'',	'',	''),
(385,	'All',	'',	'',	'',	'',	'',	'',	'',	'',	'',	'',	'',	'',	'',	'',	'',	'',	'',	'',	'',	'',	'',	'',	''),
(386,	'go',	'',	'',	'',	'',	'',	'',	'',	'',	'',	'',	'',	'',	'',	'',	'',	'',	'',	'',	'',	'',	'',	'',	''),
(387,	'activity_details',	'',	'',	'',	'',	'',	'',	'',	'',	'',	'',	'',	'',	'',	'',	'',	'',	'',	'',	'',	'',	'',	'',	''),
(388,	'manage_language',	'',	'',	'',	'',	'',	'',	'',	'',	'',	'',	'',	'',	'',	'',	'',	'',	'',	'',	'',	'',	'',	'',	''),
(389,	'language_list',	'',	'',	'',	'',	'',	'',	'',	'',	'',	'',	'',	'',	'',	'',	'',	'',	'',	'',	'',	'',	'',	'',	''),
(390,	'add_phrase',	'',	'',	'',	'',	'',	'',	'',	'',	'',	'',	'',	'',	'',	'',	'',	'',	'',	'',	'',	'',	'',	'',	''),
(391,	'add_language',	'',	'',	'',	'',	'',	'',	'',	'',	'',	'',	'',	'',	'',	'',	'',	'',	'',	'',	'',	'',	'',	'',	''),
(392,	'option',	'',	'',	'',	'',	'',	'',	'',	'',	'',	'',	'',	'',	'',	'',	'',	'',	'',	'',	'',	'',	'',	'',	''),
(393,	'edit_phrase',	'',	'',	'',	'',	'',	'',	'',	'',	'',	'',	'',	'',	'',	'',	'',	'',	'',	'',	'',	'',	'',	'',	''),
(394,	'delete_language',	'',	'',	'',	'',	'',	'',	'',	'',	'',	'',	'',	'',	'',	'',	'',	'',	'',	'',	'',	'',	'',	'',	''),
(395,	'phrase',	'',	'',	'',	'',	'',	'',	'',	'',	'',	'',	'',	'',	'',	'',	'',	'',	'',	'',	'',	'',	'',	'',	''),
(396,	'update_phrase',	'',	'',	'',	'',	'',	'',	'',	'',	'',	'',	'',	'',	'',	'',	'',	'',	'',	'',	'',	'',	'',	'',	''),
(397,	'add_bulk_student',	'',	'',	'',	'',	'',	'',	'',	'',	'',	'',	'',	'',	'',	'',	'',	'',	'',	'',	'',	'',	'',	'',	''),
(398,	'student_bulk_add_form',	'',	'',	'',	'',	'',	'',	'',	'',	'',	'',	'',	'',	'',	'',	'',	'',	'',	'',	'',	'',	'',	'',	''),
(399,	'select_excel_file',	'',	'',	'',	'',	'',	'',	'',	'',	'',	'',	'',	'',	'',	'',	'',	'',	'',	'',	'',	'',	'',	'',	''),
(400,	'upload_and_import',	'',	'',	'',	'',	'',	'',	'',	'',	'',	'',	'',	'',	'',	'',	'',	'',	'',	'',	'',	'',	'',	'',	''),
(401,	'service_is_disabled',	'',	'',	'',	'',	'',	'',	'',	'',	'',	'',	'',	'',	'',	'',	'',	'',	'',	'',	'',	'',	'',	'',	''),
(402,	'present',	'',	'',	'',	'',	'',	'',	'',	'',	'',	'',	'',	'',	'',	'',	'',	'',	'',	'',	'',	'',	'',	'',	''),
(403,	'manage_exam',	'',	'',	'',	'',	'',	'',	'',	'',	'',	'',	'',	'',	'',	'',	'',	'',	'',	'',	'',	'',	'',	'',	''),
(404,	'add_exam',	'',	'',	'',	'',	'',	'',	'',	'',	'',	'',	'',	'',	'',	'',	'',	'',	'',	'',	'',	'',	'',	'',	''),
(405,	'exam_name',	'',	'',	'',	'',	'',	'',	'',	'',	'',	'',	'',	'',	'',	'',	'',	'',	'',	'',	'',	'',	'',	'',	''),
(406,	'comment',	'',	'',	'',	'',	'',	'',	'',	'',	'',	'',	'',	'',	'',	'',	'',	'',	'',	'',	'',	'',	'',	'',	''),
(407,	'manage_grade',	'',	'',	'',	'',	'',	'',	'',	'',	'',	'',	'',	'',	'',	'',	'',	'',	'',	'',	'',	'',	'',	'',	''),
(408,	'grade_list',	'',	'',	'',	'',	'',	'',	'',	'',	'',	'',	'',	'',	'',	'',	'',	'',	'',	'',	'',	'',	'',	'',	''),
(409,	'add_grade',	'',	'',	'',	'',	'',	'',	'',	'',	'',	'',	'',	'',	'',	'',	'',	'',	'',	'',	'',	'',	'',	'',	''),
(410,	'grade_name',	'',	'',	'',	'',	'',	'',	'',	'',	'',	'',	'',	'',	'',	'',	'',	'',	'',	'',	'',	'',	'',	'',	''),
(411,	'grade_point',	'',	'',	'',	'',	'',	'',	'',	'',	'',	'',	'',	'',	'',	'',	'',	'',	'',	'',	'',	'',	'',	'',	''),
(412,	'mark_from',	'',	'',	'',	'',	'',	'',	'',	'',	'',	'',	'',	'',	'',	'',	'',	'',	'',	'',	'',	'',	'',	'',	''),
(413,	'mark_upto',	'',	'',	'',	'',	'',	'',	'',	'',	'',	'',	'',	'',	'',	'',	'',	'',	'',	'',	'',	'',	'',	'',	''),
(414,	'edit_grade',	'',	'',	'',	'',	'',	'',	'',	'',	'',	'',	'',	'',	'',	'',	'',	'',	'',	'',	'',	'',	'',	'',	''),
(415,	'manage_exam_marks',	'',	'',	'',	'',	'',	'',	'',	'',	'',	'',	'',	'',	'',	'',	'',	'',	'',	'',	'',	'',	'',	'',	''),
(416,	'select_exam',	'',	'',	'',	'',	'',	'',	'',	'',	'',	'',	'',	'',	'',	'',	'',	'',	'',	'',	'',	'',	'',	'',	''),
(417,	'select_subject',	'',	'',	'',	'',	'',	'',	'',	'',	'',	'',	'',	'',	'',	'',	'',	'',	'',	'',	'',	'',	'',	'',	''),
(418,	'select_an_exam',	'',	'',	'',	'',	'',	'',	'',	'',	'',	'',	'',	'',	'',	'',	'',	'',	'',	'',	'',	'',	'',	'',	''),
(419,	'select_a_class',	'',	'',	'',	'',	'',	'',	'',	'',	'',	'',	'',	'',	'',	'',	'',	'',	'',	'',	'',	'',	'',	'',	''),
(420,	'mark_obtained',	'',	'',	'',	'',	'',	'',	'',	'',	'',	'',	'',	'',	'',	'',	'',	'',	'',	'',	'',	'',	'',	'',	''),
(421,	'update_marks',	'',	'',	'',	'',	'',	'',	'',	'',	'',	'',	'',	'',	'',	'',	'',	'',	'',	'',	'',	'',	'',	'',	''),
(422,	'send_marks',	'',	'',	'',	'',	'',	'',	'',	'',	'',	'',	'',	'',	'',	'',	'',	'',	'',	'',	'',	'',	'',	'',	''),
(423,	'select_receiver',	'',	'',	'',	'',	'',	'',	'',	'',	'',	'',	'',	'',	'',	'',	'',	'',	'',	'',	'',	'',	'',	'',	''),
(424,	'view_tabulation_sheet',	'',	'',	'',	'',	'',	'',	'',	'',	'',	'',	'',	'',	'',	'',	'',	'',	'',	'',	'',	'',	'',	'',	''),
(425,	'subjects',	'',	'',	'',	'',	'',	'',	'',	'',	'',	'',	'',	'',	'',	'',	'',	'',	'',	'',	'',	'',	'',	'',	''),
(426,	'average_grade_point',	'',	'',	'',	'',	'',	'',	'',	'',	'',	'',	'',	'',	'',	'',	'',	'',	'',	'',	'',	'',	'',	'',	''),
(427,	'print_tabulation_sheet',	'',	'',	'',	'',	'',	'',	'',	'',	'',	'',	'',	'',	'',	'',	'',	'',	'',	'',	'',	'',	'',	'',	''),
(428,	'select_all',	'',	'',	'',	'',	'',	'',	'',	'',	'',	'',	'',	'',	'',	'',	'',	'',	'',	'',	'',	'',	'',	'',	''),
(429,	'select_none',	'',	'',	'',	'',	'',	'',	'',	'',	'',	'',	'',	'',	'',	'',	'',	'',	'',	'',	'',	'',	'',	'',	''),
(430,	'manage_dormitory',	'',	'',	'',	'',	'',	'',	'',	'',	'',	'',	'',	'',	'',	'',	'',	'',	'',	'',	'',	'',	'',	'',	''),
(431,	'dormitory_list',	'',	'',	'',	'',	'',	'',	'',	'',	'',	'',	'',	'',	'',	'',	'',	'',	'',	'',	'',	'',	'',	'',	''),
(432,	'add_dormitory',	'',	'',	'',	'',	'',	'',	'',	'',	'',	'',	'',	'',	'',	'',	'',	'',	'',	'',	'',	'',	'',	'',	''),
(433,	'dormitory_name',	'',	'',	'',	'',	'',	'',	'',	'',	'',	'',	'',	'',	'',	'',	'',	'',	'',	'',	'',	'',	'',	'',	''),
(434,	'number_of_room',	'',	'',	'',	'',	'',	'',	'',	'',	'',	'',	'',	'',	'',	'',	'',	'',	'',	'',	'',	'',	'',	'',	''),
(435,	'on',	'',	'',	'',	'',	'',	'',	'',	'',	'',	'',	'',	'',	'',	'',	'',	'',	'',	'',	'',	'',	'',	'',	''),
(436,	'write_new_message',	'',	'',	'',	'',	'',	'',	'',	'',	'',	'',	'',	'',	'',	'',	'',	'',	'',	'',	'',	'',	'',	'',	''),
(437,	'recipient',	'',	'',	'',	'',	'',	'',	'',	'',	'',	'',	'',	'',	'',	'',	'',	'',	'',	'',	'',	'',	'',	'',	''),
(438,	'select_a_user',	'',	'',	'',	'',	'',	'',	'',	'',	'',	'',	'',	'',	'',	'',	'',	'',	'',	'',	'',	'',	'',	'',	''),
(439,	'write_your_message',	'',	'',	'',	'',	'',	'',	'',	'',	'',	'',	'',	'',	'',	'',	'',	'',	'',	'',	'',	'',	'',	'',	''),
(440,	'send',	'',	'',	'',	'',	'',	'',	'',	'',	'',	'',	'',	'',	'',	'',	'',	'',	'',	'',	'',	'',	'',	'',	''),
(441,	'message_sent!',	'',	'',	'',	'',	'',	'',	'',	'',	'',	'',	'',	'',	'',	'',	'',	'',	'',	'',	'',	'',	'',	'',	''),
(442,	'reply_message',	'',	'',	'',	'',	'',	'',	'',	'',	'',	'',	'',	'',	'',	'',	'',	'',	'',	'',	'',	'',	'',	'',	''),
(443,	'select_a_service',	'',	'',	'',	'',	'',	'',	'',	'',	'',	'',	'',	'',	'',	'',	'',	'',	'',	'',	'',	'',	'',	'',	''),
(444,	'not_selected',	'',	'',	'',	'',	'',	'',	'',	'',	'',	'',	'',	'',	'',	'',	'',	'',	'',	'',	'',	'',	'',	'',	''),
(445,	'disabled',	'',	'',	'',	'',	'',	'',	'',	'',	'',	'',	'',	'',	'',	'',	'',	'',	'',	'',	'',	'',	'',	'',	''),
(446,	'clickatell_username',	'',	'',	'',	'',	'',	'',	'',	'',	'',	'',	'',	'',	'',	'',	'',	'',	'',	'',	'',	'',	'',	'',	''),
(447,	'clickatell_password',	'',	'',	'',	'',	'',	'',	'',	'',	'',	'',	'',	'',	'',	'',	'',	'',	'',	'',	'',	'',	'',	'',	''),
(448,	'clickatell_api_id',	'',	'',	'',	'',	'',	'',	'',	'',	'',	'',	'',	'',	'',	'',	'',	'',	'',	'',	'',	'',	'',	'',	''),
(449,	'twilio_account',	'',	'',	'',	'',	'',	'',	'',	'',	'',	'',	'',	'',	'',	'',	'',	'',	'',	'',	'',	'',	'',	'',	''),
(450,	'authentication_token',	'',	'',	'',	'',	'',	'',	'',	'',	'',	'',	'',	'',	'',	'',	'',	'',	'',	'',	'',	'',	'',	'',	''),
(451,	'registered_phone_number',	'',	'',	'',	'',	'',	'',	'',	'',	'',	'',	'',	'',	'',	'',	'',	'',	'',	'',	'',	'',	'',	'',	''),
(452,	'settings_updated',	'',	'',	'',	'',	'',	'',	'',	'',	'',	'',	'',	'',	'',	'',	'',	'',	'',	'',	'',	'',	'',	'',	''),
(453,	'download',	'',	'',	'',	'',	'',	'',	'',	'',	'',	'',	'',	'',	'',	'',	'',	'',	'',	'',	'',	'',	'',	'',	NULL),
(454,	'marksheet_for',	'',	'',	'',	'',	'',	'',	'',	'',	'',	'',	'',	'',	'',	'',	'',	'',	'',	'',	'',	'',	'',	'',	NULL),
(455,	'total_marks',	'',	'',	'',	'',	'',	'',	'',	'',	'',	'',	'',	'',	'',	'',	'',	'',	'',	'',	'',	'',	'',	'',	NULL),
(456,	'print_marksheet',	'',	'',	'',	'',	'',	'',	'',	'',	'',	'',	'',	'',	'',	'',	'',	'',	'',	'',	'',	'',	'',	'',	NULL),
(457,	'manage_invoice/payment',	'',	'',	'',	'',	'',	'',	'',	'',	'',	'',	'',	'',	'',	'',	'',	'',	'',	'',	'',	'',	'',	'',	NULL),
(458,	'invoice/payment_list',	'',	'',	'',	'',	'',	'',	'',	'',	'',	'',	'',	'',	'',	'',	'',	'',	'',	'',	'',	'',	'',	'',	NULL),
(459,	'mark_attendance',	'',	'',	'',	'',	'',	'',	'',	'',	'',	'',	'',	'',	'',	'',	'',	'',	'',	'',	'',	'',	'',	'',	NULL),
(460,	'parent_name',	'',	'',	'',	'',	'',	'',	'',	'',	'',	'',	'',	'',	'',	'',	'',	'',	'',	'',	'',	'',	'',	'',	NULL),
(461,	'mark',	'',	'',	'',	'',	'',	'',	'',	'',	'',	'',	'',	'',	'',	'',	'',	'',	'',	'',	'',	'',	'',	'',	NULL),
(462,	'attended',	'',	'',	'',	'',	'',	'',	'',	'',	'',	'',	'',	'',	'',	'',	'',	'',	'',	'',	'',	'',	'',	'',	NULL),
(463,	'absent',	'',	'',	'',	'',	'',	'',	'',	'',	'',	'',	'',	'',	'',	'',	'',	'',	'',	'',	'',	'',	'',	'',	NULL),
(464,	'not_attending',	'',	'',	'',	'',	'',	'',	'',	'',	'',	'',	'',	'',	'',	'',	'',	'',	'',	'',	'',	'',	'',	'',	NULL),
(465,	'show/mark_attendance',	'',	'',	'',	'',	'',	'',	'',	'',	'',	'',	'',	'',	'',	'',	'',	'',	'',	'',	'',	'',	'',	'',	NULL),
(466,	'show_or_mark_attendance',	'',	'',	'',	'',	'',	'',	'',	'',	'',	'',	'',	'',	'',	'',	'',	'',	'',	'',	'',	'',	'',	'',	NULL),
(467,	'teacher_list',	'',	'',	'',	'',	'',	'',	'',	'',	'',	'',	'',	'',	'',	'',	'',	'',	'',	'',	'',	'',	'',	'',	NULL),
(468,	'student_marksheet',	'',	'',	'',	'',	'',	'',	'',	'',	'',	'',	'',	'',	'',	'',	'',	'',	'',	'',	'',	'',	'',	'',	NULL),
(469,	'add_study_material',	'',	'',	'',	'',	'',	'',	'',	'',	'',	'',	'',	'',	'',	'',	'',	'',	'',	'',	'',	'',	'',	'',	NULL),
(470,	'file_type',	'',	'',	'',	'',	'',	'',	'',	'',	'',	'',	'',	'',	'',	'',	'',	'',	'',	'',	'',	'',	'',	'',	NULL),
(471,	'select_file_type',	'',	'',	'',	'',	'',	'',	'',	'',	'',	'',	'',	'',	'',	'',	'',	'',	'',	'',	'',	'',	'',	'',	NULL),
(472,	'image',	'',	'',	'',	'',	'',	'',	'',	'',	'',	'',	'',	'',	'',	'',	'',	'',	'',	'',	'',	'',	'',	'',	NULL),
(473,	'doc',	'',	'',	'',	'',	'',	'',	'',	'',	'',	'',	'',	'',	'',	'',	'',	'',	'',	'',	'',	'',	'',	'',	NULL),
(474,	'pdf',	'',	'',	'',	'',	'',	'',	'',	'',	'',	'',	'',	'',	'',	'',	'',	'',	'',	'',	'',	'',	'',	'',	NULL),
(475,	'excel',	'',	'',	'',	'',	'',	'',	'',	'',	'',	'',	'',	'',	'',	'',	'',	'',	'',	'',	'',	'',	'',	'',	NULL),
(476,	'other',	'',	'',	'',	'',	'',	'',	'',	'',	'',	'',	'',	'',	'',	'',	'',	'',	'',	'',	'',	'',	'',	'',	NULL),
(477,	'show_attendance',	'',	'',	'',	'',	'',	'',	'',	'',	'',	'',	'',	'',	'',	'',	'',	'',	'',	'',	'',	'',	'',	'',	NULL),
(478,	'parent_dashboard',	'',	'',	'',	'',	'',	'',	'',	'',	'',	'',	'',	'',	'',	'',	'',	'',	'',	'',	'',	'',	'',	'',	NULL),
(479,	'total_mark',	'',	'',	'',	'',	'',	'',	'',	'',	'',	'',	'',	'',	'',	'',	'',	'',	'',	'',	'',	'',	'',	'',	NULL),
(480,	'edit_subject',	'',	'',	'',	'',	'',	'',	'',	'',	'',	'',	'',	'',	'',	'',	'',	'',	'',	'',	'',	'',	'',	'',	NULL),
(481,	'mark_attended',	'',	'',	'',	'',	'',	'',	'',	'',	'',	'',	'',	'',	'',	'',	'',	'',	'',	'',	'',	'',	'',	'',	NULL),
(482,	'class_routine_attendance',	'',	'',	'',	'',	'',	'',	'',	'',	'',	'',	'',	'',	'',	'',	'',	'',	'',	'',	'',	'',	'',	'',	NULL),
(483,	'attendance_date',	'',	'',	'',	'',	'',	'',	'',	'',	'',	'',	'',	'',	'',	'',	'',	'',	'',	'',	'',	'',	'',	'',	NULL),
(484,	'notes',	'',	'',	'',	'',	'',	'',	'',	'',	'',	'',	'',	'',	'',	'',	'',	'',	'',	'',	'',	'',	'',	'',	NULL),
(485,	'attendance_created',	'',	'',	'',	'',	'',	'',	'',	'',	'',	'',	'',	'',	'',	'',	'',	'',	'',	'',	'',	'',	'',	'',	NULL),
(486,	'attendance_exists',	'',	'',	'',	'',	'',	'',	'',	'',	'',	'',	'',	'',	'',	'',	'',	'',	'',	'',	'',	'',	'',	'',	NULL),
(487,	'attendance_updated',	'',	'',	'',	'',	'',	'',	'',	'',	'',	'',	'',	'',	'',	'',	'',	'',	'',	'',	'',	'',	'',	'',	NULL),
(488,	'routine_date',	'',	'',	'',	'',	'',	'',	'',	'',	'',	'',	'',	'',	'',	'',	'',	'',	'',	'',	'',	'',	'',	'',	NULL),
(489,	'search_routine',	'',	'',	'',	'',	'',	'',	'',	'',	'',	'',	'',	'',	'',	'',	'',	'',	'',	'',	'',	'',	'',	'',	NULL),
(490,	'session(s)_attended_today',	'',	'',	'',	'',	'',	'',	'',	'',	'',	'',	'',	'',	'',	'',	'',	'',	'',	'',	'',	'',	'',	'',	NULL),
(491,	'no_session_attended_today',	'',	'',	'',	'',	'',	'',	'',	'',	'',	'',	'',	'',	'',	'',	'',	'',	'',	'',	'',	'',	'',	'',	NULL),
(492,	'edit_class_routine',	'',	'',	'',	'',	'',	'',	'',	'',	'',	'',	'',	'',	'',	'',	'',	'',	'',	'',	'',	'',	'',	'',	NULL),
(493,	'edit_teacher',	'',	'',	'',	'',	'',	'',	'',	'',	'',	'',	'',	'',	'',	'',	'',	'',	'',	'',	'',	'',	'',	'',	NULL),
(494,	'sex',	'',	'',	'',	'',	'',	'',	'',	'',	'',	'',	'',	'',	'',	'',	'',	'',	'',	'',	'',	'',	'',	'',	NULL),
(495,	'administrators',	'',	'',	'',	'',	'',	'',	'',	'',	'',	'',	'',	'',	'',	'',	'',	'',	'',	'',	'',	'',	'',	'',	NULL),
(496,	'manage_administrator',	'',	'',	'',	'',	'',	'',	'',	'',	'',	'',	'',	'',	'',	'',	'',	'',	'',	'',	'',	'',	'',	'',	NULL),
(497,	'add_new_administrator',	'',	'',	'',	'',	'',	'',	'',	'',	'',	'',	'',	'',	'',	'',	'',	'',	'',	'',	'',	'',	'',	'',	NULL),
(498,	'add_administrator',	'',	'',	'',	'',	'',	'',	'',	'',	'',	'',	'',	'',	'',	'',	'',	'',	'',	'',	'',	'',	'',	'',	NULL),
(499,	'relationship',	'',	'',	'',	'',	'',	'',	'',	'',	'',	'',	'',	'',	'',	'',	'',	'',	'',	'',	'',	'',	'',	'',	NULL),
(500,	'care_type',	'',	'',	'',	'',	'',	'',	'',	'',	'',	'',	'',	'',	'',	'',	'',	'',	'',	'',	'',	'',	'',	'',	NULL),
(501,	'primary',	'',	'',	'',	'',	'',	'',	'',	'',	'',	'',	'',	'',	'',	'',	'',	'',	'',	'',	'',	'',	'',	'',	NULL),
(502,	'secondary',	'',	'',	'',	'',	'',	'',	'',	'',	'',	'',	'',	'',	'',	'',	'',	'',	'',	'',	'',	'',	'',	'',	NULL),
(503,	'care_relationship',	'',	'',	'',	'',	'',	'',	'',	'',	'',	'',	'',	'',	'',	'',	'',	'',	'',	'',	'',	'',	'',	'',	NULL),
(504,	'add_relationship',	'',	'',	'',	'',	'',	'',	'',	'',	'',	'',	'',	'',	'',	'',	'',	'',	'',	'',	'',	'',	'',	'',	NULL),
(505,	'record_added',	'',	'',	'',	'',	'',	'',	'',	'',	'',	'',	'',	'',	'',	'',	'',	'',	'',	'',	'',	'',	'',	'',	NULL),
(506,	'duplicate_name',	'',	'',	'',	'',	'',	'',	'',	'',	'',	'',	'',	'',	'',	'',	'',	'',	'',	'',	'',	'',	'',	'',	NULL),
(507,	'record_deleted',	'',	'',	'',	'',	'',	'',	'',	'',	'',	'',	'',	'',	'',	'',	'',	'',	'',	'',	'',	'',	'',	'',	NULL),
(508,	'edit_relationship',	'',	'',	'',	'',	'',	'',	'',	'',	'',	'',	'',	'',	'',	'',	'',	'',	'',	'',	'',	'',	'',	'',	NULL),
(509,	'duplicate_record',	'',	'',	'',	'',	'',	'',	'',	'',	'',	'',	'',	'',	'',	'',	'',	'',	'',	'',	'',	'',	'',	'',	NULL),
(510,	'record_edited',	'',	'',	'',	'',	'',	'',	'',	'',	'',	'',	'',	'',	'',	'',	'',	'',	'',	'',	'',	'',	'',	'',	NULL),
(511,	'none',	'',	'',	'',	'',	'',	'',	'',	'',	'',	'',	'',	'',	'',	'',	'',	'',	'',	'',	'',	'',	'',	'',	NULL),
(512,	'other_caregivers',	'',	'',	'',	'',	'',	'',	'',	'',	'',	'',	'',	'',	'',	'',	'',	'',	'',	'',	'',	'',	'',	'',	NULL),
(513,	'edit_parent',	'',	'',	'',	'',	'',	'',	'',	'',	'',	'',	'',	'',	'',	'',	'',	'',	'',	'',	'',	'',	'',	'',	NULL),
(514,	'assign_beneficiary',	'',	'',	'',	'',	'',	'',	'',	'',	'',	'',	'',	'',	'',	'',	'',	'',	'',	'',	'',	'',	'',	'',	NULL),
(515,	'assign_beneficiaries',	'',	'',	'',	'',	'',	'',	'',	'',	'',	'',	'',	'',	'',	'',	'',	'',	'',	'',	'',	'',	'',	'',	NULL),
(680,	'add_profile',	'',	'',	'',	'',	'',	'',	'',	'',	'',	'',	'',	'',	'',	'',	'',	'',	'',	'',	'',	'',	'',	NULL,	NULL),
(679,	'entitlement',	'',	'',	'',	'',	'',	'',	'',	'',	'',	'',	'',	'',	'',	'',	'',	'',	'',	'',	'',	'',	'',	NULL,	NULL),
(678,	'user_profiles',	'',	'',	'',	'',	'',	'',	'',	'',	'',	'',	'',	'',	'',	'',	'',	'',	'',	'',	'',	'',	'',	NULL,	NULL),
(519,	'user_access',	'',	'',	'',	'',	'',	'',	'',	'',	'',	'',	'',	'',	'',	'',	'',	'',	'',	'',	'',	'',	'',	'',	NULL),
(520,	'feature',	'',	'',	'',	'',	'',	'',	'',	'',	'',	'',	'',	'',	'',	'',	'',	'',	'',	'',	'',	'',	'',	'',	NULL),
(521,	'read',	'',	'',	'',	'',	'',	'',	'',	'',	'',	'',	'',	'',	'',	'',	'',	'',	'',	'',	'',	'',	'',	'',	NULL),
(522,	'super_administrator',	'',	'',	'',	'',	'',	'',	'',	'',	'',	'',	'',	'',	'',	'',	'',	'',	'',	'',	'',	'',	'',	'',	NULL),
(523,	'manager',	'',	'',	'',	'',	'',	'',	'',	'',	'',	'',	'',	'',	'',	'',	'',	'',	'',	'',	'',	'',	'',	'',	NULL),
(677,	'active',	'',	'',	'',	'',	'',	'',	'',	'',	'',	'',	'',	'',	'',	'',	'',	'',	'',	'',	'',	'',	'',	NULL,	NULL),
(526,	'super_admin',	'',	'',	'',	'',	'',	'',	'',	'',	'',	'',	'',	'',	'',	'',	'',	'',	'',	'',	'',	'',	'',	'',	NULL),
(676,	'reconciliation_reports',	'',	'',	'',	'',	'',	'',	'',	'',	'',	'',	'',	'',	'',	'',	'',	'',	'',	'',	'',	'',	'',	NULL,	NULL),
(675,	'cashbook',	'',	'',	'',	'',	'',	'',	'',	'',	'',	'',	'',	'',	'',	'',	'',	'',	'',	'',	'',	'',	'',	NULL,	NULL),
(674,	'monthly_reconciliation',	'',	'',	'',	'',	'',	'',	'',	'',	'',	'',	'',	'',	'',	'',	'',	'',	'',	'',	'',	'',	'',	NULL,	NULL),
(673,	'month_editted_successfully',	'',	'',	'',	'',	'',	'',	'',	'',	'',	'',	'',	'',	'',	'',	'',	'',	'',	'',	'',	'',	'',	NULL,	NULL),
(672,	'month_closed_successfully',	'',	'',	'',	'',	'',	'',	'',	'',	'',	'',	'',	'',	'',	'',	'',	'',	'',	'',	'',	'',	'',	NULL,	NULL),
(671,	'reconciliation_statement',	'',	'',	'',	'',	'',	'',	'',	'',	'',	'',	'',	'',	'',	'',	'',	'',	'',	'',	'',	'',	'',	NULL,	NULL),
(670,	'other_income',	'',	'',	'',	'',	'',	'',	'',	'',	'',	'',	'',	'',	'',	'',	'',	'',	'',	'',	'',	'',	'',	NULL,	NULL),
(669,	'students_income',	'',	'',	'',	'',	'',	'',	'',	'',	'',	'',	'',	'',	'',	'',	'',	'',	'',	'',	'',	'',	'',	NULL,	NULL),
(668,	'cleared_outstanding',	'',	'',	'',	'',	'',	'',	'',	'',	'',	'',	'',	'',	'',	'',	'',	'',	'',	'',	'',	'',	'',	NULL,	NULL),
(667,	'outstanding_cheques',	'',	'',	'',	'',	'',	'',	'',	'',	'',	'',	'',	'',	'',	'',	'',	'',	'',	'',	'',	'',	'',	NULL,	NULL),
(666,	'cleared_in_transit',	'',	'',	'',	'',	'',	'',	'',	'',	'',	'',	'',	'',	'',	'',	'',	'',	'',	'',	'',	'',	'',	NULL,	NULL),
(665,	'deposit_in_transit',	'',	'',	'',	'',	'',	'',	'',	'',	'',	'',	'',	'',	'',	'',	'',	'',	'',	'',	'',	'',	'',	NULL,	NULL),
(664,	'bank_reconciliation',	'',	'',	'',	'',	'',	'',	'',	'',	'',	'',	'',	'',	'',	'',	'',	'',	'',	'',	'',	'',	'',	NULL,	NULL),
(549,	'activity',	'',	'',	'',	'',	'',	'',	'',	'',	'',	'',	'',	'',	'',	'',	'',	'',	'',	'',	'',	'',	'',	'',	NULL),
(550,	'grade',	'',	'',	'',	'',	'',	'',	'',	'',	'',	'',	'',	'',	'',	'',	'',	'',	'',	'',	'',	'',	'',	'',	NULL),
(551,	'contras',	'',	'',	'',	'',	'',	'',	'',	'',	'',	'',	'',	'',	'',	'',	'',	'',	'',	'',	'',	'',	'',	'',	NULL),
(552,	'invoice',	'',	'',	'',	'',	'',	'',	'',	'',	'',	'',	'',	'',	'',	'',	'',	'',	'',	'',	'',	'',	'',	'',	NULL),
(697,	'user_profile',	'',	'',	'',	'',	'',	'',	'',	'',	'',	'',	'',	'',	'',	'',	'',	'',	'',	'',	'',	'',	'',	NULL,	NULL),
(696,	'password_mismatch',	'',	'',	'',	'',	'',	'',	'',	'',	'',	'',	'',	'',	'',	'',	'',	'',	'',	'',	'',	'',	'',	NULL,	NULL),
(556,	'record',	'',	'',	'',	'',	'',	'',	'',	'',	'',	'',	'',	'',	'',	'',	'',	'',	'',	'',	'',	'',	'',	'',	NULL),
(695,	'password_updated',	'',	'',	'',	'',	'',	'',	'',	'',	'',	'',	'',	'',	'',	'',	'',	'',	'',	'',	'',	'',	'',	NULL,	NULL),
(694,	'update_password',	'',	'',	'',	'',	'',	'',	'',	'',	'',	'',	'',	'',	'',	'',	'',	'',	'',	'',	'',	'',	'',	NULL,	NULL),
(693,	'repeat_password',	'',	'',	'',	'',	'',	'',	'',	'',	'',	'',	'',	'',	'',	'',	'',	'',	'',	'',	'',	'',	'',	NULL,	NULL),
(692,	'account_updated',	'',	'',	'',	'',	'',	'',	'',	'',	'',	'',	'',	'',	'',	'',	'',	'',	'',	'',	'',	'',	'',	NULL,	NULL),
(691,	'last_name',	'',	'',	'',	'',	'',	'',	'',	'',	'',	'',	'',	'',	'',	'',	'',	'',	'',	'',	'',	'',	'',	NULL,	NULL),
(690,	'first_name',	'',	'',	'',	'',	'',	'',	'',	'',	'',	'',	'',	'',	'',	'',	'',	'',	'',	'',	'',	'',	'',	NULL,	NULL),
(689,	'promoted_user',	'',	'',	'',	'',	'',	'',	'',	'',	'',	'',	'',	'',	'',	'',	'',	'',	'',	'',	'',	'',	'',	NULL,	NULL),
(688,	'failed',	'',	'',	'',	'',	'',	'',	'',	'',	'',	'',	'',	'',	'',	'',	'',	'',	'',	'',	'',	'',	'',	NULL,	NULL),
(687,	'promote_to_user',	'',	'',	'',	'',	'',	'',	'',	'',	'',	'',	'',	'',	'',	'',	'',	'',	'',	'',	'',	'',	'',	NULL,	NULL),
(663,	'view_batch',	'',	'',	'',	'',	'',	'',	'',	'',	'',	'',	'',	'',	'',	'',	'',	'',	'',	'',	'',	'',	'',	NULL,	NULL),
(567,	'admin',	'',	'',	'',	'',	'',	'',	'',	'',	'',	'',	'',	'',	'',	'',	'',	'',	'',	'',	'',	'',	'',	'',	NULL),
(686,	'support_teacher',	'',	'',	'',	'',	'',	'',	'',	'',	'',	'',	'',	'',	'',	'',	'',	'',	'',	'',	'',	'',	'',	NULL,	NULL),
(685,	'class_teacher',	'',	'',	'',	'',	'',	'',	'',	'',	'',	'',	'',	'',	'',	'',	'',	'',	'',	'',	'',	'',	'',	NULL,	NULL),
(684,	'role',	'',	'',	'',	'',	'',	'',	'',	'',	'',	'',	'',	'',	'',	'',	'',	'',	'',	'',	'',	'',	'',	NULL,	NULL),
(662,	'crud_settings',	'',	'',	'',	'',	'',	'',	'',	'',	'',	'',	'',	'',	'',	'',	'',	'',	'',	'',	'',	'',	'',	NULL,	NULL),
(683,	'classes',	'',	'',	'',	'',	'',	'',	'',	'',	'',	'',	'',	'',	'',	'',	'',	'',	'',	'',	'',	'',	'',	NULL,	NULL),
(682,	'link_teacher',	'',	'',	'',	'',	'',	'',	'',	'',	'',	'',	'',	'',	'',	'',	'',	'',	'',	'',	'',	'',	'',	NULL,	NULL),
(681,	'link_classes',	'',	'',	'',	'',	'',	'',	'',	'',	'',	'',	'',	'',	'',	'',	'',	'',	'',	'',	'',	'',	'',	NULL,	NULL),
(584,	'settings_saved',	'',	'',	'',	'',	'',	'',	'',	'',	'',	'',	'',	'',	'',	'',	'',	'',	'',	'',	'',	'',	'',	'',	NULL),
(701,	'profile_updated',	'',	'',	'',	'',	'',	'',	'',	'',	'',	'',	'',	'',	'',	'',	'',	'',	'',	'',	'',	'',	'',	NULL,	NULL),
(606,	'level',	'',	'',	'',	'',	'',	'',	'',	'',	'',	'',	'',	'',	'',	'',	'',	'',	'',	'',	'',	'',	'',	'',	NULL),
(607,	'edit_administrator',	'',	'',	'',	'',	'',	'',	'',	'',	'',	'',	'',	'',	'',	'',	'',	'',	'',	'',	'',	'',	'',	'',	NULL),
(608,	'super',	'',	'',	'',	'',	'',	'',	'',	'',	'',	'',	'',	'',	'',	'',	'',	'',	'',	'',	'',	'',	'',	'',	NULL),
(700,	'update_failure',	'',	'',	'',	'',	'',	'',	'',	'',	'',	'',	'',	'',	'',	'',	'',	'',	'',	'',	'',	'',	'',	NULL,	NULL),
(699,	'change_profile',	'',	'',	'',	'',	'',	'',	'',	'',	'',	'',	'',	'',	'',	'',	'',	'',	'',	'',	'',	'',	'',	NULL,	NULL),
(698,	'assign_profile',	'',	'',	'',	'',	'',	'',	'',	'',	'',	'',	'',	'',	'',	'',	'',	'',	'',	'',	'',	'',	'',	NULL,	NULL),
(661,	'CRUD_settings',	'',	'',	'',	'',	'',	'',	'',	'',	'',	'',	'',	'',	'',	'',	'',	'',	'',	'',	'',	'',	'',	NULL,	NULL),
(613,	'no_items_found',	'',	'',	'',	'',	'',	'',	'',	'',	'',	'',	'',	'',	'',	'',	'',	'',	'',	'',	'',	'',	'',	'',	NULL),
(614,	'process_failure',	'',	'',	'',	'',	'',	'',	'',	'',	'',	'',	'',	'',	'',	'',	'',	'',	'',	'',	'',	'',	'',	'',	NULL),
(615,	'student_suspended',	'',	'',	'',	'',	'',	'',	'',	'',	'',	'',	'',	'',	'',	'',	'',	'',	'',	'',	'',	'',	'',	'',	NULL),
(616,	'unsuspend_',	'',	'',	'',	'',	'',	'',	'',	'',	'',	'',	'',	'',	'',	'',	'',	'',	'',	'',	'',	'',	'',	'',	NULL),
(617,	'success',	'',	'',	'',	'',	'',	'',	'',	'',	'',	'',	'',	'',	'',	'',	'',	'',	'',	'',	'',	'',	'',	'',	NULL),
(618,	'targeted_participants',	'',	'',	'',	'',	'',	'',	'',	'',	'',	'',	'',	'',	'',	'',	'',	'',	'',	'',	'',	'',	'',	'',	NULL),
(619,	'back',	'',	'',	'',	'',	'',	'',	'',	'',	'',	'',	'',	'',	'',	'',	'',	'',	'',	'',	'',	'',	'',	'',	NULL),
(620,	'print_attendance',	'',	'',	'',	'',	'',	'',	'',	'',	'',	'',	'',	'',	'',	'',	'',	'',	'',	'',	'',	'',	'',	'',	NULL),
(621,	'activity_register',	'',	'',	'',	'',	'',	'',	'',	'',	'',	'',	'',	'',	'',	'',	'',	'',	'',	'',	'',	'',	'',	'',	NULL),
(622,	'print_activty_attendance',	'',	'',	'',	'',	'',	'',	'',	'',	'',	'',	'',	'',	'',	'',	'',	'',	'',	'',	'',	'',	'',	'',	NULL),
(623,	'edit_exam',	'',	'',	'',	'',	'',	'',	'',	'',	'',	'',	'',	'',	'',	'',	'',	'',	'',	'',	'',	'',	'',	'',	NULL),
(624,	'promote_students',	'',	'',	'',	'',	'',	'',	'',	'',	'',	'',	'',	'',	'',	'',	'',	'',	'',	'',	'',	'',	'',	'',	NULL),
(625,	'promote',	'',	'',	'',	'',	'',	'',	'',	'',	'',	'',	'',	'',	'',	'',	'',	'',	'',	'',	'',	'',	'',	'',	NULL),
(626,	'demote',	'',	'',	'',	'',	'',	'',	'',	'',	'',	'',	'',	'',	'',	'',	'',	'',	'',	'',	'',	'',	'',	'',	NULL),
(627,	'invoices_created_successfully',	'',	'',	'',	'',	'',	'',	'',	'',	'',	'',	'',	'',	'',	'',	'',	'',	'',	'',	'',	'',	'',	'',	NULL),
(628,	'failed:_some_invoices_exists',	'',	'',	'',	'',	'',	'',	'',	'',	'',	'',	'',	'',	'',	'',	'',	'',	'',	'',	'',	'',	'',	'',	NULL),
(629,	'cancel_invoices',	'',	'',	'',	'',	'',	'',	'',	'',	'',	'',	'',	'',	'',	'',	'',	'',	'',	'',	'',	'',	'',	'',	NULL),
(630,	'cancelled_invoices',	'',	'',	'',	'',	'',	'',	'',	'',	'',	'',	'',	'',	'',	'',	'',	'',	'',	'',	'',	'',	'',	'',	NULL),
(631,	'cancel_invoice',	'',	'',	'',	'',	'',	'',	'',	'',	'',	'',	'',	'',	'',	'',	'',	'',	'',	'',	'',	'',	'',	'',	NULL),
(632,	'invoice_cancelled',	'',	'',	'',	'',	'',	'',	'',	'',	'',	'',	'',	'',	'',	'',	'',	'',	'',	'',	'',	'',	'',	'',	NULL),
(633,	'reclaim_invoice',	'',	'',	'',	'',	'',	'',	'',	'',	'',	'',	'',	'',	'',	'',	'',	'',	'',	'',	'',	'',	'',	'',	NULL),
(634,	'invoice_reclaimed',	'',	'',	'',	'',	'',	'',	'',	'',	'',	'',	'',	'',	'',	'',	'',	'',	'',	'',	'',	'',	'',	'',	NULL),
(635,	'invoice_information',	'',	'',	'',	'',	'',	'',	'',	'',	'',	'',	'',	'',	'',	'',	'',	'',	'',	'',	'',	'',	'',	'',	NULL),
(636,	'adjusted_amount',	'',	'',	'',	'',	'',	'',	'',	'',	'',	'',	'',	'',	'',	'',	'',	'',	'',	'',	'',	'',	'',	'',	NULL),
(637,	'invoice_amount',	'',	'',	'',	'',	'',	'',	'',	'',	'',	'',	'',	'',	'',	'',	'',	'',	'',	'',	'',	'',	'',	'',	NULL),
(638,	'amount_lesser_than_paid',	'',	'',	'',	'',	'',	'',	'',	'',	'',	'',	'',	'',	'',	'',	'',	'',	'',	'',	'',	'',	'',	'',	NULL),
(639,	'force_overpay',	'',	'',	'',	'',	'',	'',	'',	'',	'',	'',	'',	'',	'',	'',	'',	'',	'',	'',	'',	'',	'',	'',	NULL),
(640,	'edit_successful',	'',	'',	'',	'',	'',	'',	'',	'',	'',	'',	'',	'',	'',	'',	'',	'',	'',	'',	'',	'',	'',	'',	NULL),
(641,	'overpaid_invoices',	'',	'',	'',	'',	'',	'',	'',	'',	'',	'',	'',	'',	'',	'',	'',	'',	'',	'',	'',	'',	'',	'',	NULL),
(642,	'no_student_found',	'',	'',	'',	'',	'',	'',	'',	'',	'',	'',	'',	'',	'',	'',	'',	'',	'',	'',	'',	'',	'',	'',	NULL),
(643,	'add_new_income',	'',	'',	'',	'',	'',	'',	'',	'',	'',	'',	'',	'',	'',	'',	'',	'',	'',	'',	'',	'',	'',	'',	NULL),
(644,	'add_income',	'',	'',	'',	'',	'',	'',	'',	'',	'',	'',	'',	'',	'',	'',	'',	'',	'',	'',	'',	'',	'',	'',	NULL),
(645,	'view_income_batch',	'',	'',	'',	'',	'',	'',	'',	'',	'',	'',	'',	'',	'',	'',	'',	'',	'',	'',	'',	'',	'',	'',	NULL),
(646,	'overpay_notes',	'',	'',	'',	'',	'',	'',	'',	'',	'',	'',	'',	'',	'',	'',	'',	'',	'',	'',	'',	'',	'',	NULL,	NULL),
(647,	'add_note',	'',	'',	'',	'',	'',	'',	'',	'',	'',	'',	'',	'',	'',	'',	'',	'',	'',	'',	'',	'',	'',	NULL,	NULL),
(648,	'batch_number_not_existing',	'',	'',	'',	'',	'',	'',	'',	'',	'',	'',	'',	'',	'',	'',	'',	'',	'',	'',	'',	'',	'',	NULL,	NULL),
(649,	'checking...',	'',	'',	'',	'',	'',	'',	'',	'',	'',	'',	'',	'',	'',	'',	'',	'',	'',	'',	'',	'',	'',	NULL,	NULL),
(650,	'error_occurred',	'',	'',	'',	'',	'',	'',	'',	'',	'',	'',	'',	'',	'',	'',	'',	'',	'',	'',	'',	'',	'',	NULL,	NULL),
(651,	'details',	'',	'',	'',	'',	'',	'',	'',	'',	'',	'',	'',	'',	'',	'',	'',	'',	'',	'',	'',	'',	'',	NULL,	NULL),
(652,	'failure',	'',	'',	'',	'',	'',	'',	'',	'',	'',	'',	'',	'',	'',	'',	'',	'',	'',	'',	'',	'',	'',	NULL,	NULL),
(653,	'note_created',	'',	'',	'',	'',	'',	'',	'',	'',	'',	'',	'',	'',	'',	'',	'',	'',	'',	'',	'',	'',	'',	NULL,	NULL),
(654,	'paying_more_than_balance',	'',	'',	'',	'',	'',	'',	'',	'',	'',	'',	'',	'',	'',	'',	'',	'',	'',	'',	'',	'',	'',	NULL,	NULL),
(655,	'overpay',	'',	'',	'',	'',	'',	'',	'',	'',	'',	'',	'',	'',	'',	'',	'',	'',	'',	'',	'',	'',	'',	NULL,	NULL),
(656,	'invoice_amount_greater_than_to_pay_amount',	'',	'',	'',	'',	'',	'',	'',	'',	'',	'',	'',	'',	'',	'',	'',	'',	'',	'',	'',	'',	'',	NULL,	NULL),
(657,	'structure_payable',	'',	'',	'',	'',	'',	'',	'',	'',	'',	'',	'',	'',	'',	'',	'',	'',	'',	'',	'',	'',	'',	NULL,	NULL),
(658,	'structure_total_amount',	'',	'',	'',	'',	'',	'',	'',	'',	'',	'',	'',	'',	'',	'',	'',	'',	'',	'',	'',	'',	'',	NULL,	NULL),
(659,	'charge_overpay',	'',	'',	'',	'',	'',	'',	'',	'',	'',	'',	'',	'',	'',	'',	'',	'',	'',	'',	'',	'',	'',	NULL,	NULL),
(660,	'cleared_overpay_notes',	'',	'',	'',	'',	'',	'',	'',	'',	'',	'',	'',	'',	'',	'',	'',	'',	'',	'',	'',	'',	'',	NULL,	NULL),
(702,	'birthdate',	'',	'',	'',	'',	'',	'',	'',	'',	'',	'',	'',	'',	'',	'',	'',	'',	'',	'',	'',	'',	'',	NULL,	NULL),
(703,	'add_new_admin',	'',	'',	'',	'',	'',	'',	'',	'',	'',	'',	'',	'',	'',	'',	'',	'',	'',	'',	'',	'',	'',	NULL,	NULL),
(704,	'manage_administrators',	'',	'',	'',	'',	'',	'',	'',	'',	'',	'',	'',	'',	'',	'',	'',	'',	'',	'',	'',	'',	'',	NULL,	NULL),
(705,	'Manage Administrators',	'',	'',	'',	'',	'',	'',	'',	'',	'',	'',	'',	'',	'',	'',	'',	'',	'',	'',	'',	'',	'',	NULL,	NULL),
(706,	'add_add',	'',	'',	'',	'',	'',	'',	'',	'',	'',	'',	'',	'',	'',	'',	'',	'',	'',	'',	'',	'',	'',	NULL,	NULL),
(707,	'add_admin',	'',	'',	'',	'',	'',	'',	'',	'',	'',	'',	'',	'',	'',	'',	'',	'',	'',	'',	'',	'',	'',	NULL,	NULL),
(708,	'Manage Administrator',	'',	'',	'',	'',	'',	'',	'',	'',	'',	'',	'',	'',	'',	'',	'',	'',	'',	'',	'',	'',	'',	NULL,	NULL),
(709,	'UPI_number',	'',	'',	'',	'',	'',	'',	'',	'',	'',	'',	'',	'',	'',	'',	'',	'',	'',	'',	'',	'',	'',	NULL,	NULL),
(710,	'transition',	'',	'',	'',	'',	'',	'',	'',	'',	'',	'',	'',	'',	'',	'',	'',	'',	'',	'',	'',	'',	'',	NULL,	NULL),
(711,	'transition_type',	'',	'',	'',	'',	'',	'',	'',	'',	'',	'',	'',	'',	'',	'',	'',	'',	'',	'',	'',	'',	'',	NULL,	NULL),
(712,	'select_transition',	'',	'',	'',	'',	'',	'',	'',	'',	'',	'',	'',	'',	'',	'',	'',	'',	'',	'',	'',	'',	'',	NULL,	NULL),
(713,	'transition_date',	'',	'',	'',	'',	'',	'',	'',	'',	'',	'',	'',	'',	'',	'',	'',	'',	'',	'',	'',	'',	'',	NULL,	NULL),
(714,	'reason',	'',	'',	'',	'',	'',	'',	'',	'',	'',	'',	'',	'',	'',	'',	'',	'',	'',	'',	'',	'',	'',	NULL,	NULL),
(715,	'create_a_transition',	'',	'',	'',	'',	'',	'',	'',	'',	'',	'',	'',	'',	'',	'',	'',	'',	'',	'',	'',	'',	'',	NULL,	NULL),
(716,	'action_failed',	'',	'',	'',	'',	'',	'',	'',	'',	'',	'',	'',	'',	'',	'',	'',	'',	'',	'',	'',	'',	'',	NULL,	NULL),
(717,	'action_successful',	'',	'',	'',	'',	'',	'',	'',	'',	'',	'',	'',	'',	'',	'',	'',	'',	'',	'',	'',	'',	'',	NULL,	NULL),
(718,	'transitioned_students',	'',	'',	'',	'',	'',	'',	'',	'',	'',	'',	'',	'',	'',	'',	'',	'',	'',	'',	'',	'',	'',	NULL,	NULL),
(719,	'reinstate',	'',	'',	'',	'',	'',	'',	'',	'',	'',	'',	'',	'',	'',	'',	'',	'',	'',	'',	'',	'',	'',	NULL,	NULL),
(720,	'student_reinstated',	'',	'',	'',	'',	'',	'',	'',	'',	'',	'',	'',	'',	'',	'',	'',	'',	'',	'',	'',	'',	'',	NULL,	NULL),
(721,	'add_items',	'',	'',	'',	'',	'',	'',	'',	'',	'',	'',	'',	'',	'',	'',	'',	'',	'',	'',	'',	'',	'',	NULL,	NULL),
(722,	'add_multiple_items',	'',	'',	'',	'',	'',	'',	'',	'',	'',	'',	'',	'',	'',	'',	'',	'',	'',	'',	'',	'',	'',	NULL,	NULL),
(723,	'select_category',	'',	'',	'',	'',	'',	'',	'',	'',	'',	'',	'',	'',	'',	'',	'',	'',	'',	'',	'',	'',	'',	NULL,	NULL),
(724,	'Remove Row',	'',	'',	'',	'',	'',	'',	'',	'',	'',	'',	'',	'',	'',	'',	'',	'',	'',	'',	'',	'',	'',	NULL,	NULL),
(725,	'data_created',	'',	'',	'',	'',	'',	'',	'',	'',	'',	'',	'',	'',	'',	'',	'',	'',	'',	'',	'',	'',	'',	NULL,	NULL),
(726,	'message_sent',	'',	'',	'',	'',	'',	'',	'',	'',	'',	'',	'',	'',	'',	'',	'',	'',	'',	'',	'',	'',	'',	NULL,	NULL),
(727,	'session(s)_attended_this_week',	'',	'',	'',	'',	'',	'',	'',	'',	'',	'',	'',	'',	'',	'',	'',	'',	'',	'',	'',	'',	'',	NULL,	NULL),
(728,	'teachers',	'',	'',	'',	'',	'',	'',	'',	'',	'',	'',	'',	'',	'',	'',	'',	'',	'',	'',	'',	'',	'',	NULL,	NULL),
(729,	'student_collection_tally',	'',	'',	'',	'',	'',	'',	'',	'',	'',	'',	'',	'',	'',	'',	'',	'',	'',	'',	'',	'',	'',	NULL,	NULL),
(730,	'forward',	'',	'',	'',	'',	'',	'',	'',	'',	'',	'',	'',	'',	'',	'',	'',	'',	'',	'',	'',	'',	'',	NULL,	NULL),
(731,	'start_month',	'',	'',	'',	'',	'',	'',	'',	'',	'',	'',	'',	'',	'',	'',	'',	'',	'',	'',	'',	'',	'',	NULL,	NULL),
(732,	'end_month',	'',	'',	'',	'',	'',	'',	'',	'',	'',	'',	'',	'',	'',	'',	'',	'',	'',	'',	'',	'',	'',	NULL,	NULL),
(733,	'edit_term',	'',	'',	'',	'',	'',	'',	'',	'',	'',	'',	'',	'',	'',	'',	'',	'',	'',	'',	'',	'',	'',	NULL,	NULL),
(734,	'term_editted',	'',	'',	'',	'',	'',	'',	'',	'',	'',	'',	'',	'',	'',	'',	'',	'',	'',	'',	'',	'',	'',	NULL,	NULL),
(735,	'system_start_date',	'',	'',	'',	'',	'',	'',	'',	'',	'',	'',	'',	'',	'',	'',	'',	'',	'',	'',	'',	'',	'',	NULL,	NULL),
(736,	'sidebar_collapsed',	'',	'',	'',	'',	'',	'',	'',	'',	'',	'',	'',	'',	'',	'',	'',	'',	'',	'',	'',	'',	'',	NULL,	NULL),
(737,	'vote_balance_report',	'',	'',	'',	'',	'',	'',	'',	'',	'',	'',	'',	'',	'',	'',	'',	'',	'',	'',	'',	'',	'',	NULL,	NULL),
(738,	'month_balaance',	'',	'',	'',	'',	'',	'',	'',	'',	'',	'',	'',	'',	'',	'',	'',	'',	'',	'',	'',	'',	'',	NULL,	NULL),
(739,	'fund_balance',	'',	'',	'',	'',	'',	'',	'',	'',	'',	'',	'',	'',	'',	'',	'',	'',	'',	'',	'',	'',	'',	NULL,	NULL),
(740,	'variance',	'',	'',	'',	'',	'',	'',	'',	'',	'',	'',	'',	'',	'',	'',	'',	'',	'',	'',	'',	'',	'',	NULL,	NULL),
(741,	'variance_report',	'',	'',	'',	'',	'',	'',	'',	'',	'',	'',	'',	'',	'',	'',	'',	'',	'',	'',	'',	'',	'',	NULL,	NULL),
(742,	'income_projection',	'',	'',	'',	'',	'',	'',	'',	'',	'',	'',	'',	'',	'',	'',	'',	'',	'',	'',	'',	'',	'',	NULL,	NULL),
(743,	'income_projection_report',	'',	'',	'',	'',	'',	'',	'',	'',	'',	'',	'',	'',	'',	'',	'',	'',	'',	'',	'',	'',	'',	NULL,	NULL),
(744,	'income_variance',	'',	'',	'',	'',	'',	'',	'',	'',	'',	'',	'',	'',	'',	'',	'',	'',	'',	'',	'',	'',	'',	NULL,	NULL),
(745,	'expense_variance',	'',	'',	'',	'',	'',	'',	'',	'',	'',	'',	'',	'',	'',	'',	'',	'',	'',	'',	'',	'',	'',	NULL,	NULL),
(746,	'invoices',	'',	'',	'',	'',	'',	'',	'',	'',	'',	'',	'',	'',	'',	'',	'',	'',	'',	'',	'',	'',	'',	NULL,	NULL),
(747,	'all_incomes',	'',	'',	'',	'',	'',	'',	'',	'',	'',	'',	'',	'',	'',	'',	'',	'',	'',	'',	'',	'',	'',	NULL,	NULL),
(748,	'school_incomes',	'',	'',	'',	'',	'',	'',	'',	'',	'',	'',	'',	'',	'',	'',	'',	'',	'',	'',	'',	'',	'',	NULL,	NULL),
(749,	'schemes_of_work',	'',	'',	'',	'',	'',	'',	'',	'',	'',	'',	'',	'',	'',	'',	'',	'',	'',	'',	'',	'',	'',	NULL,	NULL),
(750,	'add_schemes_of_work',	'',	'',	'',	'',	'',	'',	'',	'',	'',	'',	'',	'',	'',	'',	'',	'',	'',	'',	'',	'',	'',	NULL,	NULL),
(751,	'view_schemes_of_work',	'',	'',	'',	'',	'',	'',	'',	'',	'',	'',	'',	'',	'',	'',	'',	'',	'',	'',	'',	'',	'',	NULL,	NULL),
(752,	'school',	'',	'',	'',	'',	'',	'',	'',	'',	'',	'',	'',	'',	'',	'',	'',	'',	'',	'',	'',	'',	'',	NULL,	NULL),
(753,	'week',	'',	'',	'',	'',	'',	'',	'',	'',	'',	'',	'',	'',	'',	'',	'',	'',	'',	'',	'',	'',	'',	NULL,	NULL),
(754,	'lesson',	'',	'',	'',	'',	'',	'',	'',	'',	'',	'',	'',	'',	'',	'',	'',	'',	'',	'',	'',	'',	'',	NULL,	NULL),
(755,	'strand',	'',	'',	'',	'',	'',	'',	'',	'',	'',	'',	'',	'',	'',	'',	'',	'',	'',	'',	'',	'',	'',	NULL,	NULL),
(756,	'sub_strand',	'',	'',	'',	'',	'',	'',	'',	'',	'',	'',	'',	'',	'',	'',	'',	'',	'',	'',	'',	'',	'',	NULL,	NULL),
(757,	'specific_learning_outcomes',	'',	'',	'',	'',	'',	'',	'',	'',	'',	'',	'',	'',	'',	'',	'',	'',	'',	'',	'',	'',	'',	NULL,	NULL),
(758,	'key_inquiry_question',	'',	'',	'',	'',	'',	'',	'',	'',	'',	'',	'',	'',	'',	'',	'',	'',	'',	'',	'',	'',	'',	NULL,	NULL),
(759,	'learning_experiences',	'',	'',	'',	'',	'',	'',	'',	'',	'',	'',	'',	'',	'',	'',	'',	'',	'',	'',	'',	'',	'',	NULL,	NULL),
(760,	'learning_resources',	'',	'',	'',	'',	'',	'',	'',	'',	'',	'',	'',	'',	'',	'',	'',	'',	'',	'',	'',	'',	'',	NULL,	NULL),
(761,	'assessment',	'',	'',	'',	'',	'',	'',	'',	'',	'',	'',	'',	'',	'',	'',	'',	'',	'',	'',	'',	'',	'',	NULL,	NULL),
(762,	'add_record',	'',	'',	'',	'',	'',	'',	'',	'',	'',	'',	'',	'',	'',	'',	'',	'',	'',	'',	'',	'',	'',	NULL,	NULL),
(763,	'scheme_record',	'',	'',	'',	'',	'',	'',	'',	'',	'',	'',	'',	'',	'',	'',	'',	'',	'',	'',	'',	'',	'',	NULL,	NULL),
(764,	'add_scheme_detail',	'',	'',	'',	'',	'',	'',	'',	'',	'',	'',	'',	'',	'',	'',	'',	'',	'',	'',	'',	'',	'',	NULL,	NULL),
(765,	'scheme_detail',	'',	'',	'',	'',	'',	'',	'',	'',	'',	'',	'',	'',	'',	'',	'',	'',	'',	'',	'',	'',	'',	NULL,	NULL),
(766,	'created',	'',	'',	'',	'',	'',	'',	'',	'',	'',	'',	'',	'',	'',	'',	'',	'',	'',	'',	'',	'',	'',	NULL,	NULL),
(767,	'lesson_plan',	'',	'',	'',	'',	'',	'',	'',	'',	'',	'',	'',	'',	'',	'',	'',	'',	'',	'',	'',	'',	'',	NULL,	NULL),
(768,	'planned_date',	'',	'',	'',	'',	'',	'',	'',	'',	'',	'',	'',	'',	'',	'',	'',	'',	'',	'',	'',	'',	'',	NULL,	NULL),
(769,	'core_competences',	'',	'',	'',	'',	'',	'',	'',	'',	'',	'',	'',	'',	'',	'',	'',	'',	'',	'',	'',	'',	'',	NULL,	NULL),
(770,	'introduction',	'',	'',	'',	'',	'',	'',	'',	'',	'',	'',	'',	'',	'',	'',	'',	'',	'',	'',	'',	'',	'',	NULL,	NULL),
(771,	'lesson_development',	'',	'',	'',	'',	'',	'',	'',	'',	'',	'',	'',	'',	'',	'',	'',	'',	'',	'',	'',	'',	'',	NULL,	NULL),
(772,	'conclusion',	'',	'',	'',	'',	'',	'',	'',	'',	'',	'',	'',	'',	'',	'',	'',	'',	'',	'',	'',	'',	'',	NULL,	NULL),
(773,	'summary',	'',	'',	'',	'',	'',	'',	'',	'',	'',	'',	'',	'',	'',	'',	'',	'',	'',	'',	'',	'',	'',	NULL,	NULL),
(774,	'class_roll',	'',	'',	'',	'',	'',	'',	'',	'',	'',	'',	'',	'',	'',	'',	'',	'',	'',	'',	'',	'',	'',	NULL,	NULL),
(775,	'reflection',	'',	'',	'',	'',	'',	'',	'',	'',	'',	'',	'',	'',	'',	'',	'',	'',	'',	'',	'',	'',	'',	NULL,	NULL),
(776,	'create_a_lesson_plan',	'',	'',	'',	'',	'',	'',	'',	'',	'',	'',	'',	'',	'',	'',	'',	'',	'',	'',	'',	'',	'',	NULL,	NULL),
(777,	'add_lesson_plan',	'',	'',	'',	'',	'',	'',	'',	'',	'',	'',	'',	'',	'',	'',	'',	'',	'',	'',	'',	'',	'',	NULL,	NULL),
(778,	'values',	'',	'',	'',	'',	'',	'',	'',	'',	'',	'',	'',	'',	'',	'',	'',	'',	'',	'',	'',	'',	'',	NULL,	NULL),
(779,	'PCIs',	'',	'',	'',	'',	'',	'',	'',	'',	'',	'',	'',	'',	'',	'',	'',	'',	'',	'',	'',	'',	'',	NULL,	NULL),
(780,	'core_competencies,values,PCIs',	'',	'',	'',	'',	'',	'',	'',	'',	'',	'',	'',	'',	'',	'',	'',	'',	'',	'',	'',	'',	'',	NULL,	NULL),
(781,	'edit_lesson_plan',	'',	'',	'',	'',	'',	'',	'',	'',	'',	'',	'',	'',	'',	'',	'',	'',	'',	'',	'',	'',	'',	NULL,	NULL),
(782,	'core_competencies',	'',	'',	'',	'',	'',	'',	'',	'',	'',	'',	'',	'',	'',	'',	'',	'',	'',	'',	'',	'',	'',	NULL,	NULL),
(783,	'time',	'',	'',	'',	'',	'',	'',	'',	'',	'',	'',	'',	'',	'',	'',	'',	'',	'',	'',	'',	'',	'',	NULL,	NULL),
(784,	'organization_of_learning',	'',	'',	'',	'',	'',	'',	'',	'',	'',	'',	'',	'',	'',	'',	'',	'',	'',	'',	'',	'',	'',	NULL,	NULL),
(785,	'reflection_on_the_lesson',	'',	'',	'',	'',	'',	'',	'',	'',	'',	'',	'',	'',	'',	'',	'',	'',	'',	'',	'',	'',	'',	NULL,	NULL),
(786,	'signing_off',	'',	'',	'',	'',	'',	'',	'',	'',	'',	'',	'',	'',	'',	'',	'',	'',	'',	'',	'',	'',	'',	NULL,	NULL),
(787,	'signed_off_by',	'',	'',	'',	'',	'',	'',	'',	'',	'',	'',	'',	'',	'',	'',	'',	'',	'',	'',	'',	'',	'',	NULL,	NULL),
(788,	'signed_off_date',	'',	'',	'',	'',	'',	'',	'',	'',	'',	'',	'',	'',	'',	'',	'',	'',	'',	'',	'',	'',	'',	NULL,	NULL),
(789,	'list_schemes_of_work',	'',	'',	'',	'',	'',	'',	'',	'',	'',	'',	'',	'',	'',	'',	'',	'',	'',	'',	'',	'',	'',	NULL,	NULL),
(790,	'add_details',	'',	'',	'',	'',	'',	'',	'',	'',	'',	'',	'',	'',	'',	'',	'',	'',	'',	'',	'',	'',	'',	NULL,	NULL),
(791,	'view_full_scheme',	'',	'',	'',	'',	'',	'',	'',	'',	'',	'',	'',	'',	'',	'',	'',	'',	'',	'',	'',	'',	'',	NULL,	NULL),
(792,	'create_a_transaction',	'',	'',	'',	'',	'',	'',	'',	'',	'',	'',	'',	'',	'',	'',	'',	'',	'',	'',	'',	'',	'',	NULL,	NULL),
(793,	'create_transaction',	'',	'',	'',	'',	'',	'',	'',	'',	'',	'',	'',	'',	'',	'',	'',	'',	'',	'',	'',	'',	'',	NULL,	NULL),
(794,	'serial_number',	'',	'',	'',	'',	'',	'',	'',	'',	'',	'',	'',	'',	'',	'',	'',	'',	'',	'',	'',	'',	'',	NULL,	NULL),
(795,	'transition_status',	'',	'',	'',	'',	'',	'',	'',	'',	'',	'',	'',	'',	'',	'',	'',	'',	'',	'',	'',	'',	'',	NULL,	NULL),
(796,	'inactive',	'',	'',	'',	'',	'',	'',	'',	'',	'',	'',	'',	'',	'',	'',	'',	'',	'',	'',	'',	'',	'',	NULL,	NULL),
(797,	'cash_balance',	'',	'',	'',	'',	'',	'',	'',	'',	'',	'',	'',	'',	'',	'',	'',	'',	'',	'',	'',	'',	'',	NULL,	NULL),
(798,	'start_cash_balance',	'',	'',	'',	'',	'',	'',	'',	'',	'',	'',	'',	'',	'',	'',	'',	'',	'',	'',	'',	'',	'',	NULL,	NULL),
(799,	'edit_admin',	'',	'',	'',	'',	'',	'',	'',	'',	'',	'',	'',	'',	'',	'',	'',	'',	'',	'',	'',	'',	'',	NULL,	NULL),
(800,	'income_list',	'',	'',	'',	'',	'',	'',	'',	'',	'',	'',	'',	'',	'',	'',	'',	'',	'',	'',	'',	'',	'',	NULL,	NULL),
(801,	'expense_list',	'',	'',	'',	'',	'',	'',	'',	'',	'',	'',	'',	'',	'',	'',	'',	'',	'',	'',	'',	'',	'',	NULL,	NULL),
(802,	'student_fees_receipt',	'',	'',	'',	'',	'',	'',	'',	'',	'',	'',	'',	'',	'',	'',	'',	'',	'',	'',	'',	'',	'',	NULL,	NULL),
(803,	'other_income_receipt',	'',	'',	'',	'',	'',	'',	'',	'',	'',	'',	'',	'',	'',	'',	'',	'',	'',	'',	'',	'',	'',	NULL,	NULL),
(804,	'funds_transfer',	'',	'',	'',	'',	'',	'',	'',	'',	'',	'',	'',	'',	'',	'',	'',	'',	'',	'',	'',	'',	'',	NULL,	NULL),
(805,	'contra_entry',	'',	'',	'',	'',	'',	'',	'',	'',	'',	'',	'',	'',	'',	'',	'',	'',	'',	'',	'',	'',	'',	NULL,	NULL),
(806,	'from',	'',	'',	'',	'',	'',	'',	'',	'',	'',	'',	'',	'',	'',	'',	'',	'',	'',	'',	'',	'',	'',	NULL,	NULL),
(807,	'to',	'',	'',	'',	'',	'',	'',	'',	'',	'',	'',	'',	'',	'',	'',	'',	'',	'',	'',	'',	'',	'',	NULL,	NULL),
(808,	'funds_transferred_successfully',	'',	'',	'',	'',	'',	'',	'',	'',	'',	'',	'',	'',	'',	'',	'',	'',	'',	'',	'',	'',	'',	NULL,	NULL),
(809,	'funds_transfers',	'',	'',	'',	'',	'',	'',	'',	'',	'',	'',	'',	'',	'',	'',	'',	'',	'',	'',	'',	'',	'',	NULL,	NULL),
(810,	'print_voucher',	'',	'',	'',	'',	'',	'',	'',	'',	'',	'',	'',	'',	'',	'',	'',	'',	'',	'',	'',	'',	'',	NULL,	NULL),
(811,	'voucher',	'',	'',	'',	'',	'',	'',	'',	'',	'',	'',	'',	'',	'',	'',	'',	'',	'',	'',	'',	'',	'',	NULL,	NULL),
(812,	'account_from',	'',	'',	'',	'',	'',	'',	'',	'',	'',	'',	'',	'',	'',	'',	'',	'',	'',	'',	'',	'',	'',	NULL,	NULL),
(813,	'account_to',	'',	'',	'',	'',	'',	'',	'',	'',	'',	'',	'',	'',	'',	'',	'',	'',	'',	'',	'',	'',	'',	NULL,	NULL),
(814,	'transfer_date',	'',	'',	'',	'',	'',	'',	'',	'',	'',	'',	'',	'',	'',	'',	'',	'',	'',	'',	'',	'',	'',	NULL,	NULL),
(815,	'transfer_to',	'',	'',	'',	'',	'',	'',	'',	'',	'',	'',	'',	'',	'',	'',	'',	'',	'',	'',	'',	'',	'',	NULL,	NULL),
(816,	'fees_carry_forward_category',	'',	'',	'',	'',	'',	'',	'',	'',	'',	'',	'',	'',	'',	'',	'',	'',	'',	'',	'',	'',	'',	NULL,	NULL),
(817,	'deleted_failed',	'',	'',	'',	'',	'',	'',	'',	'',	'',	'',	'',	'',	'',	'',	'',	'',	'',	'',	'',	'',	'',	NULL,	NULL),
(818,	'search',	'',	'',	'',	'',	'',	'',	'',	'',	'',	'',	'',	'',	'',	'',	'',	'',	'',	'',	'',	'',	'',	NULL,	NULL),
(819,	'search_text_here',	'',	'',	'',	'',	'',	'',	'',	'',	'',	'',	'',	'',	'',	'',	'',	'',	'',	'',	'',	'',	'',	NULL,	NULL),
(820,	'search_results',	'',	'',	'',	'',	'',	'',	'',	'',	'',	'',	'',	'',	'',	'',	'',	'',	'',	'',	'',	'',	'',	NULL,	NULL),
(821,	'fy',	'',	'',	'',	'',	'',	'',	'',	'',	'',	'',	'',	'',	'',	'',	'',	'',	'',	'',	'',	'',	'',	NULL,	NULL),
(822,	'smtp',	'',	'',	'',	'',	'',	'',	'',	'',	'',	'',	'',	'',	'',	'',	'',	'',	'',	'',	'',	'',	'',	NULL,	NULL),
(823,	't_date',	'',	'',	'',	'',	'',	'',	'',	'',	'',	'',	'',	'',	'',	'',	'',	'',	'',	'',	'',	'',	'',	NULL,	NULL),
(824,	'timestamp',	'',	'',	'',	'',	'',	'',	'',	'',	'',	'',	'',	'',	'',	'',	'',	'',	'',	'',	'',	'',	'',	NULL,	NULL),
(825,	'relationship_id',	'',	'',	'',	'',	'',	'',	'',	'',	'',	'',	'',	'',	'',	'',	'',	'',	'',	'',	'',	'',	'',	NULL,	NULL),
(826,	'religion',	'',	'',	'',	'',	'',	'',	'',	'',	'',	'',	'',	'',	'',	'',	'',	'',	'',	'',	'',	'',	'',	NULL,	NULL),
(827,	'blood_group',	'',	'',	'',	'',	'',	'',	'',	'',	'',	'',	'',	'',	'',	'',	'',	'',	'',	'',	'',	'',	'',	NULL,	NULL),
(828,	'father_name',	'',	'',	'',	'',	'',	'',	'',	'',	'',	'',	'',	'',	'',	'',	'',	'',	'',	'',	'',	'',	'',	NULL,	NULL),
(829,	'mother_name',	'',	'',	'',	'',	'',	'',	'',	'',	'',	'',	'',	'',	'',	'',	'',	'',	'',	'',	'',	'',	'',	NULL,	NULL),
(830,	'class_id',	'',	'',	'',	'',	'',	'',	'',	'',	'',	'',	'',	'',	'',	'',	'',	'',	'',	'',	'',	'',	'',	NULL,	NULL),
(831,	'section_id',	'',	'',	'',	'',	'',	'',	'',	'',	'',	'',	'',	'',	'',	'',	'',	'',	'',	'',	'',	'',	'',	NULL,	NULL),
(832,	'parent_id',	'',	'',	'',	'',	'',	'',	'',	'',	'',	'',	'',	'',	'',	'',	'',	'',	'',	'',	'',	'',	'',	NULL,	NULL),
(833,	'transport_id',	'',	'',	'',	'',	'',	'',	'',	'',	'',	'',	'',	'',	'',	'',	'',	'',	'',	'',	'',	'',	'',	NULL,	NULL),
(834,	'dormitory_id',	'',	'',	'',	'',	'',	'',	'',	'',	'',	'',	'',	'',	'',	'',	'',	'',	'',	'',	'',	'',	'',	NULL,	NULL),
(835,	'dormitory_room_number',	'',	'',	'',	'',	'',	'',	'',	'',	'',	'',	'',	'',	'',	'',	'',	'',	'',	'',	'',	'',	'',	NULL,	NULL),
(836,	'yr',	'',	'',	'',	'',	'',	'',	'',	'',	'',	'',	'',	'',	'',	'',	'',	'',	'',	'',	'',	'',	'',	NULL,	NULL),
(837,	'amount_paid',	'',	'',	'',	'',	'',	'',	'',	'',	'',	'',	'',	'',	'',	'',	'',	'',	'',	'',	'',	'',	'',	NULL,	NULL),
(838,	'creation_timestamp',	'',	'',	'',	'',	'',	'',	'',	'',	'',	'',	'',	'',	'',	'',	'',	'',	'',	'',	'',	'',	'',	NULL,	NULL),
(839,	'carry_forward',	'',	'',	'',	'',	'',	'',	'',	'',	'',	'',	'',	'',	'',	'',	'',	'',	'',	'',	'',	'',	'',	NULL,	NULL),
(840,	'transitioned',	'',	'',	'',	'',	'',	'',	'',	'',	'',	'',	'',	'',	'',	'',	'',	'',	'',	'',	'',	'',	'',	NULL,	NULL),
(841,	'invoice_count',	'',	'',	'',	'',	'',	'',	'',	'',	'',	'',	'',	'',	'',	'',	'',	'',	'',	'',	'',	'',	'',	NULL,	NULL),
(842,	'data_not_deleted',	'',	'',	'',	'',	'',	'',	'',	'',	'',	'',	'',	'',	'',	'',	'',	'',	'',	'',	'',	'',	'',	NULL,	NULL),
(843,	'delete_mark',	'',	'',	'',	'',	'',	'',	'',	'',	'',	'',	'',	'',	'',	'',	'',	'',	'',	'',	'',	'',	'',	NULL,	NULL),
(844,	'finished',	'',	'',	'',	'',	'',	'',	'',	'',	'',	'',	'',	'',	'',	'',	'',	'',	'',	'',	'',	'',	'',	NULL,	NULL),
(845,	'data_deleted_successfully',	'',	'',	'',	'',	'',	'',	'',	'',	'',	'',	'',	'',	'',	'',	'',	'',	'',	'',	'',	'',	'',	NULL,	NULL),
(846,	'students_information',	'',	'',	'',	'',	'',	'',	'',	'',	'',	'',	'',	'',	'',	'',	'',	'',	'',	'',	'',	'',	'',	NULL,	NULL),
(847,	'school_fees_payment_for_',	'',	'',	'',	'',	'',	'',	'',	'',	'',	'',	'',	'',	'',	'',	'',	'',	'',	'',	'',	'',	'',	NULL,	NULL),
(848,	'payment_failed',	'',	'',	'',	'',	'',	'',	'',	'',	'',	'',	'',	'',	'',	'',	'',	'',	'',	'',	'',	'',	'',	NULL,	NULL),
(849,	'actual_paid',	'',	'',	'',	'',	'',	'',	'',	'',	'',	'',	'',	'',	'',	'',	'',	'',	'',	'',	'',	'',	'',	NULL,	NULL),
(850,	'delete_failed',	'',	'',	'',	'',	'',	'',	'',	'',	'',	'',	'',	'',	'',	'',	'',	'',	'',	'',	'',	'',	'',	NULL,	NULL),
(851,	'overpayment',	'',	'',	'',	'',	'',	'',	'',	'',	'',	'',	'',	'',	'',	'',	'',	'',	'',	'',	'',	'',	'',	NULL,	NULL),
(852,	'excess_payment',	'',	'',	'',	'',	'',	'',	'',	'',	'',	'',	'',	'',	'',	'',	'',	'',	'',	'',	'',	'',	'',	NULL,	NULL),
(853,	'actual_amount',	'',	'',	'',	'',	'',	'',	'',	'',	'',	'',	'',	'',	'',	'',	'',	'',	'',	'',	'',	'',	'',	NULL,	NULL),
(854,	'internal_funds_transfer',	'',	'',	'',	'',	'',	'',	'',	'',	'',	'',	'',	'',	'',	'',	'',	'',	'',	'',	'',	'',	'',	NULL,	NULL),
(855,	'system_generated',	'',	'',	'',	'',	'',	'',	'',	'',	'',	'',	'',	'',	'',	'',	'',	'',	'',	'',	'',	'',	'',	NULL,	NULL),
(856,	'print_transaction',	'',	'',	'',	'',	'',	'',	'',	'',	'',	'',	'',	'',	'',	'',	'',	'',	'',	'',	'',	'',	'',	NULL,	NULL),
(857,	'transaction_method',	'',	'',	'',	'',	'',	'',	'',	'',	'',	'',	'',	'',	'',	'',	'',	'',	'',	'',	'',	'',	'',	NULL,	NULL),
(858,	'transaction_breakdown',	'',	'',	'',	'',	'',	'',	'',	'',	'',	'',	'',	'',	'',	'',	'',	'',	'',	'',	'',	'',	'',	NULL,	NULL),
(859,	'total_cost',	'',	'',	'',	'',	'',	'',	'',	'',	'',	'',	'',	'',	'',	'',	'',	'',	'',	'',	'',	'',	'',	NULL,	NULL),
(860,	'select_term',	'',	'',	'',	'',	'',	'',	'',	'',	'',	'',	'',	'',	'',	'',	'',	'',	'',	'',	'',	'',	'',	NULL,	NULL),
(861,	'invoice_number',	'',	'',	'',	'',	'',	'',	'',	'',	'',	'',	'',	'',	'',	'',	'',	'',	'',	'',	'',	'',	'',	NULL,	NULL),
(862,	'invoice_term',	'',	'',	'',	'',	'',	'',	'',	'',	'',	'',	'',	'',	'',	'',	'',	'',	'',	'',	'',	'',	'',	NULL,	NULL),
(863,	'invoice_year',	'',	'',	'',	'',	'',	'',	'',	'',	'',	'',	'',	'',	'',	'',	'',	'',	'',	'',	'',	'',	'',	NULL,	NULL),
(864,	'payment_from',	'',	'',	'',	'',	'',	'',	'',	'',	'',	'',	'',	'',	'',	'',	'',	'',	'',	'',	'',	'',	'',	NULL,	NULL),
(865,	'instance_of',	'',	'',	'',	'',	'',	'',	'',	'',	'',	'',	'',	'',	'',	'',	'',	'',	'',	'',	'',	'',	'',	NULL,	NULL),
(866,	'reverse_transaction',	'',	'',	'',	'',	'',	'',	'',	'',	'',	'',	'',	'',	'',	'',	'',	'',	'',	'',	'',	'',	'',	NULL,	NULL),
(867,	'accounts',	'',	'',	'',	'',	'',	'',	'',	'',	'',	'',	'',	'',	'',	'',	'',	'',	'',	'',	'',	'',	'',	NULL,	NULL),
(868,	'admit_bulk_students',	'',	'',	'',	'',	'',	'',	'',	'',	'',	'',	'',	'',	'',	'',	'',	'',	'',	'',	'',	'',	'',	NULL,	NULL),
(869,	'manage_own_account',	'',	'',	'',	'',	'',	'',	'',	'',	'',	'',	'',	'',	'',	'',	'',	'',	'',	'',	'',	'',	'',	NULL,	NULL),
(870,	'class_attendance',	'',	'',	'',	'',	'',	'',	'',	'',	'',	'',	'',	'',	'',	'',	'',	'',	'',	'',	'',	'',	'',	NULL,	NULL),
(871,	'examination',	'',	'',	'',	'',	'',	'',	'',	'',	'',	'',	'',	'',	'',	'',	'',	'',	'',	'',	'',	'',	'',	NULL,	NULL),
(872,	'examination_list',	'',	'',	'',	'',	'',	'',	'',	'',	'',	'',	'',	'',	'',	'',	'',	'',	'',	'',	'',	'',	'',	NULL,	NULL),
(873,	'examination_grades',	'',	'',	'',	'',	'',	'',	'',	'',	'',	'',	'',	'',	'',	'',	'',	'',	'',	'',	'',	'',	'',	NULL,	NULL),
(874,	'marks',	'',	'',	'',	'',	'',	'',	'',	'',	'',	'',	'',	'',	'',	'',	'',	'',	'',	'',	'',	'',	'',	NULL,	NULL),
(875,	'finance',	'',	'',	'',	'',	'',	'',	'',	'',	'',	'',	'',	'',	'',	'',	'',	'',	'',	'',	'',	'',	'',	NULL,	NULL),
(876,	'fee_structure',	'',	'',	'',	'',	'',	'',	'',	'',	'',	'',	'',	'',	'',	'',	'',	'',	'',	'',	'',	'',	'',	NULL,	NULL),
(877,	'financial_reports',	'',	'',	'',	'',	'',	'',	'',	'',	'',	'',	'',	'',	'',	'',	'',	'',	'',	'',	'',	'',	'',	NULL,	NULL),
(878,	'inventory',	'',	'',	'',	'',	'',	'',	'',	'',	'',	'',	'',	'',	'',	'',	'',	'',	'',	'',	'',	'',	'',	NULL,	NULL),
(879,	'messaging',	'',	'',	'',	'',	'',	'',	'',	'',	'',	'',	'',	'',	'',	'',	'',	'',	'',	'',	'',	'',	'',	NULL,	NULL),
(880,	'log_out',	'',	'',	'',	'',	'',	'',	'',	'',	'',	'',	'',	'',	'',	'',	'',	'',	'',	'',	'',	'',	'',	NULL,	NULL),
(881,	'reset_password',	'',	'',	'',	'',	'',	'',	'',	'',	'',	'',	'',	'',	'',	'',	'',	'',	'',	'',	'',	'',	'',	NULL,	NULL),
(882,	'return_to_login_page',	'',	'',	'',	'',	'',	'',	'',	'',	'',	'',	'',	'',	'',	'',	'',	'',	'',	'',	'',	'',	'',	NULL,	NULL),
(883,	'data_not_updated',	'',	'',	'',	'',	'',	'',	'',	'',	'',	'',	'',	'',	'',	'',	'',	'',	'',	'',	'',	'',	'',	NULL,	NULL),
(884,	'reversing_batch_number',	'',	'',	'',	'',	'',	'',	'',	'',	'',	'',	'',	'',	'',	'',	'',	'',	'',	'',	'',	'',	'',	NULL,	NULL),
(885,	'reserve_not_allowed',	'',	'',	'',	'',	'',	'',	'',	'',	'',	'',	'',	'',	'',	'',	'',	'',	'',	'',	'',	'',	'',	NULL,	NULL),
(886,	'reversion_batch_number',	'',	'',	'',	'',	'',	'',	'',	'',	'',	'',	'',	'',	'',	'',	'',	'',	'',	'',	'',	'',	'',	NULL,	NULL),
(887,	'reversal_of_batch_number',	'',	'',	'',	'',	'',	'',	'',	'',	'',	'',	'',	'',	'',	'',	'',	'',	'',	'',	'',	'',	'',	NULL,	NULL),
(888,	'tabulate_attendance',	'',	'',	'',	'',	'',	'',	'',	'',	'',	'',	'',	'',	'',	'',	'',	'',	'',	'',	'',	'',	'',	NULL,	NULL),
(889,	'term_starting_from',	'',	'',	'',	'',	'',	'',	'',	'',	'',	'',	'',	'',	'',	'',	'',	'',	'',	'',	'',	'',	'',	NULL,	NULL),
(890,	'africastalking_username',	'',	'',	'',	'',	'',	'',	'',	'',	'',	'',	'',	'',	'',	'',	'',	'',	'',	'',	'',	'',	'',	NULL,	NULL),
(891,	'africastalking_api_id',	'',	'',	'',	'',	'',	'',	'',	'',	'',	'',	'',	'',	'',	'',	'',	'',	'',	'',	'',	'',	'',	NULL,	NULL),
(892,	'morning',	'',	'',	'',	'',	'',	'',	'',	'',	'',	'',	'',	'',	'',	'',	'',	'',	'',	'',	'',	'',	'',	NULL,	NULL),
(893,	'afternoon',	'',	'',	'',	'',	'',	'',	'',	'',	'',	'',	'',	'',	'',	'',	'',	'',	'',	'',	'',	'',	'',	NULL,	NULL),
(894,	'monthly_attendance_sheet',	'',	'',	'',	'',	'',	'',	'',	'',	'',	'',	'',	'',	'',	'',	'',	'',	'',	'',	'',	'',	'',	NULL,	NULL),
(895,	'month',	'',	'',	'',	'',	'',	'',	'',	'',	'',	'',	'',	'',	'',	'',	'',	'',	'',	'',	'',	'',	'',	NULL,	NULL),
(896,	'morning_present',	'',	'',	'',	'',	'',	'',	'',	'',	'',	'',	'',	'',	'',	'',	'',	'',	'',	'',	'',	'',	'',	NULL,	NULL),
(897,	'afternoon_present',	'',	'',	'',	'',	'',	'',	'',	'',	'',	'',	'',	'',	'',	'',	'',	'',	'',	'',	'',	'',	'',	NULL,	NULL),
(898,	'M',	'',	'',	'',	'',	'',	'',	'',	'',	'',	'',	'',	'',	'',	'',	'',	'',	'',	'',	'',	'',	'',	NULL,	NULL),
(899,	'A',	'',	'',	'',	'',	'',	'',	'',	'',	'',	'',	'',	'',	'',	'',	'',	'',	'',	'',	'',	'',	'',	NULL,	NULL),
(900,	'payment_tally_sheet',	'',	'',	'',	'',	'',	'',	'',	'',	'',	'',	'',	'',	'',	'',	'',	'',	'',	'',	'',	'',	'',	NULL,	NULL),
(901,	'SMS_balances',	'',	'',	'',	'',	'',	'',	'',	'',	'',	'',	'',	'',	'',	'',	'',	'',	'',	'',	'',	'',	'',	NULL,	NULL),
(902,	'missing_invoices',	'',	'',	'',	'',	'',	'',	'',	'',	'',	'',	'',	'',	'',	'',	'',	'',	'',	'',	'',	'',	'',	NULL,	NULL),
(903,	'lipa_karo_mpesa',	'',	'',	'',	'',	'',	'',	'',	'',	'',	'',	'',	'',	'',	'',	'',	'',	'',	'',	'',	'',	'',	NULL,	NULL),
(904,	'mpesa_paybill',	'',	'',	'',	'',	'',	'',	'',	'',	'',	'',	'',	'',	'',	'',	'',	'',	'',	'',	'',	'',	'',	NULL,	NULL),
(905,	'reference_number',	'',	'',	'',	'',	'',	'',	'',	'',	'',	'',	'',	'',	'',	'',	'',	'',	'',	'',	'',	'',	'',	NULL,	NULL),
(906,	'request_reversal_approval',	'',	'',	'',	'',	'',	'',	'',	'',	'',	'',	'',	'',	'',	'',	'',	'',	'',	'',	'',	'',	'',	NULL,	NULL),
(907,	'approval_request_submitted',	'',	'',	'',	'',	'',	'',	'',	'',	'',	'',	'',	'',	'',	'',	'',	'',	'',	'',	'',	'',	'',	NULL,	NULL),
(908,	'pending_reversal_request',	'',	'',	'',	'',	'',	'',	'',	'',	'',	'',	'',	'',	'',	'',	'',	'',	'',	'',	'',	'',	'',	NULL,	NULL),
(909,	'process_failed',	'',	'',	'',	'',	'',	'',	'',	'',	'',	'',	'',	'',	'',	'',	'',	'',	'',	'',	'',	'',	'',	NULL,	NULL),
(910,	'link_to_student',	'',	'',	'',	'',	'',	'',	'',	'',	'',	'',	'',	'',	'',	'',	'',	'',	'',	'',	'',	'',	'',	NULL,	NULL);

CREATE TABLE `lesson_plan` (
  `lesson_plan_id` int(100) NOT NULL AUTO_INCREMENT,
  `scheme_id` int(100) NOT NULL,
  `planned_date` date NOT NULL,
  `attendance_date` date DEFAULT NULL,
  `class_routine_id` int(11) DEFAULT NULL,
  `roll` int(100) NOT NULL,
  `core_competencies` longtext NOT NULL,
  `introduction` longtext NOT NULL,
  `lesson_development` longtext NOT NULL,
  `conclusion` longtext NOT NULL,
  `summary` longtext NOT NULL,
  `reflection` longtext,
  `signed_off_by` int(100) DEFAULT NULL,
  `signed_off_date` date DEFAULT NULL,
  `createdby` int(100) NOT NULL,
  `lastmodifiedby` int(100) NOT NULL,
  `createddate` datetime NOT NULL,
  `lastmodifieddate` timestamp NOT NULL DEFAULT CURRENT_TIMESTAMP ON UPDATE CURRENT_TIMESTAMP,
  PRIMARY KEY (`lesson_plan_id`),
  KEY `scheme_id` (`scheme_id`),
  KEY `createdby` (`createdby`),
  KEY `lastmodifiedby` (`lastmodifiedby`),
  KEY `signed_off_by` (`signed_off_by`),
  CONSTRAINT `lesson_plan_ibfk_1` FOREIGN KEY (`scheme_id`) REFERENCES `scheme` (`scheme_id`),
  CONSTRAINT `lesson_plan_ibfk_4` FOREIGN KEY (`createdby`) REFERENCES `user` (`user_id`),
  CONSTRAINT `lesson_plan_ibfk_5` FOREIGN KEY (`lastmodifiedby`) REFERENCES `user` (`user_id`),
  CONSTRAINT `lesson_plan_ibfk_6` FOREIGN KEY (`signed_off_by`) REFERENCES `user` (`user_id`)
) ENGINE=InnoDB DEFAULT CHARSET=latin1;


CREATE TABLE `login_type` (
  `login_type_id` int(100) NOT NULL AUTO_INCREMENT,
  `name` varchar(10) NOT NULL,
  PRIMARY KEY (`login_type_id`)
) ENGINE=InnoDB DEFAULT CHARSET=latin1;

INSERT INTO `login_type` (`login_type_id`, `name`) VALUES
(1,	'admin'),
(2,	'teacher'),
(3,	'student'),
(4,	'parent');

CREATE TABLE `mark` (
  `mark_id` int(11) NOT NULL AUTO_INCREMENT,
  `student_id` int(11) NOT NULL,
  `subject_id` int(11) NOT NULL,
  `class_id` int(11) NOT NULL,
  `exam_id` int(11) NOT NULL,
  `mark_obtained` int(11) NOT NULL DEFAULT '0',
  `mark_total` int(11) NOT NULL DEFAULT '100',
  `comment` longtext COLLATE utf8_unicode_ci NOT NULL,
  PRIMARY KEY (`mark_id`),
  KEY `student_id` (`student_id`),
  KEY `subject_id` (`subject_id`),
  KEY `class_id` (`class_id`),
  KEY `exam_id` (`exam_id`),
  CONSTRAINT `mark_ibfk_1` FOREIGN KEY (`student_id`) REFERENCES `student` (`student_id`),
  CONSTRAINT `mark_ibfk_2` FOREIGN KEY (`subject_id`) REFERENCES `subject` (`subject_id`),
  CONSTRAINT `mark_ibfk_3` FOREIGN KEY (`class_id`) REFERENCES `class` (`class_id`),
  CONSTRAINT `mark_ibfk_4` FOREIGN KEY (`exam_id`) REFERENCES `exam` (`exam_id`)
) ENGINE=InnoDB DEFAULT CHARSET=utf8 COLLATE=utf8_unicode_ci;

INSERT INTO `mark` (`mark_id`, `student_id`, `subject_id`, `class_id`, `exam_id`, `mark_obtained`, `mark_total`, `comment`) VALUES
(2,	14,	1,	10,	1,	78,	100,	''),
(3,	15,	1,	10,	1,	0,	100,	''),
(4,	16,	1,	10,	1,	0,	100,	''),
(5,	17,	1,	10,	1,	0,	100,	''),
(6,	18,	1,	10,	1,	0,	100,	''),
(7,	19,	1,	10,	1,	0,	100,	''),
(8,	20,	1,	10,	1,	0,	100,	''),
(9,	21,	1,	10,	1,	0,	100,	''),
(10,	22,	1,	10,	1,	0,	100,	''),
(11,	23,	1,	10,	1,	0,	100,	''),
(13,	14,	2,	10,	1,	70,	100,	''),
(14,	15,	2,	10,	1,	82,	100,	''),
(15,	16,	2,	10,	1,	86,	100,	''),
(16,	17,	2,	10,	1,	72,	100,	''),
(17,	18,	2,	10,	1,	0,	100,	''),
(18,	19,	2,	10,	1,	0,	100,	''),
(19,	20,	2,	10,	1,	0,	100,	''),
(20,	21,	2,	10,	1,	0,	100,	''),
(21,	22,	2,	10,	1,	0,	100,	''),
(22,	23,	2,	10,	1,	0,	100,	'');

CREATE TABLE `message` (
  `message_id` int(11) NOT NULL AUTO_INCREMENT,
  `message_thread_code` longtext NOT NULL,
  `message` longtext NOT NULL,
  `sender` longtext NOT NULL,
  `timestamp` longtext NOT NULL,
  `read_status` int(11) NOT NULL DEFAULT '0' COMMENT '0 unread 1 read',
  PRIMARY KEY (`message_id`)
) ENGINE=MyISAM DEFAULT CHARSET=latin1;


CREATE TABLE `message_thread` (
  `message_thread_id` int(11) NOT NULL AUTO_INCREMENT,
  `message_thread_code` longtext COLLATE utf8_unicode_ci NOT NULL,
  `sender` longtext COLLATE utf8_unicode_ci NOT NULL,
  `reciever` longtext COLLATE utf8_unicode_ci NOT NULL,
  `last_message_timestamp` longtext COLLATE utf8_unicode_ci NOT NULL,
  PRIMARY KEY (`message_thread_id`)
) ENGINE=InnoDB DEFAULT CHARSET=utf8 COLLATE=utf8_unicode_ci;


CREATE TABLE `noticeboard` (
  `notice_id` int(11) NOT NULL AUTO_INCREMENT,
  `notice_title` longtext COLLATE utf8_unicode_ci NOT NULL,
  `notice` longtext COLLATE utf8_unicode_ci NOT NULL,
  `create_timestamp` int(11) NOT NULL,
  PRIMARY KEY (`notice_id`)
) ENGINE=MyISAM DEFAULT CHARSET=utf8 COLLATE=utf8_unicode_ci;


CREATE TABLE `overpay` (
  `overpay_id` int(100) NOT NULL AUTO_INCREMENT,
  `student_id` int(100) NOT NULL,
  `transaction_id` int(100) NOT NULL,
  `amount` int(10) NOT NULL,
  `amount_due` int(10) NOT NULL,
  `description` longtext NOT NULL,
  `status` varchar(10) NOT NULL DEFAULT 'active' COMMENT 'active,cleared',
  `creation_timestamp` timestamp NOT NULL DEFAULT CURRENT_TIMESTAMP ON UPDATE CURRENT_TIMESTAMP,
  PRIMARY KEY (`overpay_id`),
  KEY `student_id` (`student_id`),
  KEY `income_id` (`transaction_id`),
  CONSTRAINT `overpay_ibfk_1` FOREIGN KEY (`student_id`) REFERENCES `student` (`student_id`),
  CONSTRAINT `overpay_ibfk_2` FOREIGN KEY (`transaction_id`) REFERENCES `transaction` (`transaction_id`)
) ENGINE=InnoDB DEFAULT CHARSET=latin1;

INSERT INTO `overpay` (`overpay_id`, `student_id`, `transaction_id`, `amount`, `amount_due`, `description`, `status`, `creation_timestamp`) VALUES
(1,	156,	18,	22111,	0,	'0',	'active',	'2019-09-01 13:25:12'),
(2,	154,	19,	950,	0,	'0',	'active',	'2019-09-01 17:27:11'),
(3,	157,	23,	150,	0,	'0',	'active',	'2019-07-11 12:09:25'),
(4,	123,	24,	350,	0,	'0',	'active',	'2019-07-11 12:13:29'),
(5,	94,	43,	50,	0,	'0',	'active',	'2019-07-11 13:47:47'),
(6,	47,	57,	50,	0,	'0',	'active',	'2019-07-12 13:39:23'),
(7,	42,	64,	50,	0,	'0',	'active',	'2019-07-12 13:54:09'),
(8,	6,	76,	1150,	0,	'0',	'active',	'2019-07-12 14:25:48'),
(9,	117,	144,	500,	0,	'0',	'active',	'2019-07-15 12:36:09'),
(10,	108,	153,	550,	0,	'550',	'cleared',	'2019-09-01 02:34:02'),
(11,	76,	155,	100,	0,	'0',	'active',	'2019-07-16 06:00:15'),
(12,	10,	195,	20250,	0,	'0',	'active',	'2019-09-01 02:47:11'),
(13,	44,	335,	300,	0,	'0',	'active',	'2019-07-17 08:07:18'),
(14,	165,	358,	1150,	0,	'0',	'active',	'2019-07-19 13:25:52'),
(15,	5,	383,	665,	0,	'0',	'active',	'2019-07-26 15:54:32'),
(16,	50,	384,	200,	0,	'0',	'active',	'2019-08-31 15:11:00'),
(17,	177,	411,	700,	0,	'0',	'active',	'2019-08-09 14:38:23'),
(18,	77,	415,	1270,	0,	'0',	'active',	'2019-08-10 10:44:43'),
(20,	164,	465,	6655,	-4000,	'Tested',	'active',	'2019-09-01 02:04:30'),
(21,	173,	467,	1122,	0,	'Testing tooo',	'active',	'2019-09-01 01:24:52'),
(23,	164,	469,	6680,	-4000,	'Hey it works',	'active',	'2019-09-01 02:04:30'),
(24,	83,	474,	6540,	0,	'Overpaid',	'active',	'2019-09-01 02:44:50'),
(25,	46,	487,	8000,	0,	'Overpaid',	'active',	'2019-09-03 07:34:04'),
(26,	168,	491,	2150,	0,	'Overpayment',	'active',	'2019-09-08 03:15:12'),
(27,	172,	492,	5300,	0,	'Overpayment',	'active',	'2019-09-11 19:47:25'),
(28,	148,	493,	300,	0,	'Overpayment',	'active',	'2019-09-12 04:57:11');

CREATE TABLE `overpay_charge_detail` (
  `overpay_detail_id` int(100) NOT NULL AUTO_INCREMENT,
  `overpay_id` int(100) NOT NULL,
  `invoice_id` int(11) NOT NULL,
  `amount_redeemed` int(100) NOT NULL,
  `createddate` date NOT NULL,
  `createdby` int(100) NOT NULL,
  `lastmodifieddate` timestamp NOT NULL DEFAULT CURRENT_TIMESTAMP ON UPDATE CURRENT_TIMESTAMP,
  `lastmodifiedby` int(100) NOT NULL,
  PRIMARY KEY (`overpay_detail_id`),
  KEY `overpay_id` (`overpay_id`),
  KEY `invoice_id` (`invoice_id`),
  CONSTRAINT `overpay_charge_detail_ibfk_2` FOREIGN KEY (`invoice_id`) REFERENCES `invoice` (`invoice_id`),
  CONSTRAINT `overpay_charge_detail_ibfk_3` FOREIGN KEY (`invoice_id`) REFERENCES `invoice` (`invoice_id`)
) ENGINE=InnoDB DEFAULT CHARSET=latin1;

INSERT INTO `overpay_charge_detail` (`overpay_detail_id`, `overpay_id`, `invoice_id`, `amount_redeemed`, `createddate`, `createdby`, `lastmodifieddate`, `lastmodifiedby`) VALUES
(1,	20,	252,	655,	'2019-09-01',	1,	'2019-09-01 01:34:13',	1),
(2,	20,	253,	4000,	'2019-09-01',	1,	'2019-09-01 02:04:30',	1),
(3,	12,	254,	7000,	'2019-09-01',	1,	'2019-09-01 02:24:02',	1),
(4,	10,	255,	550,	'2019-09-01',	1,	'2019-09-01 02:34:02',	1),
(5,	2,	256,	150,	'2019-09-01',	1,	'2019-09-01 13:37:03',	1),
(6,	25,	259,	2350,	'2019-09-03',	1,	'2019-09-03 07:26:40',	1);

CREATE TABLE `parent` (
  `parent_id` int(11) NOT NULL AUTO_INCREMENT,
  `name` longtext COLLATE utf8_unicode_ci NOT NULL,
  `email` longtext COLLATE utf8_unicode_ci NOT NULL,
  `phone` longtext COLLATE utf8_unicode_ci NOT NULL,
  `address` longtext COLLATE utf8_unicode_ci NOT NULL,
  `relationship_id` int(100) NOT NULL,
  `care_type` varchar(20) COLLATE utf8_unicode_ci NOT NULL,
  `profession` longtext COLLATE utf8_unicode_ci NOT NULL,
  `status` int(5) NOT NULL DEFAULT '1',
  PRIMARY KEY (`parent_id`),
  KEY `relationship_id` (`relationship_id`),
  CONSTRAINT `parent_ibfk_1` FOREIGN KEY (`relationship_id`) REFERENCES `relationship` (`relationship_id`)
) ENGINE=InnoDB DEFAULT CHARSET=utf8 COLLATE=utf8_unicode_ci;

INSERT INTO `parent` (`parent_id`, `name`, `email`, `phone`, `address`, `relationship_id`, `care_type`, `profession`, `status`) VALUES
(1,	'Eliud yego',	'',	'0723631904',	'',	1,	'primary',	'',	1),
(2,	'JOHN ESHO',	'',	'0711827560',	'',	1,	'primary',	'Teacher',	1),
(3,	'LUCY RUBIA',	'',	'0727105201',	'',	2,	'primary',	'',	1),
(4,	'BRIAN ROTIKEN',	'',	'0724754507',	'',	1,	'primary',	'',	1),
(5,	'DANIEL KISHOYIAN',	'',	'0720966382',	'',	1,	'primary',	'',	1),
(7,	'JOHNSON MPUSIA',	'',	'0710220000',	'',	1,	'primary',	'',	1),
(8,	'JOSHUA MUKISHOE',	'',	'0721356757',	'',	1,	'primary',	'',	1),
(9,	'TIMOTHY OKELLO',	'',	'0721810567',	'',	1,	'primary',	'',	1),
(10,	'FEISAL SALAT',	'',	'0705201700',	'',	1,	'primary',	'',	1),
(11,	'FEISAL SALAT',	'',	'0705201700',	'',	1,	'primary',	'',	1),
(12,	'FEISAL SALAT',	'',	'0705201700',	'',	1,	'primary',	'',	1),
(13,	'FEISAL SALAT',	'',	'0705201700',	'',	1,	'primary',	'',	1),
(14,	'MOSES KIPLANGAT',	'',	'0720539338',	'',	1,	'primary',	'',	1),
(15,	'WILFRED KOILEKEN',	'',	'0724934152',	'',	1,	'primary',	'',	1),
(16,	'SAMUEL LEPOSO',	'',	'0721553801',	'',	1,	'primary',	'',	1),
(17,	'ESTHER NABAALA',	'',	'0727666749',	'',	2,	'primary',	'',	1),
(19,	'JACKSON KASHAA',	'',	'0710545336',	'',	1,	'primary',	'',	1),
(20,	'EMILY SUUJI',	'',	'0729396045',	'',	2,	'primary',	'',	1),
(21,	'DANIEL GICHUKI',	'',	'0721707098',	'',	1,	'primary',	'',	1),
(23,	'PETER KAMAU',	'',	'0739873090',	'',	1,	'primary',	'',	1),
(24,	'SAMUEL NDUBI',	'',	'0725301302',	'',	1,	'primary',	'',	1),
(26,	'PARSIMEI KIPAKEN',	'',	'0727455383',	'',	1,	'primary',	'',	1),
(27,	'TIMOTHY OKELLO',	'',	'070721810567',	'',	1,	'primary',	'',	1),
(28,	'MESHACK ABEYI',	'',	'0713194106',	'',	1,	'primary',	'',	1),
(29,	'DAVID MUGO',	'',	'0723171248',	'',	1,	'primary',	'',	1),
(30,	'DAVID MUGO',	'',	'0723171248',	'',	1,	'primary',	'',	1),
(31,	'LEAH NAISIAE',	'',	'0723042668',	'',	2,	'primary',	'',	1),
(32,	'STELLA KWAMBOKA',	'',	'0727638562',	'',	2,	'primary',	'',	1),
(33,	'STELLA KWAMBOKA',	'',	'0727638562',	'',	2,	'primary',	'',	1),
(34,	'MARGARET KHAWERI',	'',	'0726843047',	'',	2,	'primary',	'',	1),
(35,	'GEORGE IRUNGU',	'',	'0721448253',	'',	1,	'primary',	'',	1),
(36,	'PAUL KATIKU',	'',	'0722475956',	'',	1,	'primary',	'',	1),
(37,	'EZEKIEL TAJEU',	'',	'0725715625',	'',	1,	'primary',	'',	1),
(38,	'DANIEL PARSEYIA',	'',	'0725213084',	'',	1,	'primary',	'',	1),
(39,	'GIDION OLE SANKAN',	'',	'0722343349',	'',	1,	'primary',	'',	1),
(40,	'LEBOO SINTERIA',	'',	'0728793392',	'',	1,	'primary',	'',	1),
(41,	'OLOLCHIKE CHRIS',	'',	'0742461251',	'',	1,	'primary',	'',	1),
(42,	'ROSE ANDIA',	'',	'0706213264',	'',	2,	'primary',	'',	1),
(43,	'DAN GICHUKI',	'',	'0725569043',	'',	1,	'primary',	'',	1),
(44,	'DAN SALAASH',	'',	'0725710320',	'',	1,	'primary',	'',	1),
(45,	'GIDEON KITARE',	'',	'0724001847',	'',	1,	'primary',	'',	1),
(46,	'CAROLINE SIALO',	'',	'0700282597',	'',	2,	'primary',	'',	1),
(47,	'JOSEPH SAPUR',	'',	'0712636146',	'',	1,	'primary',	'',	1),
(48,	'SIMON IHAJI',	'',	'0722604708',	'',	1,	'primary',	'',	1),
(49,	'HASSAN MAPESA',	'',	'0727765949',	'',	1,	'primary',	'',	1),
(50,	'JEREMIAH LESHAO',	'',	'0722417997',	'',	1,	'primary',	'',	1),
(51,	'KIPNGENO MUTAI',	'',	'0723381600',	'',	1,	'primary',	'',	1),
(52,	'JOHN ASIFIWE',	'',	'0702251069',	'',	1,	'primary',	'',	1),
(53,	'GLADIES MWANGI',	'',	'0710313698',	'',	2,	'primary',	'',	1),
(54,	'FLORENCE DIKIRR',	'',	'0711809877',	'',	2,	'primary',	'',	1),
(55,	'EZEKIEL PATU',	'',	'0715507860',	'',	1,	'primary',	'',	1),
(56,	'EVANS KAJWANG',	'',	'0719243835',	'',	1,	'primary',	'',	1),
(57,	'BRIAN ROTIKEN',	'',	'0701425248',	'',	1,	'primary',	'',	1),
(58,	'JACKSON NCHOE',	'',	'0727871893',	'',	1,	'primary',	'',	1),
(59,	'MOSES NJOKO',	'',	'0726299592',	'',	1,	'primary',	'',	1),
(60,	'CAROLINE KIBOWOT',	'',	'0722398659',	'',	2,	'primary',	'',	1),
(61,	'SILVIA SINTILA',	'',	'0726073127',	'',	2,	'primary',	'',	1),
(62,	'GLADIES MAKOHA',	'',	'0728814967',	'',	2,	'primary',	'',	1),
(63,	'NICHOLAS  NABAALA',	'',	'0725433244',	'',	2,	'primary',	'',	1),
(64,	'DOMINIC MAITAI',	'',	'0728576671',	'',	1,	'primary',	'',	1),
(65,	'PAUL SENA',	'',	'0721945781',	'',	1,	'primary',	'',	1),
(66,	'JOHNSON MPUSIA',	'',	'0710220000',	'',	1,	'primary',	'',	1),
(67,	'MARY SITEYIA',	'',	'0721274805',	'',	2,	'primary',	'',	1),
(68,	'ELIZABETH WAAMBUI',	'',	'0723559351',	'',	6,	'secondary',	'',	1),
(69,	'FAITH KIPURY',	'',	'0722882536',	'',	2,	'primary',	'',	1),
(70,	'JOHN KARINO',	'',	'0722394614',	'',	1,	'primary',	'',	1),
(71,	'Alex Maiyo',	'',	'0711767984',	'',	1,	'primary',	'Business man',	1),
(72,	'Josephine Siimoi',	'',	'0727385329',	'',	2,	'primary',	'',	1),
(73,	'Jack Sitoya',	'',	'0721574407',	'',	1,	'primary',	'',	1),
(74,	'Ndolo Mboya',	'',	'0722378724',	'',	1,	'primary',	'',	1),
(75,	'James Saitoti',	'',	'0723425702',	'',	1,	'primary',	'',	1),
(76,	'Abokadir',	'',	'0798567178',	'',	1,	'primary',	'',	1),
(77,	'Hosea Kinoru',	'',	'0722101576',	'',	1,	'primary',	'',	1),
(78,	'Dickson Lemiso',	'',	'0718140188',	'',	1,	'primary',	'',	1),
(79,	'Joyce Nabaala',	'',	'0710284501',	'',	2,	'primary',	'',	1),
(80,	'Diana Parsitau',	'',	'0792145957',	'',	2,	'primary',	'',	1),
(81,	'Walter Wandawa',	'',	'0724282647',	'',	1,	'primary',	'',	1),
(82,	'Joel Namasian',	'',	'0725838480',	'',	1,	'primary',	'',	1),
(83,	'Nicholas Nabaala',	'',	'0725433244',	'',	1,	'primary',	'',	1),
(84,	'Dominic Maitai',	'',	'0728576671',	'',	1,	'primary',	'',	1),
(85,	'Paul Sena',	'',	'0721945781',	'',	1,	'primary',	'',	1),
(86,	'Johnson Mpusia',	'',	'0710220000',	'',	1,	'primary',	'',	1),
(87,	'Jenipher',	'',	'0707071096',	'',	1,	'primary',	'',	1),
(88,	'John',	'',	'0729 429378',	'',	1,	'primary',	'',	1),
(89,	'Philip Kool',	'',	'0721581604',	'',	1,	'primary',	'',	1),
(90,	'Simon Kigamba',	'',	'07227770640',	'',	1,	'primary',	'',	1),
(91,	'Joseph Mukweru',	'',	'0722554399',	'',	1,	'primary',	'',	1),
(92,	'Daniel Nkamasian',	'',	'0723875605',	'',	1,	'primary',	'',	1),
(93,	'Robert Osiemo',	'',	'0720939930',	'',	1,	'primary',	'',	1),
(94,	'Moffat Saitoti',	'',	'0710634600',	'',	1,	'primary',	'',	1),
(95,	'Stephen Nakola',	'',	'0721567511',	'',	1,	'primary',	'',	1),
(96,	'Sangien',	'',	'0720966299',	'',	1,	'primary',	'',	1),
(97,	'Cleophas Leshan',	'',	'0725714545',	'',	1,	'primary',	'',	1),
(98,	'Benson Ndung\'u',	'',	'0727881364',	'',	1,	'primary',	'',	1),
(99,	'Susan Njoroge',	'',	'0721240125',	'',	2,	'primary',	'',	1),
(100,	'Oliver Mutiuki',	'',	'0725632609',	'',	2,	'primary',	'',	1),
(101,	'Soilah Dikirr',	'',	'0711809877',	'',	2,	'primary',	'',	1),
(102,	'Ann Punyua',	'',	'0725049576',	'',	2,	'primary',	'',	1),
(103,	'Seeta Kuluo',	'',	'0722661641',	'',	2,	'primary',	'',	1),
(104,	'Emmah Nchoshoi',	'',	'0710266520',	'',	2,	'primary',	'',	1),
(105,	'Jane Sairo',	'',	'0703746671',	'',	2,	'primary',	'',	1),
(106,	'Caroline Tupei',	'',	'0717729168',	'',	2,	'primary',	'',	1),
(107,	'Sheillah Naserian',	'',	'0724519519',	'',	2,	'primary',	'',	1),
(108,	'Susan Morijoi',	'',	'0721418153',	'',	2,	'primary',	'',	1),
(109,	'Sammy Ogilo',	'',	'0723058706',	'',	1,	'primary',	'',	1),
(110,	'Irene Koros',	'',	'0727903949',	'',	2,	'primary',	'',	1),
(111,	'Lucy Nkaiwatei',	'',	'0721716516',	'',	2,	'primary',	'',	1),
(112,	'Rahab Nyambura',	'',	'0722259545',	'',	2,	'primary',	'',	1),
(113,	'Marion Awiti',	'',	'0717891989',	'',	2,	'primary',	'',	1),
(114,	'Carol Korir',	'',	'0717004849',	'',	2,	'primary',	'',	1),
(115,	'Jane Karia',	'',	'0729797378',	'',	2,	'primary',	'',	1),
(116,	'Mary Muthoni',	'',	'0717500886',	'',	2,	'primary',	'',	1),
(117,	'Nicholus Nabaala',	'',	'0725433244',	'',	1,	'primary',	'',	1),
(118,	'Jenipher Punyua',	'',	'0707071096',	'',	2,	'primary',	'',	1),
(119,	'Jenipher Leposo',	'',	'0720886035',	'',	2,	'primary',	'',	1),
(120,	'Gift Parseen',	'',	'0723277228',	'',	1,	'primary',	'',	1),
(121,	'Masharia Ndung\'u',	'',	'0728457006',	'',	1,	'primary',	'',	1),
(122,	'Irene Kashu',	'',	'0721390842',	'',	2,	'primary',	'',	1),
(123,	'Mary Kilayo',	'',	'0704516323',	'',	2,	'primary',	'',	1),
(124,	'Joshua Kelele',	'',	'0721356757',	'',	1,	'primary',	'',	1),
(125,	'Johnson Mpusia',	'',	'0710220000',	'',	1,	'primary',	'',	1),
(126,	'Debra Kimanzi',	'',	'0722418423',	'',	2,	'primary',	'',	1),
(127,	'Mercy Nkipida',	'',	'0724963223',	'',	2,	'primary',	'',	1),
(128,	'Emmaculate Kuyo',	'',	'0721251005',	'',	2,	'primary',	'',	1),
(129,	'Rael Kireu',	'',	'0726986281',	'',	2,	'primary',	'',	1),
(130,	'Nelly Simaloi',	'',	'0736270259',	'',	2,	'primary',	'',	1),
(131,	'Meshack Sayialel',	'',	'0721596844',	'',	1,	'primary',	'',	1),
(132,	'Stanley Mpoe',	'',	'0713812634',	'',	1,	'primary',	'',	1),
(133,	'Sarah Waithera',	'',	'0711208366',	'',	6,	'primary',	'',	1),
(134,	'Beatrice Kemunto',	'',	'0717172698',	'',	2,	'primary',	'',	1),
(135,	'George Irungu',	'',	'0721448253',	'',	1,	'primary',	'',	1),
(136,	'Paul Katiku',	'',	'0722475956',	'',	1,	'primary',	'',	1),
(137,	'Ezekiel Tajeu',	'',	'0725715625',	'',	1,	'primary',	'',	1),
(138,	'Daniel Parseyia',	'',	'0725213084',	'',	1,	'primary',	'',	1),
(139,	'Gideon Ole Sankei',	'',	'0722343349',	'',	1,	'primary',	'',	1),
(140,	'Leboo Sintena',	'',	'0728793392',	'',	1,	'primary',	'',	1),
(141,	'Ololchike Chris',	'',	'0742461251',	'',	1,	'primary',	'',	1),
(142,	'James Sanja',	'',	'0718102564',	'',	1,	'primary',	'',	1),
(143,	'Dan Gichuki',	'',	'0725569043',	'',	1,	'primary',	'',	1),
(144,	'Walter Omoi',	'',	'0724626473',	'',	1,	'primary',	'',	1),
(145,	'Timothy Melpongi',	'',	'0729630871',	'',	1,	'primary',	'',	1),
(146,	'JOASH MAKORI',	'',	'0725847017',	'',	1,	'primary',	'',	1),
(147,	'Everlyn Mogusu',	'',	'0721664179',	'',	2,	'primary',	'',	1);

CREATE TABLE `profile` (
  `profile_id` int(100) NOT NULL AUTO_INCREMENT,
  `name` varchar(100) NOT NULL,
  `login_type_id` int(10) NOT NULL,
  `description` varchar(100) NOT NULL,
  PRIMARY KEY (`profile_id`)
) ENGINE=InnoDB DEFAULT CHARSET=latin1;

INSERT INTO `profile` (`profile_id`, `name`, `login_type_id`, `description`) VALUES
(1,	'Super Admin',	1,	'System Main Administrator'),
(2,	'None Class Teachers',	2,	'None Class Teachers'),
(3,	'Secretary',	1,	'Admin Sec');

CREATE TABLE `reconcile` (
  `reconcile_id` int(100) NOT NULL AUTO_INCREMENT,
  `statement_amount` decimal(10,2) NOT NULL,
  `suspense_balance` decimal(10,2) NOT NULL,
  `month` date NOT NULL,
  `creator_notes` longtext NOT NULL,
  `approver_notes` longtext NOT NULL,
  `alert_sent_to_approver` int(5) NOT NULL DEFAULT '0' COMMENT '0=not sent, 1=sent',
  `status` int(5) NOT NULL DEFAULT '0' COMMENT '0=submitted,1=declined,2=approved',
  `created_by` int(100) NOT NULL,
  `last_modified_by` int(100) NOT NULL,
  `last_modified_date` date NOT NULL,
  `timestamp` timestamp NOT NULL DEFAULT CURRENT_TIMESTAMP ON UPDATE CURRENT_TIMESTAMP,
  PRIMARY KEY (`reconcile_id`)
) ENGINE=InnoDB DEFAULT CHARSET=latin1;

INSERT INTO `reconcile` (`reconcile_id`, `statement_amount`, `suspense_balance`, `month`, `creator_notes`, `approver_notes`, `alert_sent_to_approver`, `status`, `created_by`, `last_modified_by`, `last_modified_date`, `timestamp`) VALUES
(1,	3107040.56,	-70900.00,	'2019-05-31',	'',	'',	0,	1,	0,	0,	'0000-00-00',	'2019-09-01 17:19:55'),
(2,	0.00,	-3177940.56,	'2019-06-30',	'',	'',	0,	0,	0,	0,	'0000-00-00',	'2019-09-01 13:57:36');

CREATE TABLE `record_type` (
  `record_type_id` int(100) NOT NULL AUTO_INCREMENT,
  `name` varchar(100) NOT NULL,
  `reference_field` varchar(100) NOT NULL,
  PRIMARY KEY (`record_type_id`)
) ENGINE=InnoDB DEFAULT CHARSET=latin1;

INSERT INTO `record_type` (`record_type_id`, `name`, `reference_field`) VALUES
(1,	'invoice',	'invoice_id'),
(2,	'budget',	'description'),
(3,	'transaction',	'batch_number'),
(4,	'fees_structure',	'name'),
(5,	'student',	'name'),
(6,	'parent',	'name'),
(7,	'funds_transfer',	''),
(8,	'contra_entry',	''),
(9,	'reconcile',	'month');

CREATE TABLE `relationship` (
  `relationship_id` int(100) NOT NULL AUTO_INCREMENT,
  `name` varchar(50) NOT NULL,
  PRIMARY KEY (`relationship_id`)
) ENGINE=InnoDB DEFAULT CHARSET=latin1;

INSERT INTO `relationship` (`relationship_id`, `name`) VALUES
(1,	'Father'),
(2,	'Mother'),
(3,	'Brother'),
(4,	'Sister'),
(5,	'Uncle'),
(6,	'Aunt');

CREATE TABLE `request_type` (
  `request_type_id` int(100) NOT NULL AUTO_INCREMENT,
  `name` varchar(100) NOT NULL,
  PRIMARY KEY (`request_type_id`)
) ENGINE=InnoDB DEFAULT CHARSET=latin1;

INSERT INTO `request_type` (`request_type_id`, `name`) VALUES
(1,	'create'),
(2,	'update'),
(3,	'delete'),
(4,	'cancel'),
(5,	'reinstate');

CREATE TABLE `scheme` (
  `scheme_id` int(100) NOT NULL AUTO_INCREMENT,
  `scheme_header_id` int(100) NOT NULL,
  `week` int(10) NOT NULL,
  `lesson` int(10) NOT NULL,
  `strand` longtext NOT NULL,
  `sub_strand` longtext NOT NULL,
  `learning_outcomes` longtext NOT NULL,
  `inquiry_question` longtext NOT NULL,
  `learning_experiences` longtext NOT NULL,
  `learning_resources` longtext NOT NULL,
  `assessment` longtext NOT NULL,
  `createdby` int(100) NOT NULL,
  `lastmodifiedby` int(100) NOT NULL,
  `createddate` datetime NOT NULL,
  `lastmodifieddate` timestamp NOT NULL DEFAULT CURRENT_TIMESTAMP ON UPDATE CURRENT_TIMESTAMP,
  PRIMARY KEY (`scheme_id`),
  KEY `scheme_header_id` (`scheme_header_id`),
  KEY `createdby` (`createdby`),
  KEY `lastmodifiedby` (`lastmodifiedby`),
  CONSTRAINT `scheme_ibfk_1` FOREIGN KEY (`scheme_header_id`) REFERENCES `scheme_header` (`scheme_header_id`),
  CONSTRAINT `scheme_ibfk_2` FOREIGN KEY (`createdby`) REFERENCES `user` (`user_id`),
  CONSTRAINT `scheme_ibfk_3` FOREIGN KEY (`lastmodifiedby`) REFERENCES `user` (`user_id`)
) ENGINE=InnoDB DEFAULT CHARSET=latin1;


CREATE TABLE `scheme_header` (
  `scheme_header_id` int(100) NOT NULL AUTO_INCREMENT,
  `class_id` int(100) NOT NULL,
  `subject_id` int(100) NOT NULL,
  `term_id` int(100) NOT NULL,
  `year` int(4) NOT NULL,
  `createdby` int(100) NOT NULL,
  `lastmodifiedby` int(100) NOT NULL,
  `createddate` datetime NOT NULL,
  `lastmodifieddate` timestamp NOT NULL DEFAULT CURRENT_TIMESTAMP ON UPDATE CURRENT_TIMESTAMP,
  PRIMARY KEY (`scheme_header_id`),
  KEY `class_id` (`class_id`),
  KEY `subject_id` (`subject_id`),
  KEY `term_id` (`term_id`),
  KEY `createdby` (`createdby`),
  KEY `lastmodifiedby` (`lastmodifiedby`),
  CONSTRAINT `scheme_header_ibfk_1` FOREIGN KEY (`class_id`) REFERENCES `class` (`class_id`),
  CONSTRAINT `scheme_header_ibfk_2` FOREIGN KEY (`subject_id`) REFERENCES `subject` (`subject_id`),
  CONSTRAINT `scheme_header_ibfk_3` FOREIGN KEY (`term_id`) REFERENCES `terms` (`terms_id`),
  CONSTRAINT `scheme_header_ibfk_4` FOREIGN KEY (`createdby`) REFERENCES `user` (`user_id`),
  CONSTRAINT `scheme_header_ibfk_5` FOREIGN KEY (`lastmodifiedby`) REFERENCES `user` (`user_id`)
) ENGINE=InnoDB DEFAULT CHARSET=latin1;


CREATE TABLE `section` (
  `section_id` int(11) NOT NULL AUTO_INCREMENT,
  `name` longtext COLLATE utf8_unicode_ci NOT NULL,
  `nick_name` longtext COLLATE utf8_unicode_ci NOT NULL,
  `class_id` int(11) NOT NULL,
  `teacher_id` int(11) NOT NULL,
  PRIMARY KEY (`section_id`),
  KEY `class_id` (`class_id`),
  KEY `teacher_id` (`teacher_id`),
  CONSTRAINT `section_ibfk_1` FOREIGN KEY (`class_id`) REFERENCES `class` (`class_id`),
  CONSTRAINT `section_ibfk_2` FOREIGN KEY (`teacher_id`) REFERENCES `teacher` (`teacher_id`)
) ENGINE=InnoDB DEFAULT CHARSET=utf8 COLLATE=utf8_unicode_ci;

INSERT INTO `section` (`section_id`, `name`, `nick_name`, `class_id`, `teacher_id`) VALUES
(1,	'EAST',	'EAST',	7,	2),
(2,	'WEST',	'WEST',	7,	4);

CREATE TABLE `settings` (
  `settings_id` int(11) NOT NULL AUTO_INCREMENT,
  `type` longtext CHARACTER SET utf8 COLLATE utf8_unicode_ci NOT NULL,
  `description` longtext CHARACTER SET utf8 COLLATE utf8_unicode_ci NOT NULL,
  PRIMARY KEY (`settings_id`)
) ENGINE=MyISAM DEFAULT CHARSET=latin1;

INSERT INTO `settings` (`settings_id`, `type`, `description`) VALUES
(1,	'system_name',	'School Manager'),
(2,	'system_title',	'School Manager'),
(3,	'address',	'808-20500 Nairobi'),
(4,	'phone',	'+254725624629'),
(5,	'paypal_email',	'admin@techsys.com'),
(6,	'currency',	'Kes.'),
(7,	'system_email',	'mwambirenicodemus2017@gmail.com'),
(20,	'active_sms_service',	'africastalking'),
(11,	'language',	'english'),
(12,	'text_align',	'left-to-right'),
(13,	'clickatell_user',	''),
(14,	'clickatell_password',	''),
(15,	'clickatell_api_id',	''),
(16,	'skin_colour',	'black'),
(17,	'twilio_account_sid',	''),
(18,	'twilio_auth_token',	''),
(19,	'twilio_sender_phone_number',	''),
(21,	'system_start_date',	'2019-05-01'),
(22,	'version',	'2019040100'),
(23,	'sidebar-collapsed',	'no'),
(24,	'africastalking_api_id',	'd69c8b250d5ff585111b26a69c9a0ea95bf094167eb48e4b728a314a1cd7e698'),
(25,	'africastalking_user',	'DOHSCHOOLS'),
(26,	'allowable_variance_upper_limit',	'10'),
(27,	'allowable_variance_lower_limit',	'-10'),
(33,	'manage_invoice_require_approval',	'true'),
(34,	'student_payment_spread_mode',	'order');

CREATE TABLE `sms_delivery` (
  `sms_delivery_id` int(100) NOT NULL AUTO_INCREMENT,
  `message_id` varchar(200) NOT NULL,
  `status` varchar(20) NOT NULL,
  `phoneNumber` varchar(50) NOT NULL,
  `networkCode` varchar(50) NOT NULL,
  `failureReason` varchar(50) NOT NULL,
  `retryCount` int(50) NOT NULL,
  PRIMARY KEY (`sms_delivery_id`)
) ENGINE=InnoDB DEFAULT CHARSET=latin1;


CREATE TABLE `student` (
  `student_id` int(11) NOT NULL AUTO_INCREMENT,
  `name` varchar(100) CHARACTER SET utf8 COLLATE utf8_unicode_ci NOT NULL,
  `birthday` longtext CHARACTER SET utf8 COLLATE utf8_unicode_ci NOT NULL,
  `sex` varchar(10) CHARACTER SET utf8 COLLATE utf8_unicode_ci NOT NULL,
  `religion` varchar(20) CHARACTER SET utf8 COLLATE utf8_unicode_ci NOT NULL,
  `blood_group` varchar(5) CHARACTER SET utf8 COLLATE utf8_unicode_ci NOT NULL,
  `address` varchar(100) CHARACTER SET utf8 COLLATE utf8_unicode_ci NOT NULL,
  `phone` varchar(20) CHARACTER SET utf8 COLLATE utf8_unicode_ci NOT NULL,
  `email` varchar(50) CHARACTER SET utf8 COLLATE utf8_unicode_ci NOT NULL,
  `class_id` int(11) NOT NULL,
  `section_id` int(10) NOT NULL,
  `parent_id` int(100) NOT NULL,
  `roll` longtext CHARACTER SET utf8 COLLATE utf8_unicode_ci NOT NULL,
  `upi_number` varchar(50) CHARACTER SET utf8 COLLATE utf8_unicode_ci NOT NULL,
  `transport_id` int(10) NOT NULL,
  `dormitory_id` int(50) NOT NULL,
  `dormitory_room_number` longtext CHARACTER SET utf8 COLLATE utf8_unicode_ci NOT NULL,
  `active` int(5) NOT NULL DEFAULT '1',
  PRIMARY KEY (`student_id`),
  UNIQUE KEY `roll` (`roll`(20)),
  KEY `class_id` (`class_id`),
  CONSTRAINT `student_ibfk_1` FOREIGN KEY (`class_id`) REFERENCES `class` (`class_id`)
) ENGINE=InnoDB DEFAULT CHARSET=latin1;

INSERT INTO `student` (`student_id`, `name`, `birthday`, `sex`, `religion`, `blood_group`, `address`, `phone`, `email`, `class_id`, `section_id`, `parent_id`, `roll`, `upi_number`, `transport_id`, `dormitory_id`, `dormitory_room_number`, `active`) VALUES
(2,	'MercyFridah Cherop',	'',	'female',	'',	'',	'',	'',	'keystry904@gmail.com',	7,	0,	1,	'DCS/0162/2018',	'232',	16,	0,	'',	1),
(3,	'Richy Lekishon',	'',	'male',	'',	'',	'',	'',	'',	9,	0,	2,	'DCS/0013/2011',	'',	0,	0,	'',	1),
(4,	'CALEB ODUPOI',	'',	'male',	'',	'',	'',	'',	'',	9,	0,	3,	'DCS/0014/2011',	'FGYU5C',	0,	0,	'',	1),
(5,	'AUSTINE LEKISHON',	'',	'male',	'',	'',	'',	'',	'',	9,	0,	0,	'DCS/0015/2011',	'C2VAPP',	0,	0,	'',	1),
(6,	'ANNITA WANJIKU',	'',	'female',	'',	'',	'',	'',	'',	9,	0,	0,	'DCS/0016/2011',	'',	0,	0,	'',	1),
(7,	'DANIELLA TETE',	'',	'female',	'',	'',	'',	'',	'',	9,	0,	0,	'DCS/0017/2011',	'WTYDW3',	0,	0,	'',	1),
(8,	'LEKINA KARINO',	'',	'male',	'',	'',	'',	'',	'',	9,	0,	70,	'DCS/0018/2011',	'43MV8M',	0,	0,	'',	1),
(9,	'Sasha Mashipei',	'',	'female',	'',	'',	'',	'',	'',	8,	0,	4,	'DCS/0018/2012',	'N92DF9',	0,	0,	'',	1),
(10,	'Melvin Ledama',	'',	'male',	'',	'',	'',	'',	'',	8,	0,	5,	'DCS/0019/2012',	'YU7HPW',	0,	0,	'',	1),
(11,	'Faith Naserian',	'',	'female',	'',	'',	'',	'',	'',	8,	0,	0,	'DCS/0020/2012',	'MRA4PF',	0,	0,	'',	1),
(12,	'JoyMaclean Njoki',	'',	'female',	'',	'',	'',	'',	'',	8,	0,	77,	'DCS/0021/2012',	'9DDLNZ',	0,	0,	'',	1),
(14,	'Sharon Bosibori',	'',	'female',	'',	'',	'',	'',	'',	10,	0,	0,	'DSC/0002/2010',	'',	0,	0,	'',	1),
(15,	'Precious  Naisine',	'',	'female',	'',	'',	'',	'',	'',	10,	0,	0,	'DSC/0003/2010',	'',	0,	0,	'',	1),
(16,	'Lydia V. Blessing',	'',	'female',	'',	'',	'',	'',	'',	10,	0,	0,	'DSC/0004/2010',	'',	0,	0,	'',	1),
(17,	'Shadrack Mboke',	'',	'male',	'',	'',	'',	'',	'',	10,	0,	0,	'DSC/0005/2010',	'',	0,	0,	'',	1),
(18,	'Tracy Njeri',	'',	'female',	'',	'',	'',	'',	'',	10,	0,	0,	'DSC/0006/2010',	'QFXYGD',	0,	0,	'',	1),
(19,	'Samuel Lemaiyan',	'',	'male',	'',	'',	'',	'',	'',	10,	0,	0,	'DSC/0007/2010',	'',	0,	0,	'',	1),
(20,	'Christian Ongori',	'',	'male',	'',	'',	'',	'',	'',	10,	0,	0,	'DSC/0008/2010',	'NZ8B3C',	0,	0,	'',	1),
(21,	'Melvin Kiprotich',	'',	'male',	'',	'',	'',	'',	'',	10,	0,	0,	'DSC/0009/2010',	'',	0,	0,	'',	1),
(22,	'Francis Khaweri',	'',	'male',	'',	'',	'',	'',	'',	10,	0,	0,	'DSC/0010/2010',	'ZLPQEH',	0,	0,	'',	1),
(23,	'Fatma Kwekwe',	'',	'female',	'',	'',	'',	'',	'',	10,	0,	0,	'DSC/0011/2010',	'W49UK9',	0,	0,	'',	1),
(24,	'David Saidimu',	'',	'male',	'',	'',	'',	'',	'',	8,	0,	7,	'DCS/0022/2012',	'2JDUAK',	0,	0,	'',	1),
(25,	'David Leseni',	'',	'male',	'',	'',	'',	'',	'',	8,	0,	8,	'DSC/0023/2012',	'7XBWLU',	0,	0,	'',	1),
(26,	'Joshua Shalom',	'',	'male',	'',	'',	'',	'',	'',	8,	0,	9,	'DSC/0024/2012',	'',	0,	0,	'',	1),
(27,	'Sajid Faisal',	'',	'male',	'',	'',	'',	'',	'',	8,	0,	10,	'DSC/0025/2012',	'W84M6X',	0,	0,	'',	1),
(28,	'Ashley Chemtai',	'',	'female',	'',	'',	'',	'',	'',	8,	0,	14,	'DCS/0025/2012',	'BD4646',	0,	0,	'',	1),
(29,	'Ryan Kalae',	'',	'male',	'',	'',	'',	'',	'',	8,	0,	15,	'DCS/0026/2012',	'LV3KAQ',	0,	0,	'',	1),
(30,	'Xavior Lempiris',	'',	'male',	'',	'',	'',	'',	'',	8,	0,	16,	'DCS/0027/2012',	'5CKEJG',	0,	0,	'',	1),
(31,	'Meyer Sitatian',	'',	'female',	'',	'',	'',	'',	'',	8,	0,	17,	'DCS/0028/2012',	'77SCGY',	0,	0,	'',	1),
(32,	'Christabel Bonareri',	'',	'female',	'',	'',	'',	'',	'',	8,	0,	146,	'DCS/0029/2012',	'97JKQT',	0,	0,	'',	1),
(33,	'Hosea Selei',	'',	'male',	'',	'',	'',	'',	'',	8,	0,	19,	'DCS/0030/2012',	'X6AST9',	0,	0,	'',	1),
(34,	'Noeline Sinteiyan',	'',	'female',	'',	'',	'',	'',	'',	8,	0,	20,	'DCS/0031/2012',	'ATTSHT',	0,	0,	'',	1),
(35,	'Brockline Wandawa',	'',	'female',	'',	'',	'',	'',	'',	11,	0,	0,	'DCS/0034/2014',	'AVY552',	0,	0,	'',	1),
(36,	'Soyian Naikuni',	'',	'female',	'',	'',	'',	'',	'',	11,	0,	0,	'DCS/0035/2014',	'',	0,	0,	'',	1),
(37,	'Celestine Kerubo',	'',	'female',	'',	'',	'',	'',	'',	11,	0,	24,	'DCS/0036/2014',	'CC8FW7',	0,	0,	'',	1),
(38,	'Nathan Mayian',	'',	'male',	'',	'',	'',	'',	'',	11,	0,	0,	'DCS/0037/2014',	'EUX5MN',	0,	0,	'',	1),
(39,	'Mercy Matayian',	'',	'female',	'',	'',	'',	'',	'',	11,	0,	0,	'DCS/0038/2014',	'3LUZJC',	0,	0,	'',	1),
(40,	'Lenox Leshan',	'',	'male',	'',	'',	'',	'',	'',	11,	0,	0,	'DCS/0039/2014',	'MKJMUA',	0,	0,	'',	1),
(41,	'Angel Natasha',	'',	'female',	'',	'',	'',	'',	'',	11,	0,	0,	'DCS/0040/2014',	'UXNQ3W',	0,	0,	'',	1),
(42,	'Meitamei Parmuat',	'',	'male',	'',	'',	'',	'',	'',	11,	0,	0,	'DCS/0041/2014',	'K8CPHB',	0,	0,	'',	1),
(43,	'Felista Soyian',	'',	'female',	'',	'',	'',	'',	'',	11,	0,	0,	'DCS/0042/2014',	'',	0,	0,	'',	1),
(44,	'Reina Reson',	'',	'male',	'',	'',	'',	'',	'',	11,	0,	0,	'DCS/0043/2014',	'G4ATDH',	0,	0,	'',	1),
(45,	'Vanitta Mayian',	'',	'female',	'',	'',	'',	'',	'',	11,	0,	0,	'DCS/0044/2014',	'HURK9W',	0,	0,	'',	1),
(46,	'Kelly Soyian',	'',	'female',	'',	'',	'',	'',	'',	11,	0,	0,	'DCS/0045/2014',	'TU55C5',	0,	0,	'',	1),
(47,	'Daniel Ngatho',	'',	'male',	'',	'',	'',	'',	'',	11,	0,	0,	'DCS/0046/2014',	'PUBK7A',	0,	0,	'',	1),
(48,	'Shaleen Silole',	'',	'female',	'',	'',	'',	'',	'',	11,	0,	0,	'DCS/0047/2014',	'R482RX',	0,	0,	'',	1),
(49,	'Davis Leshan',	'',	'male',	'',	'',	'',	'',	'',	11,	0,	0,	'DCS/0048/2014',	'D5UGG9',	0,	0,	'',	1),
(50,	'Fridah Nduko',	'',	'female',	'',	'',	'',	'',	'',	11,	0,	0,	'DCS/0049/2014',	'SHB9XV',	0,	0,	'',	1),
(51,	'Kelma Wanjiru',	'',	'female',	'',	'',	'',	'',	'',	11,	0,	0,	'DCS/0050/2014',	'LJX5KN',	0,	0,	'',	1),
(52,	'Anny Kuresoi',	'',	'female',	'',	'',	'',	'',	'',	11,	0,	0,	'DCS/0051/2014',	'H2Q5XK',	0,	0,	'',	1),
(53,	'Abednego Abeyi',	'',	'male',	'',	'',	'',	'',	'',	11,	0,	0,	'DCS/0052/2014',	'YX8RL9',	0,	0,	'',	1),
(54,	'Tamira Kerubo',	'',	'female',	'',	'',	'',	'',	'',	11,	0,	0,	'DCS/0053/2014',	'',	0,	0,	'',	1),
(55,	'Brian Lemashon',	'',	'male',	'',	'',	'',	'',	'',	11,	0,	0,	'DCS/0054/2014',	'3FRJNZ',	0,	0,	'',	1),
(56,	'Shaleen Takai',	'',	'female',	'',	'',	'',	'',	'',	11,	0,	0,	'DCS/0055/2014',	'56Q6JV',	0,	0,	'',	1),
(57,	'Maryan Mwikali',	'',	'female',	'',	'',	'',	'',	'',	12,	0,	0,	'DCS/0056/2015',	'Z6LLVY',	0,	0,	'',	1),
(58,	'Elizabeth Kirisian',	'',	'female',	'',	'',	'',	'',	'',	12,	0,	0,	'DCS/0057/2015',	'',	0,	0,	'',	1),
(59,	'Caleb Koitamet',	'',	'male',	'',	'',	'',	'',	'',	12,	0,	0,	'DCS/0058/2015',	'7DSL4D',	0,	0,	'',	1),
(60,	'Natally Nemayian',	'',	'female',	'',	'',	'',	'',	'',	12,	0,	0,	'DCS/0059/2015',	'P3FZMF',	0,	0,	'',	1),
(61,	'Purity Sekeyian',	'',	'female',	'',	'',	'',	'',	'',	12,	0,	0,	'DCS/0060/2015',	'BW3ZFL',	0,	0,	'',	1),
(62,	'Sasha Reson',	'',	'female',	'',	'',	'',	'',	'',	12,	0,	0,	'DCS/0061/2015',	'37PDSE',	0,	0,	'',	1),
(63,	'Britney Seleina',	'',	'female',	'',	'',	'',	'',	'',	12,	0,	0,	'DCS/0062/2015',	'8FEN36',	0,	0,	'',	1),
(64,	'Daisy Muthoni',	'',	'female',	'',	'',	'',	'',	'',	12,	0,	0,	'DCS/0063/2015',	'8NTT5D',	0,	0,	'',	1),
(65,	'Baraka Tusiambei',	'',	'male',	'',	'',	'',	'',	'',	12,	0,	0,	'DCS/0064/2015',	'STJ3PD',	0,	0,	'',	1),
(66,	'Shan Sayalel',	'',	'male',	'',	'',	'',	'',	'',	12,	0,	0,	'DCS/0065/2015',	'',	0,	0,	'',	1),
(67,	'Nemuel Malesi',	'',	'male',	'',	'',	'',	'',	'',	12,	0,	0,	'DCS/0066/2015',	'UZPHNR',	0,	0,	'',	1),
(68,	'Elvis Kuntai',	'',	'male',	'',	'',	'',	'',	'',	12,	0,	0,	'DCS/0067/2015',	'WY8JV8',	0,	0,	'',	1),
(69,	'Frank Nderitu',	'',	'male',	'',	'',	'',	'',	'',	12,	0,	0,	'DCS/0068/2015',	'8FSUVT',	0,	0,	'',	1),
(70,	'Faizal Feisal',	'',	'male',	'',	'',	'',	'',	'',	12,	0,	0,	'DCS/0069/2015',	'W83UZC',	0,	0,	'',	1),
(71,	'Prince Victor',	'',	'male',	'',	'',	'',	'',	'',	12,	0,	0,	'DCS/0070/2015',	'',	0,	0,	'',	1),
(72,	'Kyle Lelit',	'',	'male',	'',	'',	'',	'',	'',	12,	0,	0,	'DCS/0071/2015',	'43PJ7Q',	0,	0,	'',	1),
(73,	'Austine Ngatia',	'',	'male',	'',	'',	'',	'',	'',	12,	0,	0,	'DCS/0072/2015',	'MMB8WZ',	0,	0,	'',	1),
(74,	'Patrick Lemein',	'',	'male',	'',	'',	'',	'',	'',	12,	0,	0,	'DCS/0073/2015',	'',	0,	0,	'',	1),
(75,	'Willy Leparan',	'',	'male',	'',	'',	'',	'',	'',	12,	0,	0,	'DCS/0074/2015',	'ENKZ/WM',	0,	0,	'',	1),
(76,	'Benson Loigero',	'',	'male',	'',	'',	'',	'',	'',	12,	0,	0,	'DCS/0075/2015',	'',	0,	0,	'',	1),
(77,	'Pauline Muthoni',	'',	'female',	'',	'',	'',	'',	'',	12,	0,	0,	'DCS/0076/2015',	'NF6FBE',	0,	0,	'',	1),
(78,	'Nicole Natahsa',	'',	'female',	'',	'',	'',	'',	'',	12,	0,	0,	'DCS.0077/2015',	'VPG4TM',	0,	0,	'',	1),
(79,	'Prince Lovel',	'',	'male',	'',	'',	'',	'',	'',	12,	0,	0,	'DCS/0077/2015',	'',	0,	0,	'',	1),
(80,	'Newton Mwangi',	'',	'male',	'',	'',	'',	'',	'',	12,	0,	0,	'DCS/0078/2015',	'JQQNY4',	0,	0,	'',	1),
(81,	'Pritonia Toyian',	'',	'female',	'',	'',	'',	'',	'',	12,	0,	0,	'DCS/0079/2015',	'QMJBMH',	0,	0,	'',	1),
(82,	'Shadrack Lempiris',	'',	'male',	'',	'',	'',	'',	'',	12,	0,	0,	'DCS/0080/2015',	'TLQEG',	0,	0,	'',	1),
(83,	'Melki Atuti',	'',	'female',	'',	'',	'',	'',	'',	12,	0,	0,	'DCS/0081/2015',	'JCTNM3',	0,	0,	'',	1),
(84,	'Sarah Wangui',	'',	'female',	'',	'',	'',	'',	'',	12,	0,	0,	'DCS/0082/2015',	'N4EQVM',	0,	0,	'',	1),
(85,	'Tashley Karie',	'',	'female',	'',	'',	'',	'',	'',	12,	0,	0,	'DCS/0083/2015',	'8XJL6Z',	0,	0,	'',	1),
(86,	'Leken Karino',	'',	'male',	'',	'',	'',	'',	'',	12,	0,	0,	'DCS/0084/2015',	'QJC9KN',	0,	0,	'',	1),
(87,	'Kelvin Karanja',	'',	'male',	'',	'',	'',	'',	'',	12,	0,	0,	'DCS/0085/2015',	'SXLNP9',	0,	0,	'',	1),
(88,	'Cedrick Somoine',	'',	'male',	'',	'',	'',	'',	'',	12,	0,	0,	'DCS/0086/2015',	'GUZPVG',	0,	0,	'',	1),
(89,	'Samuel Ndanyi',	'',	'male',	'',	'',	'',	'',	'',	12,	0,	0,	'DCS/0087/2015',	'',	0,	0,	'',	1),
(90,	'Caleb Simintei',	'',	'male',	'',	'',	'',	'',	'',	12,	0,	0,	'DCS/0088/2015',	'DUPLICATE',	0,	0,	'',	1),
(91,	'Peter Lemayian',	'',	'male',	'',	'',	'',	'',	'',	13,	0,	0,	'DCS/0089/2016',	'ZB4N7A',	0,	0,	'',	1),
(92,	'Solomon Wambua',	'',	'male',	'',	'',	'',	'',	'',	13,	0,	0,	'DCS/0090/2016',	'T7CTX',	0,	0,	'',	1),
(93,	'Elvis Njuguna',	'',	'male',	'',	'',	'',	'',	'',	13,	0,	0,	'DCS/0091/2016',	'6LTSHJ',	0,	0,	'',	1),
(94,	'Brian Roinet',	'',	'male',	'',	'',	'',	'',	'',	13,	0,	0,	'DCS/0092/2016',	'PCU4XZ',	0,	0,	'',	1),
(95,	'Shantel Naserian',	'',	'female',	'',	'',	'',	'',	'',	13,	0,	0,	'DCS/0093/2016',	'MNMLND',	0,	0,	'',	1),
(96,	'Felicia Sianto',	'',	'female',	'',	'',	'',	'',	'',	13,	0,	0,	'DCS/0094/2016',	'',	0,	0,	'',	1),
(97,	'Gideon Lemashon',	'',	'male',	'',	'',	'',	'',	'',	13,	0,	0,	'DCS/0095/2016',	'',	0,	0,	'',	1),
(98,	'Christian Mukhwana',	'',	'male',	'',	'',	'',	'',	'',	13,	0,	0,	'DCS/0096/2016',	'HLWMRL',	0,	0,	'',	1),
(99,	'Christian Mulongo',	'',	'male',	'',	'',	'',	'',	'',	13,	0,	0,	'DCS/0097/2016',	'PNYHTL',	0,	0,	'',	1),
(100,	'Levi Gachura',	'',	'male',	'',	'',	'',	'',	'',	13,	0,	0,	'DCS/0098/2016',	'2XU5A7',	0,	0,	'',	1),
(101,	'Precious Ariella',	'',	'female',	'',	'',	'',	'',	'',	13,	0,	0,	'DCS/0099/2016',	'DNL5YR',	0,	0,	'',	1),
(102,	'Perian Tamara',	'',	'female',	'',	'',	'',	'',	'',	13,	0,	0,	'DCS/0100/2016',	'V36EWZ',	0,	0,	'',	1),
(103,	'Ashley Mainua',	'',	'female',	'',	'',	'',	'',	'',	13,	0,	0,	'DCS/0101/2016',	'CZ3QUL',	0,	0,	'',	1),
(104,	'Lincoln Kitare',	'',	'male',	'',	'',	'',	'',	'',	13,	0,	0,	'DCS/0102/2016',	'CQK9D9',	0,	0,	'',	1),
(105,	'Jayden Lemayian',	'',	'male',	'',	'',	'',	'',	'',	13,	0,	0,	'DCS/0103/2016',	'5B7RJQ',	0,	0,	'',	1),
(106,	'Kyle Metekai',	'',	'male',	'',	'',	'',	'',	'',	13,	0,	0,	'DCS/0104/2016',	'K8P8MT',	0,	0,	'',	1),
(107,	'Fidel Ihaji',	'',	'male',	'',	'',	'',	'',	'',	13,	0,	0,	'DCS/0105/2016',	'RNKSC5',	0,	0,	'',	1),
(108,	'Zena Mavuno',	'',	'female',	'',	'',	'',	'',	'',	13,	0,	0,	'DCS/0106/2016',	'LMVM4J',	0,	0,	'',	1),
(109,	'Tilal Godwin',	'',	'male',	'',	'',	'',	'',	'',	13,	0,	0,	'DCS/0107/2016',	'',	0,	0,	'',	1),
(110,	'Davin Cherop',	'',	'female',	'',	'',	'',	'',	'',	13,	0,	0,	'DCS/0108/2016',	'BVZTTP',	0,	0,	'',	1),
(111,	'Wiseman Jazeel',	'',	'male',	'',	'',	'',	'',	'',	13,	0,	0,	'DCS/0109/2016',	'',	0,	0,	'',	1),
(112,	'Lincey Wairimu',	'',	'female',	'',	'',	'',	'',	'',	13,	0,	0,	'DCS/0110/2016',	'835E55',	0,	0,	'',	1),
(113,	'Melvin Mentei',	'',	'female',	'',	'',	'',	'',	'',	13,	0,	0,	'DCS/0111/2016',	'7VYLKF',	0,	0,	'',	1),
(114,	'Abigael Soyian',	'',	'female',	'',	'',	'',	'',	'',	13,	0,	0,	'DCS/0112/2016',	'BA3C2Y',	0,	0,	'',	1),
(115,	'Antony Otieno',	'',	'male',	'',	'',	'',	'',	'',	13,	0,	0,	'DCS/0113/2016',	'',	0,	0,	'',	1),
(116,	'Albert Rotiken',	'',	'male',	'',	'',	'',	'',	'',	13,	0,	0,	'DCS/0114/2016',	'B2ZLES',	0,	0,	'',	1),
(117,	'Daniel Nchoe',	'',	'male',	'',	'',	'',	'',	'',	13,	0,	0,	'DCS/0115/2016',	'8VUANR',	0,	0,	'',	1),
(118,	'Ryan Nchoko',	'',	'male',	'',	'',	'',	'',	'',	13,	0,	0,	'DCS/0116/2016',	'7PCSQX',	0,	0,	'',	1),
(119,	'Tiffany Chebet',	'',	'female',	'',	'',	'',	'',	'',	13,	0,	0,	'DCS/0117/2016',	'',	0,	0,	'',	1),
(120,	'Jayson Leken',	'',	'male',	'',	'',	'',	'',	'',	13,	0,	0,	'DCS/0118/2016',	'97Q977',	0,	0,	'',	1),
(121,	'Noel Wesley',	'',	'male',	'',	'',	'',	'',	'',	13,	0,	0,	'DCS/0119/2016',	'KZ6NBV',	0,	0,	'',	1),
(122,	'Rianto Nabaala',	'',	'male',	'',	'',	'',	'',	'',	14,	0,	0,	'DCS/0120/2017',	'',	0,	0,	'',	1),
(123,	'Maxwell N. Mwangi',	'',	'male',	'',	'',	'',	'',	'',	14,	0,	0,	'DCS/0121/2017',	'',	0,	0,	'',	1),
(124,	'Adrian Njoroge',	'',	'male',	'',	'',	'',	'',	'',	14,	0,	0,	'DCS/122/2017',	'VFJJ5C',	0,	0,	'',	1),
(125,	'Charlotte Wambui',	'',	'female',	'',	'',	'',	'',	'',	14,	0,	0,	'DCS/0122/2017',	'',	0,	0,	'',	1),
(126,	'Sylvia Reson',	'',	'female',	'',	'',	'',	'',	'',	14,	0,	0,	'DCS/0123/2017',	'BYMDQQ',	0,	0,	'',	1),
(127,	'Fridah Punyua',	'',	'female',	'',	'',	'',	'',	'',	14,	0,	0,	'DCS/0124/2017',	'W5SSJD',	0,	0,	'',	1),
(128,	'Lucas Obwaku',	'',	'male',	'',	'',	'',	'',	'',	14,	0,	0,	'DCS/0125/2017',	'NWR6VP',	0,	0,	'',	1),
(129,	'Nemayian Nchoshoi',	'',	'female',	'',	'',	'',	'',	'',	14,	0,	0,	'DCS/0126/2017',	'3CM5MR',	0,	0,	'',	1),
(130,	'Millan Sairo',	'',	'male',	'',	'',	'',	'',	'',	14,	0,	0,	'DCS/0127/2017',	'NRLATJ',	0,	0,	'',	1),
(131,	'Bryton Leyian',	'',	'male',	'',	'',	'',	'',	'',	14,	0,	0,	'DCS/0128/2017',	'EYHTMZ',	0,	0,	'',	1),
(132,	'Amos Melvin',	'',	'male',	'',	'',	'',	'',	'',	14,	0,	0,	'DCS/0129/2017',	'ML2NEP',	0,	0,	'',	1),
(133,	'Angel Naneu',	'',	'female',	'',	'',	'',	'',	'',	14,	0,	0,	'DCS/0130/2017',	'G3JCUQ',	0,	0,	'',	1),
(134,	'Yeva Furaha',	'',	'male',	'',	'',	'',	'',	'',	14,	0,	0,	'DCS/0131/2017',	'2TMNZ6',	0,	0,	'',	1),
(135,	'Patience Lankisa',	'',	'female',	'',	'',	'',	'',	'',	14,	0,	0,	'DCS/0132/2017',	'',	0,	0,	'',	1),
(136,	'June Nailantei',	'',	'female',	'',	'',	'',	'',	'',	14,	0,	0,	'DCS/133/2017',	'BKDEGA',	0,	0,	'',	1),
(137,	'Cush Moile',	'',	'female',	'',	'',	'',	'',	'',	14,	0,	0,	'DCS/0134/2017',	'WZC822',	0,	0,	'',	1),
(138,	'Gabriel Kiprotich',	'',	'male',	'',	'',	'',	'',	'',	14,	0,	0,	'DCS/0136/2017',	'',	0,	0,	'',	1),
(139,	'Victor Lemayian',	'',	'male',	'',	'',	'',	'',	'',	14,	0,	0,	'DCS/0137/2017',	'7P8TVT',	0,	0,	'',	1),
(140,	'LennyPeter Ndung\'u',	'',	'male',	'',	'',	'',	'',	'',	14,	0,	0,	'DCS/0138/2017',	'E43SJ7',	0,	0,	'',	1),
(141,	'Naipasoi Nabaala',	'',	'female',	'',	'',	'',	'',	'',	14,	0,	0,	'DCS/0139/2017',	'ECGSM5',	0,	0,	'',	1),
(142,	'Faith Sitonik',	'',	'female',	'',	'',	'',	'',	'',	14,	0,	0,	'DCS/0140/2017',	'',	0,	0,	'',	1),
(143,	'Nathan Letipat',	'',	'male',	'',	'',	'',	'',	'',	14,	0,	0,	'DCS/0141/2017',	'GYSN7V',	0,	0,	'',	1),
(144,	'Hansel Lemayian',	'',	'male',	'',	'',	'',	'',	'',	14,	0,	0,	'DCS/0142/2017',	'3KLRP9',	0,	0,	'',	1),
(145,	'Frank Macharia Ndung\'u',	'',	'male',	'',	'',	'',	'',	'',	14,	0,	0,	'DCS/0143/2017',	'FALBM3',	0,	0,	'',	1),
(146,	'Pasiyio Kiswaa',	'',	'male',	'',	'',	'',	'',	'',	14,	0,	0,	'DCS/0144/2017',	'3C7SNZ',	0,	0,	'',	1),
(147,	'Carl Santayian',	'',	'male',	'',	'',	'',	'',	'',	14,	0,	0,	'DCS/0145/2017',	'',	0,	0,	'',	1),
(148,	'Tajeu Kilayo',	'',	'male',	'',	'',	'',	'',	'',	14,	0,	0,	'DCS/0146/2017',	'',	0,	0,	'',	1),
(149,	'Caleb Yiare',	'',	'male',	'',	'',	'',	'',	'',	14,	0,	0,	'DCS/0147/2017',	'MUGFEW',	0,	0,	'',	1),
(150,	'Favour Nemayian',	'',	'female',	'',	'',	'',	'',	'',	14,	0,	0,	'DCS/0148/2017',	'3CM',	0,	0,	'',	1),
(151,	'Igan Kimanzi',	'',	'male',	'',	'',	'',	'',	'',	14,	0,	0,	'DCS/0149/2017',	'AVBMTL',	0,	0,	'',	1),
(152,	'Lewis Sanare',	'',	'male',	'',	'',	'',	'',	'',	14,	0,	0,	'DCS/0150/2017',	'',	0,	0,	'',	1),
(153,	'Recee Kimutai',	'',	'male',	'',	'',	'',	'',	'',	14,	0,	0,	'DCS/0151/2017',	'Q8M4PE',	0,	0,	'',	1),
(154,	'Lana Kireu',	'',	'female',	'',	'',	'',	'',	'',	14,	0,	0,	'DCS/0152/2017',	'Z4LFCU',	0,	0,	'',	1),
(155,	'Seneyia',	'',	'female',	'',	'',	'',	'',	'',	14,	0,	0,	'DCS/0153/2017',	'',	0,	0,	'',	1),
(156,	'Junior Sayialel',	'',	'male',	'',	'',	'',	'',	'',	14,	0,	0,	'DCS/0154/2017',	'UH78PT',	0,	0,	'',	1),
(157,	'Maxwel Solitei Mpoe',	'',	'male',	'',	'',	'',	'',	'',	14,	0,	0,	'DCS/0155/2017',	'8KFMGZ',	0,	0,	'',	1),
(158,	'Nataliy Wanjiru',	'',	'female',	'',	'',	'',	'',	'',	14,	0,	0,	'DCS/0156/2017',	'',	0,	0,	'',	1),
(159,	'Dennis Atuki',	'',	'male',	'',	'',	'',	'',	'',	14,	0,	0,	'DCS/0157/2017',	'',	0,	0,	'',	1),
(160,	'Dylan Rotich',	'',	'male',	'',	'',	'',	'',	'',	7,	0,	0,	'DCS/0158/2018',	'',	0,	0,	'',	1),
(161,	'Kelly Kikanae',	'',	'male',	'',	'',	'',	'',	'',	7,	0,	0,	'DCS/0159/2018',	'',	0,	0,	'',	1),
(162,	'Rimas Karbolo',	'',	'male',	'',	'',	'',	'',	'',	7,	0,	0,	'DCS/0160/2018',	'',	0,	0,	'',	1),
(163,	'Brian Otieno',	'',	'male',	'',	'',	'',	'',	'',	7,	0,	0,	'DCS/0161/2018',	'',	0,	0,	'',	1),
(164,	'AngelStefan Naserian',	'',	'female',	'',	'',	'',	'',	'',	7,	0,	0,	'DCS/0163/2018',	'',	0,	0,	'',	1),
(165,	'Hannan Abdi',	'',	'male',	'',	'',	'',	'',	'',	7,	0,	0,	'DCS/0164/2018',	'',	0,	0,	'',	1),
(166,	'Jansen Wandaka',	'',	'male',	'',	'',	'',	'',	'',	7,	0,	0,	'DCS/0165/2018',	'',	0,	0,	'',	1),
(167,	'Delvin Kilorei',	'',	'male',	'',	'',	'',	'',	'',	7,	0,	0,	'DCS/0166/2018',	'',	0,	0,	'',	1),
(168,	'Abigael Nabaya',	'',	'male',	'',	'',	'',	'',	'',	7,	0,	0,	'DCS/0167/2018',	'',	0,	0,	'',	1),
(169,	'Nate Oshipa',	'',	'female',	'',	'',	'',	'',	'',	7,	0,	0,	'DCS/0168/2018',	'',	0,	0,	'',	1),
(170,	'Setian Karino',	'',	'male',	'',	'',	'',	'',	'',	7,	0,	0,	'DCS/0169/2018',	'',	0,	0,	'',	1),
(171,	'Joy Parsitau',	'',	'female',	'',	'',	'',	'',	'',	7,	0,	0,	'DCS/0170/2018',	'',	0,	0,	'',	1),
(172,	'Bradley Wandawa',	'',	'male',	'',	'',	'',	'',	'',	7,	0,	0,	'DCS/0171/2018',	'',	0,	0,	'',	1),
(173,	'Alvin Meitamei',	'',	'male',	'',	'',	'',	'',	'',	7,	0,	0,	'DCS/0172/2018',	'',	0,	0,	'',	1),
(174,	'Ian Lemashon',	'',	'male',	'',	'',	'',	'',	'',	7,	0,	0,	'DCS/0173/2018',	'',	0,	0,	'',	1),
(175,	'Rianto Nabaala',	'',	'male',	'',	'',	'',	'',	'',	7,	0,	63,	'DCS/0174/2018',	'',	0,	0,	'',	1),
(176,	'Barack Odupoi',	'',	'male',	'',	'',	'',	'',	'',	7,	0,	84,	'DCS/0175/2018',	'',	0,	0,	'',	1),
(177,	'Abigael Sena',	'',	'female',	'',	'',	'',	'',	'',	7,	0,	85,	'DCS/0176/2018',	'',	0,	0,	'',	1),
(178,	'Isaac Loserian',	'',	'male',	'',	'',	'',	'',	'',	7,	0,	7,	'DCS/0177/2018',	'',	0,	0,	'',	1),
(179,	'Charity Nemayian',	'',	'female',	'',	'',	'',	'',	'',	7,	0,	0,	'DCS/0178/2018',	'',	0,	0,	'',	1),
(180,	'Naadia Njeri',	'',	'female',	'',	'',	'',	'',	'',	7,	0,	0,	'DCS/0179/2018',	'',	0,	0,	'',	1),
(181,	'Gedion Lempiris',	'',	'male',	'',	'',	'',	'',	'',	7,	0,	0,	'DCS/0180/2018',	'',	0,	0,	'',	1),
(182,	'Emmanuel Nderitu',	'',	'male',	'',	'',	'',	'',	'',	7,	0,	0,	'DCS/0181/2018',	'',	0,	0,	'',	1),
(183,	'Princess Davida',	'',	'female',	'',	'',	'',	'',	'',	7,	0,	0,	'DCS/0182/2018',	'',	0,	0,	'',	1),
(184,	'Lidya Njoki',	'',	'female',	'',	'',	'',	'',	'',	7,	0,	0,	'DCS/0183/2018',	'',	0,	0,	'',	1),
(185,	'Ryan Supeet',	'',	'male',	'',	'',	'',	'',	'',	7,	0,	0,	'DCS/0184/2018',	'',	0,	0,	'',	1),
(186,	'Zawadi Kemunto',	'',	'female',	'',	'',	'',	'',	'',	7,	0,	0,	'DCS/0185/2018',	'',	0,	0,	'',	1),
(187,	'Jayden Ochieng\'',	'',	'male',	'',	'',	'',	'',	'',	7,	0,	0,	'DCS/0186/2018',	'',	0,	0,	'',	1),
(188,	'Liam Lemashon',	'',	'male',	'',	'',	'',	'',	'',	7,	0,	0,	'DCS/0187/2018',	'',	0,	0,	'',	1),
(189,	'Panei Nakola',	'',	'female',	'',	'',	'',	'',	'',	7,	0,	0,	'DCS/0188/2018',	'',	0,	0,	'',	1),
(190,	'Abarpillar Sangien',	'',	'male',	'',	'',	'',	'',	'',	7,	0,	0,	'DCS/0189/2018',	'',	0,	0,	'',	0),
(191,	'Adan Bilal',	'',	'male',	'',	'',	'',	'',	'',	7,	0,	0,	'DCS/0190/2018',	'',	0,	0,	'',	1),
(192,	'Melisa Yiantet',	'',	'female',	'',	'',	'',	'',	'',	7,	0,	0,	'DCS/0191/2018',	'',	0,	0,	'',	1),
(193,	'Ashley Mashoiyan',	'',	'female',	'',	'',	'',	'',	'',	7,	0,	0,	'DCS/0192/2018',	'',	0,	0,	'',	1),
(194,	'ABIEL CHEPKEMOI TANUI',	'',	'female',	'',	'',	'',	'',	'',	3,	0,	0,	'DCS/0193/2019',	'',	0,	0,	'',	1),
(195,	'Abigael Tikani',	'',	'female',	'',	'',	'',	'',	'',	3,	0,	0,	'DCS/0194/2019',	'',	0,	0,	'',	1),
(196,	'Alvin Maluki Kimanzi',	'',	'male',	'',	'',	'',	'',	'',	3,	0,	0,	'DCS/0195/2019',	'',	0,	0,	'',	1),
(197,	'Amy Wangoi',	'',	'female',	'',	'',	'',	'',	'',	3,	0,	0,	'DCS/0196/2019',	'',	0,	0,	'',	1),
(198,	'Ashley Kerubo',	'',	'female',	'',	'',	'',	'',	'',	3,	0,	147,	'DCS/0197/2019',	'',	0,	0,	'',	1),
(199,	'Chemutai Audrey Kirui',	'',	'female',	'',	'',	'',	'',	'',	3,	0,	0,	'DCS/0198/2019',	'',	0,	0,	'',	1),
(200,	'Desmond Gilosho',	'',	'male',	'',	'',	'',	'',	'',	3,	0,	0,	'DCS/0199/2019',	'',	0,	0,	'',	1),
(201,	'Eldad Mbira',	'',	'male',	'',	'',	'',	'',	'',	3,	0,	0,	'DCS/0200/2019',	'',	0,	0,	'',	1),
(202,	'Ezra Kashaa Omoi',	'',	'male',	'',	'',	'',	'',	'',	3,	0,	144,	'DCS/0201/2019',	'',	0,	0,	'',	1),
(203,	'Francis Macharia',	'',	'male',	'',	'',	'',	'',	'',	3,	0,	0,	'DCS/0202/2019',	'',	0,	0,	'',	1),
(204,	'Gloria Muthoni',	'',	'female',	'',	'',	'',	'',	'',	3,	0,	0,	'DCS/0203/2019',	'',	0,	0,	'',	1),
(205,	'Ian Ledupan Yiaile',	'',	'male',	'',	'',	'',	'',	'',	3,	0,	0,	'DCS/0204/2019',	'',	0,	0,	'',	1),
(206,	'James Kamau Kori',	'',	'male',	'',	'',	'',	'',	'',	3,	0,	0,	'DCS/0205/2019',	'',	0,	0,	'',	1),
(207,	'JoyPrincess Chepchumba',	'',	'female',	'',	'',	'',	'',	'',	3,	0,	0,	'DCS/0206/2019',	'',	0,	0,	'',	1),
(208,	'Leyian Mosiro',	'',	'male',	'',	'',	'',	'',	'',	3,	0,	0,	'DCS/0207/2019',	'',	0,	0,	'',	1),
(209,	'Liz Nyawira',	'',	'female',	'',	'',	'',	'',	'',	3,	0,	0,	'DCS/0208/2019',	'',	0,	0,	'',	1),
(210,	'Lymuel Malesi',	'',	'male',	'',	'',	'',	'',	'',	3,	0,	0,	'DCS/0209/2019',	'',	0,	0,	'',	1),
(211,	'Melvin Metian',	'',	'male',	'',	'',	'',	'',	'',	3,	0,	0,	'DCS/0210/2019',	'',	0,	0,	'',	1),
(212,	'Myles Simiren Sapurr',	'',	'male',	'',	'',	'',	'',	'',	3,	0,	0,	'DCS/0211/2019',	'',	0,	0,	'',	1),
(213,	'Nellian Amellia Sairo',	'',	'female',	'',	'',	'',	'',	'',	3,	0,	0,	'DCS/0212/2019',	'',	0,	0,	'',	1),
(214,	'Prince Lesinko Lankisa',	'',	'male',	'',	'',	'',	'',	'',	3,	0,	0,	'DCS/0213/2019',	'',	0,	0,	'',	1),
(215,	'Prince Francis Kariuki',	'',	'male',	'',	'',	'',	'',	'',	3,	0,	0,	'DCS/0214/2019',	'',	0,	0,	'',	1),
(216,	'Prince Lemashon',	'',	'male',	'',	'',	'',	'',	'',	3,	0,	0,	'DCS/0215/2019',	'',	0,	0,	'',	1),
(217,	'Ronia Toyian Nchoko',	'',	'male',	'',	'',	'',	'',	'',	3,	0,	0,	'DCS/0216/2019',	'',	0,	0,	'',	1),
(218,	'Sam Ihaji',	'',	'male',	'',	'',	'',	'',	'',	3,	0,	0,	'DCS/0217/2019',	'',	0,	0,	'',	1),
(219,	'Scholarstica Nyamusi',	'',	'female',	'',	'',	'',	'',	'',	3,	0,	0,	'DCS/0218/2019',	'',	0,	0,	'',	1),
(220,	'Serena Seenoi Parsitau',	'',	'female',	'',	'',	'',	'',	'',	3,	0,	0,	'DCS/0219/2019',	'',	0,	0,	'',	1),
(221,	'Shalom Nashami Lemayian',	'',	'male',	'',	'',	'',	'',	'',	3,	0,	0,	'DCS/0220/2019',	'',	0,	0,	'',	1),
(222,	'Sudeys Abdi Adan',	'',	'male',	'',	'',	'',	'',	'',	3,	0,	0,	'DCS/0221/2019',	'',	0,	0,	'',	1),
(223,	'Teddy Daniel Gitu',	'',	'male',	'',	'',	'',	'',	'',	3,	0,	0,	'DCS/0222/2019',	'',	0,	0,	'',	1),
(224,	'Valary Nengoboe',	'',	'female',	'',	'',	'',	'',	'',	3,	0,	0,	'DCS/0223/2019',	'',	0,	0,	'',	1),
(225,	'Zac Omondi',	'',	'male',	'',	'',	'',	'',	'',	3,	0,	0,	'DCS/0224/2019',	'',	0,	0,	'',	1),
(226,	'Joseph Githinji Kamau',	'',	'male',	'',	'',	'',	'',	'',	10,	0,	0,	'DCS/0225/2019',	'',	0,	0,	'',	1),
(227,	'Patasio Patience Lempiris',	'',	'male',	'',	'',	'',	'',	'',	3,	1,	0,	'DCS/0226/2019',	'',	0,	0,	'',	1),
(228,	'Nadia Njeri',	'',	'female',	'',	'',	'',	'',	'',	7,	1,	0,	'DCS/0227/2019',	'',	0,	0,	'',	1),
(229,	'Lydia Njoki',	'',	'female',	'',	'',	'',	'',	'',	7,	1,	0,	'DCS/0228/2019',	'',	0,	0,	'',	1),
(230,	'Myrah Nazeel Midega',	'',	'female',	'',	'',	'',	'',	'',	14,	0,	0,	'DCS/0229/2019',	'',	0,	0,	'',	1),
(231,	'Natasha Saitoti',	'',	'female',	'',	'',	'',	'',	'',	14,	0,	0,	'DCS/0230/2019',	'',	0,	0,	'',	1),
(232,	'Awath Sarara Marwa',	'',	'female',	'',	'',	'',	'',	'',	8,	0,	0,	'DCS/0231/2019',	'',	0,	0,	'',	1),
(233,	'Vivian Nyambura',	'',	'female',	'',	'',	'',	'',	'',	8,	0,	0,	'DCS/0232/2019',	'',	0,	0,	'',	1),
(234,	'Joyleen Nashipae Senteu',	'',	'female',	'',	'',	'',	'',	'',	7,	1,	0,	'DCS/0233/2019',	'',	0,	0,	'',	1),
(235,	'Caleb Kool',	'',	'male',	'',	'',	'',	'',	'',	7,	1,	0,	'DCS/0234/2019',	'',	0,	0,	'',	1);

CREATE TABLE `subject` (
  `subject_id` int(11) NOT NULL AUTO_INCREMENT,
  `name` longtext COLLATE utf8_unicode_ci NOT NULL,
  `class_id` int(11) NOT NULL,
  `teacher_id` int(11) NOT NULL,
  PRIMARY KEY (`subject_id`)
) ENGINE=InnoDB DEFAULT CHARSET=utf8 COLLATE=utf8_unicode_ci;

INSERT INTO `subject` (`subject_id`, `name`, `class_id`, `teacher_id`) VALUES
(1,	'SOCIAL STUDIES',	10,	6),
(2,	'MATHEMATICS',	10,	3),
(3,	'KISWAHILI',	10,	6);

CREATE TABLE `teacher` (
  `teacher_id` int(11) NOT NULL AUTO_INCREMENT,
  `name` longtext COLLATE utf8_unicode_ci NOT NULL,
  `birthday` longtext COLLATE utf8_unicode_ci NOT NULL,
  `sex` longtext COLLATE utf8_unicode_ci NOT NULL,
  `religion` longtext COLLATE utf8_unicode_ci NOT NULL,
  `blood_group` longtext COLLATE utf8_unicode_ci NOT NULL,
  `address` longtext COLLATE utf8_unicode_ci NOT NULL,
  `phone` longtext COLLATE utf8_unicode_ci NOT NULL,
  `email` longtext COLLATE utf8_unicode_ci NOT NULL,
  `status` int(2) NOT NULL DEFAULT '1',
  PRIMARY KEY (`teacher_id`)
) ENGINE=InnoDB DEFAULT CHARSET=utf8 COLLATE=utf8_unicode_ci;

INSERT INTO `teacher` (`teacher_id`, `name`, `birthday`, `sex`, `religion`, `blood_group`, `address`, `phone`, `email`, `status`) VALUES
(1,	'Mary Joy',	'01/10/1990',	'female',	'',	'',	'',	'+245',	'mjoy@gmail.com',	1),
(2,	'DABLIN NENKOKWAI',	'',	'female',	'',	'',	'',	'0714403075',	'',	1),
(3,	'John Metekai Esho',	'',	'male',	'',	'',	'',	'0711827560',	'jonahesho@gmail.com',	1),
(4,	'MILLICENT AGINDA',	'',	'female',	'',	'',	'',	'',	'florenceaginda9509@gmail.com',	1),
(5,	'DAISY OSANYA',	'',	'female',	'',	'',	'',	'0708837105',	'daisyosanya90@gmail.com',	1),
(6,	'BONIFACE MWANZI',	'',	'male',	'',	'',	'',	'0717400047',	'',	1),
(7,	'ANN WACERA',	'',	'female',	'',	'',	'',	'0725173358',	'',	1),
(8,	'Priscah',	'',	'female',	'',	'',	'',	'0707361427',	'',	1),
(9,	'Emmaculate Adhiambo',	'',	'female',	'',	'',	'',	'0729813116',	'',	1),
(10,	'Margaret Njuguna',	'',	'female',	'',	'',	'',	'0725173358',	'',	1),
(11,	'JANE NJERI',	'',	'female',	'',	'',	'',	'0721882913',	'kajanecones@gmail.com',	1),
(12,	'Julius Watani',	'',	'male',	'',	'',	'',	'0741669338',	'',	1);

CREATE TABLE `terms` (
  `terms_id` int(100) NOT NULL AUTO_INCREMENT,
  `term_number` int(5) NOT NULL,
  `name` varchar(100) NOT NULL,
  `start_month` int(2) NOT NULL,
  `end_month` int(2) NOT NULL,
  PRIMARY KEY (`terms_id`)
) ENGINE=InnoDB DEFAULT CHARSET=latin1;

INSERT INTO `terms` (`terms_id`, `term_number`, `name`, `start_month`, `end_month`) VALUES
(1,	1,	'One',	1,	4),
(2,	2,	'Two',	5,	8),
(3,	3,	'Three',	9,	12);

CREATE TABLE `transaction` (
  `transaction_id` int(100) NOT NULL AUTO_INCREMENT,
  `t_date` date NOT NULL,
  `batch_number` varchar(20) NOT NULL,
  `invoice_id` int(100) NOT NULL,
  `description` varchar(200) NOT NULL,
  `payee` varchar(100) NOT NULL,
  `transaction_type_id` int(20) NOT NULL,
  `transaction_method_id` int(20) NOT NULL COMMENT '1-Cash, 2-Bank',
  `cheque_no` varchar(100) NOT NULL COMMENT 'Cheque number or any reference number',
  `amount` decimal(10,2) NOT NULL,
  `cleared` int(5) NOT NULL COMMENT '0-oustanding,1-cleared',
  `clearedMonth` date NOT NULL,
  `is_cancelled` int(5) NOT NULL DEFAULT '0',
  `reversing_batch_number` varchar(20) NOT NULL,
  `createddate` datetime NOT NULL,
  `createdby` int(100) NOT NULL,
  `lastmodifieddate` timestamp NOT NULL DEFAULT CURRENT_TIMESTAMP ON UPDATE CURRENT_TIMESTAMP,
  `lastmodifiedby` int(100) NOT NULL,
  `last_approval_request_id` int(100) NOT NULL,
  PRIMARY KEY (`transaction_id`),
  KEY `transaction_type_id` (`transaction_type_id`),
  KEY `transaction_method_id` (`transaction_method_id`),
  CONSTRAINT `transaction_ibfk_1` FOREIGN KEY (`transaction_type_id`) REFERENCES `transaction_type` (`transaction_type_id`),
  CONSTRAINT `transaction_ibfk_2` FOREIGN KEY (`transaction_method_id`) REFERENCES `transaction_method` (`transaction_method_id`)
) ENGINE=InnoDB DEFAULT CHARSET=latin1;

INSERT INTO `transaction` (`transaction_id`, `t_date`, `batch_number`, `invoice_id`, `description`, `payee`, `transaction_type_id`, `transaction_method_id`, `cheque_no`, `amount`, `cleared`, `clearedMonth`, `is_cancelled`, `reversing_batch_number`, `createddate`, `createdby`, `lastmodifieddate`, `lastmodifiedby`, `last_approval_request_id`) VALUES
(1,	'2019-05-25',	'190501',	4,	'Fee payment',	'Door of Hope',	1,	1,	'0',	19250.00,	0,	'0000-00-00',	0,	'',	'0000-00-00 00:00:00',	10,	'2019-09-06 17:30:37',	10,	6),
(2,	'2019-05-25',	'190502',	5,	'School fee payment',	'Alvin',	1,	1,	'0',	14050.00,	0,	'0000-00-00',	0,	'',	'0000-00-00 00:00:00',	10,	'2019-09-06 17:30:37',	10,	0),
(3,	'2019-05-25',	'190503',	27,	'School fee payment',	'Adrian Njoroge',	1,	1,	'0',	11850.00,	0,	'0000-00-00',	0,	'',	'0000-00-00 00:00:00',	10,	'2019-09-06 17:31:02',	10,	0),
(4,	'2019-05-31',	'190504',	28,	'School fee payment',	'Amos Melvin',	1,	1,	'0',	6000.00,	0,	'0000-00-00',	0,	'',	'0000-00-00 00:00:00',	10,	'2019-07-09 15:26:58',	10,	0),
(5,	'2019-05-31',	'190505',	29,	'School fee payment',	'Angel Naneu',	1,	1,	'0',	8150.00,	0,	'0000-00-00',	0,	'',	'0000-00-00 00:00:00',	10,	'2019-07-09 15:30:17',	10,	0),
(6,	'2019-05-31',	'190506',	30,	'School fee payment',	'Bryton Leyian',	1,	1,	'0',	21450.00,	0,	'0000-00-00',	0,	'',	'0000-00-00 00:00:00',	10,	'2019-07-09 15:37:24',	10,	0),
(7,	'2019-05-31',	'190507',	31,	'School fee payment',	'Carl Sntayian',	1,	1,	'0',	19450.00,	0,	'0000-00-00',	0,	'',	'0000-00-00 00:00:00',	10,	'2019-07-09 15:42:29',	10,	0),
(8,	'2019-05-31',	'190508',	32,	'School fee payment',	'Charlotte Wambui',	1,	1,	'0',	18750.00,	0,	'0000-00-00',	0,	'',	'0000-00-00 00:00:00',	10,	'2019-07-09 15:48:24',	10,	0),
(9,	'2019-05-31',	'190509',	33,	'School fee payment',	'Cush Moile',	1,	1,	'0',	21450.00,	0,	'0000-00-00',	0,	'',	'0000-00-00 00:00:00',	10,	'2019-07-09 15:53:19',	10,	0),
(10,	'2019-05-31',	'190510',	34,	'School fee payment',	'Dennis Atuki',	1,	1,	'0',	11850.00,	0,	'0000-00-00',	0,	'',	'0000-00-00 00:00:00',	10,	'2019-07-11 10:30:41',	10,	0),
(11,	'2019-05-31',	'190511',	35,	'School fee payment',	'Faith Sitonik',	1,	1,	'0',	19850.00,	0,	'0000-00-00',	0,	'',	'0000-00-00 00:00:00',	10,	'2019-07-11 10:40:42',	10,	0),
(12,	'2019-05-31',	'190512',	36,	'School fee payment',	'Frankline Macharia',	1,	1,	'0',	19450.00,	0,	'0000-00-00',	0,	'',	'0000-00-00 00:00:00',	10,	'2019-07-11 10:47:50',	10,	0),
(13,	'2019-05-31',	'190513',	37,	'School fee payment',	'Fridah Punyua',	1,	1,	'0',	18050.00,	0,	'0000-00-00',	0,	'',	'0000-00-00 00:00:00',	10,	'2019-07-11 10:57:08',	10,	0),
(14,	'2019-05-31',	'190514',	38,	'School fee payment',	'Gabriel Kiprotich',	1,	1,	'0',	11800.00,	0,	'0000-00-00',	0,	'',	'0000-00-00 00:00:00',	10,	'2019-07-11 11:00:23',	10,	0),
(15,	'2019-05-31',	'190515',	39,	'School fee payment',	'Hansel Lemayian',	1,	1,	'0',	18750.00,	0,	'0000-00-00',	0,	'',	'0000-00-00 00:00:00',	10,	'2019-07-11 11:06:33',	10,	0),
(16,	'2019-05-31',	'190516',	40,	'School fee payment',	'Igan Kimanzi',	1,	1,	'0',	13850.00,	0,	'0000-00-00',	0,	'',	'0000-00-00 00:00:00',	10,	'2019-07-11 11:08:55',	10,	0),
(17,	'2019-05-31',	'190517',	41,	'School fee payment',	'June Nailantei',	1,	1,	'0',	23450.00,	0,	'0000-00-00',	0,	'',	'0000-00-00 00:00:00',	10,	'2019-07-11 11:15:35',	10,	0),
(18,	'2019-05-31',	'190518',	42,	'School fee payment',	'Junior Moitalel',	1,	1,	'0',	20250.00,	0,	'0000-00-00',	0,	'',	'0000-00-00 00:00:00',	10,	'2019-07-11 11:21:01',	10,	0),
(19,	'2019-05-31',	'190519',	43,	'School fee payment',	'Lana Kireu',	1,	1,	'0',	19800.00,	0,	'0000-00-00',	0,	'',	'0000-00-00 00:00:00',	10,	'2019-07-11 11:53:41',	10,	0),
(20,	'2019-05-31',	'190520',	44,	'School fee payment',	'Lennypeter Ndungu',	1,	1,	'0',	13850.00,	0,	'0000-00-00',	0,	'',	'0000-00-00 00:00:00',	10,	'2019-07-11 11:55:52',	10,	0),
(21,	'2019-05-31',	'190521',	45,	'School fee payment',	'Lewis Sanare',	1,	1,	'0',	19450.00,	0,	'0000-00-00',	0,	'',	'0000-00-00 00:00:00',	10,	'2019-07-11 12:00:53',	10,	0),
(22,	'2019-05-31',	'190522',	46,	'School fee payment',	'Lucas Obwaku',	1,	1,	'0',	16900.00,	0,	'0000-00-00',	0,	'',	'0000-00-00 00:00:00',	10,	'2019-07-11 12:06:22',	10,	0),
(23,	'2019-05-31',	'190523',	47,	'School fee payment',	'Maxwel Solitei',	1,	1,	'0',	20000.00,	0,	'0000-00-00',	0,	'',	'0000-00-00 00:00:00',	10,	'2019-07-11 12:09:25',	10,	0),
(24,	'2019-05-31',	'190524',	48,	'School fee payment',	'Maxwel Ndungu',	1,	1,	'0',	16900.00,	0,	'0000-00-00',	0,	'',	'0000-00-00 00:00:00',	10,	'2019-07-11 12:13:29',	10,	0),
(25,	'2019-05-31',	'190525',	49,	'School fee payment',	'Millan Sairo',	1,	1,	'0',	11850.00,	0,	'0000-00-00',	0,	'',	'0000-00-00 00:00:00',	10,	'2019-07-11 12:16:34',	10,	0),
(26,	'2019-05-31',	'190526',	50,	'School fee payment',	'naipasoi nabaala',	1,	1,	'0',	22050.00,	0,	'0000-00-00',	0,	'',	'0000-00-00 00:00:00',	10,	'2019-07-11 12:21:09',	10,	0),
(27,	'2019-05-31',	'190527',	52,	'School fee payment',	'Nathan Letipat',	1,	1,	'0',	21550.00,	0,	'0000-00-00',	0,	'',	'0000-00-00 00:00:00',	10,	'2019-07-11 12:33:30',	10,	0),
(28,	'2019-05-31',	'190528',	53,	'School fee payment',	'Nemayian Nchoshoi',	1,	1,	'0',	11850.00,	0,	'0000-00-00',	0,	'',	'0000-00-00 00:00:00',	10,	'2019-07-11 12:35:08',	10,	0),
(29,	'2019-05-31',	'190529',	54,	'School fee payment',	'Parsiyio Kiswaa',	1,	1,	'0',	19250.00,	0,	'0000-00-00',	0,	'',	'0000-00-00 00:00:00',	10,	'2019-07-11 12:37:08',	10,	0),
(30,	'2019-05-31',	'190530',	55,	'School fee payment',	'Patience Lankisa',	1,	1,	'0',	10550.00,	0,	'0000-00-00',	0,	'',	'0000-00-00 00:00:00',	10,	'2019-07-11 12:39:50',	10,	0),
(31,	'2019-05-31',	'190531',	56,	'School fee payment',	'Peter Tajeu',	1,	1,	'0',	19250.00,	0,	'0000-00-00',	0,	'',	'0000-00-00 00:00:00',	10,	'2019-07-11 12:44:54',	10,	0),
(32,	'2019-05-31',	'190532',	57,	'School fee payment',	'Reece Kimutai',	1,	1,	'0',	17250.00,	0,	'0000-00-00',	0,	'',	'0000-00-00 00:00:00',	10,	'2019-07-11 12:47:40',	10,	0),
(33,	'2019-05-31',	'190533',	58,	'School fee payment',	'seneyia nchoe',	1,	1,	'0',	19450.00,	0,	'0000-00-00',	0,	'',	'0000-00-00 00:00:00',	10,	'2019-07-11 12:57:31',	10,	0),
(34,	'2019-05-31',	'190534',	59,	'School fee payment',	'sylvia reson',	1,	1,	'0',	13800.00,	0,	'0000-00-00',	0,	'',	'0000-00-00 00:00:00',	10,	'2019-07-11 12:59:50',	10,	0),
(35,	'2019-05-31',	'190535',	60,	'School fee payment',	'victor lemayian',	1,	1,	'0',	11850.00,	0,	'0000-00-00',	0,	'',	'0000-00-00 00:00:00',	10,	'2019-07-11 13:02:01',	10,	0),
(36,	'2019-05-31',	'190536',	62,	'school payment',	'ABIGAEL SOYIAN',	1,	1,	'0',	24450.00,	0,	'0000-00-00',	0,	'',	'0000-00-00 00:00:00',	9,	'2019-07-11 13:17:47',	9,	0),
(37,	'2019-05-31',	'190537',	26,	'School fee payment',	'Zawadi Kerubo',	1,	1,	'0',	16050.00,	0,	'0000-00-00',	0,	'',	'0000-00-00 00:00:00',	10,	'2019-07-11 13:19:14',	10,	0),
(38,	'2019-05-31',	'190538',	24,	'School fee payment',	'Ryan Supeet',	1,	1,	'0',	16050.00,	0,	'0000-00-00',	0,	'',	'0000-00-00 00:00:00',	10,	'2019-07-11 13:26:21',	10,	0),
(39,	'2019-05-31',	'190539',	63,	'SCHOOL FEES PAYMENT',	'ALBERT ROTIKEN',	1,	1,	'0',	17050.00,	0,	'0000-00-00',	0,	'',	'0000-00-00 00:00:00',	9,	'2019-07-11 13:27:25',	9,	0),
(40,	'2019-05-31',	'190540',	23,	'School fee payment',	'Rianto Nabaala',	1,	1,	'0',	22050.00,	0,	'0000-00-00',	0,	'',	'0000-00-00 00:00:00',	10,	'2019-07-11 13:37:46',	10,	0),
(41,	'2019-05-31',	'190541',	64,	'SCHOOL FEES PAYMENT',	'ANTONY OTIENO',	1,	1,	'0',	8100.00,	0,	'0000-00-00',	0,	'',	'0000-00-00 00:00:00',	9,	'2019-07-11 13:37:46',	9,	0),
(42,	'2019-05-31',	'190542',	22,	'School fee payment',	'Princess Davida',	1,	1,	'0',	9700.00,	0,	'0000-00-00',	0,	'',	'0000-00-00 00:00:00',	10,	'2019-07-11 13:40:55',	10,	0),
(43,	'2019-05-31',	'190543',	66,	'SCHOOL FEES PAYMENT',	'BRION ROINET',	1,	1,	'0',	20300.00,	0,	'0000-00-00',	0,	'',	'0000-00-00 00:00:00',	9,	'2019-07-11 13:47:47',	9,	0),
(44,	'2019-05-31',	'190544',	20,	'School fee payment',	'Liam Lemashon',	1,	1,	'0',	17850.00,	0,	'0000-00-00',	0,	'',	'0000-00-00 00:00:00',	10,	'2019-07-11 13:49:35',	10,	0),
(45,	'2019-05-31',	'190545',	19,	'School fee payment',	'Nate Lemayian',	1,	1,	'0',	19450.00,	0,	'0000-00-00',	0,	'',	'0000-00-00 00:00:00',	10,	'2019-07-11 13:52:48',	10,	0),
(46,	'2019-05-31',	'190546',	18,	'School fee payment',	'Delvin Kirorei',	1,	1,	'0',	8000.00,	0,	'0000-00-00',	0,	'',	'0000-00-00 00:00:00',	10,	'2019-07-11 13:58:04',	10,	0),
(47,	'2019-05-31',	'190547',	17,	'School fee payment',	'Kelly Kikanae',	1,	1,	'0',	14850.00,	0,	'0000-00-00',	0,	'',	'0000-00-00 00:00:00',	10,	'2019-07-11 14:05:48',	10,	0),
(48,	'2019-05-31',	'190548',	16,	'School fee payment',	'Jayden Ochieng',	1,	1,	'0',	17850.00,	0,	'0000-00-00',	0,	'',	'0000-00-00 00:00:00',	10,	'2019-07-11 14:09:02',	10,	0),
(49,	'2019-05-31',	'190549',	15,	'School fee payment',	'Jansen Wandaka',	1,	1,	'0',	16050.00,	0,	'0000-00-00',	0,	'',	'0000-00-00 00:00:00',	10,	'2019-07-11 14:12:19',	10,	0),
(50,	'2019-05-31',	'190550',	14,	'School fee payment',	'Ian Lemashon',	1,	1,	'0',	13850.00,	0,	'0000-00-00',	0,	'',	'0000-00-00 00:00:00',	10,	'2019-07-11 14:16:01',	10,	0),
(51,	'2019-05-31',	'190551',	120,	'School fee payment',	'Abednego Abeyi',	1,	1,	'0',	4500.00,	0,	'0000-00-00',	0,	'',	'0000-00-00 00:00:00',	10,	'2019-07-12 13:20:10',	10,	0),
(52,	'2019-05-31',	'190552',	121,	'School fee payment',	'Angel Natasha',	1,	1,	'0',	17550.00,	0,	'0000-00-00',	0,	'',	'0000-00-00 00:00:00',	10,	'2019-07-12 13:21:51',	10,	0),
(53,	'2019-05-31',	'190553',	122,	'School fee payment',	'Ann Kuresoi',	1,	1,	'0',	26250.00,	0,	'0000-00-00',	0,	'',	'0000-00-00 00:00:00',	10,	'2019-07-12 13:24:07',	10,	0),
(54,	'2019-05-31',	'190554',	123,	'School fee payment',	'Brian Lemashon',	1,	1,	'0',	28250.00,	0,	'0000-00-00',	0,	'',	'0000-00-00 00:00:00',	10,	'2019-07-12 13:26:35',	10,	0),
(55,	'2019-05-31',	'190555',	124,	'School fee payment',	'Brookline Wandaw',	1,	1,	'0',	4000.00,	0,	'0000-00-00',	0,	'',	'0000-00-00 00:00:00',	10,	'2019-07-12 13:32:33',	10,	0),
(56,	'2019-05-31',	'190556',	125,	'School fee payment',	'Celestine Kerubo',	1,	1,	'0',	4000.00,	0,	'0000-00-00',	0,	'',	'0000-00-00 00:00:00',	10,	'2019-07-12 13:33:48',	10,	0),
(57,	'2019-05-31',	'190557',	126,	'School fee payment',	'Daniel Ngatho',	1,	1,	'0',	20300.00,	0,	'0000-00-00',	0,	'',	'0000-00-00 00:00:00',	10,	'2019-07-12 13:39:23',	10,	0),
(58,	'2019-05-31',	'190558',	127,	'School fee payment',	'Davis Leshan',	1,	1,	'0',	20850.00,	0,	'0000-00-00',	0,	'',	'0000-00-00 00:00:00',	10,	'2019-07-12 13:41:01',	10,	0),
(59,	'2019-05-31',	'190559',	128,	'School fee payment',	'Felista Soyian',	1,	1,	'0',	28850.00,	0,	'0000-00-00',	0,	'',	'0000-00-00 00:00:00',	10,	'2019-07-12 13:43:19',	10,	0),
(60,	'2019-05-31',	'190560',	129,	'School fee payment',	'Fridah Nduko',	1,	1,	'0',	5100.00,	0,	'0000-00-00',	0,	'',	'0000-00-00 00:00:00',	10,	'2019-07-12 13:44:55',	10,	0),
(61,	'2019-05-31',	'190561',	130,	'School fee payment',	'Kelly Sanayian',	1,	1,	'0',	15000.00,	0,	'0000-00-00',	0,	'',	'0000-00-00 00:00:00',	10,	'2019-07-12 13:47:14',	10,	0),
(62,	'2019-05-31',	'190562',	131,	'School fee payment',	'Kelma Wanjiru',	1,	1,	'0',	16750.00,	0,	'0000-00-00',	0,	'',	'0000-00-00 00:00:00',	10,	'2019-07-12 13:49:47',	10,	0),
(63,	'2019-05-31',	'190563',	132,	'School fee payment',	'Lennox Leshan',	1,	1,	'0',	30850.00,	0,	'0000-00-00',	0,	'',	'0000-00-00 00:00:00',	10,	'2019-07-12 13:52:16',	10,	0),
(64,	'2019-05-31',	'190564',	133,	'School fee payment',	'Meitamei parmuat',	1,	1,	'0',	24900.00,	0,	'0000-00-00',	0,	'',	'0000-00-00 00:00:00',	10,	'2019-07-12 13:54:09',	10,	0),
(65,	'2019-05-31',	'190565',	134,	'School fee payment',	'Mercy Matayian',	1,	1,	'0',	28250.00,	0,	'0000-00-00',	0,	'',	'0000-00-00 00:00:00',	10,	'2019-07-12 13:56:11',	10,	0),
(66,	'2019-05-31',	'190566',	136,	'School fee payment',	'Reina Reson',	1,	1,	'0',	7000.00,	0,	'0000-00-00',	0,	'',	'0000-00-00 00:00:00',	10,	'2019-07-12 13:58:06',	10,	0),
(67,	'2019-05-31',	'190567',	137,	'School fee payment',	'Sanayian Naikumi',	1,	1,	'0',	20850.00,	0,	'0000-00-00',	0,	'',	'0000-00-00 00:00:00',	10,	'2019-07-12 14:00:46',	10,	0),
(68,	'2019-05-31',	'190568',	138,	'School fee payment',	'Sharleen Silole',	1,	1,	'0',	20850.00,	0,	'0000-00-00',	0,	'',	'0000-00-00 00:00:00',	10,	'2019-07-12 14:02:59',	10,	0),
(69,	'2019-05-31',	'190569',	139,	'School fee payment',	'Shirleen Takai',	1,	1,	'0',	29350.00,	0,	'0000-00-00',	0,	'',	'0000-00-00 00:00:00',	10,	'2019-07-12 14:05:45',	10,	0),
(70,	'2019-05-31',	'190570',	140,	'School fee payment',	'Tamira Kerubo',	1,	1,	'0',	11050.00,	0,	'0000-00-00',	0,	'',	'0000-00-00 00:00:00',	10,	'2019-07-12 14:10:47',	10,	0),
(71,	'2019-05-31',	'190571',	141,	'School fee payment',	'Vanitta Mayian',	1,	1,	'0',	20250.00,	0,	'0000-00-00',	0,	'',	'0000-00-00 00:00:00',	10,	'2019-07-12 14:12:18',	10,	0),
(72,	'2019-05-31',	'190572',	160,	'School fee payment',	'Richy  Esho',	1,	1,	'0',	7100.00,	0,	'0000-00-00',	0,	'',	'0000-00-00 00:00:00',	10,	'2019-07-12 14:17:02',	10,	0),
(73,	'2019-05-31',	'190573',	159,	'School fee payment',	'Daniella Tete',	1,	1,	'0',	22350.00,	0,	'0000-00-00',	0,	'',	'0000-00-00 00:00:00',	10,	'2019-07-12 14:18:59',	10,	0),
(74,	'2019-05-31',	'190574',	158,	'School fee payment',	'Caleb Odupoi',	1,	1,	'0',	16000.00,	0,	'0000-00-00',	0,	'',	'0000-00-00 00:00:00',	10,	'2019-07-12 14:20:29',	10,	0),
(75,	'2019-05-31',	'190575',	157,	'School fee payment',	'Austine Lekishon',	1,	1,	'0',	14350.00,	0,	'0000-00-00',	0,	'',	'0000-00-00 00:00:00',	10,	'2019-07-12 14:22:45',	10,	0),
(76,	'2019-05-31',	'190576',	156,	'School fee payment',	'Annita Wanjiru',	1,	1,	'0',	29500.00,	0,	'0000-00-00',	0,	'',	'0000-00-00 00:00:00',	10,	'2019-07-12 14:25:48',	10,	0),
(77,	'2019-05-31',	'190577',	161,	'School fee payment',	'Lydia V. Blessing',	1,	1,	'0',	26000.00,	0,	'0000-00-00',	0,	'',	'0000-00-00 00:00:00',	10,	'2019-07-15 06:35:44',	10,	0),
(78,	'2019-05-31',	'190578',	162,	'School fee payment',	'Christian Ongori',	1,	1,	'0',	16350.00,	0,	'0000-00-00',	0,	'',	'0000-00-00 00:00:00',	10,	'2019-07-15 06:37:41',	10,	0),
(79,	'2019-05-31',	'190579',	163,	'School fee payment',	'Fatma Kwekwe',	1,	1,	'0',	5650.00,	0,	'0000-00-00',	0,	'',	'0000-00-00 00:00:00',	10,	'2019-07-15 06:39:02',	10,	0),
(80,	'2019-05-31',	'190580',	164,	'School fee payment',	'Francis Khaweri',	1,	1,	'0',	24350.00,	0,	'0000-00-00',	0,	'',	'0000-00-00 00:00:00',	10,	'2019-07-15 06:41:10',	10,	0),
(81,	'2019-05-31',	'190581',	165,	'School fee payment',	'Melvin Kiprotich',	1,	1,	'0',	22350.00,	0,	'0000-00-00',	0,	'',	'0000-00-00 00:00:00',	10,	'2019-07-15 06:49:18',	10,	0),
(82,	'2019-05-31',	'190582',	166,	'School fee payment',	'Precious Naisiae',	1,	1,	'0',	12000.00,	0,	'0000-00-00',	0,	'',	'0000-00-00 00:00:00',	10,	'2019-07-15 06:51:28',	10,	0),
(83,	'2019-05-31',	'190583',	167,	'School fee payment',	'Samuel Lemayian',	1,	1,	'0',	25350.00,	0,	'0000-00-00',	0,	'',	'0000-00-00 00:00:00',	10,	'2019-07-15 06:54:03',	10,	0),
(84,	'2019-05-31',	'190584',	168,	'School fee payment',	'Sharon Bosibori',	1,	1,	'0',	4200.00,	0,	'0000-00-00',	0,	'',	'0000-00-00 00:00:00',	10,	'2019-07-15 06:59:35',	10,	0),
(85,	'2019-05-31',	'190585',	169,	'School fee payment',	'Tracy Njeri',	1,	1,	'0',	21000.00,	0,	'0000-00-00',	0,	'',	'0000-00-00 00:00:00',	10,	'2019-07-15 07:03:22',	10,	0),
(86,	'2019-05-31',	'190586',	203,	'School fee payment',	'Zac Omondi',	1,	1,	'0',	15150.00,	0,	'0000-00-00',	0,	'',	'0000-00-00 00:00:00',	10,	'2019-07-15 09:08:17',	10,	0),
(87,	'2019-05-31',	'190587',	202,	'School fee payment',	'Valary Nengoboe',	1,	1,	'0',	13535.00,	0,	'0000-00-00',	0,	'',	'0000-00-00 00:00:00',	10,	'2019-07-15 09:10:10',	10,	0),
(88,	'2019-05-31',	'190588',	201,	'School fee payment',	'Teddy Daniel',	1,	1,	'0',	13850.00,	0,	'0000-00-00',	0,	'',	'0000-00-00 00:00:00',	10,	'2019-07-15 09:11:56',	10,	0),
(89,	'2019-05-31',	'190589',	200,	'School fee payment',	'Sudeys Abdi',	1,	1,	'0',	11850.00,	0,	'0000-00-00',	0,	'',	'0000-00-00 00:00:00',	10,	'2019-08-31 12:10:33',	10,	0),
(90,	'2019-05-31',	'190590',	199,	'School fee payment',	'Shalom Nshami',	1,	1,	'0',	19450.00,	0,	'0000-00-00',	0,	'',	'0000-00-00 00:00:00',	10,	'2019-07-15 09:15:12',	10,	0),
(91,	'2019-05-31',	'190591',	198,	'School fee payment',	'Serena Seenoi Parsitau',	1,	1,	'0',	17850.00,	0,	'0000-00-00',	0,	'',	'0000-00-00 00:00:00',	10,	'2019-07-15 09:16:49',	10,	0),
(92,	'2019-05-31',	'190592',	172,	'School fee payment',	'Abiel Chepkemoi Tanui',	1,	1,	'0',	16550.00,	0,	'0000-00-00',	0,	'',	'0000-00-00 00:00:00',	10,	'2019-07-15 09:19:59',	10,	0),
(93,	'2019-05-31',	'190593',	173,	'School fee payment',	'Abigael Tikani',	1,	1,	'0',	19900.00,	0,	'0000-00-00',	0,	'',	'0000-00-00 00:00:00',	10,	'2019-07-15 09:21:59',	10,	0),
(94,	'2019-05-31',	'190594',	174,	'School fee payment',	'Alvin Maluki',	1,	1,	'0',	11850.00,	0,	'0000-00-00',	0,	'',	'0000-00-00 00:00:00',	10,	'2019-07-15 09:24:35',	10,	0),
(95,	'2019-05-31',	'190595',	175,	'School fee payment',	'Amy Wangui',	1,	1,	'0',	19750.00,	0,	'0000-00-00',	0,	'',	'0000-00-00 00:00:00',	10,	'2019-07-15 09:26:51',	10,	0),
(96,	'2019-05-31',	'190596',	176,	'School fee payment',	'Ashley Tamira Kerubo',	1,	1,	'0',	15750.00,	0,	'0000-00-00',	0,	'',	'0000-00-00 00:00:00',	10,	'2019-07-15 09:29:06',	10,	0),
(97,	'2019-05-31',	'190597',	177,	'School fee payment',	'Chemutai Audrey',	1,	1,	'0',	19050.00,	0,	'0000-00-00',	0,	'',	'0000-00-00 00:00:00',	10,	'2019-07-15 09:30:49',	10,	0),
(98,	'2019-05-31',	'190598',	178,	'School fee payment',	'Desmond Gilosho',	1,	1,	'0',	17250.00,	0,	'0000-00-00',	0,	'',	'0000-00-00 00:00:00',	10,	'2019-07-15 09:32:27',	10,	0),
(99,	'2019-05-31',	'190599',	179,	'School fee payment',	'Eldad Mbira',	1,	1,	'0',	7000.00,	0,	'0000-00-00',	0,	'',	'0000-00-00 00:00:00',	10,	'2019-07-15 09:33:52',	10,	0),
(100,	'2019-05-31',	'1905100',	180,	'School fee payment',	'Ezra Kashaa',	1,	1,	'0',	2200.00,	0,	'0000-00-00',	0,	'',	'0000-00-00 00:00:00',	10,	'2019-08-31 20:43:29',	10,	0),
(101,	'2019-05-31',	'1905101',	181,	'School fee payment',	'Francis Macharia',	1,	1,	'0',	17250.00,	0,	'0000-00-00',	0,	'',	'0000-00-00 00:00:00',	10,	'2019-08-31 20:43:29',	10,	0),
(102,	'2019-05-31',	'1905102',	182,	'School fee payment',	'Gloria Muthoni',	1,	1,	'0',	14800.00,	0,	'0000-00-00',	0,	'',	'0000-00-00 00:00:00',	10,	'2019-08-31 20:43:29',	10,	0),
(103,	'2019-05-31',	'1905103',	183,	'School fee payment',	'Ian Ledupan Yiaile',	1,	1,	'0',	16550.00,	0,	'0000-00-00',	0,	'',	'0000-00-00 00:00:00',	10,	'2019-08-31 20:43:29',	10,	0),
(104,	'2019-05-31',	'1905104',	184,	'School fee payment',	'James Kamau',	1,	1,	'0',	17750.00,	0,	'0000-00-00',	0,	'',	'0000-00-00 00:00:00',	10,	'2019-08-31 20:43:29',	10,	0),
(105,	'2019-05-31',	'1905105',	185,	'School fee payment',	'Joyprincess Chepchumba',	1,	1,	'0',	12000.00,	0,	'0000-00-00',	0,	'',	'0000-00-00 00:00:00',	10,	'2019-08-31 20:43:29',	10,	0),
(106,	'2019-05-31',	'1905106',	186,	'School fee payment',	'Leyian Mosiro ',	1,	1,	'0',	13000.00,	0,	'0000-00-00',	0,	'',	'0000-00-00 00:00:00',	10,	'2019-08-31 20:43:29',	10,	0),
(107,	'2019-05-31',	'1905107',	187,	'School fee payment',	'Liz Nyawira',	1,	1,	'0',	12000.00,	0,	'0000-00-00',	0,	'',	'0000-00-00 00:00:00',	10,	'2019-08-31 20:43:29',	10,	0),
(108,	'2019-05-31',	'1905108',	188,	'School fee payment',	'Lymuel Malesi',	1,	1,	'0',	7000.00,	0,	'0000-00-00',	0,	'',	'0000-00-00 00:00:00',	10,	'2019-08-31 20:43:29',	10,	0),
(109,	'2019-05-31',	'1905109',	189,	'School fee payment',	'Melvin Metian',	1,	1,	'0',	13000.00,	0,	'0000-00-00',	0,	'',	'0000-00-00 00:00:00',	10,	'2019-08-31 20:43:29',	10,	0),
(110,	'2019-05-31',	'1905110',	191,	'School fee payment',	'Nellian Amellia',	1,	1,	'0',	11850.00,	0,	'0000-00-00',	0,	'',	'0000-00-00 00:00:00',	10,	'2019-08-31 20:43:29',	10,	0),
(111,	'2019-05-31',	'1905111',	192,	'School fee payment',	'Prince Lesinko',	1,	1,	'0',	7050.00,	0,	'0000-00-00',	0,	'',	'0000-00-00 00:00:00',	10,	'2019-08-31 20:43:29',	10,	0),
(112,	'2019-05-31',	'1905112',	193,	'School fee payment',	'Prince Francis Kariuki',	1,	1,	'0',	17850.00,	0,	'0000-00-00',	0,	'',	'0000-00-00 00:00:00',	10,	'2019-08-31 20:43:29',	10,	0),
(113,	'2019-05-31',	'1905113',	194,	'School fee payment',	'prince Lemashon',	1,	1,	'0',	11850.00,	0,	'0000-00-00',	0,	'',	'0000-00-00 00:00:00',	10,	'2019-08-31 20:43:29',	10,	0),
(114,	'2019-05-31',	'1905114',	195,	'School fee payment',	'Ronia Toiyan',	1,	1,	'0',	17850.00,	0,	'0000-00-00',	0,	'',	'0000-00-00 00:00:00',	10,	'2019-08-31 20:43:29',	10,	0),
(115,	'2019-05-31',	'1905115',	196,	'School fee payment',	'Sam Ihaji',	1,	1,	'0',	20050.00,	0,	'0000-00-00',	0,	'',	'0000-00-00 00:00:00',	10,	'2019-08-31 20:43:29',	10,	0),
(116,	'2019-05-31',	'1905116',	197,	'School fee payment',	'Scolarstica Nyamusi',	1,	1,	'0',	9650.00,	0,	'0000-00-00',	0,	'',	'0000-00-00 00:00:00',	10,	'2019-08-31 20:43:29',	10,	0),
(117,	'2019-05-31',	'1905117',	67,	'SCHOOL FEES PAYMENT',	'chrispine mulongo',	1,	1,	'0',	8100.00,	0,	'0000-00-00',	0,	'',	'0000-00-00 00:00:00',	9,	'2019-08-31 20:43:29',	9,	0),
(118,	'2019-05-31',	'1905118',	204,	'School fee payment',	'Bradley Lekina Karino',	1,	1,	'0',	22350.00,	0,	'0000-00-00',	0,	'',	'0000-00-00 00:00:00',	10,	'2019-08-31 20:43:29',	10,	0),
(119,	'2019-05-31',	'1905119',	69,	'SCHOOL FEES PAYMENT',	'FIDEL IHAJI',	1,	1,	'0',	20850.00,	0,	'0000-00-00',	0,	'',	'0000-00-00 00:00:00',	9,	'2019-08-31 20:43:29',	9,	0),
(120,	'2019-05-31',	'1905120',	205,	'School fee payment',	'Joseph Githinji Kamau',	1,	1,	'0',	22350.00,	0,	'0000-00-00',	0,	'',	'0000-00-00 00:00:00',	10,	'2019-08-31 20:43:29',	10,	0),
(121,	'2019-05-31',	'1905121',	70,	'SCHOOL FEES PAYMENT',	'FELICIA SIANTO',	1,	1,	'0',	15150.00,	0,	'0000-00-00',	0,	'',	'0000-00-00 00:00:00',	9,	'2019-08-31 20:43:29',	9,	0),
(122,	'2019-05-31',	'1905122',	213,	'School fee payment',	'Setian Karino',	1,	1,	'0',	11850.00,	0,	'0000-00-00',	0,	'',	'0000-00-00 00:00:00',	10,	'2019-08-31 20:43:29',	10,	0),
(123,	'2019-05-31',	'1905123',	212,	'School fee payment',	'Rimas Tanisha',	1,	1,	'0',	16050.00,	0,	'0000-00-00',	0,	'',	'0000-00-00 00:00:00',	10,	'2019-08-31 20:43:29',	10,	0),
(124,	'2019-05-31',	'1905124',	211,	'School fee payment',	'Patasio Patience Lempiris',	1,	1,	'0',	10500.00,	0,	'0000-00-00',	0,	'',	'0000-00-00 00:00:00',	10,	'2019-08-31 20:43:29',	10,	0),
(125,	'2019-05-31',	'1905125',	71,	'SCHOOL FEES PAYMENT',	'FELICIA SIANTO',	1,	1,	'0',	17050.00,	0,	'0000-00-00',	0,	'',	'0000-00-00 00:00:00',	9,	'2019-08-31 20:43:29',	9,	0),
(126,	'2019-05-31',	'1905126',	210,	'School fee payment',	'Naadia Njeri',	1,	1,	'0',	4200.00,	0,	'0000-00-00',	0,	'',	'0000-00-00 00:00:00',	10,	'2019-08-31 20:43:29',	10,	0),
(127,	'2019-05-31',	'1905127',	208,	'School fee payment',	'Panai Nakola',	1,	1,	'0',	13850.00,	0,	'0000-00-00',	0,	'',	'0000-00-00 00:00:00',	10,	'2019-08-31 20:43:29',	10,	0),
(128,	'2019-05-31',	'1905128',	207,	'School fee payment',	'Joy Parsitau',	1,	1,	'0',	19450.00,	0,	'0000-00-00',	0,	'',	'0000-00-00 00:00:00',	10,	'2019-08-31 20:43:29',	10,	0),
(129,	'2019-05-31',	'1905129',	206,	'School fee payment',	'Isaac Loserian',	1,	1,	'0',	2500.00,	0,	'0000-00-00',	0,	'',	'0000-00-00 00:00:00',	10,	'2019-08-31 21:31:47',	10,	5),
(130,	'2019-05-31',	'1905130',	170,	'SCHOOL FEES PAYMENT',	'GODWIN TILAL',	1,	1,	'0',	17050.00,	0,	'0000-00-00',	0,	'',	'0000-00-00 00:00:00',	9,	'2019-08-31 20:43:29',	9,	0),
(131,	'2019-05-31',	'1905131',	214,	'School fee payment',	'Lydia Njoki Mugweru',	1,	1,	'0',	11850.00,	0,	'0000-00-00',	0,	'',	'0000-00-00 00:00:00',	10,	'2019-08-31 20:43:29',	10,	0),
(132,	'2019-05-31',	'1905132',	218,	'School fee payment',	'fAVOUR nEMAYIAN',	1,	1,	'0',	4700.00,	0,	'0000-00-00',	0,	'',	'0000-00-00 00:00:00',	10,	'2019-08-31 20:43:29',	10,	0),
(133,	'2019-05-31',	'1905133',	217,	'School fee payment',	'Caleb Yiare',	1,	1,	'0',	7200.00,	0,	'0000-00-00',	0,	'',	'0000-00-00 00:00:00',	10,	'2019-08-31 20:43:29',	10,	0),
(134,	'2019-05-31',	'1905134',	215,	'School fee payment',	'Myrah Nazeel',	1,	1,	'0',	22050.00,	0,	'0000-00-00',	0,	'',	'0000-00-00 00:00:00',	10,	'2019-08-31 20:43:29',	10,	0),
(135,	'2019-05-31',	'1905135',	216,	'School fee payment',	'Natasha Saitoti',	1,	1,	'0',	14350.00,	0,	'0000-00-00',	0,	'',	'0000-00-00 00:00:00',	10,	'2019-08-31 20:43:29',	10,	0),
(136,	'2019-05-31',	'1905136',	51,	'School fee payment',	'Natally Wanjiru',	1,	1,	'0',	12500.00,	0,	'0000-00-00',	0,	'',	'0000-00-00 00:00:00',	10,	'2019-08-31 20:43:29',	10,	0),
(137,	'2019-05-31',	'1905137',	171,	'SCHOOL FEES PAYMENT',	'JAYSON LEKEN',	1,	1,	'0',	20250.00,	0,	'0000-00-00',	0,	'',	'0000-00-00 00:00:00',	9,	'2019-08-31 20:43:29',	9,	0),
(138,	'2019-05-31',	'1905138',	72,	'SCHOOL FEES PAYMENT',	'JAYDEN LEMAYIAN',	1,	1,	'0',	14850.00,	0,	'0000-00-00',	0,	'',	'0000-00-00 00:00:00',	9,	'2019-08-31 20:43:29',	9,	0),
(139,	'2019-05-31',	'1905139',	73,	'SCHOOL FEES PAYMENT',	'KYLE METEKAI',	1,	1,	'0',	17550.00,	0,	'0000-00-00',	0,	'',	'0000-00-00 00:00:00',	9,	'2019-08-31 20:43:29',	9,	0),
(140,	'2019-05-31',	'1905140',	74,	'SCHOOL FEES PAYMENT',	'LEVI GATHURA',	1,	1,	'0',	19050.00,	0,	'0000-00-00',	0,	'',	'0000-00-00 00:00:00',	9,	'2019-08-31 20:43:29',	9,	0),
(141,	'2019-05-31',	'1905141',	75,	'SCHOOL FEES PAYMENT',	'LINCOLN KIKTARE',	1,	1,	'0',	14850.00,	0,	'0000-00-00',	0,	'',	'0000-00-00 00:00:00',	9,	'2019-08-31 20:43:29',	9,	0),
(142,	'2019-05-31',	'1905142',	76,	'SCHOOL FEES PAYMENT',	'LINCEY WAIRIMU',	1,	1,	'0',	22050.00,	0,	'0000-00-00',	0,	'',	'0000-00-00 00:00:00',	9,	'2019-08-31 20:43:29',	9,	0),
(143,	'2019-05-31',	'1905143',	77,	'SCHOOL FEES PAYMENT',	'MELVIN MERITEI',	1,	1,	'0',	16850.00,	0,	'0000-00-00',	0,	'',	'0000-00-00 00:00:00',	9,	'2019-08-31 20:43:29',	9,	0),
(144,	'2019-05-31',	'1905144',	78,	'SCHOOL FEES PAYMENT',	'DANIEL NCHOE',	1,	1,	'0',	22750.00,	0,	'0000-00-00',	0,	'',	'0000-00-00 00:00:00',	9,	'2019-08-31 20:43:29',	9,	0),
(145,	'2019-05-31',	'1905145',	79,	'SCHOOL FEES PAYMENT',	'PERIAN TAMARA',	1,	1,	'0',	25050.00,	0,	'0000-00-00',	0,	'',	'0000-00-00 00:00:00',	9,	'2019-08-31 20:43:29',	9,	0),
(146,	'2019-05-31',	'1905146',	80,	'SCHOOL FEES PAYMENT',	'PETE LEMAYIAN',	1,	1,	'0',	22450.00,	0,	'0000-00-00',	0,	'',	'0000-00-00 00:00:00',	9,	'2019-08-31 20:43:29',	9,	0),
(147,	'2019-05-31',	'1905147',	81,	'SCHOOL FEES PAYMENT',	'PRECIOUS ARIELLA',	1,	1,	'0',	14100.00,	0,	'0000-00-00',	0,	'',	'0000-00-00 00:00:00',	9,	'2019-08-31 20:43:29',	9,	0),
(148,	'2019-05-31',	'1905148',	82,	'SCHOOL FEES PAYMENT',	'RYAN NCHOKO',	1,	1,	'0',	25050.00,	0,	'0000-00-00',	0,	'',	'0000-00-00 00:00:00',	9,	'2019-08-31 20:43:29',	9,	0),
(149,	'2019-05-31',	'1905149',	83,	'SCHOOL FEES PAYMENT',	'SHANTEL NASERIAN',	1,	1,	'0',	20470.00,	0,	'0000-00-00',	0,	'',	'0000-00-00 00:00:00',	9,	'2019-08-31 20:43:29',	9,	0),
(150,	'2019-05-31',	'1905150',	84,	'SCHOOL FEES PAYMENT',	'SOLOMON WAMBUA',	1,	1,	'0',	19050.00,	0,	'0000-00-00',	0,	'',	'0000-00-00 00:00:00',	9,	'2019-08-31 20:43:29',	9,	0),
(151,	'2019-05-31',	'1905151',	85,	'SCHOOL FEES PAYMENT',	'TIFFANY CHEBET',	1,	1,	'0',	19050.00,	0,	'0000-00-00',	0,	'',	'0000-00-00 00:00:00',	9,	'2019-08-31 20:43:29',	9,	0),
(152,	'2019-05-31',	'1905152',	86,	'SCHOOL FEES PAYMENT',	'WESLEY NOEL',	1,	1,	'0',	19050.00,	0,	'0000-00-00',	0,	'',	'0000-00-00 00:00:00',	9,	'2019-08-31 20:43:29',	9,	0),
(153,	'2019-05-31',	'1905153',	87,	'SCHOOL FEES PAYMENT',	'ZENA MAVUNO',	1,	1,	'0',	15400.00,	0,	'0000-00-00',	0,	'',	'0000-00-00 00:00:00',	9,	'2019-08-31 20:43:29',	9,	0),
(154,	'2019-05-31',	'1905154',	88,	'School fee payment',	'Baraka Tusiempei',	1,	1,	'0',	19750.00,	0,	'0000-00-00',	0,	'',	'0000-00-00 00:00:00',	10,	'2019-08-31 20:43:29',	10,	0),
(155,	'2019-05-31',	'1905155',	89,	'School fee payment',	'Benson Loigero',	1,	1,	'0',	24950.00,	0,	'0000-00-00',	0,	'',	'0000-00-00 00:00:00',	10,	'2019-08-31 20:43:29',	10,	0),
(156,	'2019-05-31',	'1905156',	119,	'School fee payment',	'Brandon Leken',	1,	1,	'0',	17010.00,	0,	'0000-00-00',	0,	'',	'0000-00-00 00:00:00',	10,	'2019-08-31 20:43:29',	10,	0),
(157,	'2019-05-31',	'1905157',	90,	'School fee payment',	'Britney Seleina Nabaala',	1,	1,	'0',	27050.00,	0,	'0000-00-00',	0,	'',	'0000-00-00 00:00:00',	10,	'2019-08-31 20:43:29',	10,	0),
(158,	'2019-05-31',	'1905158',	91,	'School fee payment',	'Caleb Koitamet',	1,	1,	'0',	23750.00,	0,	'0000-00-00',	0,	'',	'0000-00-00 00:00:00',	10,	'2019-08-31 20:43:29',	10,	0),
(159,	'2019-05-31',	'1905159',	92,	'School fee payment',	'Cedrick Somoine Yiaile',	1,	1,	'0',	22450.00,	0,	'0000-00-00',	0,	'',	'0000-00-00 00:00:00',	10,	'2019-08-31 20:43:29',	10,	0),
(160,	'2019-05-31',	'1905160',	93,	'School fee payment',	'Daisy Muthoni',	1,	1,	'0',	10000.00,	0,	'0000-00-00',	0,	'',	'0000-00-00 00:00:00',	10,	'2019-08-31 20:43:29',	10,	0),
(161,	'2019-05-31',	'1905161',	94,	'School fee payment',	'Elizabeth Nkamasai',	1,	1,	'0',	17050.00,	0,	'0000-00-00',	0,	'',	'0000-00-00 00:00:00',	10,	'2019-08-31 20:43:29',	10,	0),
(162,	'2019-05-31',	'1905162',	95,	'School fee payment',	'Elvis Kuntai',	1,	1,	'0',	20850.00,	0,	'0000-00-00',	0,	'',	'0000-00-00 00:00:00',	10,	'2019-08-31 20:43:29',	10,	0),
(163,	'2019-05-31',	'1905163',	96,	'School fee payment',	'Faiza Feizal',	1,	1,	'0',	18850.00,	0,	'0000-00-00',	0,	'',	'0000-00-00 00:00:00',	10,	'2019-08-31 20:43:29',	10,	0),
(164,	'2019-05-31',	'1905164',	97,	'School fee payment',	'Frank Nderitu',	1,	1,	'0',	14850.00,	0,	'0000-00-00',	0,	'',	'0000-00-00 00:00:00',	10,	'2019-08-31 20:43:29',	10,	0),
(165,	'2019-05-31',	'1905165',	98,	'School fee payment',	'Kelvin Karanja',	1,	1,	'0',	20000.00,	0,	'0000-00-00',	0,	'',	'0000-00-00 00:00:00',	10,	'2019-08-31 20:43:29',	10,	0),
(166,	'2019-05-31',	'1905166',	99,	'School fee payment',	'Kyle Lelit',	1,	1,	'0',	18000.00,	0,	'0000-00-00',	0,	'',	'0000-00-00 00:00:00',	10,	'2019-08-31 20:43:29',	10,	0),
(167,	'2019-05-31',	'1905167',	100,	'School fee payment',	'Maryanne Mwikali',	1,	1,	'0',	17550.00,	0,	'0000-00-00',	0,	'',	'0000-00-00 00:00:00',	10,	'2019-08-31 20:43:29',	10,	0),
(168,	'2019-05-31',	'1905168',	101,	'School fee payment',	'Melky Kiriama',	1,	1,	'0',	7000.00,	0,	'0000-00-00',	0,	'',	'0000-00-00 00:00:00',	10,	'2019-08-31 20:43:29',	10,	0),
(169,	'2019-05-31',	'1905169',	102,	'School fee payment',	'Nataly Nemayian',	1,	1,	'0',	9000.00,	0,	'0000-00-00',	0,	'',	'0000-00-00 00:00:00',	10,	'2019-08-31 20:43:29',	10,	0),
(170,	'2019-05-31',	'1905170',	103,	'School fee payment',	'Nemuel Kenyani',	1,	1,	'0',	7000.00,	0,	'0000-00-00',	0,	'',	'0000-00-00 00:00:00',	10,	'2019-08-31 20:43:29',	10,	0),
(171,	'2019-05-31',	'1905171',	104,	'School fee payment',	'Newton Mwangi',	1,	1,	'0',	9350.00,	0,	'0000-00-00',	0,	'',	'0000-00-00 00:00:00',	10,	'2019-08-31 20:43:29',	10,	0),
(172,	'2019-05-31',	'1905172',	118,	'School fee payment',	'Osteen Ngatia',	1,	1,	'0',	9350.00,	0,	'0000-00-00',	0,	'',	'0000-00-00 00:00:00',	10,	'2019-08-31 20:43:29',	10,	0),
(173,	'2019-05-31',	'1905173',	105,	'School fee payment',	'Patrick Lemein',	1,	1,	'0',	20250.00,	0,	'0000-00-00',	0,	'',	'0000-00-00 00:00:00',	10,	'2019-08-31 20:43:29',	10,	0),
(174,	'2019-05-31',	'1905174',	106,	'School fee payment',	'Pauline Muthoni',	1,	1,	'0',	17580.00,	0,	'0000-00-00',	0,	'',	'0000-00-00 00:00:00',	10,	'2019-08-31 20:43:29',	10,	0),
(175,	'2019-05-31',	'1905175',	107,	'School fee payment',	'Prince Lovel Lekishon',	1,	1,	'0',	23050.00,	0,	'0000-00-00',	0,	'',	'0000-00-00 00:00:00',	10,	'2019-08-31 20:43:29',	10,	0),
(176,	'2019-05-31',	'1905176',	108,	'School fee payment',	'Prince Gitu',	1,	1,	'0',	16850.00,	0,	'0000-00-00',	0,	'',	'0000-00-00 00:00:00',	10,	'2019-08-31 20:43:29',	10,	0),
(177,	'2019-05-31',	'1905177',	109,	'School fee payment',	'Prytoniah Loigero',	1,	1,	'0',	24850.00,	0,	'0000-00-00',	0,	'',	'0000-00-00 00:00:00',	10,	'2019-09-01 13:03:17',	10,	8),
(178,	'2019-05-31',	'1905178',	110,	'School fee payment',	'Purity Saitoti',	1,	1,	'0',	21850.00,	0,	'0000-00-00',	0,	'',	'0000-00-00 00:00:00',	10,	'2019-08-31 20:43:29',	10,	0),
(179,	'2019-05-31',	'1905179',	111,	'School fee payment',	'Samuel Ndanyi',	1,	1,	'0',	20850.00,	0,	'0000-00-00',	0,	'',	'0000-00-00 00:00:00',	10,	'2019-08-31 20:43:29',	10,	0),
(180,	'2019-05-31',	'1905180',	112,	'School fee payment',	'Sarah Wangui Kenda',	1,	1,	'0',	22250.00,	0,	'0000-00-00',	0,	'',	'0000-00-00 00:00:00',	10,	'2019-08-31 20:43:29',	10,	0),
(181,	'2019-05-31',	'1905181',	113,	'School fee payment',	'Sasha Reson Parsitau',	1,	1,	'0',	23050.00,	0,	'0000-00-00',	0,	'',	'0000-00-00 00:00:00',	10,	'2019-08-31 20:43:29',	10,	0),
(182,	'2019-05-31',	'1905182',	114,	'School fee payment',	'Shadrack L Mosiro',	1,	1,	'0',	14850.00,	0,	'0000-00-00',	0,	'',	'0000-00-00 00:00:00',	10,	'2019-08-31 20:43:29',	10,	0),
(183,	'2019-05-31',	'1905183',	115,	'School fee payment',	'Shan S Loishorua',	1,	1,	'0',	17550.00,	0,	'0000-00-00',	0,	'',	'0000-00-00 00:00:00',	10,	'2019-08-31 20:43:29',	10,	0),
(184,	'2019-05-31',	'1905184',	116,	'School fee payment',	'Tashley Kaarie',	1,	1,	'0',	16950.00,	0,	'0000-00-00',	0,	'',	'0000-00-00 00:00:00',	10,	'2019-08-31 20:43:29',	10,	0),
(185,	'2019-05-31',	'1905185',	117,	'School fee payment',	'Willy L Yiaile',	1,	1,	'0',	22250.00,	0,	'0000-00-00',	0,	'',	'0000-00-00 00:00:00',	10,	'2019-08-31 20:43:29',	10,	0),
(186,	'2019-05-31',	'1905186',	220,	'School fee payment',	'Nicole N Kosen',	1,	1,	'0',	23050.00,	0,	'0000-00-00',	0,	'',	'0000-00-00 00:00:00',	10,	'2019-08-31 20:43:29',	10,	0),
(187,	'2019-05-31',	'1905187',	219,	'School fee payment',	'caleb s nangari',	1,	1,	'0',	26050.00,	0,	'0000-00-00',	0,	'',	'0000-00-00 00:00:00',	10,	'2019-08-31 20:43:29',	10,	0),
(188,	'2019-05-31',	'1905188',	142,	'School fee payment',	'Ashlyn Chemutai',	1,	1,	'0',	22350.00,	0,	'0000-00-00',	0,	'',	'0000-00-00 00:00:00',	10,	'2019-08-31 20:43:29',	10,	0),
(189,	'2019-05-31',	'1905189',	143,	'School fee payment',	'Christabel B Makori',	1,	1,	'0',	28350.00,	0,	'0000-00-00',	0,	'',	'0000-00-00 00:00:00',	10,	'2019-08-31 20:43:29',	10,	0),
(190,	'2019-05-31',	'1905190',	144,	'School fee payment',	'David L Mukishoe',	1,	1,	'0',	5000.00,	0,	'0000-00-00',	0,	'',	'0000-00-00 00:00:00',	10,	'2019-08-31 20:43:29',	10,	0),
(191,	'2019-05-31',	'1905191',	145,	'School fee payment',	'David Saidimu',	1,	1,	'0',	3000.00,	0,	'0000-00-00',	0,	'',	'0000-00-00 00:00:00',	10,	'2019-08-31 20:43:29',	10,	0),
(192,	'2019-05-31',	'1905192',	146,	'School fee payment',	'Hosea Selei',	1,	1,	'0',	10850.00,	0,	'0000-00-00',	0,	'',	'0000-00-00 00:00:00',	10,	'2019-08-31 20:43:29',	10,	0),
(193,	'2019-05-31',	'1905193',	147,	'School fee payment',	'Joymclean N Kinoru',	1,	1,	'0',	24350.00,	0,	'0000-00-00',	0,	'',	'0000-00-00 00:00:00',	10,	'2019-08-31 20:43:29',	10,	0),
(194,	'2019-05-31',	'1905194',	148,	'School fee payment',	'King Joshua Shalom',	1,	1,	'0',	26000.00,	0,	'0000-00-00',	0,	'',	'0000-00-00 00:00:00',	10,	'2019-08-31 20:43:29',	10,	0),
(195,	'2019-05-31',	'1905195',	149,	'School fee payment',	'Melvin Ledama Kishoiyan',	1,	1,	'0',	33300.00,	0,	'0000-00-00',	0,	'',	'0000-00-00 00:00:00',	10,	'2019-08-31 20:43:29',	10,	0),
(196,	'2019-05-31',	'1905196',	150,	'School fee payment',	'Meyer Sitatian',	1,	1,	'0',	28350.00,	0,	'0000-00-00',	0,	'',	'0000-00-00 00:00:00',	10,	'2019-08-31 20:43:29',	10,	0),
(197,	'2019-05-31',	'1905197',	151,	'School fee payment',	'Noeline S. Leyian',	1,	1,	'0',	27550.00,	0,	'0000-00-00',	0,	'',	'0000-00-00 00:00:00',	10,	'2019-08-31 20:43:29',	10,	0),
(198,	'2019-05-31',	'1905198',	152,	'School fee payment',	'Ryan K Koileken',	1,	1,	'0',	16350.00,	0,	'0000-00-00',	0,	'',	'0000-00-00 00:00:00',	10,	'2019-08-31 20:43:29',	10,	0),
(199,	'2019-05-31',	'1905199',	153,	'School fee payment',	'Sajid Feisal',	1,	1,	'0',	20350.00,	0,	'0000-00-00',	0,	'',	'0000-00-00 00:00:00',	10,	'2019-08-31 20:43:29',	10,	0),
(200,	'2019-05-31',	'1905200',	154,	'School fee payment',	'Sasha Mashipei',	1,	1,	'0',	27750.00,	0,	'0000-00-00',	0,	'',	'0000-00-00 00:00:00',	10,	'2019-08-31 20:43:29',	10,	0),
(201,	'2019-05-31',	'1905201',	155,	'School fee payment',	'Xavier Lempiris Leposo',	1,	1,	'0',	27350.00,	0,	'0000-00-00',	0,	'',	'0000-00-00 00:00:00',	10,	'2019-08-31 20:43:29',	10,	0),
(202,	'2019-05-31',	'1905202',	223,	'School fee payment',	'Awath Sarara Marwa',	1,	1,	'0',	1500.00,	0,	'0000-00-00',	0,	'',	'0000-00-00 00:00:00',	10,	'2019-08-31 20:43:29',	10,	0),
(203,	'2019-05-31',	'1905203',	222,	'Academic Trip',	'Faith Naserian',	1,	1,	'0',	6000.00,	0,	'0000-00-00',	0,	'',	'0000-00-00 00:00:00',	10,	'2019-08-31 20:43:29',	10,	0),
(204,	'2019-05-31',	'1905204',	221,	'School fee payment',	'Vivian N. Gichuki',	1,	1,	'0',	24350.00,	0,	'0000-00-00',	0,	'',	'0000-00-00 00:00:00',	10,	'2019-08-31 20:43:29',	10,	0),
(205,	'2019-05-31',	'1905205',	0,	'Part Payment School System',	'Nicodemus Karisa',	2,	2,	'705',	76000.00,	1,	'2019-05-31',	0,	'',	'0000-00-00 00:00:00',	10,	'2019-09-01 13:51:22',	10,	0),
(206,	'2019-05-31',	'1905206',	0,	'Beans planting',	'Pastor Johnson Mpusia',	2,	2,	'705',	17700.00,	1,	'2019-05-31',	0,	'',	'0000-00-00 00:00:00',	10,	'2019-09-01 13:51:25',	10,	0),
(207,	'2019-05-31',	'1905207',	0,	'Petty Cash',	'Pastor Johnson Mpusia',	2,	2,	'706',	0.00,	0,	'0000-00-00',	0,	'',	'0000-00-00 00:00:00',	10,	'2019-09-01 13:51:47',	10,	0),
(208,	'2019-05-31',	'1905208',	0,	'Petty Cash',	'Pastor Johnson Mpusia',	2,	2,	'706',	2000.00,	0,	'0000-00-00',	0,	'',	'0000-00-00 00:00:00',	10,	'2019-08-31 20:43:29',	10,	0),
(209,	'2019-05-31',	'1905209',	0,	'Agro Chemicals',	'Baba Max',	2,	2,	'706',	15800.00,	0,	'0000-00-00',	0,	'',	'0000-00-00 00:00:00',	10,	'2019-08-31 20:43:29',	10,	0),
(210,	'2019-05-31',	'1905210',	0,	'Farm Labour',	'Pastor Johnson Mpusia',	2,	2,	'706',	2400.00,	0,	'0000-00-00',	0,	'',	'0000-00-00 00:00:00',	10,	'2019-08-31 20:43:29',	10,	0),
(211,	'2019-05-31',	'1905211',	0,	'Purchase of Examinations',	'Pastor Johnson Mpusia',	2,	2,	'706',	8000.00,	0,	'0000-00-00',	0,	'',	'0000-00-00 00:00:00',	10,	'2019-08-31 20:43:29',	10,	0),
(212,	'2019-05-31',	'1905212',	0,	'April salary',	'Boniface Mwanzi',	2,	2,	'707',	15520.00,	0,	'0000-00-00',	0,	'',	'0000-00-00 00:00:00',	10,	'2019-08-31 20:43:29',	10,	0),
(213,	'2019-05-31',	'1905213',	0,	'Payment for  Milk, Firewood splitting, Oduor',	'Pastor Johnson Mpusia',	2,	2,	'708',	27390.00,	0,	'0000-00-00',	0,	'',	'0000-00-00 00:00:00',	10,	'2019-08-31 20:43:29',	10,	0),
(214,	'2019-05-31',	'1905214',	0,	'Bishop\'s Kitty',	'Pastor Johnson Mpusia',	2,	2,	'709',	40000.00,	0,	'0000-00-00',	0,	'',	'0000-00-00 00:00:00',	10,	'2019-08-31 20:43:29',	10,	0),
(215,	'2019-05-31',	'1905215',	0,	'Nakola Education Office',	'Pastor Johnson Mpusia',	2,	2,	'710',	10000.00,	0,	'0000-00-00',	0,	'',	'0000-00-00 00:00:00',	10,	'2019-08-31 20:43:29',	10,	0),
(216,	'2019-05-31',	'1905216',	0,	'Daisy Salary refund',	'Daisy',	2,	2,	'710',	6000.00,	0,	'0000-00-00',	0,	'',	'0000-00-00 00:00:00',	10,	'2019-08-31 20:43:29',	10,	0),
(217,	'2019-05-31',	'1905217',	0,	'Popong Tokens',	'Pastor Johnson Mpusia',	2,	2,	'710',	1500.00,	0,	'0000-00-00',	0,	'',	'0000-00-00 00:00:00',	10,	'2019-08-31 20:43:29',	10,	0),
(218,	'2019-05-31',	'1905218',	0,	'NSSF',	'NSSF',	2,	2,	'712',	29040.00,	0,	'0000-00-00',	0,	'',	'0000-00-00 00:00:00',	10,	'2019-08-31 20:43:29',	10,	0),
(219,	'2019-05-31',	'1905219',	0,	'NHIF',	'NHIF',	2,	2,	'713',	9850.00,	0,	'0000-00-00',	0,	'',	'0000-00-00 00:00:00',	10,	'2019-08-31 20:43:29',	10,	0),
(220,	'2019-05-31',	'1905220',	0,	'Payment for meat Supply',	'Parsimei Ole Kipaken',	2,	2,	'714',	14270.00,	0,	'0000-00-00',	0,	'',	'0000-00-00 00:00:00',	10,	'2019-08-31 20:43:29',	10,	0),
(221,	'2019-05-31',	'1905221',	0,	'milk supply for april',	'lucy nooseli',	2,	2,	'715',	13020.00,	0,	'0000-00-00',	0,	'',	'0000-00-00 00:00:00',	10,	'2019-08-31 20:43:29',	10,	0),
(222,	'2019-05-31',	'1905222',	0,	'second instalment bill',	'kenya power',	2,	2,	'716',	39815.00,	0,	'0000-00-00',	0,	'',	'0000-00-00 00:00:00',	10,	'2019-08-31 20:43:29',	10,	0),
(223,	'2019-05-31',	'1905223',	0,	'WATER BILL',	'NAROK WATER',	2,	2,	'717',	5000.00,	0,	'0000-00-00',	0,	'',	'0000-00-00 00:00:00',	10,	'2019-08-31 20:43:29',	10,	0),
(224,	'2019-05-31',	'1905224',	0,	'Petty Cash',	'PST JOHNSON MPUSIA',	2,	2,	'718',	18600.00,	0,	'0000-00-00',	0,	'',	'0000-00-00 00:00:00',	10,	'2019-08-31 20:43:29',	10,	0),
(225,	'2019-05-31',	'1905225',	0,	'BISHOPS TRANSPORT',	'PST JOHNSON MPUSIA',	2,	2,	'719',	10000.00,	0,	'0000-00-00',	0,	'',	'0000-00-00 00:00:00',	10,	'2019-08-31 20:43:29',	10,	0),
(227,	'2019-05-31',	'1905227',	0,	'TONNER,ADOPTER,BULBS,FILES,GUMBOOTS',	'PST JOHNSON MPUSIA',	2,	2,	'720',	5200.00,	0,	'0000-00-00',	0,	'',	'0000-00-00 00:00:00',	10,	'2019-08-31 20:43:29',	10,	0),
(228,	'2019-05-31',	'1905228',	0,	'DATA BUNDLES,',	'Pastor Johnson Mpusia',	2,	2,	'720',	1000.00,	0,	'0000-00-00',	0,	'',	'0000-00-00 00:00:00',	10,	'2019-08-31 20:43:29',	10,	0),
(229,	'2019-05-31',	'1905229',	0,	'WATER REFIL',	'Pastor Johnson Mpusia',	2,	2,	'720',	605.00,	0,	'0000-00-00',	0,	'',	'0000-00-00 00:00:00',	10,	'2019-08-31 20:43:29',	10,	0),
(230,	'2019-05-31',	'1905230',	0,	'Swimming',	'Pastor Johnson Mpusia',	2,	2,	'720',	4000.00,	0,	'0000-00-00',	0,	'',	'0000-00-00 00:00:00',	10,	'2019-08-31 20:43:29',	10,	0),
(231,	'2019-05-31',	'1905231',	0,	'Singing Game &oil,  Fuel & transport',	'Pastor Johnson Mpusia',	2,	2,	'720',	30500.00,	0,	'0000-00-00',	0,	'',	'0000-00-00 00:00:00',	10,	'2019-08-31 20:43:29',	10,	0),
(232,	'2019-05-31',	'1905232',	0,	'shamba and vegetables',	'Pastor Johnson Mpusia',	2,	2,	'720',	4100.00,	0,	'0000-00-00',	0,	'',	'0000-00-00 00:00:00',	10,	'2019-08-31 20:43:29',	10,	0),
(233,	'2019-05-31',	'1905233',	0,	'teachers appreciation',	'teachers',	2,	2,	'721',	4000.00,	0,	'0000-00-00',	0,	'',	'0000-00-00 00:00:00',	10,	'2019-08-31 20:43:29',	10,	0),
(234,	'2019-05-31',	'1905234',	0,	'gifts',	'emillia and jonna',	2,	2,	'721',	7000.00,	0,	'0000-00-00',	0,	'',	'0000-00-00 00:00:00',	10,	'2019-08-31 20:43:29',	10,	0),
(235,	'2019-05-31',	'1905235',	0,	'fuel',	'Pastor Johnson Mpusia',	2,	2,	'722',	20700.00,	0,	'0000-00-00',	0,	'',	'0000-00-00 00:00:00',	10,	'2019-08-31 20:43:29',	10,	0),
(236,	'2019-05-31',	'1905236',	0,	'swimming bills',	'Pastor Johnson Mpusia',	2,	2,	'722',	4000.00,	0,	'0000-00-00',	0,	'',	'0000-00-00 00:00:00',	10,	'2019-08-31 20:43:29',	10,	0),
(237,	'2019-05-31',	'1905237',	0,	'school milk',	'Pastor Johnson Mpusia',	2,	2,	'723',	21000.00,	0,	'0000-00-00',	0,	'',	'0000-00-00 00:00:00',	10,	'2019-08-31 20:43:29',	10,	0),
(238,	'2019-05-31',	'1905238',	0,	'fridge purchase',	'sweedish sisters',	2,	2,	'724',	13000.00,	0,	'0000-00-00',	0,	'',	'0000-00-00 00:00:00',	10,	'2019-08-31 20:43:29',	10,	0),
(239,	'2019-05-31',	'1905239',	0,	'stamps and stationery',	'Pastor Johnson Mpusia',	2,	2,	'724',	9500.00,	0,	'0000-00-00',	0,	'',	'0000-00-00 00:00:00',	10,	'2019-08-31 20:43:29',	10,	0),
(240,	'2019-05-31',	'1905240',	0,	'market expenses',	'Pastor Johnson Mpusia',	2,	2,	'724',	1000.00,	0,	'0000-00-00',	0,	'',	'0000-00-00 00:00:00',	10,	'2019-08-31 20:43:29',	10,	0),
(241,	'2019-05-31',	'1905241',	0,	'Transfer to church account for salary payment',	'Pastor Johnson Mpusia',	2,	2,	'726',	49000.00,	0,	'0000-00-00',	0,	'',	'0000-00-00 00:00:00',	10,	'2019-08-31 20:43:29',	10,	0),
(242,	'2019-05-31',	'1905242',	0,	'School Salaries',	'Family bank',	2,	2,	'727',	240110.00,	0,	'0000-00-00',	0,	'',	'0000-00-00 00:00:00',	10,	'2019-08-31 20:43:29',	10,	0),
(243,	'2019-05-31',	'1905243',	0,	'Tr Eunice, Tr Boniface, mum',	'Pastor Johnson Mpusia',	2,	2,	'728',	37920.00,	0,	'0000-00-00',	0,	'',	'0000-00-00 00:00:00',	10,	'2019-08-31 20:43:29',	10,	0),
(244,	'2019-05-31',	'1905244',	0,	'Ndengu & petty cash',	'Pastor Johnson Mpusia',	2,	2,	'728',	15500.00,	0,	'0000-00-00',	0,	'',	'0000-00-00 00:00:00',	10,	'2019-08-31 20:43:29',	10,	0),
(245,	'2019-05-31',	'1905245',	0,	'stationery & moto...',	'Pastor Johnson Mpusia',	2,	2,	'728',	2600.00,	0,	'0000-00-00',	0,	'',	'0000-00-00 00:00:00',	10,	'2019-08-31 20:43:29',	10,	0),
(246,	'2019-05-31',	'1905246',	0,	'data bundles',	'Pastor Johnson Mpusia',	2,	2,	'728',	1000.00,	0,	'0000-00-00',	0,	'',	'0000-00-00 00:00:00',	10,	'2019-08-31 20:43:29',	10,	0),
(247,	'2019-05-31',	'1905247',	0,	'Milk Supply for May',	'Lucy Nooseli',	2,	2,	'729',	24710.00,	0,	'0000-00-00',	0,	'',	'0000-00-00 00:00:00',	10,	'2019-08-31 20:43:29',	10,	0),
(248,	'2019-05-31',	'1905248',	0,	'Fuel',	'Pastor Johnson Mpusia',	2,	2,	'730',	30700.00,	0,	'0000-00-00',	0,	'',	'0000-00-00 00:00:00',	10,	'2019-08-31 20:43:29',	10,	0),
(249,	'2019-05-31',	'1905249',	0,	'Shopping & Shamba',	'Pastor Johnson Mpusia',	2,	2,	'730',	17700.00,	0,	'0000-00-00',	0,	'',	'0000-00-00 00:00:00',	10,	'2019-08-31 20:43:29',	10,	0),
(250,	'2019-05-31',	'1905250',	0,	'Dadys Children, bishop\'s fuel, mum',	'Pastor Johnson Mpusia',	2,	2,	'731',	40000.00,	0,	'0000-00-00',	0,	'',	'0000-00-00 00:00:00',	10,	'2019-08-31 20:43:29',	10,	0),
(251,	'2019-05-31',	'1905251',	0,	'Examinations',	'Pastor Johnson Mpusia',	2,	2,	'731',	8000.00,	0,	'0000-00-00',	0,	'',	'0000-00-00 00:00:00',	10,	'2019-08-31 20:43:29',	10,	0),
(252,	'2019-05-31',	'1905252',	0,	'Petty Cash',	'Pastor Johnson Mpusia',	2,	2,	'731',	3000.00,	0,	'0000-00-00',	0,	'',	'0000-00-00 00:00:00',	10,	'2019-08-31 20:43:29',	10,	0),
(253,	'2019-05-31',	'1905253',	0,	'gas',	'Pastor Johnson Mpusia',	2,	2,	'731',	1000.00,	0,	'0000-00-00',	0,	'',	'0000-00-00 00:00:00',	10,	'2019-08-31 20:43:29',	10,	0),
(254,	'2019-05-31',	'1905254',	0,	'data bundles',	'Pastor Johnson Mpusia',	2,	2,	'731',	1000.00,	0,	'0000-00-00',	0,	'',	'0000-00-00 00:00:00',	10,	'2019-08-31 20:43:29',	10,	0),
(255,	'2019-05-31',	'1905255',	0,	'Meat supplied in May',	'Parsimei Kipaken',	2,	2,	'732',	16830.00,	0,	'0000-00-00',	0,	'',	'0000-00-00 00:00:00',	10,	'2019-08-31 20:43:29',	10,	0),
(256,	'2019-05-31',	'1905256',	0,	'NSSF May',	'NSSF',	2,	2,	'733',	23760.00,	0,	'0000-00-00',	0,	'',	'0000-00-00 00:00:00',	10,	'2019-08-31 20:43:29',	10,	0),
(257,	'2019-05-31',	'1905257',	0,	'NHIF May',	'NHIF',	2,	2,	'734',	7750.00,	0,	'0000-00-00',	0,	'',	'0000-00-00 00:00:00',	10,	'2019-08-31 20:43:29',	10,	0),
(258,	'2019-05-31',	'1905258',	0,	'3rd instalment bill',	'Kenya Power',	2,	2,	'736',	39815.00,	0,	'0000-00-00',	0,	'',	'0000-00-00 00:00:00',	10,	'2019-08-31 20:43:29',	10,	0),
(259,	'2019-05-31',	'1905259',	0,	'Ritika',	'Pastor Johnson Mpusia',	2,	2,	'737',	30000.00,	0,	'0000-00-00',	0,	'',	'0000-00-00 00:00:00',	10,	'2019-08-31 20:43:29',	10,	0),
(260,	'2019-05-31',	'1905260',	0,	'Girls rent',	'Pastor Johnson Mpusia',	2,	2,	'737',	10000.00,	0,	'0000-00-00',	0,	'',	'0000-00-00 00:00:00',	10,	'2019-08-31 20:43:29',	10,	0),
(261,	'2019-05-31',	'1905261',	0,	'Petty Cash',	'Pastor Johnson Mpusia',	2,	2,	'737',	5000.00,	0,	'0000-00-00',	0,	'',	'0000-00-00 00:00:00',	10,	'2019-08-31 20:43:29',	10,	0),
(262,	'2019-05-31',	'1905262',	0,	'Petty Cash',	'Pastor Johnson Mpusia',	2,	2,	'738',	12000.00,	0,	'0000-00-00',	0,	'',	'0000-00-00 00:00:00',	10,	'2019-08-31 20:43:29',	10,	0),
(263,	'2019-05-31',	'1905263',	0,	'Shamba',	'Pastor Johnson Mpusia',	2,	2,	'738',	22800.00,	0,	'0000-00-00',	0,	'',	'0000-00-00 00:00:00',	10,	'2019-08-31 20:43:29',	10,	0),
(264,	'2019-05-31',	'1905264',	0,	'Books KLB',	'Pastor Johnson Mpusia',	2,	2,	'738',	14220.00,	0,	'0000-00-00',	0,	'',	'0000-00-00 00:00:00',	10,	'2019-08-31 20:43:29',	10,	0),
(265,	'2019-05-31',	'1905265',	0,	'School shopping',	'Pastor Johnson Mpusia',	2,	2,	'739',	55150.00,	0,	'0000-00-00',	0,	'',	'0000-00-00 00:00:00',	10,	'2019-08-31 20:43:29',	10,	0),
(266,	'2019-05-31',	'1905266',	0,	'KPSA',	'Pastor Johnson Mpusia',	2,	2,	'739',	7500.00,	0,	'0000-00-00',	0,	'',	'0000-00-00 00:00:00',	10,	'2019-08-31 20:43:29',	10,	0),
(267,	'2019-05-31',	'1905267',	0,	'Fuel both vans',	'Pastor Johnson Mpusia',	2,	2,	'740',	30000.00,	0,	'0000-00-00',	0,	'',	'0000-00-00 00:00:00',	10,	'2019-08-31 20:43:29',	10,	0),
(268,	'2019-05-31',	'1905268',	0,	'Petty Cash',	'Pastor Johnson Mpusia',	2,	2,	'740',	3000.00,	0,	'0000-00-00',	0,	'',	'0000-00-00 00:00:00',	10,	'2019-08-31 20:43:29',	10,	0),
(269,	'2019-05-31',	'1905269',	0,	'Mission',	'Pastor Johnson Mpusia',	2,	2,	'741',	15500.00,	0,	'0000-00-00',	0,	'',	'0000-00-00 00:00:00',	10,	'2019-08-31 20:43:29',	10,	0),
(270,	'2019-05-31',	'1905270',	0,	'Shamba & Petty Cash & others',	'Pastor Johnson Mpusia',	2,	2,	'742',	15200.00,	0,	'0000-00-00',	0,	'',	'0000-00-00 00:00:00',	10,	'2019-08-31 20:43:29',	10,	0),
(271,	'2019-05-31',	'1905271',	0,	'Generator fuel',	'Pastor Johnson Mpusia',	2,	2,	'742',	3000.00,	0,	'0000-00-00',	0,	'',	'0000-00-00 00:00:00',	10,	'2019-08-31 20:43:29',	10,	0),
(272,	'2019-05-31',	'1905272',	0,	'School milk',	'Pastor Johnson Mpusia',	2,	2,	'744',	21000.00,	0,	'0000-00-00',	0,	'',	'0000-00-00 00:00:00',	10,	'2019-08-31 20:43:29',	10,	0),
(273,	'2019-05-31',	'1905273',	0,	'sports day',	'Pastor Johnson Mpusia',	2,	2,	'744',	9500.00,	0,	'0000-00-00',	0,	'',	'0000-00-00 00:00:00',	10,	'2019-08-31 20:43:29',	10,	0),
(274,	'2019-05-31',	'1905274',	0,	'reams of paper',	'Pastor Johnson Mpusia',	2,	2,	'744',	2000.00,	0,	'0000-00-00',	0,	'',	'0000-00-00 00:00:00',	10,	'2019-08-31 20:43:29',	10,	0),
(275,	'2019-05-31',	'1905275',	0,	'millicent uniform',	'Pastor Johnson Mpusia',	2,	2,	'5900',	5900.00,	0,	'0000-00-00',	0,	'',	'0000-00-00 00:00:00',	10,	'2019-08-31 20:43:29',	10,	0),
(276,	'2019-05-31',	'1905276',	0,	'Fuel',	'Pastor Johnson Mpusia',	2,	2,	'744',	30130.00,	0,	'0000-00-00',	0,	'',	'0000-00-00 00:00:00',	10,	'2019-08-31 20:43:29',	10,	0),
(277,	'2019-05-31',	'1905277',	0,	'Shamba',	'Pastor Johnson Mpusia',	2,	2,	'744',	2650.00,	0,	'0000-00-00',	0,	'',	'0000-00-00 00:00:00',	10,	'2019-08-31 20:43:29',	10,	0),
(278,	'2019-05-31',	'1905278',	0,	'Playing items',	'Pastor Florence Kashaa',	2,	2,	'746',	10000.00,	0,	'0000-00-00',	0,	'',	'0000-00-00 00:00:00',	10,	'2019-08-31 20:43:29',	10,	0),
(279,	'2019-05-31',	'1905279',	0,	'CBC Teachers training',	'pastor Florence Kashaa',	2,	2,	'746',	10400.00,	0,	'0000-00-00',	0,	'',	'0000-00-00 00:00:00',	10,	'2019-08-31 20:43:29',	10,	0),
(280,	'2019-05-31',	'1905280',	0,	'Transfer to equity school account for trip',	'Door of Hope C. School',	2,	2,	'747',	154400.00,	0,	'0000-00-00',	0,	'',	'0000-00-00 00:00:00',	10,	'2019-08-31 20:43:29',	10,	0),
(281,	'2019-05-31',	'1905281',	0,	'salaries for june',	'Family bank ',	2,	2,	'748',	235929.00,	0,	'0000-00-00',	0,	'',	'0000-00-00 00:00:00',	10,	'2019-08-31 20:43:29',	10,	0),
(282,	'2019-05-31',	'1905282',	0,	'Trip, Part of salaries',	'Pastor Johnson Mpusia',	2,	2,	'749',	123300.00,	0,	'0000-00-00',	0,	'',	'0000-00-00 00:00:00',	10,	'2019-08-31 20:43:29',	10,	0),
(283,	'2019-05-31',	'1905283',	0,	'School pupils trip to Nairobi',	'Pastor Johnson Mpusia',	2,	2,	'750',	112000.00,	0,	'0000-00-00',	0,	'',	'0000-00-00 00:00:00',	10,	'2019-08-31 20:43:29',	10,	0),
(284,	'2019-05-31',	'1905284',	0,	'Facilitation for teacher on CBC',	'Pastor Johnson Mpusia',	2,	2,	'751',	10000.00,	0,	'0000-00-00',	0,	'',	'0000-00-00 00:00:00',	10,	'2019-08-31 20:43:29',	10,	0),
(285,	'2019-05-31',	'1905285',	0,	'Water bill',	'Narok water',	2,	2,	'752',	24600.00,	0,	'0000-00-00',	0,	'',	'0000-00-00 00:00:00',	10,	'2019-08-31 20:43:29',	10,	0),
(286,	'2019-05-31',	'1905286',	0,	'Postal annual bill',	'Postal corporation of Kenya',	2,	2,	'753',	7725.00,	0,	'0000-00-00',	0,	'',	'0000-00-00 00:00:00',	10,	'2019-08-31 20:43:29',	10,	0),
(287,	'2019-05-31',	'1905287',	0,	'Milk supplied in june',	'Angela Soile Kipai',	2,	2,	'754',	17460.00,	0,	'0000-00-00',	0,	'',	'0000-00-00 00:00:00',	10,	'2019-08-31 20:43:29',	10,	0),
(288,	'2019-05-31',	'1905288',	0,	'NSSF JUNE',	'NSSF',	2,	2,	'755',	25520.00,	0,	'0000-00-00',	0,	'',	'0000-00-00 00:00:00',	10,	'2019-08-31 20:43:29',	10,	0),
(289,	'2019-05-31',	'1905289',	0,	'NHIF JUNE',	'NHIF',	2,	2,	'756',	8150.00,	0,	'0000-00-00',	0,	'',	'0000-00-00 00:00:00',	10,	'2019-08-31 20:43:29',	10,	0),
(290,	'2019-05-31',	'1905290',	0,	'Car repairs',	'Pastor Johnson Mpusia',	2,	2,	'757',	35000.00,	0,	'0000-00-00',	0,	'',	'0000-00-00 00:00:00',	10,	'2019-08-31 20:43:29',	10,	0),
(291,	'2019-05-31',	'1905291',	0,	'Pastor Florence Kashaa',	'Pastor Florence Kashaa',	2,	2,	'757',	15000.00,	0,	'0000-00-00',	0,	'',	'0000-00-00 00:00:00',	10,	'2019-08-31 20:43:29',	10,	0),
(292,	'2019-05-31',	'1905292',	0,	'fuel',	'Pastor Johnson Mpusia',	2,	2,	'757',	10000.00,	0,	'0000-00-00',	0,	'',	'0000-00-00 00:00:00',	10,	'2019-08-31 20:43:29',	10,	0),
(293,	'2019-05-31',	'1905293',	0,	'PAYE',	'KRA',	2,	2,	'759',	1932.00,	0,	'0000-00-00',	0,	'',	'0000-00-00 00:00:00',	10,	'2019-08-31 20:43:29',	10,	0),
(294,	'2019-05-31',	'1905294',	0,	'Drinking water, makaa, yeast, baking powder, office serviettes, shamba',	'Pastor Johnson Mpusia',	2,	2,	'760',	6830.00,	0,	'0000-00-00',	0,	'',	'0000-00-00 00:00:00',	10,	'2019-08-31 20:43:29',	10,	0),
(295,	'2019-05-31',	'1905295',	0,	'Stationery',	'Pastor Johnson Mpusia',	2,	2,	'760',	6000.00,	0,	'0000-00-00',	0,	'',	'0000-00-00 00:00:00',	10,	'2019-08-31 20:43:29',	10,	0),
(296,	'2019-05-31',	'1905296',	0,	'Fuel',	'Pastor Johnson Mpusia',	2,	2,	'760',	30140.00,	0,	'0000-00-00',	0,	'',	'0000-00-00 00:00:00',	10,	'2019-08-31 20:43:29',	10,	0),
(297,	'2019-05-31',	'1905297',	0,	'Airtime',	'Pastor Johnson Mpusia',	2,	2,	'760',	1000.00,	0,	'0000-00-00',	0,	'',	'0000-00-00 00:00:00',	10,	'2019-08-31 20:43:29',	10,	0),
(298,	'2019-05-31',	'1905298',	0,	'Grade 3 - 6 Tour  expenses',	'Pastor Johnson Mpusia',	2,	2,	'761',	142600.00,	0,	'0000-00-00',	0,	'',	'0000-00-00 00:00:00',	10,	'2019-08-31 20:43:29',	10,	0),
(299,	'2019-05-31',	'1905299',	0,	'POWER BILLS',	'KENYA POWER',	2,	2,	'763',	48880.00,	0,	'0000-00-00',	0,	'',	'0000-00-00 00:00:00',	10,	'2019-08-31 20:43:29',	10,	0),
(300,	'2019-05-31',	'1905300',	0,	'purchase Lenovo Thinkpad laptop',	'Ritamar Computers',	2,	2,	'764',	35000.00,	0,	'0000-00-00',	0,	'',	'0000-00-00 00:00:00',	10,	'2019-08-31 20:43:29',	10,	0),
(301,	'2019-05-31',	'1905301',	0,	'Meat supplied June',	'Parsimei Kipaken',	2,	2,	'765',	25740.00,	0,	'0000-00-00',	0,	'',	'0000-00-00 00:00:00',	10,	'2019-08-31 20:43:29',	10,	0),
(302,	'2019-05-31',	'1905302',	0,	'Agrochemicals, petty cash, Maize sieving',	'Pastor Johnson Mpusia',	2,	2,	'766',	11000.00,	0,	'0000-00-00',	0,	'',	'0000-00-00 00:00:00',	10,	'2019-08-31 20:43:29',	10,	0),
(303,	'2019-05-31',	'1905303',	0,	'Trip bus fuel',	'Pastor Johnson Mpusia',	2,	2,	'766',	5000.00,	0,	'0000-00-00',	0,	'',	'0000-00-00 00:00:00',	10,	'2019-08-31 20:43:29',	10,	0),
(304,	'2019-05-31',	'1905304',	0,	'Equity loan repayment',	'Pastor Johnson Mpusia',	2,	2,	'767',	30000.00,	0,	'0000-00-00',	0,	'',	'0000-00-00 00:00:00',	10,	'2019-08-31 20:43:29',	10,	0),
(305,	'2019-05-31',	'1905305',	0,	'Petty Cash',	'Pastor Johnson Mpusia',	2,	2,	'767',	5000.00,	0,	'0000-00-00',	0,	'',	'0000-00-00 00:00:00',	10,	'2019-08-31 20:43:29',	10,	0),
(306,	'2019-05-31',	'1905306',	0,	'brooms, detergents, leather cleaner',	'Pastor Johnson Mpusia',	2,	2,	'768',	4820.00,	0,	'0000-00-00',	0,	'',	'0000-00-00 00:00:00',	10,	'2019-08-31 20:43:29',	10,	0),
(307,	'2019-05-31',	'1905307',	0,	'School milk',	'Pastor Johnson Mpusia',	2,	2,	'768',	10500.00,	0,	'0000-00-00',	0,	'',	'0000-00-00 00:00:00',	10,	'2019-08-31 20:43:29',	10,	0),
(308,	'2019-05-31',	'1905308',	0,	'Drivers balance bus',	'Pastor Johnson Mpusia',	2,	2,	'768',	500.00,	0,	'0000-00-00',	0,	'',	'0000-00-00 00:00:00',	10,	'2019-08-31 20:43:29',	10,	0),
(309,	'2019-05-31',	'1905309',	0,	'KCD025N Service',	'Pastor Johnson Mpusia',	2,	2,	'768',	5000.00,	0,	'0000-00-00',	0,	'',	'0000-00-00 00:00:00',	10,	'2019-08-31 20:43:29',	10,	0),
(310,	'2019-05-31',	'1905310',	0,	'Transfer cash to bank',	'System Generated',	3,	4,	'0',	3531195.00,	0,	'0000-00-00',	0,	'',	'2019-05-31 00:00:00',	10,	'2019-08-31 20:43:29',	10,	0),
(311,	'2019-05-31',	'1905311',	180,	'School fee payment',	'Ezra Kashaa',	1,	1,	'0',	2200.00,	0,	'0000-00-00',	0,	'',	'0000-00-00 00:00:00',	10,	'2019-08-31 20:43:29',	10,	0),
(312,	'2019-05-31',	'1905312',	187,	'School fee payment',	'Liz Nyawira',	1,	1,	'0',	2550.00,	0,	'0000-00-00',	0,	'',	'0000-00-00 00:00:00',	10,	'2019-08-31 20:43:29',	10,	0),
(313,	'2019-05-31',	'1905313',	189,	'School fee payment',	'Melvin Metian',	1,	1,	'0',	2000.00,	0,	'0000-00-00',	0,	'',	'0000-00-00 00:00:00',	10,	'2019-08-31 20:43:29',	10,	0),
(314,	'2019-05-31',	'1905314',	190,	'School fee payment',	'Sapuur Myles',	1,	1,	'0',	11850.00,	0,	'0000-00-00',	0,	'',	'0000-00-00 00:00:00',	10,	'2019-08-31 20:43:29',	10,	0),
(315,	'2019-05-31',	'1905315',	192,	'School fee payment',	'Prince Lesinko',	1,	1,	'0',	4800.00,	0,	'0000-00-00',	0,	'',	'0000-00-00 00:00:00',	10,	'2019-08-31 20:43:29',	10,	0),
(316,	'2019-05-31',	'1905316',	197,	'School fee payment',	'Scholastica Namusi',	1,	1,	'0',	2800.00,	0,	'0000-00-00',	0,	'',	'0000-00-00 00:00:00',	10,	'2019-08-31 20:43:29',	10,	0),
(317,	'2019-05-31',	'1905317',	209,	'School fee payment',	'Melisa Yiantet',	1,	1,	'0',	17550.00,	0,	'0000-00-00',	0,	'',	'0000-00-00 00:00:00',	10,	'2019-08-31 20:43:29',	10,	0),
(318,	'2019-05-31',	'1905318',	211,	'School fee payment',	'Patasio Patience Lempiris',	1,	1,	'0',	2000.00,	0,	'0000-00-00',	0,	'',	'0000-00-00 00:00:00',	10,	'2019-08-31 20:43:29',	10,	0),
(319,	'2019-05-31',	'1905319',	223,	'School fee payment',	'Awath Sarara Marwa',	1,	1,	'0',	5000.00,	0,	'0000-00-00',	0,	'',	'0000-00-00 00:00:00',	10,	'2019-08-31 20:43:29',	10,	0),
(320,	'2019-05-31',	'1905320',	65,	'School fee payment',	'Ashley marino',	1,	1,	'0',	19050.00,	0,	'0000-00-00',	0,	'',	'0000-00-00 00:00:00',	10,	'2019-08-31 20:43:29',	10,	0),
(321,	'2019-05-31',	'1905321',	68,	'School fee payment',	'Davin Cherop',	1,	1,	'0',	19050.00,	0,	'0000-00-00',	0,	'',	'0000-00-00 00:00:00',	10,	'2019-08-31 20:43:29',	10,	0),
(322,	'2019-05-31',	'1905322',	70,	'School fee payment',	'Felicia Sianto',	1,	1,	'0',	9900.00,	0,	'0000-00-00',	0,	'',	'0000-00-00 00:00:00',	10,	'2019-08-31 20:43:29',	10,	0),
(323,	'2019-05-31',	'1905323',	83,	'School fee payment',	'Shantel Naserian',	1,	1,	'0',	1980.00,	0,	'0000-00-00',	0,	'',	'0000-00-00 00:00:00',	10,	'2019-08-31 20:43:29',	10,	0),
(324,	'2019-05-31',	'1905324',	84,	'School fee payment',	'Solomon Wambua',	1,	1,	'0',	2500.00,	0,	'0000-00-00',	0,	'',	'0000-00-00 00:00:00',	10,	'2019-08-31 20:43:29',	10,	0),
(325,	'2019-05-31',	'1905325',	98,	'School fee payment',	'Kelvin Karanja',	1,	1,	'0',	3000.00,	0,	'0000-00-00',	0,	'',	'0000-00-00 00:00:00',	10,	'2019-08-31 20:43:29',	10,	0),
(326,	'2019-05-31',	'1905326',	99,	'School fee payment',	'Kyle Lelit',	1,	1,	'0',	4350.00,	0,	'0000-00-00',	0,	'',	'0000-00-00 00:00:00',	10,	'2019-08-31 20:43:29',	10,	0),
(327,	'2019-05-31',	'1905327',	101,	'School fee payment',	'Melki Atuti',	1,	1,	'0',	7800.00,	0,	'0000-00-00',	0,	'',	'0000-00-00 00:00:00',	10,	'2019-08-31 20:43:29',	10,	0),
(328,	'2019-05-31',	'1905328',	102,	'School fee payment',	'Natally nemayian',	1,	1,	'0',	5850.00,	0,	'0000-00-00',	0,	'',	'0000-00-00 00:00:00',	10,	'2019-08-31 20:43:29',	10,	0),
(329,	'2019-05-31',	'1905329',	104,	'School fee payment',	'Newton Mwangi',	1,	1,	'0',	5500.00,	0,	'0000-00-00',	0,	'',	'0000-00-00 00:00:00',	10,	'2019-08-31 20:43:29',	10,	0),
(330,	'2019-05-31',	'1905330',	106,	'School fee payment',	'Pauline Muthoni',	1,	1,	'0',	3270.00,	0,	'0000-00-00',	0,	'',	'0000-00-00 00:00:00',	10,	'2019-08-31 20:43:29',	10,	0),
(331,	'2019-05-31',	'1905331',	118,	'School fee payment',	'Osteen Ngatia Maina',	1,	1,	'0',	4500.00,	0,	'0000-00-00',	0,	'',	'0000-00-00 00:00:00',	10,	'2019-08-31 20:43:29',	10,	0),
(332,	'2019-05-31',	'1905332',	121,	'School fee payment',	'Angel Natasha',	1,	1,	'0',	2000.00,	0,	'0000-00-00',	0,	'',	'0000-00-00 00:00:00',	10,	'2019-08-31 20:43:29',	10,	0),
(333,	'2019-05-31',	'1905333',	131,	'School fee payment',	'Kelma Wanjiru',	1,	1,	'0',	800.00,	0,	'0000-00-00',	0,	'',	'0000-00-00 00:00:00',	10,	'2019-08-31 20:43:29',	10,	0),
(334,	'2019-05-31',	'1905334',	135,	'School fee payment',	'Nathan Maiyan',	1,	1,	'0',	9500.00,	0,	'0000-00-00',	0,	'',	'0000-00-00 00:00:00',	10,	'2019-08-31 20:43:29',	10,	0),
(335,	'2019-05-31',	'1905335',	136,	'School fee payment',	'Reina Reson',	1,	1,	'0',	8150.00,	0,	'0000-00-00',	0,	'',	'0000-00-00 00:00:00',	10,	'2019-08-31 20:43:29',	10,	0),
(336,	'2019-05-31',	'1905336',	151,	'School fee payment',	'Noeline S. Leyian',	1,	1,	'0',	2800.00,	0,	'0000-00-00',	0,	'',	'0000-00-00 00:00:00',	10,	'2019-08-31 20:43:29',	10,	0),
(337,	'2019-05-31',	'1905337',	168,	'School fee payment',	'Sharon Bosibori',	1,	1,	'0',	3000.00,	0,	'0000-00-00',	0,	'',	'0000-00-00 00:00:00',	10,	'2019-08-31 20:43:29',	10,	0),
(338,	'2019-05-31',	'1905338',	169,	'School fee payment',	'Tracy Njeri',	1,	1,	'0',	1350.00,	0,	'0000-00-00',	0,	'',	'0000-00-00 00:00:00',	10,	'2019-08-31 20:43:29',	10,	0),
(339,	'2019-05-31',	'1905339',	6,	'School fee payment',	'Angel naserian Saitoti',	1,	1,	'0',	16850.00,	0,	'0000-00-00',	0,	'',	'0000-00-00 00:00:00',	10,	'2019-08-31 20:43:29',	10,	0),
(340,	'2019-05-31',	'1905340',	7,	'School fee payment',	'ashley Mashione',	1,	1,	'0',	18050.00,	0,	'0000-00-00',	0,	'',	'0000-00-00 00:00:00',	10,	'2019-08-31 20:43:29',	10,	0),
(341,	'2019-05-31',	'1905341',	8,	'School fee payment',	'Bradley Wandawa',	1,	1,	'0',	1000.00,	0,	'0000-00-00',	0,	'',	'0000-00-00 00:00:00',	10,	'2019-08-31 20:43:29',	10,	0),
(342,	'2019-05-31',	'1905342',	163,	'SCHOOL FEES PAYMENT',	'sophia ramadhan',	1,	1,	'0',	5000.00,	0,	'0000-00-00',	0,	'',	'0000-00-00 00:00:00',	9,	'2019-08-31 20:43:29',	9,	0),
(343,	'2019-05-31',	'1905343',	61,	'School fee payment',	'Yeva Furaha',	1,	1,	'0',	13200.00,	0,	'0000-00-00',	0,	'',	'0000-00-00 00:00:00',	10,	'2019-08-31 20:43:29',	10,	0),
(344,	'2019-05-31',	'1905344',	56,	'School fee payment',	'Tajeu Kilayo',	1,	1,	'0',	600.00,	0,	'0000-00-00',	0,	'',	'0000-00-00 00:00:00',	10,	'2019-08-31 20:43:29',	10,	0),
(345,	'2019-05-31',	'1905345',	55,	'School fee payment',	'Patience Lankisa',	1,	1,	'0',	4000.00,	0,	'0000-00-00',	0,	'',	'0000-00-00 00:00:00',	10,	'2019-08-31 20:43:29',	10,	0),
(346,	'2019-05-31',	'1905346',	28,	'School fee payment',	'Amos Melvin Letuya',	1,	1,	'0',	7850.00,	0,	'0000-00-00',	0,	'',	'0000-00-00 00:00:00',	10,	'2019-08-31 20:43:29',	10,	0),
(347,	'2019-05-31',	'1905347',	10,	'School fee payment',	'Charity Nemayian',	1,	1,	'0',	4000.00,	0,	'0000-00-00',	0,	'',	'0000-00-00 00:00:00',	10,	'2019-08-31 20:43:29',	10,	0),
(348,	'2019-05-31',	'1905348',	9,	'School fee payment',	'Brian Otieno',	1,	1,	'0',	14050.00,	0,	'0000-00-00',	0,	'',	'0000-00-00 00:00:00',	10,	'2019-08-31 20:43:29',	10,	0),
(349,	'2019-05-31',	'1905349',	12,	'School fee payment',	'Emmanuel Nderitu',	1,	1,	'0',	11850.00,	0,	'0000-00-00',	0,	'',	'0000-00-00 00:00:00',	10,	'2019-08-31 20:43:29',	10,	0),
(350,	'2019-05-31',	'1905350',	18,	'School fee payment',	'Delvin Kilorei',	1,	1,	'0',	4850.00,	0,	'0000-00-00',	0,	'',	'0000-00-00 00:00:00',	10,	'2019-08-31 20:43:29',	10,	0),
(351,	'2019-05-31',	'1905351',	21,	'School fee payment',	'Lydia Njoki Mugweru',	1,	1,	'0',	11850.00,	0,	'0000-00-00',	0,	'',	'0000-00-00 00:00:00',	10,	'2019-08-31 20:43:29',	10,	0),
(352,	'2019-05-31',	'1905352',	93,	'School fee payment',	'Daisy Muthoni',	1,	1,	'0',	10850.00,	0,	'0000-00-00',	0,	'',	'0000-00-00 00:00:00',	10,	'2019-08-31 20:43:29',	10,	0),
(353,	'2019-05-31',	'1905353',	125,	'School fee payment',	'Celestine Kerubo',	1,	1,	'0',	6000.00,	0,	'0000-00-00',	0,	'',	'0000-00-00 00:00:00',	10,	'2019-08-31 20:43:29',	10,	0),
(354,	'2019-05-31',	'1905354',	130,	'School fee payment',	'Kelly Sanayian',	1,	1,	'0',	6000.00,	0,	'0000-00-00',	0,	'',	'0000-00-00 00:00:00',	10,	'2019-08-31 20:43:29',	10,	0),
(355,	'2019-05-31',	'1905355',	166,	'School fee payment',	'Precious Naisiae',	1,	1,	'0',	6000.00,	0,	'0000-00-00',	0,	'',	'0000-00-00 00:00:00',	10,	'2019-08-31 20:43:29',	10,	0),
(356,	'2019-05-31',	'1905356',	168,	'School fee payment',	'Sharon Bosibori',	1,	1,	'0',	6000.00,	0,	'0000-00-00',	0,	'',	'0000-00-00 00:00:00',	10,	'2019-08-31 20:43:29',	10,	0),
(357,	'2019-05-31',	'1905357',	13,	'SCHOOL FEES PAYMENT',	'fridah cherop',	1,	1,	'0',	17050.00,	0,	'0000-00-00',	0,	'',	'0000-00-00 00:00:00',	9,	'2019-08-31 20:43:29',	9,	0),
(358,	'2019-05-31',	'1905358',	25,	'SCHOOL FEES PAYMENT',	'HANAN ABDI',	1,	1,	'0',	13000.00,	0,	'0000-00-00',	0,	'',	'0000-00-00 00:00:00',	9,	'2019-08-31 20:43:29',	9,	0),
(359,	'2019-05-31',	'1905359',	224,	'SCHOOL FEES PAYMENT',	'JOYLEEN NASHIPAE',	1,	1,	'0',	4000.00,	0,	'0000-00-00',	0,	'',	'0000-00-00 00:00:00',	9,	'2019-08-31 20:43:29',	9,	0),
(360,	'2019-05-31',	'1905360',	225,	'SCHOOL FEES PAYMENT',	'GIDEON KOOL',	1,	1,	'0',	17050.00,	0,	'0000-00-00',	0,	'',	'0000-00-00 00:00:00',	9,	'2019-08-31 20:43:29',	9,	0),
(361,	'2019-05-31',	'1905361',	226,	'SCHOOL FEES PAYMENT',	'ADAN BILAL',	1,	1,	'0',	11850.00,	0,	'0000-00-00',	0,	'',	'0000-00-00 00:00:00',	9,	'2019-08-31 20:43:29',	9,	0),
(362,	'2019-05-31',	'1905362',	227,	'SCHOOL FEES PAYMENT',	'BARRACK ODUPOI',	1,	1,	'0',	22050.00,	0,	'0000-00-00',	0,	'',	'0000-00-00 00:00:00',	9,	'2019-08-31 20:43:29',	9,	0),
(363,	'2019-05-31',	'1905363',	145,	'School fee payment',	'David Saidimu',	1,	1,	'0',	5850.00,	0,	'0000-00-00',	0,	'',	'0000-00-00 00:00:00',	10,	'2019-08-31 20:43:29',	10,	0),
(364,	'2019-05-31',	'1905364',	135,	'School fee payment',	'Nathan Maiyan',	1,	1,	'0',	1000.00,	0,	'0000-00-00',	0,	'',	'0000-00-00 00:00:00',	10,	'2019-08-31 20:43:29',	10,	0),
(365,	'2019-05-31',	'1905365',	103,	'School fee payment',	'Nemuel malesi',	1,	1,	'0',	8050.00,	0,	'0000-00-00',	0,	'',	'0000-00-00 00:00:00',	10,	'2019-08-31 20:43:29',	10,	0),
(366,	'2019-05-31',	'1905366',	116,	'School fee payment',	'Tashley Kaarie',	1,	1,	'0',	100.00,	0,	'0000-00-00',	0,	'',	'0000-00-00 00:00:00',	10,	'2019-08-31 20:43:29',	10,	0),
(367,	'2019-05-31',	'1905367',	118,	'School fee payment',	'Osteen Ngatia',	1,	1,	'0',	1000.00,	0,	'0000-00-00',	0,	'',	'0000-00-00 00:00:00',	10,	'2019-08-31 20:43:29',	10,	0),
(368,	'2019-05-31',	'1905368',	173,	'School fee payment',	'Abigael Tikani',	1,	1,	'0',	1650.00,	0,	'0000-00-00',	0,	'',	'0000-00-00 00:00:00',	10,	'2019-08-31 20:43:29',	10,	0),
(369,	'2019-05-31',	'1905369',	176,	'Erroneous trip charge removed against food',	'Ashley Tamira Kerubo',	1,	1,	'0',	1500.00,	0,	'0000-00-00',	0,	'',	'0000-00-00 00:00:00',	10,	'2019-08-31 20:43:29',	10,	0),
(370,	'2019-05-31',	'1905370',	180,	'School fee payment',	'Ezra Kashaa',	1,	1,	'0',	2200.00,	0,	'0000-00-00',	0,	'',	'0000-00-00 00:00:00',	10,	'2019-08-31 20:43:29',	10,	0),
(371,	'2019-05-31',	'1905371',	188,	'School fee payment',	'Lymuel Malesi',	1,	1,	'0',	4750.00,	0,	'0000-00-00',	0,	'',	'0000-00-00 00:00:00',	10,	'2019-08-31 20:43:29',	10,	0),
(372,	'2019-05-31',	'1905372',	189,	'School fee payment',	'Melvin Metian',	1,	1,	'0',	2850.00,	0,	'0000-00-00',	0,	'',	'0000-00-00 00:00:00',	10,	'2019-08-31 20:43:29',	10,	0),
(373,	'2019-05-31',	'1905373',	197,	'School fee payment',	'Scholastica Namusi',	1,	1,	'0',	1200.00,	0,	'0000-00-00',	0,	'',	'0000-00-00 00:00:00',	10,	'2019-08-31 20:43:29',	10,	0),
(374,	'2019-05-31',	'1905374',	38,	'SCHOOL FEES PAYMENT',	'gabriel kiprotich',	1,	1,	'0',	2200.00,	0,	'0000-00-00',	0,	'',	'0000-00-00 00:00:00',	9,	'2019-08-31 20:43:29',	9,	0),
(375,	'2019-05-31',	'1905375',	120,	'SCHOOL FEES PAYMENT',	'abedinego abeyi',	1,	1,	'0',	3600.00,	0,	'0000-00-00',	0,	'',	'0000-00-00 00:00:00',	9,	'2019-08-31 20:43:29',	9,	0),
(376,	'2019-05-31',	'1905376',	160,	'SCHOOL FEES PAYMENT',	'ricky esho',	1,	1,	'0',	13075.00,	0,	'0000-00-00',	0,	'',	'0000-00-00 00:00:00',	9,	'2019-08-31 20:43:29',	9,	0),
(377,	'2019-05-31',	'1905377',	217,	'SCHOOL FEES PAYMENT',	'JOSHUA KELELE',	1,	1,	'0',	3600.00,	0,	'0000-00-00',	0,	'',	'0000-00-00 00:00:00',	9,	'2019-08-31 20:43:29',	9,	0),
(378,	'2019-05-31',	'1905378',	144,	'SCHOOL FEES PAYMENT',	'JOSHUA KELELE',	1,	1,	'0',	5850.00,	0,	'0000-00-00',	0,	'',	'0000-00-00 00:00:00',	9,	'2019-08-31 20:43:29',	9,	0),
(379,	'2019-05-31',	'1905379',	185,	'SCHOOL FEES PAYMENT',	'JOYPRINCESS CHEPCHUMBA',	1,	1,	'0',	5550.00,	0,	'0000-00-00',	0,	'',	'0000-00-00 00:00:00',	9,	'2019-08-31 20:43:29',	9,	0),
(380,	'2019-05-31',	'1905380',	206,	'SCHOOL FEES PAYMENT',	'JOHNSON MPUSIA',	1,	1,	'0',	4100.00,	0,	'0000-00-00',	1,	'190561',	'0000-00-00 00:00:00',	9,	'2019-08-31 20:43:29',	9,	4),
(381,	'2019-05-31',	'1905381',	218,	'SCHOOL FEES PAYMENT',	'JOHNSON MPUSIA',	1,	1,	'0',	4100.00,	0,	'0000-00-00',	0,	'',	'0000-00-00 00:00:00',	9,	'2019-08-31 20:43:29',	9,	0),
(382,	'2019-05-31',	'1905382',	182,	'SCHOOL FEES PAYMENT',	'GLORIA MUTHONI',	1,	1,	'0',	250.00,	0,	'0000-00-00',	0,	'',	'0000-00-00 00:00:00',	9,	'2019-08-31 20:43:29',	9,	0),
(383,	'2019-05-31',	'1905383',	157,	'School fee payment',	'Austine Lekishon',	1,	1,	'0',	2665.00,	0,	'0000-00-00',	0,	'',	'0000-00-00 00:00:00',	10,	'2019-08-31 20:43:29',	10,	0),
(384,	'2019-05-31',	'1905384',	129,	'School fee payment',	'Fridah Nduko',	1,	1,	'0',	3200.00,	0,	'0000-00-00',	0,	'',	'0000-00-00 00:00:00',	10,	'2019-08-31 20:43:29',	10,	0),
(385,	'2019-05-31',	'1905385',	51,	'School fee payment',	'Natally Wanjiru',	1,	1,	'0',	2350.00,	0,	'0000-00-00',	0,	'',	'0000-00-00 00:00:00',	10,	'2019-08-31 20:43:29',	10,	0),
(386,	'2019-05-31',	'1905386',	10,	'School fee payment',	'Charity Nemayian Kiwara',	1,	1,	'0',	15850.00,	0,	'0000-00-00',	0,	'',	'0000-00-00 00:00:00',	10,	'2019-08-31 20:43:29',	10,	0),
(387,	'2019-05-31',	'1905387',	210,	'2200 balanced against trip that wasnt to be charged',	'Nadia Njeri',	1,	1,	'0',	2400.00,	0,	'0000-00-00',	0,	'',	'0000-00-00 00:00:00',	10,	'2019-08-31 20:43:29',	10,	0),
(388,	'2019-05-31',	'1905388',	202,	'School fee payment',	'Valary Nengoboe',	1,	1,	'0',	2015.00,	0,	'0000-00-00',	0,	'',	'0000-00-00 00:00:00',	10,	'2019-08-31 20:43:29',	10,	0),
(389,	'2019-05-31',	'1905389',	101,	'School fee payment',	'Melki Atuti',	1,	1,	'0',	2000.00,	0,	'0000-00-00',	0,	'',	'0000-00-00 00:00:00',	10,	'2019-08-31 20:43:29',	10,	0),
(390,	'2019-05-31',	'1905390',	119,	'SCHOOL FEES PAYMENT',	'leken karino',	1,	1,	'0',	40.00,	0,	'0000-00-00',	0,	'',	'0000-00-00 00:00:00',	9,	'2019-08-31 20:43:29',	9,	0),
(391,	'2019-05-31',	'1905391',	124,	'SCHOOL FEES PAYMENT',	'brooklyn wandawa',	1,	1,	'0',	1500.00,	0,	'0000-00-00',	0,	'',	'0000-00-00 00:00:00',	9,	'2019-08-31 20:43:29',	9,	0),
(392,	'2019-05-31',	'1905392',	125,	'SCHOOL FEES PAYMENT',	'celestine kerubo',	1,	1,	'0',	4000.00,	0,	'0000-00-00',	0,	'',	'0000-00-00 00:00:00',	9,	'2019-08-31 20:43:29',	9,	0),
(393,	'2019-05-31',	'1905393',	135,	'SCHOOL FEES PAYMENT',	'nathan mayian',	1,	1,	'0',	4000.00,	0,	'0000-00-00',	0,	'',	'0000-00-00 00:00:00',	9,	'2019-08-31 20:43:29',	9,	0),
(394,	'2019-05-31',	'1905394',	140,	'SCHOOL FEES PAYMENT',	'tamira kerubo',	1,	1,	'0',	3750.00,	0,	'0000-00-00',	0,	'',	'0000-00-00 00:00:00',	9,	'2019-08-31 20:43:29',	9,	0),
(395,	'2019-05-31',	'1905395',	148,	'SCHOOL FEES PAYMENT',	'king joshua shalom',	1,	1,	'0',	3750.00,	0,	'0000-00-00',	0,	'',	'0000-00-00 00:00:00',	9,	'2019-08-31 20:43:29',	9,	0),
(396,	'2019-05-31',	'1905396',	161,	'SCHOOL FEES PAYMENT',	'blessing victoria',	1,	1,	'0',	3750.00,	0,	'0000-00-00',	0,	'',	'0000-00-00 00:00:00',	9,	'2019-08-31 20:43:29',	9,	0),
(397,	'2019-05-31',	'1905397',	166,	'SCHOOL FEES PAYMENT',	'precious naisiae',	1,	1,	'0',	4350.00,	0,	'0000-00-00',	0,	'',	'0000-00-00 00:00:00',	9,	'2019-08-31 20:43:29',	9,	0),
(398,	'2019-05-31',	'1905398',	8,	'school payment',	'bradly wandawa',	1,	1,	'0',	1500.00,	0,	'0000-00-00',	0,	'',	'0000-00-00 00:00:00',	9,	'2019-08-31 20:43:29',	9,	0),
(399,	'2019-05-31',	'1905399',	29,	'SCHOOL FEES PAYMENT',	'angel naneu',	1,	1,	'0',	3700.00,	0,	'0000-00-00',	0,	'',	'0000-00-00 00:00:00',	9,	'2019-08-31 20:43:29',	9,	0),
(400,	'2019-05-31',	'1905400',	22,	'SCHOOL FEES PAYMENT',	'princessdavida wangeci',	1,	1,	'0',	4850.00,	0,	'0000-00-00',	0,	'',	'0000-00-00 00:00:00',	9,	'2019-08-31 20:43:29',	9,	0),
(401,	'2019-05-31',	'1905401',	38,	'SCHOOL FEES PAYMENT',	'gabriel kiprotich',	1,	1,	'0',	5450.00,	0,	'0000-00-00',	0,	'',	'0000-00-00 00:00:00',	9,	'2019-08-31 20:43:29',	9,	0),
(402,	'2019-05-31',	'1905402',	228,	'School fee payment',	'Tiffany Chebet',	1,	1,	'0',	19050.00,	0,	'0000-00-00',	0,	'',	'0000-00-00 00:00:00',	10,	'2019-08-31 20:43:29',	10,	0),
(403,	'2019-05-31',	'1905403',	229,	'School fee payment',	'Abigael soyian',	1,	1,	'0',	200.00,	0,	'0000-00-00',	0,	'',	'0000-00-00 00:00:00',	10,	'2019-08-31 20:43:29',	10,	0),
(404,	'2019-05-31',	'1905404',	230,	'School fee payment',	'Albert Rotiken',	1,	1,	'0',	5400.00,	0,	'0000-00-00',	0,	'',	'0000-00-00 00:00:00',	10,	'2019-08-31 20:43:29',	10,	0),
(405,	'2019-05-31',	'1905405',	231,	'School fee payment',	'Jezreel Wiseman',	1,	1,	'0',	5000.00,	0,	'0000-00-00',	0,	'',	'0000-00-00 00:00:00',	10,	'2019-08-31 20:43:29',	10,	0),
(406,	'2019-05-31',	'1905406',	232,	'School fee payment',	'Wesley Noel',	1,	1,	'0',	850.00,	0,	'0000-00-00',	0,	'',	'0000-00-00 00:00:00',	10,	'2019-08-31 20:43:29',	10,	0),
(407,	'2019-05-31',	'1905407',	140,	'School fee payment',	'Tamira Kerubo',	1,	1,	'0',	7600.00,	0,	'0000-00-00',	0,	'',	'0000-00-00 00:00:00',	10,	'2019-08-31 20:43:29',	10,	0),
(408,	'2019-05-31',	'1905408',	233,	'School fee payment',	'Christabel Bonareri',	1,	1,	'0',	500.00,	0,	'0000-00-00',	0,	'',	'0000-00-00 00:00:00',	10,	'2019-08-31 20:43:29',	10,	0),
(409,	'2019-05-31',	'1905409',	234,	'trip',	'Christian Ongori',	1,	1,	'0',	6000.00,	0,	'0000-00-00',	0,	'',	'0000-00-00 00:00:00',	10,	'2019-08-31 20:43:29',	10,	0),
(410,	'2019-05-31',	'1905410',	235,	'transport',	'Natally Wanjiru',	1,	1,	'0',	2000.00,	0,	'0000-00-00',	0,	'',	'0000-00-00 00:00:00',	10,	'2019-08-31 20:43:29',	10,	0),
(411,	'2019-05-31',	'1905411',	236,	'trip',	'Abigael sena',	1,	1,	'0',	2900.00,	0,	'0000-00-00',	0,	'',	'0000-00-00 00:00:00',	10,	'2019-08-31 20:43:29',	10,	0),
(412,	'2019-05-31',	'1905412',	237,	'School fee payment',	'Patasio Patience Lempiris',	1,	1,	'0',	10500.00,	0,	'0000-00-00',	0,	'',	'0000-00-00 00:00:00',	10,	'2019-08-31 20:43:29',	10,	0),
(413,	'2019-05-31',	'1905413',	238,	'Tshirt',	'Leyian Mosiro ',	1,	1,	'0',	150.00,	0,	'0000-00-00',	0,	'',	'0000-00-00 00:00:00',	10,	'2019-08-31 20:43:29',	10,	0),
(414,	'2019-05-31',	'1905414',	239,	'milk',	'Patrick Lemein',	1,	1,	'0',	2000.00,	0,	'0000-00-00',	0,	'',	'0000-00-00 00:00:00',	10,	'2019-08-31 20:43:29',	10,	0),
(415,	'2019-05-31',	'1905415',	240,	'milk & overpay',	'Pauline Muthoni',	1,	1,	'0',	3270.00,	0,	'0000-00-00',	0,	'',	'0000-00-00 00:00:00',	10,	'2019-08-31 20:43:29',	10,	0),
(416,	'2019-05-31',	'1905416',	241,	'Tshirt & Diary',	'Pritonia Toyian',	1,	1,	'0',	700.00,	0,	'0000-00-00',	1,	'1905472',	'0000-00-00 00:00:00',	10,	'2019-09-01 12:54:09',	10,	7),
(417,	'2019-05-31',	'1905417',	242,	'trip',	'Sudeys Abdi',	1,	1,	'0',	2200.00,	0,	'0000-00-00',	0,	'',	'0000-00-00 00:00:00',	10,	'2019-08-31 20:43:29',	10,	0),
(418,	'2019-05-31',	'1905418',	243,	'School fee payment',	'Abiagael Nabaya',	1,	1,	'0',	22050.00,	0,	'0000-00-00',	0,	'',	'0000-00-00 00:00:00',	10,	'2019-08-31 20:43:29',	10,	0),
(419,	'2019-05-31',	'1905419',	0,	'Wheat flour',	'Pst Johnson Mpusia',	2,	2,	'769',	2840.00,	0,	'0000-00-00',	0,	'',	'0000-00-00 00:00:00',	10,	'2019-08-31 20:43:29',	10,	0),
(420,	'2019-05-31',	'1905420',	0,	'Lockers repair',	'Pst Mpusia',	2,	2,	'769',	3215.00,	0,	'0000-00-00',	0,	'',	'0000-00-00 00:00:00',	10,	'2019-08-31 20:43:29',	10,	0),
(421,	'2019-05-31',	'1905421',	0,	'Food materials & detergent',	'Pst Mpusia',	2,	2,	'770',	13515.00,	0,	'0000-00-00',	0,	'',	'0000-00-00 00:00:00',	10,	'2019-08-31 20:43:29',	10,	0),
(422,	'2019-05-31',	'1905422',	0,	'Black books, ream of paper',	'Pst Mpusia',	2,	2,	'770',	2150.00,	0,	'0000-00-00',	0,	'',	'0000-00-00 00:00:00',	10,	'2019-08-31 20:43:29',	10,	0),
(423,	'2019-05-31',	'1905423',	0,	'School Shelves',	'Pst Mpusia',	2,	2,	'770',	19600.00,	0,	'0000-00-00',	0,	'',	'0000-00-00 00:00:00',	10,	'2019-08-31 20:43:29',	10,	0),
(424,	'2019-05-31',	'1905424',	0,	'Data bundles',	'Pst Mpusia',	2,	2,	'770',	2000.00,	0,	'0000-00-00',	0,	'',	'0000-00-00 00:00:00',	10,	'2019-08-31 20:43:29',	10,	0),
(425,	'2019-05-31',	'1905425',	0,	'Fuel',	'Pst Mpusia',	2,	2,	'772',	30140.00,	0,	'0000-00-00',	0,	'',	'0000-00-00 00:00:00',	10,	'2019-08-31 20:43:29',	10,	0),
(426,	'2019-05-31',	'1905426',	0,	'Petty Cash',	'Pst Mpusia',	2,	2,	'772',	3000.00,	0,	'0000-00-00',	0,	'',	'0000-00-00 00:00:00',	10,	'2019-08-31 20:43:29',	10,	0),
(427,	'2019-05-31',	'1905427',	0,	'Pst Florence',	'Pst Mpusia',	2,	2,	'772',	2500.00,	0,	'0000-00-00',	0,	'',	'0000-00-00 00:00:00',	10,	'2019-08-31 20:43:29',	10,	0),
(428,	'2019-05-31',	'1905428',	0,	'Salary Advance',	'Pst Mpusia',	2,	2,	'773',	4600.00,	0,	'0000-00-00',	0,	'',	'0000-00-00 00:00:00',	10,	'2019-08-31 20:43:29',	10,	0),
(429,	'2019-05-31',	'1905429',	0,	'Petty Cash',	'Pst Mpusia',	2,	2,	'773',	5000.00,	0,	'0000-00-00',	0,	'',	'0000-00-00 00:00:00',	10,	'2019-08-31 20:43:29',	10,	0),
(430,	'2019-05-31',	'1905430',	0,	'Mark',	'Pst Mpusia',	2,	2,	'775',	10000.00,	0,	'0000-00-00',	0,	'',	'0000-00-00 00:00:00',	10,	'2019-08-31 20:43:29',	10,	0),
(431,	'2019-05-31',	'1905431',	0,	'Pst Mpusia & Pst Florence',	'Pst Mpusia',	2,	2,	'775',	25000.00,	0,	'0000-00-00',	0,	'',	'0000-00-00 00:00:00',	10,	'2019-08-31 20:43:29',	10,	0),
(432,	'2019-05-31',	'1905432',	0,	'Dinner',	'Pst Mpusia',	2,	2,	'775',	2850.00,	0,	'0000-00-00',	0,	'',	'0000-00-00 00:00:00',	10,	'2019-08-31 20:43:29',	10,	0),
(433,	'2019-05-31',	'1905433',	0,	'Transfer to equity account  for July salaries',	'Pst Mpusia',	2,	2,	'776',	90000.00,	0,	'0000-00-00',	0,	'',	'0000-00-00 00:00:00',	10,	'2019-08-31 20:43:29',	10,	0),
(434,	'2019-05-31',	'1905434',	0,	'July Salaries',	'Family bank',	2,	2,	'778',	248679.00,	0,	'0000-00-00',	0,	'',	'0000-00-00 00:00:00',	10,	'2019-08-31 20:43:29',	10,	0),
(435,	'2019-05-31',	'1905435',	0,	'Mark',	'Pst Mpusia',	2,	2,	'779',	10000.00,	0,	'0000-00-00',	0,	'',	'0000-00-00 00:00:00',	10,	'2019-08-31 20:43:29',	10,	0),
(436,	'2019-05-31',	'1905436',	0,	'Fuel',	'Pst Mpusia',	2,	2,	'779',	15000.00,	0,	'0000-00-00',	0,	'',	'0000-00-00 00:00:00',	10,	'2019-08-31 20:43:29',	10,	0),
(437,	'2019-05-31',	'1905437',	0,	'Development',	'Pst Mpusia',	2,	2,	'779',	4200.00,	0,	'0000-00-00',	0,	'',	'0000-00-00 00:00:00',	10,	'2019-08-31 20:43:29',	10,	0),
(438,	'2019-05-31',	'1905438',	0,	'School milk',	'Pst Mpusia',	2,	2,	'779',	4200.00,	0,	'0000-00-00',	0,	'',	'0000-00-00 00:00:00',	10,	'2019-08-31 20:43:29',	10,	0),
(439,	'2019-05-31',	'1905439',	0,	'Ream of paper',	'Pst Mpusia',	2,	2,	'779',	2000.00,	0,	'0000-00-00',	0,	'',	'0000-00-00 00:00:00',	10,	'2019-08-31 20:43:29',	10,	0),
(440,	'2019-05-31',	'1905440',	0,	'Water & hand wash',	'Pst Mpusia',	2,	2,	'779',	9115.00,	0,	'0000-00-00',	0,	'',	'0000-00-00 00:00:00',	10,	'2019-08-31 20:43:29',	10,	0),
(441,	'2019-05-31',	'1905441',	0,	'Dog vaccination',	'Pst Mpusia',	2,	2,	'779',	1000.00,	0,	'0000-00-00',	0,	'',	'0000-00-00 00:00:00',	10,	'2019-08-31 20:43:29',	10,	0),
(442,	'2019-05-31',	'1905442',	0,	'End of term 2 awards',	'Pst Mpusia',	2,	2,	'780',	13600.00,	0,	'0000-00-00',	0,	'',	'0000-00-00 00:00:00',	10,	'2019-08-31 20:43:29',	10,	0),
(443,	'2019-05-31',	'1905443',	0,	'Assesment books',	'Monica Mutie',	2,	2,	'781',	37800.00,	0,	'0000-00-00',	0,	'',	'0000-00-00 00:00:00',	10,	'2019-08-31 20:43:29',	10,	0),
(444,	'2019-05-31',	'1905444',	0,	'Bishop\'s kitty',	'Pst Mpusia',	2,	2,	'782',	10000.00,	0,	'0000-00-00',	0,	'',	'0000-00-00 00:00:00',	10,	'2019-08-31 20:43:29',	10,	0),
(445,	'2019-05-31',	'1905445',	0,	'Pst Florence Kitty',	'Pst Mpusia',	2,	2,	'783',	20000.00,	0,	'0000-00-00',	0,	'',	'0000-00-00 00:00:00',	10,	'2019-08-31 20:43:29',	10,	0),
(446,	'2019-05-31',	'1905446',	0,	'Milk supply for July',	'Angela Soile',	2,	2,	'784',	21120.00,	0,	'0000-00-00',	0,	'',	'0000-00-00 00:00:00',	10,	'2019-08-31 20:43:29',	10,	0),
(447,	'2019-05-31',	'1905447',	0,	'Meat supplied in July',	'Parsimei Kipaken',	2,	2,	'785',	16910.00,	0,	'0000-00-00',	0,	'',	'0000-00-00 00:00:00',	10,	'2019-08-31 20:43:29',	10,	0),
(448,	'2019-05-31',	'1905448',	0,	'PAYE',	'KRA',	2,	2,	'786',	1940.97,	0,	'0000-00-00',	0,	'',	'0000-00-00 00:00:00',	10,	'2019-08-31 20:43:29',	10,	0),
(449,	'2019-05-31',	'1905449',	0,	'Power Bill',	'Kenya Power',	2,	2,	'787',	613.00,	0,	'0000-00-00',	0,	'',	'0000-00-00 00:00:00',	10,	'2019-08-31 20:43:29',	10,	0),
(450,	'2019-05-31',	'1905450',	0,	'Van tyres',	'Pst Mpusia',	2,	2,	'788',	31000.00,	0,	'0000-00-00',	0,	'',	'0000-00-00 00:00:00',	10,	'2019-08-31 20:43:29',	10,	0),
(451,	'2019-05-31',	'1905451',	0,	'Fuel for vans',	'Pst Mpusia',	2,	2,	'93',	12000.00,	0,	'0000-00-00',	0,	'',	'0000-00-00 00:00:00',	10,	'2019-08-31 20:43:29',	10,	0),
(452,	'2019-05-31',	'1905452',	0,	'Fuel',	'Pst Mpusia',	2,	2,	'95',	20000.00,	0,	'0000-00-00',	0,	'',	'0000-00-00 00:00:00',	10,	'2019-08-31 20:43:29',	10,	0),
(453,	'2019-05-31',	'1905453',	0,	'Petty Cash',	'Pst Mpusia',	2,	2,	'95',	4465.00,	0,	'0000-00-00',	0,	'',	'0000-00-00 00:00:00',	10,	'2019-08-31 20:43:29',	10,	0),
(454,	'2019-05-31',	'1905454',	0,	'Loan repayment',	'Family bank',	2,	2,	'2052019',	440356.95,	0,	'0000-00-00',	0,	'',	'0000-00-00 00:00:00',	10,	'2019-08-31 20:43:29',	10,	0),
(455,	'2019-05-31',	'1905455',	245,	'School Diary',	'MercyFridah Cherop',	1,	1,	'0',	200.00,	0,	'0000-00-00',	0,	'',	'0000-00-00 00:00:00',	1,	'2019-08-31 20:43:29',	1,	0),
(456,	'2019-05-31',	'1905456',	246,	'School Milk',	'Joy Parsitau',	1,	1,	'0',	2000.00,	0,	'0000-00-00',	0,	'',	'0000-00-00 00:00:00',	1,	'2019-08-31 20:43:29',	1,	0),
(457,	'2019-05-31',	'1905457',	247,	'School Milk',	'Gedion Lempiris',	1,	1,	'0',	2000.00,	0,	'0000-00-00',	0,	'',	'0000-00-00 00:00:00',	1,	'2019-08-31 20:43:29',	1,	0),
(458,	'2019-05-31',	'1905458',	249,	'School Milk',	'Dennis Atuki',	1,	1,	'0',	2000.00,	0,	'0000-00-00',	1,	'1905473',	'0000-00-00 00:00:00',	1,	'2019-09-01 13:05:19',	1,	9),
(459,	'2019-05-31',	'1905459',	248,	'School Milk',	'Carl Santayian',	1,	1,	'0',	2000.00,	0,	'0000-00-00',	0,	'',	'0000-00-00 00:00:00',	1,	'2019-08-31 20:43:29',	1,	0),
(460,	'2019-05-31',	'1905460',	250,	'School Milk',	'Brian Lemashon',	1,	1,	'0',	2000.00,	0,	'0000-00-00',	0,	'',	'0000-00-00 00:00:00',	1,	'2019-08-31 20:43:29',	1,	0),
(461,	'2019-05-31',	'1905461',	251,	'School Milk',	'AUSTINE LEKISHON',	1,	1,	'0',	2000.00,	0,	'0000-00-00',	0,	'',	'0000-00-00 00:00:00',	1,	'2019-08-31 20:43:29',	1,	0),
(462,	'2019-05-31',	'1905462',	206,	'Reversal Of Batch Number 190879',	'JOHNSON MPUSIA',	1,	1,	'0',	-4100.00,	0,	'0000-00-00',	0,	'',	'0000-00-00 00:00:00',	9,	'2019-08-31 20:43:29',	9,	4),
(465,	'2019-05-31',	'1905463',	251,	'Tested',	'AngelStefan Naserian',	1,	1,	'0',	6655.00,	0,	'0000-00-00',	0,	'',	'0000-00-00 00:00:00',	1,	'2019-09-01 01:03:42',	1,	0),
(467,	'2019-05-31',	'1905464',	5,	'Testing tooo',	'Alvin Meitamei',	1,	1,	'0',	1122.00,	0,	'0000-00-00',	0,	'',	'0000-00-00 00:00:00',	1,	'2019-09-01 01:24:52',	1,	0),
(469,	'2019-05-31',	'1905465',	6,	'Hey it works',	'AngelStefan Naserian',	1,	1,	'0',	6680.00,	0,	'0000-00-00',	0,	'',	'0000-00-00 00:00:00',	1,	'2019-09-01 01:28:39',	1,	0),
(470,	'2019-05-31',	'1905466',	0,	'Internal Funds Transfer',	'System Generated',	5,	4,	'0',	0.00,	0,	'0000-00-00',	0,	'',	'2019-09-01 03:34:13',	1,	'2019-09-01 01:34:13',	1,	0),
(471,	'2019-05-31',	'1905467',	252,	'Test',	'AngelStefan Naserian',	1,	1,	'0',	11195.00,	0,	'0000-00-00',	0,	'',	'0000-00-00 00:00:00',	1,	'2019-09-01 01:36:27',	1,	0),
(472,	'2019-05-31',	'1905468',	0,	'Internal Funds Transfer',	'System Generated',	5,	4,	'0',	0.00,	0,	'0000-00-00',	0,	'',	'2019-09-01 04:24:02',	1,	'2019-09-01 02:24:02',	1,	0),
(473,	'2019-05-31',	'1905469',	0,	'Internal Funds Transfer',	'System Generated',	5,	4,	'0',	0.00,	0,	'0000-00-00',	0,	'',	'2019-09-01 04:34:02',	1,	'2019-09-01 02:34:02',	1,	0),
(474,	'2019-05-31',	'1905470',	101,	'Fees',	'Melki Atuti',	1,	1,	'0',	6590.00,	0,	'0000-00-00',	0,	'',	'0000-00-00 00:00:00',	1,	'2019-09-01 02:44:50',	1,	0),
(475,	'2019-05-31',	'1905471',	254,	'Fees',	'Melvin Ledama',	1,	1,	'0',	18650.00,	0,	'0000-00-00',	0,	'',	'0000-00-00 00:00:00',	1,	'2019-09-01 02:47:11',	1,	0),
(476,	'2019-05-31',	'1905472',	241,	'Reversal Of Batch Number 1905416',	'Pritonia Toyian',	1,	1,	'0',	-700.00,	0,	'0000-00-00',	0,	'',	'0000-00-00 00:00:00',	10,	'2019-09-01 12:52:26',	10,	7),
(477,	'2019-05-31',	'1905473',	249,	'Reversal Of Batch Number 1905458',	'Dennis Atuki',	1,	1,	'0',	-2000.00,	0,	'0000-00-00',	0,	'',	'0000-00-00 00:00:00',	1,	'2019-09-01 13:04:52',	1,	9),
(478,	'2019-05-31',	'1905474',	42,	'OP',	'Junior Sayialel',	1,	1,	'0',	21111.00,	0,	'0000-00-00',	0,	'',	'0000-00-00 00:00:00',	1,	'2019-09-01 13:25:12',	1,	0),
(479,	'2019-05-31',	'1905475',	0,	'Internal Funds Transfer',	'System Generated',	5,	4,	'0',	0.00,	0,	'0000-00-00',	0,	'',	'2019-09-01 03:37:03',	1,	'2019-09-01 13:37:03',	1,	0),
(480,	'2019-05-31',	'1905476',	0,	'test',	'Test',	1,	2,	'0',	56000.00,	1,	'2019-05-31',	0,	'',	'2019-05-31 00:00:00',	1,	'2019-09-01 13:50:57',	1,	0),
(481,	'2019-07-01',	'190701',	43,	'OP test',	'Lana Kireu',	1,	2,	'0',	600.00,	0,	'0000-00-00',	0,	'',	'0000-00-00 00:00:00',	1,	'2019-09-03 07:07:10',	1,	12),
(482,	'2019-07-01',	'190702',	0,	'Cash Withdrawal',	'System Generated',	4,	4,	'0',	15000.00,	0,	'0000-00-00',	0,	'',	'2019-07-01 00:00:00',	1,	'2019-09-03 04:31:37',	1,	0),
(483,	'2019-07-01',	'190703',	0,	'Cash Withdrawal to PC',	'System Generated',	4,	4,	'NNXGFSG56378',	25000.00,	0,	'0000-00-00',	1,	'190705',	'2019-07-01 00:00:00',	1,	'2019-09-03 07:10:04',	1,	13),
(484,	'2019-07-01',	'190704',	257,	'School Fees',	'Igan Kimanzi',	1,	1,	'',	7800.00,	0,	'0000-00-00',	0,	'',	'0000-00-00 00:00:00',	1,	'2019-09-03 07:06:03',	1,	0),
(485,	'2019-07-01',	'190705',	0,	'Reversal Of Batch Number 190703',	'System Generated',	4,	4,	'NNXGFSG56378',	-25000.00,	0,	'0000-00-00',	0,	'',	'2019-07-01 00:00:00',	1,	'2019-09-03 07:09:26',	1,	13),
(486,	'2019-07-03',	'190706',	256,	'Fees',	'Lana Kireu',	1,	1,	'',	9700.00,	0,	'0000-00-00',	0,	'',	'0000-00-00 00:00:00',	1,	'2019-09-03 07:17:17',	1,	0),
(487,	'2019-07-03',	'190707',	130,	'Fees',	'Kelly Soyian',	1,	1,	'',	5350.00,	0,	'0000-00-00',	0,	'',	'0000-00-00 00:00:00',	1,	'2019-09-03 07:19:25',	1,	0),
(488,	'2019-07-03',	'190708',	0,	'Internal Funds Transfer',	'System Generated',	5,	4,	'',	0.00,	0,	'0000-00-00',	0,	'',	'2019-09-03 09:26:40',	1,	'2019-09-03 07:26:40',	1,	0),
(489,	'2019-07-03',	'190709',	260,	'Fees',	'Brockline Wandawa',	1,	1,	'',	14200.00,	0,	'0000-00-00',	0,	'',	'0000-00-00 00:00:00',	1,	'2019-09-03 07:32:04',	1,	0),
(490,	'2019-07-03',	'190710',	130,	'Overpaid',	'Kelly Soyian',	1,	1,	'',	4500.00,	0,	'0000-00-00',	0,	'',	'0000-00-00 00:00:00',	1,	'2019-09-03 07:34:04',	1,	0),
(491,	'2019-07-03',	'190711',	3,	'School Fees',	'Abigael Nabaya',	1,	1,	'',	20000.00,	0,	'0000-00-00',	0,	'',	'0000-00-00 00:00:00',	1,	'2019-09-08 03:15:12',	1,	0),
(492,	'2019-07-03',	'190712',	8,	'Being amount recieved for school fees',	'Bradley Wandawa',	1,	1,	'',	16500.00,	0,	'0000-00-00',	0,	'',	'0000-00-00 00:00:00',	1,	'2019-09-11 19:47:25',	1,	0),
(493,	'2019-07-03',	'190713',	56,	'Being amount recieved for school fees',	'Tajeu Kilayo',	1,	1,	'',	500.00,	0,	'0000-00-00',	0,	'',	'0000-00-00 00:00:00',	1,	'2019-09-12 04:57:11',	1,	0),
(494,	'2019-07-03',	'190714',	260,	'Being amount recieved for school fees',	'Brockline Wandawa',	1,	1,	'',	7000.00,	0,	'0000-00-00',	0,	'',	'0000-00-00 00:00:00',	1,	'2019-09-12 06:23:05',	1,	0),
(495,	'2019-07-03',	'190715',	258,	'Being amount recieved for school fees',	'Yeva Furaha',	1,	1,	'',	6500.00,	0,	'0000-00-00',	0,	'',	'0000-00-00 00:00:00',	1,	'2019-09-12 06:23:38',	1,	0),
(496,	'2019-07-03',	'190716',	259,	'Being amount recieved for school fees',	'Kelly Soyian',	1,	1,	'',	6700.00,	0,	'0000-00-00',	0,	'',	'0000-00-00 00:00:00',	1,	'2019-09-12 06:25:26',	1,	0),
(497,	'2019-07-03',	'190717',	253,	'Being amount recieved for school fees',	'AngelStefan Naserian',	1,	1,	'',	3500.00,	0,	'0000-00-00',	0,	'',	'0000-00-00 00:00:00',	1,	'2019-09-12 06:25:57',	1,	0);

CREATE TABLE `transaction_detail` (
  `transaction_detail_id` int(100) NOT NULL AUTO_INCREMENT,
  `transaction_id` int(100) NOT NULL,
  `invoice_details_id` int(200) NOT NULL,
  `expense_category_id` int(100) NOT NULL,
  `income_category_id` int(100) NOT NULL,
  `qty` decimal(10,2) NOT NULL,
  `detail_description` varchar(100) NOT NULL,
  `unitcost` decimal(10,2) NOT NULL,
  `cost` decimal(10,2) NOT NULL,
  PRIMARY KEY (`transaction_detail_id`),
  KEY `transaction_id` (`transaction_id`),
  CONSTRAINT `transaction_detail_ibfk_1` FOREIGN KEY (`transaction_id`) REFERENCES `transaction` (`transaction_id`)
) ENGINE=InnoDB DEFAULT CHARSET=latin1;

INSERT INTO `transaction_detail` (`transaction_detail_id`, `transaction_id`, `invoice_details_id`, `expense_category_id`, `income_category_id`, `qty`, `detail_description`, `unitcost`, `cost`) VALUES
(1,	1,	15,	0,	1,	1.00,	'School Fees Payment For TUITION',	8000.00,	8000.00),
(2,	1,	16,	0,	5,	1.00,	'School Fees Payment For ACTIVITY FEE',	350.00,	350.00),
(3,	1,	17,	0,	6,	1.00,	'School Fees Payment For FOOD & KITCHEN FACILITIES',	2800.00,	2800.00),
(4,	1,	18,	0,	19,	1.00,	'School Fees Payment For UTILITIES',	700.00,	700.00),
(5,	1,	19,	0,	2,	1.00,	'School Fees Payment For TRANSPORT',	5400.00,	5400.00),
(6,	1,	20,	0,	4,	1.00,	'School Fees Payment For MILK',	2000.00,	2000.00),
(7,	2,	21,	0,	1,	1.00,	'School Fees Payment For TUITION',	8000.00,	8000.00),
(8,	2,	22,	0,	5,	1.00,	'School Fees Payment For ACTIVITY FEE',	350.00,	350.00),
(9,	2,	23,	0,	6,	1.00,	'School Fees Payment For FOOD & KITCHEN FACILITIES',	2800.00,	2800.00),
(10,	2,	24,	0,	19,	1.00,	'School Fees Payment For UTILITIES',	700.00,	700.00),
(11,	2,	842,	0,	13,	1.00,	'School Fees Payment For TOUR',	2200.00,	2200.00),
(12,	3,	124,	0,	1,	1.00,	'School Fees Payment For TUITION',	8000.00,	8000.00),
(13,	3,	125,	0,	5,	1.00,	'School Fees Payment For ACTIVITY FEE',	350.00,	350.00),
(14,	3,	126,	0,	6,	1.00,	'School Fees Payment For FOOD & KITCHEN FACILITIES',	2800.00,	2800.00),
(15,	3,	127,	0,	19,	1.00,	'School Fees Payment For UTILITIES',	700.00,	700.00),
(16,	4,	128,	0,	1,	1.00,	'School Fees Payment For TUITION',	4000.00,	4000.00),
(17,	4,	132,	0,	4,	1.00,	'School Fees Payment For MILK',	2000.00,	2000.00),
(18,	5,	133,	0,	1,	1.00,	'School Fees Payment For TUITION',	8000.00,	8000.00),
(19,	5,	134,	0,	5,	1.00,	'School Fees Payment For ACTIVITY FEE',	150.00,	150.00),
(20,	6,	137,	0,	1,	1.00,	'School Fees Payment For TUITION',	8000.00,	8000.00),
(21,	6,	138,	0,	5,	1.00,	'School Fees Payment For ACTIVITY FEE',	350.00,	350.00),
(22,	6,	139,	0,	6,	1.00,	'School Fees Payment For FOOD & KITCHEN FACILITIES',	2800.00,	2800.00),
(23,	6,	140,	0,	19,	1.00,	'School Fees Payment For UTILITIES',	700.00,	700.00),
(24,	6,	141,	0,	2,	1.00,	'School Fees Payment For TRANSPORT',	5400.00,	5400.00),
(25,	6,	142,	0,	4,	1.00,	'School Fees Payment For MILK',	2000.00,	2000.00),
(26,	6,	843,	0,	13,	1.00,	'School Fees Payment For TOUR',	2200.00,	2200.00),
(27,	7,	143,	0,	1,	1.00,	'School Fees Payment For TUITION',	8000.00,	8000.00),
(28,	7,	144,	0,	5,	1.00,	'School Fees Payment For ACTIVITY FEE',	350.00,	350.00),
(29,	7,	145,	0,	6,	1.00,	'School Fees Payment For FOOD & KITCHEN FACILITIES',	2800.00,	2800.00),
(30,	7,	146,	0,	19,	1.00,	'School Fees Payment For UTILITIES',	700.00,	700.00),
(31,	7,	147,	0,	2,	1.00,	'School Fees Payment For TRANSPORT',	5400.00,	5400.00),
(32,	7,	844,	0,	13,	1.00,	'School Fees Payment For TOUR',	2200.00,	2200.00),
(33,	8,	148,	0,	1,	1.00,	'School Fees Payment For TUITION',	8000.00,	8000.00),
(34,	8,	149,	0,	5,	1.00,	'School Fees Payment For ACTIVITY FEE',	350.00,	350.00),
(35,	8,	150,	0,	6,	1.00,	'School Fees Payment For FOOD & KITCHEN FACILITIES',	2800.00,	2800.00),
(36,	8,	151,	0,	19,	1.00,	'School Fees Payment For UTILITIES',	700.00,	700.00),
(37,	8,	152,	0,	2,	1.00,	'School Fees Payment For TRANSPORT',	2700.00,	2700.00),
(38,	8,	153,	0,	8,	1.00,	'School Fees Payment For PIANO/SWIMMING',	2000.00,	2000.00),
(39,	8,	845,	0,	13,	1.00,	'School Fees Payment For TOUR',	2200.00,	2200.00),
(40,	9,	154,	0,	1,	1.00,	'School Fees Payment For TUITION',	8000.00,	8000.00),
(41,	9,	155,	0,	5,	1.00,	'School Fees Payment For ACTIVITY FEE',	350.00,	350.00),
(42,	9,	156,	0,	6,	1.00,	'School Fees Payment For FOOD & KITCHEN FACILITIES',	2800.00,	2800.00),
(43,	9,	157,	0,	19,	1.00,	'School Fees Payment For UTILITIES',	700.00,	700.00),
(44,	9,	158,	0,	2,	1.00,	'School Fees Payment For TRANSPORT',	5400.00,	5400.00),
(45,	9,	159,	0,	4,	1.00,	'School Fees Payment For MILK',	2000.00,	2000.00),
(46,	9,	846,	0,	13,	1.00,	'School Fees Payment For TOUR',	2200.00,	2200.00),
(47,	10,	160,	0,	1,	1.00,	'School Fees Payment For TUITION',	8000.00,	8000.00),
(48,	10,	161,	0,	5,	1.00,	'School Fees Payment For ACTIVITY FEE',	350.00,	350.00),
(49,	10,	162,	0,	6,	1.00,	'School Fees Payment For FOOD & KITCHEN FACILITIES',	2800.00,	2800.00),
(50,	10,	163,	0,	19,	1.00,	'School Fees Payment For UTILITIES',	700.00,	700.00),
(51,	11,	164,	0,	1,	1.00,	'School Fees Payment For TUITION',	8000.00,	8000.00),
(52,	11,	165,	0,	5,	1.00,	'School Fees Payment For ACTIVITY FEE',	350.00,	350.00),
(53,	11,	166,	0,	6,	1.00,	'School Fees Payment For FOOD & KITCHEN FACILITIES',	2800.00,	2800.00),
(54,	11,	167,	0,	19,	1.00,	'School Fees Payment For UTILITIES',	700.00,	700.00),
(55,	11,	168,	0,	2,	1.00,	'School Fees Payment For TRANSPORT',	6000.00,	6000.00),
(56,	11,	169,	0,	4,	1.00,	'School Fees Payment For MILK',	2000.00,	2000.00),
(57,	12,	170,	0,	1,	1.00,	'School Fees Payment For TUITION',	8000.00,	8000.00),
(58,	12,	171,	0,	5,	1.00,	'School Fees Payment For ACTIVITY FEE',	350.00,	350.00),
(59,	12,	172,	0,	6,	1.00,	'School Fees Payment For FOOD & KITCHEN FACILITIES',	2800.00,	2800.00),
(60,	12,	173,	0,	19,	1.00,	'School Fees Payment For UTILITIES',	700.00,	700.00),
(61,	12,	174,	0,	2,	1.00,	'School Fees Payment For TRANSPORT',	5400.00,	5400.00),
(62,	12,	847,	0,	13,	1.00,	'School Fees Payment For TOUR',	2200.00,	2200.00),
(63,	13,	176,	0,	1,	1.00,	'School Fees Payment For TUITION',	8000.00,	8000.00),
(64,	13,	177,	0,	5,	1.00,	'School Fees Payment For ACTIVITY FEE',	350.00,	350.00),
(65,	13,	178,	0,	6,	1.00,	'School Fees Payment For FOOD & KITCHEN FACILITIES',	2800.00,	2800.00),
(66,	13,	179,	0,	19,	1.00,	'School Fees Payment For UTILITIES',	700.00,	700.00),
(67,	13,	180,	0,	2,	1.00,	'School Fees Payment For TRANSPORT',	6000.00,	6000.00),
(68,	13,	848,	0,	18,	1.00,	'School Fees Payment For DIARY ',	200.00,	200.00),
(69,	14,	181,	0,	1,	1.00,	'School Fees Payment For TUITION',	8000.00,	8000.00),
(70,	14,	182,	0,	5,	1.00,	'School Fees Payment For ACTIVITY FEE',	350.00,	350.00),
(71,	14,	183,	0,	6,	1.00,	'School Fees Payment For FOOD & KITCHEN FACILITIES',	2750.00,	2750.00),
(72,	14,	184,	0,	19,	1.00,	'School Fees Payment For UTILITIES',	700.00,	700.00),
(73,	15,	186,	0,	1,	1.00,	'School Fees Payment For TUITION',	8000.00,	8000.00),
(74,	15,	187,	0,	5,	1.00,	'School Fees Payment For ACTIVITY FEE',	350.00,	350.00),
(75,	15,	188,	0,	6,	1.00,	'School Fees Payment For FOOD & KITCHEN FACILITIES',	2800.00,	2800.00),
(76,	15,	189,	0,	19,	1.00,	'School Fees Payment For UTILITIES',	700.00,	700.00),
(77,	15,	190,	0,	2,	1.00,	'School Fees Payment For TRANSPORT',	2700.00,	2700.00),
(78,	15,	191,	0,	4,	1.00,	'School Fees Payment For MILK',	2000.00,	2000.00),
(79,	15,	849,	0,	13,	1.00,	'School Fees Payment For TOUR',	2200.00,	2200.00),
(80,	16,	193,	0,	1,	1.00,	'School Fees Payment For TUITION',	8000.00,	8000.00),
(81,	16,	194,	0,	5,	1.00,	'School Fees Payment For ACTIVITY FEE',	350.00,	350.00),
(82,	16,	195,	0,	6,	1.00,	'School Fees Payment For FOOD & KITCHEN FACILITIES',	2800.00,	2800.00),
(83,	16,	196,	0,	19,	1.00,	'School Fees Payment For UTILITIES',	700.00,	700.00),
(84,	16,	850,	0,	13,	1.00,	'School Fees Payment For TOUR',	2000.00,	2000.00),
(85,	17,	197,	0,	1,	1.00,	'School Fees Payment For TUITION',	8000.00,	8000.00),
(86,	17,	198,	0,	5,	1.00,	'School Fees Payment For ACTIVITY FEE',	350.00,	350.00),
(87,	17,	199,	0,	6,	1.00,	'School Fees Payment For FOOD & KITCHEN FACILITIES',	2800.00,	2800.00),
(88,	17,	200,	0,	19,	1.00,	'School Fees Payment For UTILITIES',	700.00,	700.00),
(89,	17,	201,	0,	2,	1.00,	'School Fees Payment For TRANSPORT',	5400.00,	5400.00),
(90,	17,	202,	0,	4,	1.00,	'School Fees Payment For MILK',	2000.00,	2000.00),
(91,	17,	203,	0,	8,	1.00,	'School Fees Payment For PIANO/SWIMMING',	2000.00,	2000.00),
(92,	17,	851,	0,	13,	1.00,	'School Fees Payment For TOUR',	2200.00,	2200.00),
(93,	18,	204,	0,	1,	1.00,	'School Fees Payment For TUITION',	8000.00,	8000.00),
(94,	18,	205,	0,	5,	1.00,	'School Fees Payment For ACTIVITY FEE',	350.00,	350.00),
(95,	18,	206,	0,	6,	1.00,	'School Fees Payment For FOOD & KITCHEN FACILITIES',	2800.00,	2800.00),
(96,	18,	207,	0,	19,	1.00,	'School Fees Payment For UTILITIES',	700.00,	700.00),
(97,	18,	208,	0,	2,	1.00,	'School Fees Payment For TRANSPORT',	5400.00,	5400.00),
(98,	18,	209,	0,	4,	1.00,	'School Fees Payment For MILK',	2000.00,	2000.00),
(99,	18,	0,	0,	15,	1.00,	'Excess Payment',	1000.00,	1000.00),
(100,	19,	210,	0,	1,	1.00,	'School Fees Payment For TUITION',	8000.00,	8000.00),
(101,	19,	211,	0,	5,	1.00,	'School Fees Payment For ACTIVITY FEE',	350.00,	350.00),
(102,	19,	212,	0,	6,	1.00,	'School Fees Payment For FOOD & KITCHEN FACILITIES',	2800.00,	2800.00),
(103,	19,	213,	0,	19,	1.00,	'School Fees Payment For UTILITIES',	700.00,	700.00),
(104,	19,	214,	0,	2,	1.00,	'School Fees Payment For TRANSPORT',	5400.00,	5400.00),
(105,	19,	852,	0,	13,	1.00,	'School Fees Payment For TOUR',	2200.00,	2200.00),
(106,	19,	0,	0,	15,	1.00,	'Excess Payment',	350.00,	350.00),
(107,	20,	215,	0,	1,	1.00,	'School Fees Payment For TUITION',	8000.00,	8000.00),
(108,	20,	216,	0,	5,	1.00,	'School Fees Payment For ACTIVITY FEE',	350.00,	350.00),
(109,	20,	217,	0,	6,	1.00,	'School Fees Payment For FOOD & KITCHEN FACILITIES',	2800.00,	2800.00),
(110,	20,	218,	0,	19,	1.00,	'School Fees Payment For UTILITIES',	700.00,	700.00),
(111,	20,	219,	0,	8,	1.00,	'School Fees Payment For PIANO/SWIMMING',	2000.00,	2000.00),
(112,	21,	220,	0,	1,	1.00,	'School Fees Payment For TUITION',	8000.00,	8000.00),
(113,	21,	221,	0,	5,	1.00,	'School Fees Payment For ACTIVITY FEE',	350.00,	350.00),
(114,	21,	222,	0,	6,	1.00,	'School Fees Payment For FOOD & KITCHEN FACILITIES',	2800.00,	2800.00),
(115,	21,	223,	0,	19,	1.00,	'School Fees Payment For UTILITIES',	700.00,	700.00),
(116,	21,	224,	0,	2,	1.00,	'School Fees Payment For TRANSPORT',	5400.00,	5400.00),
(117,	21,	853,	0,	13,	1.00,	'School Fees Payment For TOUR',	2200.00,	2200.00),
(118,	22,	225,	0,	1,	1.00,	'School Fees Payment For TUITION',	8000.00,	8000.00),
(119,	22,	226,	0,	5,	1.00,	'School Fees Payment For ACTIVITY FEE',	350.00,	350.00),
(120,	22,	227,	0,	6,	1.00,	'School Fees Payment For FOOD & KITCHEN FACILITIES',	2800.00,	2800.00),
(121,	22,	228,	0,	19,	1.00,	'School Fees Payment For UTILITIES',	700.00,	700.00),
(122,	22,	229,	0,	4,	1.00,	'School Fees Payment For MILK',	2000.00,	2000.00),
(123,	22,	854,	0,	13,	1.00,	'School Fees Payment For TOUR',	2200.00,	2200.00),
(124,	22,	855,	0,	2,	1.00,	'School Fees Payment For TRANSPORT',	850.00,	850.00),
(125,	23,	230,	0,	1,	1.00,	'School Fees Payment For TUITION',	8000.00,	8000.00),
(126,	23,	231,	0,	5,	1.00,	'School Fees Payment For ACTIVITY FEE',	350.00,	350.00),
(127,	23,	232,	0,	6,	1.00,	'School Fees Payment For FOOD & KITCHEN FACILITIES',	2800.00,	2800.00),
(128,	23,	233,	0,	19,	1.00,	'School Fees Payment For UTILITIES',	700.00,	700.00),
(129,	23,	234,	0,	2,	1.00,	'School Fees Payment For TRANSPORT',	6000.00,	6000.00),
(130,	23,	235,	0,	4,	1.00,	'School Fees Payment For MILK',	2000.00,	2000.00),
(131,	23,	0,	0,	15,	1.00,	'Excess Payment',	150.00,	150.00),
(132,	24,	236,	0,	1,	1.00,	'School Fees Payment For TUITION',	8000.00,	8000.00),
(133,	24,	237,	0,	5,	1.00,	'School Fees Payment For ACTIVITY FEE',	350.00,	350.00),
(134,	24,	238,	0,	6,	1.00,	'School Fees Payment For FOOD & KITCHEN FACILITIES',	2800.00,	2800.00),
(135,	24,	239,	0,	19,	1.00,	'School Fees Payment For UTILITIES',	700.00,	700.00),
(136,	24,	240,	0,	2,	1.00,	'School Fees Payment For TRANSPORT',	2700.00,	2700.00),
(137,	24,	241,	0,	4,	1.00,	'School Fees Payment For MILK',	2000.00,	2000.00),
(138,	24,	0,	0,	15,	1.00,	'Excess Payment',	350.00,	350.00),
(139,	25,	242,	0,	1,	1.00,	'School Fees Payment For TUITION',	8000.00,	8000.00),
(140,	25,	243,	0,	5,	1.00,	'School Fees Payment For ACTIVITY FEE',	350.00,	350.00),
(141,	25,	244,	0,	6,	1.00,	'School Fees Payment For FOOD & KITCHEN FACILITIES',	2800.00,	2800.00),
(142,	25,	245,	0,	19,	1.00,	'School Fees Payment For UTILITIES',	700.00,	700.00),
(143,	26,	246,	0,	1,	1.00,	'School Fees Payment For TUITION',	8000.00,	8000.00),
(144,	26,	247,	0,	5,	1.00,	'School Fees Payment For ACTIVITY FEE',	350.00,	350.00),
(145,	26,	248,	0,	6,	1.00,	'School Fees Payment For FOOD & KITCHEN FACILITIES',	2800.00,	2800.00),
(146,	26,	249,	0,	19,	1.00,	'School Fees Payment For UTILITIES',	700.00,	700.00),
(147,	26,	250,	0,	2,	1.00,	'School Fees Payment For TRANSPORT',	6000.00,	6000.00),
(148,	26,	251,	0,	8,	1.00,	'School Fees Payment For PIANO/SWIMMING',	2000.00,	2000.00),
(149,	26,	856,	0,	13,	1.00,	'School Fees Payment For TOUR',	2200.00,	2200.00),
(150,	27,	258,	0,	1,	1.00,	'School Fees Payment For TUITION',	8000.00,	8000.00),
(151,	27,	259,	0,	5,	1.00,	'School Fees Payment For ACTIVITY FEE',	350.00,	350.00),
(152,	27,	260,	0,	6,	1.00,	'School Fees Payment For FOOD & KITCHEN FACILITIES',	2800.00,	2800.00),
(153,	27,	261,	0,	19,	1.00,	'School Fees Payment For UTILITIES',	700.00,	700.00),
(154,	27,	262,	0,	2,	1.00,	'School Fees Payment For TRANSPORT',	3000.00,	3000.00),
(155,	27,	263,	0,	4,	1.00,	'School Fees Payment For MILK',	2000.00,	2000.00),
(156,	27,	857,	0,	13,	1.00,	'School Fees Payment For TOUR',	2200.00,	2200.00),
(157,	27,	858,	0,	9,	1.00,	'School Fees Payment For SCHOOL T-SHIRT',	500.00,	500.00),
(158,	27,	859,	0,	8,	1.00,	'School Fees Payment For PIANO/SWIMMING',	2000.00,	2000.00),
(159,	28,	264,	0,	1,	1.00,	'School Fees Payment For TUITION',	8000.00,	8000.00),
(160,	28,	265,	0,	5,	1.00,	'School Fees Payment For ACTIVITY FEE',	350.00,	350.00),
(161,	28,	266,	0,	6,	1.00,	'School Fees Payment For FOOD & KITCHEN FACILITIES',	2800.00,	2800.00),
(162,	28,	267,	0,	19,	1.00,	'School Fees Payment For UTILITIES',	700.00,	700.00),
(163,	29,	268,	0,	1,	1.00,	'School Fees Payment For TUITION',	8000.00,	8000.00),
(164,	29,	269,	0,	5,	1.00,	'School Fees Payment For ACTIVITY FEE',	350.00,	350.00),
(165,	29,	270,	0,	6,	1.00,	'School Fees Payment For FOOD & KITCHEN FACILITIES',	2800.00,	2800.00),
(166,	29,	271,	0,	19,	1.00,	'School Fees Payment For UTILITIES',	700.00,	700.00),
(167,	29,	272,	0,	2,	1.00,	'School Fees Payment For TRANSPORT',	5400.00,	5400.00),
(168,	29,	273,	0,	8,	1.00,	'School Fees Payment For PIANO/SWIMMING',	2000.00,	2000.00),
(169,	30,	274,	0,	1,	1.00,	'School Fees Payment For TUITION',	8000.00,	8000.00),
(170,	30,	275,	0,	5,	1.00,	'School Fees Payment For ACTIVITY FEE',	350.00,	350.00),
(171,	30,	276,	0,	6,	1.00,	'School Fees Payment For FOOD & KITCHEN FACILITIES',	1500.00,	1500.00),
(172,	30,	277,	0,	19,	1.00,	'School Fees Payment For UTILITIES',	700.00,	700.00),
(173,	31,	279,	0,	1,	1.00,	'School Fees Payment For TUITION',	8000.00,	8000.00),
(174,	31,	280,	0,	5,	1.00,	'School Fees Payment For ACTIVITY FEE',	350.00,	350.00),
(175,	31,	281,	0,	6,	1.00,	'School Fees Payment For FOOD & KITCHEN FACILITIES',	2800.00,	2800.00),
(176,	31,	282,	0,	19,	1.00,	'School Fees Payment For UTILITIES',	700.00,	700.00),
(177,	31,	283,	0,	2,	1.00,	'School Fees Payment For TRANSPORT',	5400.00,	5400.00),
(178,	31,	860,	0,	13,	1.00,	'School Fees Payment For TOUR',	2000.00,	2000.00),
(179,	32,	284,	0,	1,	1.00,	'School Fees Payment For TUITION',	8000.00,	8000.00),
(180,	32,	285,	0,	5,	1.00,	'School Fees Payment For ACTIVITY FEE',	350.00,	350.00),
(181,	32,	286,	0,	6,	1.00,	'School Fees Payment For FOOD & KITCHEN FACILITIES',	2800.00,	2800.00),
(182,	32,	287,	0,	19,	1.00,	'School Fees Payment For UTILITIES',	700.00,	700.00),
(183,	32,	288,	0,	2,	1.00,	'School Fees Payment For TRANSPORT',	5400.00,	5400.00),
(184,	33,	289,	0,	1,	1.00,	'School Fees Payment For TUITION',	8000.00,	8000.00),
(185,	33,	290,	0,	5,	1.00,	'School Fees Payment For ACTIVITY FEE',	350.00,	350.00),
(186,	33,	291,	0,	6,	1.00,	'School Fees Payment For FOOD & KITCHEN FACILITIES',	2800.00,	2800.00),
(187,	33,	292,	0,	19,	1.00,	'School Fees Payment For UTILITIES',	700.00,	700.00),
(188,	33,	293,	0,	2,	1.00,	'School Fees Payment For TRANSPORT',	5400.00,	5400.00),
(189,	33,	861,	0,	13,	1.00,	'School Fees Payment For TOUR',	2200.00,	2200.00),
(190,	34,	294,	0,	1,	1.00,	'School Fees Payment For TUITION',	8000.00,	8000.00),
(191,	34,	295,	0,	5,	1.00,	'School Fees Payment For ACTIVITY FEE',	300.00,	300.00),
(192,	34,	296,	0,	6,	1.00,	'School Fees Payment For FOOD & KITCHEN FACILITIES',	2800.00,	2800.00),
(193,	34,	297,	0,	19,	1.00,	'School Fees Payment For UTILITIES',	700.00,	700.00),
(194,	34,	298,	0,	4,	1.00,	'School Fees Payment For MILK',	2000.00,	2000.00),
(195,	35,	299,	0,	1,	1.00,	'School Fees Payment For TUITION',	8000.00,	8000.00),
(196,	35,	300,	0,	5,	1.00,	'School Fees Payment For ACTIVITY FEE',	350.00,	350.00),
(197,	35,	301,	0,	6,	1.00,	'School Fees Payment For FOOD & KITCHEN FACILITIES',	2800.00,	2800.00),
(198,	35,	302,	0,	19,	1.00,	'School Fees Payment For UTILITIES',	700.00,	700.00),
(199,	36,	308,	0,	1,	1.00,	'School Fees Payment For TUITION',	11000.00,	11000.00),
(200,	36,	309,	0,	5,	1.00,	'School Fees Payment For ACTIVITY FEE',	350.00,	350.00),
(201,	36,	310,	0,	6,	1.00,	'School Fees Payment For FOOD & KITCHEN FACILITIES',	2800.00,	2800.00),
(202,	36,	311,	0,	19,	1.00,	'School Fees Payment For UTILITIES',	700.00,	700.00),
(203,	36,	312,	0,	2,	1.00,	'School Fees Payment For TRANSPORT',	5400.00,	5400.00),
(204,	36,	313,	0,	4,	1.00,	'School Fees Payment For MILK',	2000.00,	2000.00),
(205,	36,	862,	0,	13,	1.00,	'School Fees Payment For TOUR',	2200.00,	2200.00),
(206,	37,	119,	0,	1,	1.00,	'School Fees Payment For TUITION',	8000.00,	8000.00),
(207,	37,	120,	0,	5,	1.00,	'School Fees Payment For ACTIVITY FEE',	350.00,	350.00),
(208,	37,	121,	0,	6,	1.00,	'School Fees Payment For FOOD & KITCHEN FACILITIES',	2800.00,	2800.00),
(209,	37,	122,	0,	19,	1.00,	'School Fees Payment For UTILITIES',	700.00,	700.00),
(210,	37,	123,	0,	4,	1.00,	'School Fees Payment For MILK',	2000.00,	2000.00),
(211,	37,	863,	0,	13,	1.00,	'School Fees Payment For TOUR',	2200.00,	2200.00),
(212,	38,	110,	0,	1,	1.00,	'School Fees Payment For TUITION',	8000.00,	8000.00),
(213,	38,	111,	0,	5,	1.00,	'School Fees Payment For ACTIVITY FEE',	350.00,	350.00),
(214,	38,	112,	0,	6,	1.00,	'School Fees Payment For FOOD & KITCHEN FACILITIES',	2800.00,	2800.00),
(215,	38,	113,	0,	19,	1.00,	'School Fees Payment For UTILITIES',	700.00,	700.00),
(216,	38,	864,	0,	13,	1.00,	'School Fees Payment For TOUR',	2200.00,	2200.00),
(217,	38,	865,	0,	4,	1.00,	'School Fees Payment For MILK',	2000.00,	2000.00),
(218,	39,	314,	0,	1,	1.00,	'School Fees Payment For TUITION',	11000.00,	11000.00),
(219,	39,	315,	0,	5,	1.00,	'School Fees Payment For ACTIVITY FEE',	350.00,	350.00),
(220,	39,	316,	0,	6,	1.00,	'School Fees Payment For FOOD & KITCHEN FACILITIES',	2800.00,	2800.00),
(221,	39,	317,	0,	19,	1.00,	'School Fees Payment For UTILITIES',	700.00,	700.00),
(222,	39,	866,	0,	13,	1.00,	'School Fees Payment For TOUR',	2200.00,	2200.00),
(223,	40,	104,	0,	1,	1.00,	'School Fees Payment For TUITION',	8000.00,	8000.00),
(224,	40,	105,	0,	5,	1.00,	'School Fees Payment For ACTIVITY FEE',	350.00,	350.00),
(225,	40,	106,	0,	6,	1.00,	'School Fees Payment For FOOD & KITCHEN FACILITIES',	2800.00,	2800.00),
(226,	40,	107,	0,	19,	1.00,	'School Fees Payment For UTILITIES',	700.00,	700.00),
(227,	40,	108,	0,	4,	1.00,	'School Fees Payment For MILK',	2000.00,	2000.00),
(228,	40,	867,	0,	13,	1.00,	'School Fees Payment For TOUR',	2200.00,	2200.00),
(229,	40,	868,	0,	2,	1.00,	'School Fees Payment For TRANSPORT',	6000.00,	6000.00),
(230,	41,	318,	0,	1,	1.00,	'School Fees Payment For TUITION',	4250.00,	4250.00),
(231,	41,	319,	0,	5,	1.00,	'School Fees Payment For ACTIVITY FEE',	350.00,	350.00),
(232,	41,	320,	0,	6,	1.00,	'School Fees Payment For FOOD & KITCHEN FACILITIES',	2800.00,	2800.00),
(233,	41,	321,	0,	19,	1.00,	'School Fees Payment For UTILITIES',	700.00,	700.00),
(234,	42,	99,	0,	1,	1.00,	'School Fees Payment For TUITION',	7500.00,	7500.00),
(235,	42,	103,	0,	2,	1.00,	'School Fees Payment For TRANSPORT',	2200.00,	2200.00),
(236,	43,	326,	0,	1,	1.00,	'School Fees Payment For TUITION',	11000.00,	11000.00),
(237,	43,	327,	0,	5,	1.00,	'School Fees Payment For ACTIVITY FEE',	350.00,	350.00),
(238,	43,	328,	0,	6,	1.00,	'School Fees Payment For FOOD & KITCHEN FACILITIES',	2800.00,	2800.00),
(239,	43,	329,	0,	19,	1.00,	'School Fees Payment For UTILITIES',	700.00,	700.00),
(240,	43,	330,	0,	2,	1.00,	'School Fees Payment For TRANSPORT',	5400.00,	5400.00),
(241,	43,	0,	0,	15,	1.00,	'Excess Payment',	50.00,	50.00),
(242,	44,	90,	0,	1,	1.00,	'School Fees Payment For TUITION',	8000.00,	8000.00),
(243,	44,	91,	0,	5,	1.00,	'School Fees Payment For ACTIVITY FEE',	350.00,	350.00),
(244,	44,	92,	0,	6,	1.00,	'School Fees Payment For FOOD & KITCHEN FACILITIES',	2800.00,	2800.00),
(245,	44,	93,	0,	19,	1.00,	'School Fees Payment For UTILITIES',	700.00,	700.00),
(246,	44,	94,	0,	2,	1.00,	'School Fees Payment For TRANSPORT',	6000.00,	6000.00),
(247,	45,	85,	0,	1,	1.00,	'School Fees Payment For TUITION',	8000.00,	8000.00),
(248,	45,	86,	0,	5,	1.00,	'School Fees Payment For ACTIVITY FEE',	350.00,	350.00),
(249,	45,	87,	0,	6,	1.00,	'School Fees Payment For FOOD & KITCHEN FACILITIES',	2800.00,	2800.00),
(250,	45,	88,	0,	19,	1.00,	'School Fees Payment For UTILITIES',	700.00,	700.00),
(251,	45,	89,	0,	2,	1.00,	'School Fees Payment For TRANSPORT',	5400.00,	5400.00),
(252,	45,	871,	0,	13,	1.00,	'School Fees Payment For TOUR',	2200.00,	2200.00),
(253,	46,	81,	0,	1,	1.00,	'School Fees Payment For TUITION',	7000.00,	7000.00),
(254,	46,	872,	0,	2,	1.00,	'School Fees Payment For TRANSPORT',	1000.00,	1000.00),
(255,	47,	76,	0,	1,	1.00,	'School Fees Payment For TUITION',	8000.00,	8000.00),
(256,	47,	77,	0,	5,	1.00,	'School Fees Payment For ACTIVITY FEE',	350.00,	350.00),
(257,	47,	78,	0,	6,	1.00,	'School Fees Payment For FOOD & KITCHEN FACILITIES',	2800.00,	2800.00),
(258,	47,	79,	0,	19,	1.00,	'School Fees Payment For UTILITIES',	700.00,	700.00),
(259,	47,	80,	0,	2,	1.00,	'School Fees Payment For TRANSPORT',	3000.00,	3000.00),
(260,	48,	71,	0,	1,	1.00,	'School Fees Payment For TUITION',	8000.00,	8000.00),
(261,	48,	72,	0,	5,	1.00,	'School Fees Payment For ACTIVITY FEE',	350.00,	350.00),
(262,	48,	73,	0,	6,	1.00,	'School Fees Payment For FOOD & KITCHEN FACILITIES',	2800.00,	2800.00),
(263,	48,	74,	0,	19,	1.00,	'School Fees Payment For UTILITIES',	700.00,	700.00),
(264,	48,	75,	0,	2,	1.00,	'School Fees Payment For TRANSPORT',	6000.00,	6000.00),
(265,	49,	66,	0,	1,	1.00,	'School Fees Payment For TUITION',	8000.00,	8000.00),
(266,	49,	67,	0,	5,	1.00,	'School Fees Payment For ACTIVITY FEE',	350.00,	350.00),
(267,	49,	68,	0,	6,	1.00,	'School Fees Payment For FOOD & KITCHEN FACILITIES',	2800.00,	2800.00),
(268,	49,	69,	0,	19,	1.00,	'School Fees Payment For UTILITIES',	700.00,	700.00),
(269,	49,	70,	0,	4,	1.00,	'School Fees Payment For MILK',	2000.00,	2000.00),
(270,	49,	873,	0,	13,	1.00,	'School Fees Payment For TOUR',	2200.00,	2200.00),
(271,	50,	62,	0,	1,	1.00,	'School Fees Payment For TUITION',	8000.00,	8000.00),
(272,	50,	63,	0,	5,	1.00,	'School Fees Payment For ACTIVITY FEE',	350.00,	350.00),
(273,	50,	64,	0,	6,	1.00,	'School Fees Payment For FOOD & KITCHEN FACILITIES',	2800.00,	2800.00),
(274,	50,	65,	0,	19,	1.00,	'School Fees Payment For UTILITIES',	700.00,	700.00),
(275,	50,	874,	0,	4,	1.00,	'School Fees Payment For MILK',	2000.00,	2000.00),
(276,	51,	589,	0,	1,	1.00,	'School Fees Payment For TUITION',	4250.00,	4250.00),
(277,	51,	590,	0,	5,	1.00,	'School Fees Payment For ACTIVITY FEE',	250.00,	250.00),
(278,	52,	593,	0,	1,	1.00,	'School Fees Payment For TUITION',	11000.00,	11000.00),
(279,	52,	594,	0,	5,	1.00,	'School Fees Payment For ACTIVITY FEE',	350.00,	350.00),
(280,	52,	595,	0,	6,	1.00,	'School Fees Payment For FOOD & KITCHEN FACILITIES',	2800.00,	2800.00),
(281,	52,	596,	0,	19,	1.00,	'School Fees Payment For UTILITIES',	700.00,	700.00),
(282,	52,	597,	0,	2,	1.00,	'School Fees Payment For TRANSPORT',	2700.00,	2700.00),
(283,	53,	599,	0,	1,	1.00,	'School Fees Payment For TUITION',	11000.00,	11000.00),
(284,	53,	600,	0,	5,	1.00,	'School Fees Payment For ACTIVITY FEE',	350.00,	350.00),
(285,	53,	601,	0,	6,	1.00,	'School Fees Payment For FOOD & KITCHEN FACILITIES',	2800.00,	2800.00),
(286,	53,	602,	0,	19,	1.00,	'School Fees Payment For UTILITIES',	700.00,	700.00),
(287,	53,	603,	0,	2,	1.00,	'School Fees Payment For TRANSPORT',	5400.00,	5400.00),
(288,	53,	875,	0,	13,	1.00,	'School Fees Payment For TOUR',	6000.00,	6000.00),
(289,	54,	604,	0,	1,	1.00,	'School Fees Payment For TUITION',	11000.00,	11000.00),
(290,	54,	605,	0,	5,	1.00,	'School Fees Payment For ACTIVITY FEE',	350.00,	350.00),
(291,	54,	606,	0,	6,	1.00,	'School Fees Payment For FOOD & KITCHEN FACILITIES',	2800.00,	2800.00),
(292,	54,	607,	0,	19,	1.00,	'School Fees Payment For UTILITIES',	700.00,	700.00),
(293,	54,	608,	0,	2,	1.00,	'School Fees Payment For TRANSPORT',	5400.00,	5400.00),
(294,	54,	609,	0,	8,	1.00,	'School Fees Payment For PIANO/SWIMMING',	2000.00,	2000.00),
(295,	54,	876,	0,	13,	1.00,	'School Fees Payment For TOUR',	6000.00,	6000.00),
(296,	55,	877,	0,	15,	1.00,	'School Fees Payment For FUNDS RESERVE',	4000.00,	4000.00),
(297,	56,	614,	0,	1,	1.00,	'School Fees Payment For TUITION',	4000.00,	4000.00),
(298,	57,	618,	0,	1,	1.00,	'School Fees Payment For TUITION',	11000.00,	11000.00),
(299,	57,	619,	0,	5,	1.00,	'School Fees Payment For ACTIVITY FEE',	350.00,	350.00),
(300,	57,	620,	0,	6,	1.00,	'School Fees Payment For FOOD & KITCHEN FACILITIES',	2800.00,	2800.00),
(301,	57,	621,	0,	19,	1.00,	'School Fees Payment For UTILITIES',	700.00,	700.00),
(302,	57,	622,	0,	2,	1.00,	'School Fees Payment For TRANSPORT',	5400.00,	5400.00),
(303,	57,	0,	0,	15,	1.00,	'Excess Payment',	50.00,	50.00),
(304,	58,	624,	0,	1,	1.00,	'School Fees Payment For TUITION',	11000.00,	11000.00),
(305,	58,	625,	0,	5,	1.00,	'School Fees Payment For ACTIVITY FEE',	350.00,	350.00),
(306,	58,	626,	0,	6,	1.00,	'School Fees Payment For FOOD & KITCHEN FACILITIES',	2800.00,	2800.00),
(307,	58,	627,	0,	19,	1.00,	'School Fees Payment For UTILITIES',	700.00,	700.00),
(308,	58,	628,	0,	2,	1.00,	'School Fees Payment For TRANSPORT',	6000.00,	6000.00),
(309,	59,	629,	0,	1,	1.00,	'School Fees Payment For TUITION',	11000.00,	11000.00),
(310,	59,	630,	0,	5,	1.00,	'School Fees Payment For ACTIVITY FEE',	350.00,	350.00),
(311,	59,	631,	0,	6,	1.00,	'School Fees Payment For FOOD & KITCHEN FACILITIES',	2800.00,	2800.00),
(312,	59,	632,	0,	19,	1.00,	'School Fees Payment For UTILITIES',	700.00,	700.00),
(313,	59,	633,	0,	2,	1.00,	'School Fees Payment For TRANSPORT',	6000.00,	6000.00),
(314,	59,	634,	0,	8,	1.00,	'School Fees Payment For PIANO/SWIMMING',	2000.00,	2000.00),
(315,	59,	878,	0,	13,	1.00,	'School Fees Payment For TOUR',	6000.00,	6000.00),
(316,	60,	635,	0,	1,	1.00,	'School Fees Payment For TUITION',	4250.00,	4250.00),
(317,	60,	636,	0,	5,	1.00,	'School Fees Payment For ACTIVITY FEE',	350.00,	350.00),
(318,	60,	637,	0,	6,	1.00,	'School Fees Payment For FOOD & KITCHEN FACILITIES',	500.00,	500.00),
(319,	61,	639,	0,	1,	1.00,	'School Fees Payment For TUITION',	11000.00,	11000.00),
(320,	61,	640,	0,	5,	1.00,	'School Fees Payment For ACTIVITY FEE',	350.00,	350.00),
(321,	61,	641,	0,	6,	1.00,	'School Fees Payment For FOOD & KITCHEN FACILITIES',	2800.00,	2800.00),
(322,	61,	642,	0,	19,	1.00,	'School Fees Payment For UTILITIES',	700.00,	700.00),
(323,	61,	879,	0,	4,	1.00,	'School Fees Payment For MILK',	150.00,	150.00),
(324,	62,	643,	0,	1,	1.00,	'School Fees Payment For TUITION',	11000.00,	11000.00),
(325,	62,	644,	0,	5,	1.00,	'School Fees Payment For ACTIVITY FEE',	350.00,	350.00),
(326,	62,	645,	0,	6,	1.00,	'School Fees Payment For FOOD & KITCHEN FACILITIES',	2000.00,	2000.00),
(327,	62,	646,	0,	19,	1.00,	'School Fees Payment For UTILITIES',	700.00,	700.00),
(328,	62,	647,	0,	2,	1.00,	'School Fees Payment For TRANSPORT',	2700.00,	2700.00),
(329,	63,	648,	0,	1,	1.00,	'School Fees Payment For TUITION',	11000.00,	11000.00),
(330,	63,	649,	0,	5,	1.00,	'School Fees Payment For ACTIVITY FEE',	350.00,	350.00),
(331,	63,	650,	0,	6,	1.00,	'School Fees Payment For FOOD & KITCHEN FACILITIES',	2800.00,	2800.00),
(332,	63,	651,	0,	19,	1.00,	'School Fees Payment For UTILITIES',	700.00,	700.00),
(333,	63,	652,	0,	2,	1.00,	'School Fees Payment For TRANSPORT',	6000.00,	6000.00),
(334,	63,	653,	0,	4,	1.00,	'School Fees Payment For MILK',	2000.00,	2000.00),
(335,	63,	654,	0,	8,	1.00,	'School Fees Payment For PIANO/SWIMMING',	2000.00,	2000.00),
(336,	63,	880,	0,	13,	1.00,	'School Fees Payment For TOUR',	6000.00,	6000.00),
(337,	64,	655,	0,	1,	1.00,	'School Fees Payment For TUITION',	11000.00,	11000.00),
(338,	64,	656,	0,	5,	1.00,	'School Fees Payment For ACTIVITY FEE',	350.00,	350.00),
(339,	64,	657,	0,	6,	1.00,	'School Fees Payment For FOOD & KITCHEN FACILITIES',	2800.00,	2800.00),
(340,	64,	658,	0,	19,	1.00,	'School Fees Payment For UTILITIES',	700.00,	700.00),
(341,	64,	659,	0,	2,	1.00,	'School Fees Payment For TRANSPORT',	6000.00,	6000.00),
(342,	64,	660,	0,	4,	1.00,	'School Fees Payment For MILK',	2000.00,	2000.00),
(343,	64,	661,	0,	8,	1.00,	'School Fees Payment For PIANO/SWIMMING',	2000.00,	2000.00),
(344,	64,	0,	0,	15,	1.00,	'Excess Payment',	50.00,	50.00),
(345,	65,	662,	0,	1,	1.00,	'School Fees Payment For TUITION',	11000.00,	11000.00),
(346,	65,	663,	0,	5,	1.00,	'School Fees Payment For ACTIVITY FEE',	350.00,	350.00),
(347,	65,	664,	0,	6,	1.00,	'School Fees Payment For FOOD & KITCHEN FACILITIES',	2800.00,	2800.00),
(348,	65,	665,	0,	19,	1.00,	'School Fees Payment For UTILITIES',	700.00,	700.00),
(349,	65,	666,	0,	2,	1.00,	'School Fees Payment For TRANSPORT',	5400.00,	5400.00),
(350,	65,	667,	0,	8,	1.00,	'School Fees Payment For PIANO/SWIMMING',	2000.00,	2000.00),
(351,	65,	881,	0,	13,	1.00,	'School Fees Payment For TOUR',	6000.00,	6000.00),
(352,	66,	674,	0,	1,	1.00,	'School Fees Payment For TUITION',	7000.00,	7000.00),
(353,	67,	678,	0,	1,	1.00,	'School Fees Payment For TUITION',	11000.00,	11000.00),
(354,	67,	679,	0,	5,	1.00,	'School Fees Payment For ACTIVITY FEE',	350.00,	350.00),
(355,	67,	680,	0,	6,	1.00,	'School Fees Payment For FOOD & KITCHEN FACILITIES',	2800.00,	2800.00),
(356,	67,	681,	0,	19,	1.00,	'School Fees Payment For UTILITIES',	700.00,	700.00),
(357,	67,	882,	0,	13,	1.00,	'School Fees Payment For TOUR',	6000.00,	6000.00),
(358,	68,	683,	0,	1,	1.00,	'School Fees Payment For TUITION',	11000.00,	11000.00),
(359,	68,	684,	0,	5,	1.00,	'School Fees Payment For ACTIVITY FEE',	350.00,	350.00),
(360,	68,	685,	0,	6,	1.00,	'School Fees Payment For FOOD & KITCHEN FACILITIES',	2800.00,	2800.00),
(361,	68,	686,	0,	19,	1.00,	'School Fees Payment For UTILITIES',	700.00,	700.00),
(362,	68,	883,	0,	13,	1.00,	'School Fees Payment For TOUR',	6000.00,	6000.00),
(363,	69,	687,	0,	1,	1.00,	'School Fees Payment For TUITION',	11000.00,	11000.00),
(364,	69,	688,	0,	5,	1.00,	'School Fees Payment For ACTIVITY FEE',	350.00,	350.00),
(365,	69,	689,	0,	6,	1.00,	'School Fees Payment For FOOD & KITCHEN FACILITIES',	2800.00,	2800.00),
(366,	69,	690,	0,	19,	1.00,	'School Fees Payment For UTILITIES',	700.00,	700.00),
(367,	69,	691,	0,	2,	1.00,	'School Fees Payment For TRANSPORT',	8500.00,	8500.00),
(368,	69,	884,	0,	13,	1.00,	'School Fees Payment For TOUR',	6000.00,	6000.00),
(369,	70,	692,	0,	1,	1.00,	'School Fees Payment For TUITION',	11000.00,	11000.00),
(370,	70,	693,	0,	5,	1.00,	'School Fees Payment For ACTIVITY FEE',	50.00,	50.00),
(371,	71,	697,	0,	1,	1.00,	'School Fees Payment For TUITION',	11000.00,	11000.00),
(372,	71,	698,	0,	5,	1.00,	'School Fees Payment For ACTIVITY FEE',	350.00,	350.00),
(373,	71,	699,	0,	6,	1.00,	'School Fees Payment For FOOD & KITCHEN FACILITIES',	2800.00,	2800.00),
(374,	71,	700,	0,	19,	1.00,	'School Fees Payment For UTILITIES',	700.00,	700.00),
(375,	71,	701,	0,	2,	1.00,	'School Fees Payment For TRANSPORT',	5400.00,	5400.00),
(376,	72,	787,	0,	1,	1.00,	'School Fees Payment For TUITION',	3600.00,	3600.00),
(377,	72,	789,	0,	6,	1.00,	'School Fees Payment For FOOD & KITCHEN FACILITIES',	3500.00,	3500.00),
(378,	73,	783,	0,	1,	1.00,	'School Fees Payment For TUITION',	11800.00,	11800.00),
(379,	73,	784,	0,	5,	1.00,	'School Fees Payment For ACTIVITY FEE',	350.00,	350.00),
(380,	73,	785,	0,	6,	1.00,	'School Fees Payment For FOOD & KITCHEN FACILITIES',	3500.00,	3500.00),
(381,	73,	786,	0,	19,	1.00,	'School Fees Payment For UTILITIES',	700.00,	700.00),
(382,	73,	885,	0,	13,	1.00,	'School Fees Payment For TOUR',	6000.00,	6000.00),
(383,	74,	779,	0,	1,	1.00,	'School Fees Payment For TUITION',	11800.00,	11800.00),
(384,	74,	781,	0,	6,	1.00,	'School Fees Payment For FOOD & KITCHEN FACILITIES',	3500.00,	3500.00),
(385,	74,	782,	0,	19,	1.00,	'School Fees Payment For UTILITIES',	700.00,	700.00),
(386,	75,	775,	0,	1,	1.00,	'School Fees Payment For TUITION',	11800.00,	11800.00),
(387,	75,	776,	0,	5,	1.00,	'School Fees Payment For ACTIVITY FEE',	350.00,	350.00),
(388,	75,	777,	0,	6,	1.00,	'School Fees Payment For FOOD & KITCHEN FACILITIES',	1500.00,	1500.00),
(389,	75,	778,	0,	19,	1.00,	'School Fees Payment For UTILITIES',	700.00,	700.00),
(390,	76,	770,	0,	1,	1.00,	'School Fees Payment For TUITION',	11800.00,	11800.00),
(391,	76,	771,	0,	5,	1.00,	'School Fees Payment For ACTIVITY FEE',	350.00,	350.00),
(392,	76,	772,	0,	6,	1.00,	'School Fees Payment For FOOD & KITCHEN FACILITIES',	3500.00,	3500.00),
(393,	76,	773,	0,	19,	1.00,	'School Fees Payment For UTILITIES',	700.00,	700.00),
(394,	76,	774,	0,	2,	1.00,	'School Fees Payment For TRANSPORT',	6000.00,	6000.00),
(395,	76,	886,	0,	13,	1.00,	'School Fees Payment For TOUR',	6000.00,	6000.00),
(396,	76,	0,	0,	15,	1.00,	'Excess Payment',	1150.00,	1150.00),
(397,	77,	792,	0,	1,	1.00,	'School Fees Payment For TUITION',	11800.00,	11800.00),
(398,	77,	793,	0,	5,	1.00,	'School Fees Payment For ACTIVITY FEE',	350.00,	350.00),
(399,	77,	794,	0,	6,	1.00,	'School Fees Payment For FOOD & KITCHEN FACILITIES',	2150.00,	2150.00),
(400,	77,	795,	0,	19,	1.00,	'School Fees Payment For UTILITIES',	700.00,	700.00),
(401,	77,	796,	0,	2,	1.00,	'School Fees Payment For TRANSPORT',	5000.00,	5000.00),
(402,	77,	887,	0,	13,	1.00,	'School Fees Payment For TOUR',	6000.00,	6000.00),
(403,	78,	798,	0,	1,	1.00,	'School Fees Payment For TUITION',	11800.00,	11800.00),
(404,	78,	799,	0,	5,	1.00,	'School Fees Payment For ACTIVITY FEE',	350.00,	350.00),
(405,	78,	800,	0,	6,	1.00,	'School Fees Payment For FOOD & KITCHEN FACILITIES',	3500.00,	3500.00),
(406,	78,	801,	0,	19,	1.00,	'School Fees Payment For UTILITIES',	700.00,	700.00),
(407,	79,	802,	0,	1,	1.00,	'School Fees Payment For TUITION',	5650.00,	5650.00),
(408,	80,	806,	0,	1,	1.00,	'School Fees Payment For TUITION',	11800.00,	11800.00),
(409,	80,	807,	0,	5,	1.00,	'School Fees Payment For ACTIVITY FEE',	350.00,	350.00),
(410,	80,	808,	0,	6,	1.00,	'School Fees Payment For FOOD & KITCHEN FACILITIES',	3500.00,	3500.00),
(411,	80,	809,	0,	19,	1.00,	'School Fees Payment For UTILITIES',	700.00,	700.00),
(412,	80,	810,	0,	8,	1.00,	'School Fees Payment For PIANO/SWIMMING',	2000.00,	2000.00),
(413,	80,	888,	0,	13,	1.00,	'School Fees Payment For TOUR',	6000.00,	6000.00),
(414,	81,	811,	0,	1,	1.00,	'School Fees Payment For TUITION',	11800.00,	11800.00),
(415,	81,	812,	0,	5,	1.00,	'School Fees Payment For ACTIVITY FEE',	350.00,	350.00),
(416,	81,	813,	0,	6,	1.00,	'School Fees Payment For FOOD & KITCHEN FACILITIES',	3500.00,	3500.00),
(417,	81,	814,	0,	19,	1.00,	'School Fees Payment For UTILITIES',	700.00,	700.00),
(418,	81,	889,	0,	13,	1.00,	'School Fees Payment For TOUR',	6000.00,	6000.00),
(419,	82,	815,	0,	1,	1.00,	'School Fees Payment For TUITION',	11800.00,	11800.00),
(420,	82,	816,	0,	5,	1.00,	'School Fees Payment For ACTIVITY FEE',	200.00,	200.00),
(421,	83,	819,	0,	1,	1.00,	'School Fees Payment For TUITION',	11800.00,	11800.00),
(422,	83,	820,	0,	5,	1.00,	'School Fees Payment For ACTIVITY FEE',	350.00,	350.00),
(423,	83,	821,	0,	6,	1.00,	'School Fees Payment For FOOD & KITCHEN FACILITIES',	3500.00,	3500.00),
(424,	83,	822,	0,	19,	1.00,	'School Fees Payment For UTILITIES',	700.00,	700.00),
(425,	83,	823,	0,	2,	1.00,	'School Fees Payment For TRANSPORT',	3000.00,	3000.00),
(426,	83,	890,	0,	13,	1.00,	'School Fees Payment For TOUR',	6000.00,	6000.00),
(427,	84,	824,	0,	1,	1.00,	'School Fees Payment For TUITION',	4000.00,	4000.00),
(428,	84,	891,	0,	18,	1.00,	'School Fees Payment For DIARY ',	200.00,	200.00),
(429,	85,	828,	0,	1,	1.00,	'School Fees Payment For TUITION',	11800.00,	11800.00),
(430,	85,	830,	0,	6,	1.00,	'School Fees Payment For FOOD & KITCHEN FACILITIES',	2500.00,	2500.00),
(431,	85,	831,	0,	19,	1.00,	'School Fees Payment For UTILITIES',	700.00,	700.00),
(432,	85,	892,	0,	13,	1.00,	'School Fees Payment For TOUR',	6000.00,	6000.00),
(433,	86,	1062,	0,	1,	1.00,	'School Fees Payment For TUITION',	8000.00,	8000.00),
(434,	86,	1063,	0,	5,	1.00,	'School Fees Payment For ACTIVITY FEE',	350.00,	350.00),
(435,	86,	1064,	0,	6,	1.00,	'School Fees Payment For FOOD & KITCHEN FACILITIES',	2800.00,	2800.00),
(436,	86,	1065,	0,	19,	1.00,	'School Fees Payment For UTILITIES',	700.00,	700.00),
(437,	86,	1066,	0,	3,	1.00,	'School Fees Payment For ADMISSION',	3300.00,	3300.00),
(438,	87,	1056,	0,	1,	1.00,	'School Fees Payment For TUITION',	8000.00,	8000.00),
(439,	87,	1057,	0,	5,	1.00,	'School Fees Payment For ACTIVITY FEE',	350.00,	350.00),
(440,	87,	1058,	0,	6,	1.00,	'School Fees Payment For FOOD & KITCHEN FACILITIES',	2800.00,	2800.00),
(441,	87,	1059,	0,	19,	1.00,	'School Fees Payment For UTILITIES',	700.00,	700.00),
(442,	87,	1060,	0,	18,	1.00,	'School Fees Payment For DIARY ',	200.00,	200.00),
(443,	87,	1061,	0,	3,	1.00,	'School Fees Payment For ADMISSION',	1485.00,	1485.00),
(444,	88,	1051,	0,	1,	1.00,	'School Fees Payment For TUITION',	8000.00,	8000.00),
(445,	88,	1052,	0,	5,	1.00,	'School Fees Payment For ACTIVITY FEE',	350.00,	350.00),
(446,	88,	1053,	0,	6,	1.00,	'School Fees Payment For FOOD & KITCHEN FACILITIES',	2800.00,	2800.00),
(447,	88,	1054,	0,	19,	1.00,	'School Fees Payment For UTILITIES',	700.00,	700.00),
(448,	88,	1055,	0,	4,	1.00,	'School Fees Payment For MILK',	2000.00,	2000.00),
(449,	89,	1047,	0,	1,	1.00,	'School Fees Payment For TUITION',	8000.00,	8000.00),
(450,	89,	1048,	0,	5,	1.00,	'School Fees Payment For ACTIVITY FEE',	350.00,	350.00),
(451,	89,	1049,	0,	6,	1.00,	'School Fees Payment For FOOD & KITCHEN FACILITIES',	2800.00,	2800.00),
(452,	89,	1050,	0,	19,	1.00,	'School Fees Payment For UTILITIES',	700.00,	700.00),
(453,	90,	1041,	0,	1,	1.00,	'School Fees Payment For TUITION',	8000.00,	8000.00),
(454,	90,	1042,	0,	5,	1.00,	'School Fees Payment For ACTIVITY FEE',	350.00,	350.00),
(455,	90,	1043,	0,	6,	1.00,	'School Fees Payment For FOOD & KITCHEN FACILITIES',	2800.00,	2800.00),
(456,	90,	1044,	0,	19,	1.00,	'School Fees Payment For UTILITIES',	700.00,	700.00),
(457,	90,	1045,	0,	2,	1.00,	'School Fees Payment For TRANSPORT',	5400.00,	5400.00),
(458,	90,	1046,	0,	13,	1.00,	'School Fees Payment For TOUR',	2200.00,	2200.00),
(459,	91,	1036,	0,	1,	1.00,	'School Fees Payment For TUITION',	8000.00,	8000.00),
(460,	91,	1037,	0,	5,	1.00,	'School Fees Payment For ACTIVITY FEE',	350.00,	350.00),
(461,	91,	1038,	0,	6,	1.00,	'School Fees Payment For FOOD & KITCHEN FACILITIES',	2800.00,	2800.00),
(462,	91,	1039,	0,	19,	1.00,	'School Fees Payment For UTILITIES',	700.00,	700.00),
(463,	91,	1040,	0,	2,	1.00,	'School Fees Payment For TRANSPORT',	6000.00,	6000.00),
(464,	92,	893,	0,	1,	1.00,	'School Fees Payment For TUITION',	8000.00,	8000.00),
(465,	92,	894,	0,	5,	1.00,	'School Fees Payment For ACTIVITY FEE',	350.00,	350.00),
(466,	92,	895,	0,	6,	1.00,	'School Fees Payment For FOOD & KITCHEN FACILITIES',	2800.00,	2800.00),
(467,	92,	896,	0,	19,	1.00,	'School Fees Payment For UTILITIES',	700.00,	700.00),
(468,	92,	897,	0,	2,	1.00,	'School Fees Payment For TRANSPORT',	2700.00,	2700.00),
(469,	92,	898,	0,	4,	1.00,	'School Fees Payment For MILK',	2000.00,	2000.00),
(470,	93,	899,	0,	1,	1.00,	'School Fees Payment For TUITION',	8000.00,	8000.00),
(471,	93,	900,	0,	5,	1.00,	'School Fees Payment For ACTIVITY FEE',	350.00,	350.00),
(472,	93,	901,	0,	6,	1.00,	'School Fees Payment For FOOD & KITCHEN FACILITIES',	2800.00,	2800.00),
(473,	93,	902,	0,	19,	1.00,	'School Fees Payment For UTILITIES',	700.00,	700.00),
(474,	93,	903,	0,	2,	1.00,	'School Fees Payment For TRANSPORT',	4350.00,	4350.00),
(475,	93,	904,	0,	18,	1.00,	'School Fees Payment For DIARY ',	200.00,	200.00),
(476,	93,	905,	0,	9,	1.00,	'School Fees Payment For SCHOOL T-SHIRT',	500.00,	500.00),
(477,	93,	906,	0,	3,	1.00,	'School Fees Payment For ADMISSION',	3000.00,	3000.00),
(478,	94,	907,	0,	1,	1.00,	'School Fees Payment For TUITION',	8000.00,	8000.00),
(479,	94,	908,	0,	5,	1.00,	'School Fees Payment For ACTIVITY FEE',	350.00,	350.00),
(480,	94,	909,	0,	6,	1.00,	'School Fees Payment For FOOD & KITCHEN FACILITIES',	2800.00,	2800.00),
(481,	94,	910,	0,	19,	1.00,	'School Fees Payment For UTILITIES',	700.00,	700.00),
(482,	95,	911,	0,	1,	1.00,	'School Fees Payment For TUITION',	8000.00,	8000.00),
(483,	95,	912,	0,	5,	1.00,	'School Fees Payment For ACTIVITY FEE',	350.00,	350.00),
(484,	95,	913,	0,	6,	1.00,	'School Fees Payment For FOOD & KITCHEN FACILITIES',	2800.00,	2800.00),
(485,	95,	914,	0,	19,	1.00,	'School Fees Payment For UTILITIES',	700.00,	700.00),
(486,	95,	915,	0,	4,	1.00,	'School Fees Payment For MILK',	2000.00,	2000.00),
(487,	95,	916,	0,	18,	1.00,	'School Fees Payment For DIARY ',	200.00,	200.00),
(488,	95,	917,	0,	9,	1.00,	'School Fees Payment For SCHOOL T-SHIRT',	500.00,	500.00),
(489,	95,	918,	0,	3,	1.00,	'School Fees Payment For ADMISSION',	3000.00,	3000.00),
(490,	95,	919,	0,	13,	1.00,	'School Fees Payment For TOUR',	2200.00,	2200.00),
(491,	96,	920,	0,	1,	1.00,	'School Fees Payment For TUITION',	8000.00,	8000.00),
(492,	96,	921,	0,	5,	1.00,	'School Fees Payment For ACTIVITY FEE',	150.00,	150.00),
(493,	96,	924,	0,	2,	1.00,	'School Fees Payment For TRANSPORT',	5400.00,	5400.00),
(494,	96,	925,	0,	13,	1.00,	'School Fees Payment For TOUR',	2200.00,	2200.00),
(495,	97,	926,	0,	1,	1.00,	'School Fees Payment For TUITION',	8000.00,	8000.00),
(496,	97,	927,	0,	5,	1.00,	'School Fees Payment For ACTIVITY FEE',	350.00,	350.00),
(497,	97,	928,	0,	6,	1.00,	'School Fees Payment For FOOD & KITCHEN FACILITIES',	2800.00,	2800.00),
(498,	97,	929,	0,	19,	1.00,	'School Fees Payment For UTILITIES',	700.00,	700.00),
(499,	97,	930,	0,	2,	1.00,	'School Fees Payment For TRANSPORT',	3000.00,	3000.00),
(500,	97,	931,	0,	4,	1.00,	'School Fees Payment For MILK',	2000.00,	2000.00),
(501,	97,	932,	0,	13,	1.00,	'School Fees Payment For TOUR',	2200.00,	2200.00),
(502,	98,	933,	0,	1,	1.00,	'School Fees Payment For TUITION',	8000.00,	8000.00),
(503,	98,	934,	0,	5,	1.00,	'School Fees Payment For ACTIVITY FEE',	350.00,	350.00),
(504,	98,	935,	0,	6,	1.00,	'School Fees Payment For FOOD & KITCHEN FACILITIES',	2800.00,	2800.00),
(505,	98,	936,	0,	19,	1.00,	'School Fees Payment For UTILITIES',	700.00,	700.00),
(506,	98,	937,	0,	2,	1.00,	'School Fees Payment For TRANSPORT',	5400.00,	5400.00),
(507,	99,	938,	0,	1,	1.00,	'School Fees Payment For TUITION',	7000.00,	7000.00),
(508,	100,	943,	0,	1,	1.00,	'School Fees Payment For TUITION',	2200.00,	2200.00),
(509,	101,	947,	0,	1,	1.00,	'School Fees Payment For TUITION',	8000.00,	8000.00),
(510,	101,	948,	0,	5,	1.00,	'School Fees Payment For ACTIVITY FEE',	350.00,	350.00),
(511,	101,	949,	0,	6,	1.00,	'School Fees Payment For FOOD & KITCHEN FACILITIES',	2800.00,	2800.00),
(512,	101,	950,	0,	19,	1.00,	'School Fees Payment For UTILITIES',	700.00,	700.00),
(513,	101,	951,	0,	2,	1.00,	'School Fees Payment For TRANSPORT',	5400.00,	5400.00),
(514,	102,	952,	0,	1,	1.00,	'School Fees Payment For TUITION',	8000.00,	8000.00),
(515,	102,	953,	0,	5,	1.00,	'School Fees Payment For ACTIVITY FEE',	350.00,	350.00),
(516,	102,	954,	0,	6,	1.00,	'School Fees Payment For FOOD & KITCHEN FACILITIES',	2800.00,	2800.00),
(517,	102,	955,	0,	19,	1.00,	'School Fees Payment For UTILITIES',	700.00,	700.00),
(518,	102,	957,	0,	3,	1.00,	'School Fees Payment For ADMISSION',	2950.00,	2950.00),
(519,	103,	958,	0,	1,	1.00,	'School Fees Payment For TUITION',	8000.00,	8000.00),
(520,	103,	959,	0,	5,	1.00,	'School Fees Payment For ACTIVITY FEE',	350.00,	350.00),
(521,	103,	960,	0,	6,	1.00,	'School Fees Payment For FOOD & KITCHEN FACILITIES',	2800.00,	2800.00),
(522,	103,	961,	0,	19,	1.00,	'School Fees Payment For UTILITIES',	700.00,	700.00),
(523,	103,	962,	0,	2,	1.00,	'School Fees Payment For TRANSPORT',	2700.00,	2700.00),
(524,	103,	963,	0,	4,	1.00,	'School Fees Payment For MILK',	2000.00,	2000.00),
(525,	104,	964,	0,	1,	1.00,	'School Fees Payment For TUITION',	8000.00,	8000.00),
(526,	104,	965,	0,	5,	1.00,	'School Fees Payment For ACTIVITY FEE',	350.00,	350.00),
(527,	104,	966,	0,	6,	1.00,	'School Fees Payment For FOOD & KITCHEN FACILITIES',	2800.00,	2800.00),
(528,	104,	967,	0,	19,	1.00,	'School Fees Payment For UTILITIES',	700.00,	700.00),
(529,	104,	968,	0,	2,	1.00,	'School Fees Payment For TRANSPORT',	2700.00,	2700.00),
(530,	104,	969,	0,	18,	1.00,	'School Fees Payment For DIARY ',	200.00,	200.00),
(531,	104,	970,	0,	3,	1.00,	'School Fees Payment For ADMISSION',	3000.00,	3000.00),
(532,	105,	971,	0,	1,	1.00,	'School Fees Payment For TUITION',	8000.00,	8000.00),
(533,	105,	972,	0,	5,	1.00,	'School Fees Payment For ACTIVITY FEE',	350.00,	350.00),
(534,	105,	973,	0,	6,	1.00,	'School Fees Payment For FOOD & KITCHEN FACILITIES',	2800.00,	2800.00),
(535,	105,	974,	0,	19,	1.00,	'School Fees Payment For UTILITIES',	700.00,	700.00),
(536,	105,	976,	0,	18,	1.00,	'School Fees Payment For DIARY ',	150.00,	150.00),
(537,	106,	979,	0,	1,	1.00,	'School Fees Payment For TUITION',	8000.00,	8000.00),
(538,	106,	980,	0,	5,	1.00,	'School Fees Payment For ACTIVITY FEE',	350.00,	350.00),
(539,	106,	981,	0,	6,	1.00,	'School Fees Payment For FOOD & KITCHEN FACILITIES',	2800.00,	2800.00),
(540,	106,	982,	0,	19,	1.00,	'School Fees Payment For UTILITIES',	700.00,	700.00),
(541,	106,	984,	0,	9,	1.00,	'School Fees Payment For SCHOOL T-SHIRT',	150.00,	150.00),
(542,	106,	985,	0,	3,	1.00,	'School Fees Payment For ADMISSION',	1000.00,	1000.00),
(543,	107,	986,	0,	1,	1.00,	'School Fees Payment For TUITION',	8000.00,	8000.00),
(544,	107,	988,	0,	6,	1.00,	'School Fees Payment For FOOD & KITCHEN FACILITIES',	1300.00,	1300.00),
(545,	107,	1067,	0,	2,	1.00,	'School Fees Payment For TRANSPORT',	2700.00,	2700.00),
(546,	108,	990,	0,	1,	1.00,	'School Fees Payment For TUITION',	7000.00,	7000.00),
(547,	109,	994,	0,	1,	1.00,	'School Fees Payment For TUITION',	8000.00,	8000.00),
(548,	109,	998,	0,	2,	1.00,	'School Fees Payment For TRANSPORT',	5000.00,	5000.00),
(549,	110,	1003,	0,	1,	1.00,	'School Fees Payment For TUITION',	8000.00,	8000.00),
(550,	110,	1004,	0,	5,	1.00,	'School Fees Payment For ACTIVITY FEE',	350.00,	350.00),
(551,	110,	1005,	0,	6,	1.00,	'School Fees Payment For FOOD & KITCHEN FACILITIES',	2800.00,	2800.00),
(552,	110,	1006,	0,	19,	1.00,	'School Fees Payment For UTILITIES',	700.00,	700.00),
(553,	111,	1007,	0,	1,	1.00,	'School Fees Payment For TUITION',	7050.00,	7050.00),
(554,	112,	1011,	0,	1,	1.00,	'School Fees Payment For TUITION',	8000.00,	8000.00),
(555,	112,	1012,	0,	5,	1.00,	'School Fees Payment For ACTIVITY FEE',	350.00,	350.00),
(556,	112,	1013,	0,	6,	1.00,	'School Fees Payment For FOOD & KITCHEN FACILITIES',	2800.00,	2800.00),
(557,	112,	1014,	0,	19,	1.00,	'School Fees Payment For UTILITIES',	700.00,	700.00),
(558,	112,	1015,	0,	2,	1.00,	'School Fees Payment For TRANSPORT',	6000.00,	6000.00),
(559,	113,	1016,	0,	1,	1.00,	'School Fees Payment For TUITION',	8000.00,	8000.00),
(560,	113,	1017,	0,	5,	1.00,	'School Fees Payment For ACTIVITY FEE',	350.00,	350.00),
(561,	113,	1018,	0,	6,	1.00,	'School Fees Payment For FOOD & KITCHEN FACILITIES',	2800.00,	2800.00),
(562,	113,	1019,	0,	19,	1.00,	'School Fees Payment For UTILITIES',	700.00,	700.00),
(563,	114,	1020,	0,	1,	1.00,	'School Fees Payment For TUITION',	8000.00,	8000.00),
(564,	114,	1021,	0,	5,	1.00,	'School Fees Payment For ACTIVITY FEE',	350.00,	350.00),
(565,	114,	1022,	0,	6,	1.00,	'School Fees Payment For FOOD & KITCHEN FACILITIES',	2800.00,	2800.00),
(566,	114,	1023,	0,	19,	1.00,	'School Fees Payment For UTILITIES',	700.00,	700.00),
(567,	114,	1024,	0,	2,	1.00,	'School Fees Payment For TRANSPORT',	6000.00,	6000.00),
(568,	115,	1025,	0,	1,	1.00,	'School Fees Payment For TUITION',	8000.00,	8000.00),
(569,	115,	1026,	0,	5,	1.00,	'School Fees Payment For ACTIVITY FEE',	350.00,	350.00),
(570,	115,	1027,	0,	6,	1.00,	'School Fees Payment For FOOD & KITCHEN FACILITIES',	2800.00,	2800.00),
(571,	115,	1028,	0,	19,	1.00,	'School Fees Payment For UTILITIES',	700.00,	700.00),
(572,	115,	1029,	0,	2,	1.00,	'School Fees Payment For TRANSPORT',	6000.00,	6000.00),
(573,	115,	1030,	0,	13,	1.00,	'School Fees Payment For TOUR',	2200.00,	2200.00),
(574,	116,	1031,	0,	1,	1.00,	'School Fees Payment For TUITION',	7850.00,	7850.00),
(575,	116,	1035,	0,	4,	1.00,	'School Fees Payment For MILK',	1800.00,	1800.00),
(576,	117,	331,	0,	1,	1.00,	'School Fees Payment For TUITION',	4250.00,	4250.00),
(577,	117,	332,	0,	5,	1.00,	'School Fees Payment For ACTIVITY FEE',	350.00,	350.00),
(578,	117,	333,	0,	6,	1.00,	'School Fees Payment For FOOD & KITCHEN FACILITIES',	2800.00,	2800.00),
(579,	117,	334,	0,	19,	1.00,	'School Fees Payment For UTILITIES',	700.00,	700.00),
(580,	118,	1068,	0,	1,	1.00,	'School Fees Payment For TUITION',	11800.00,	11800.00),
(581,	118,	1069,	0,	5,	1.00,	'School Fees Payment For ACTIVITY FEE',	350.00,	350.00),
(582,	118,	1070,	0,	6,	1.00,	'School Fees Payment For FOOD & KITCHEN FACILITIES',	3500.00,	3500.00),
(583,	118,	1071,	0,	19,	1.00,	'School Fees Payment For UTILITIES',	700.00,	700.00),
(584,	118,	1072,	0,	13,	1.00,	'School Fees Payment For TOUR',	6000.00,	6000.00),
(585,	119,	340,	0,	1,	1.00,	'School Fees Payment For TUITION',	11000.00,	11000.00),
(586,	119,	341,	0,	5,	1.00,	'School Fees Payment For ACTIVITY FEE',	350.00,	350.00),
(587,	119,	342,	0,	6,	1.00,	'School Fees Payment For FOOD & KITCHEN FACILITIES',	2800.00,	2800.00),
(588,	119,	343,	0,	19,	1.00,	'School Fees Payment For UTILITIES',	700.00,	700.00),
(589,	119,	344,	0,	2,	1.00,	'School Fees Payment For TRANSPORT',	6000.00,	6000.00),
(590,	120,	1073,	0,	1,	1.00,	'School Fees Payment For TUITION',	11800.00,	11800.00),
(591,	120,	1074,	0,	5,	1.00,	'School Fees Payment For ACTIVITY FEE',	350.00,	350.00),
(592,	120,	1075,	0,	6,	1.00,	'School Fees Payment For FOOD & KITCHEN FACILITIES',	3500.00,	3500.00),
(593,	120,	1076,	0,	19,	1.00,	'School Fees Payment For UTILITIES',	700.00,	700.00),
(594,	120,	1077,	0,	13,	1.00,	'School Fees Payment For TOUR',	6000.00,	6000.00),
(595,	121,	345,	0,	1,	1.00,	'School Fees Payment For TUITION',	1100.00,	1100.00),
(596,	121,	346,	0,	5,	1.00,	'School Fees Payment For ACTIVITY FEE',	350.00,	350.00),
(597,	121,	347,	0,	6,	1.00,	'School Fees Payment For FOOD & KITCHEN FACILITIES',	2800.00,	2800.00),
(598,	121,	348,	0,	19,	1.00,	'School Fees Payment For UTILITIES',	700.00,	700.00),
(599,	121,	349,	0,	2,	1.00,	'School Fees Payment For TRANSPORT',	6000.00,	6000.00),
(600,	121,	350,	0,	8,	1.00,	'School Fees Payment For PIANO/SWIMMING',	2000.00,	2000.00),
(601,	121,	1078,	0,	13,	1.00,	'School Fees Payment For TOUR',	2200.00,	2200.00),
(602,	122,	1119,	0,	1,	1.00,	'School Fees Payment For TUITION',	8000.00,	8000.00),
(603,	122,	1120,	0,	5,	1.00,	'School Fees Payment For ACTIVITY FEE',	350.00,	350.00),
(604,	122,	1121,	0,	6,	1.00,	'School Fees Payment For FOOD & KITCHEN FACILITIES',	2800.00,	2800.00),
(605,	122,	1122,	0,	19,	1.00,	'School Fees Payment For UTILITIES',	700.00,	700.00),
(606,	123,	1113,	0,	1,	1.00,	'School Fees Payment For TUITION',	8000.00,	8000.00),
(607,	123,	1114,	0,	5,	1.00,	'School Fees Payment For ACTIVITY FEE',	350.00,	350.00),
(608,	123,	1115,	0,	6,	1.00,	'School Fees Payment For FOOD & KITCHEN FACILITIES',	2800.00,	2800.00),
(609,	123,	1116,	0,	19,	1.00,	'School Fees Payment For UTILITIES',	700.00,	700.00),
(610,	123,	1117,	0,	4,	1.00,	'School Fees Payment For MILK',	2000.00,	2000.00),
(611,	123,	1118,	0,	13,	1.00,	'School Fees Payment For TOUR',	2200.00,	2200.00),
(612,	124,	1106,	0,	15,	1.00,	'School Fees Payment For FUNDS RESERVE',	100.00,	100.00),
(613,	124,	1107,	0,	1,	1.00,	'School Fees Payment For TUITION',	8000.00,	8000.00),
(614,	124,	1109,	0,	6,	1.00,	'School Fees Payment For FOOD & KITCHEN FACILITIES',	2400.00,	2400.00),
(615,	125,	351,	0,	1,	1.00,	'School Fees Payment For TUITION',	11000.00,	11000.00),
(616,	125,	352,	0,	5,	1.00,	'School Fees Payment For ACTIVITY FEE',	350.00,	350.00),
(617,	125,	353,	0,	6,	1.00,	'School Fees Payment For FOOD & KITCHEN FACILITIES',	2800.00,	2800.00),
(618,	125,	354,	0,	19,	1.00,	'School Fees Payment For UTILITIES',	700.00,	700.00),
(619,	125,	1123,	0,	13,	1.00,	'School Fees Payment For TOUR',	2200.00,	2200.00),
(620,	126,	1101,	0,	1,	1.00,	'School Fees Payment For TUITION',	2000.00,	2000.00),
(621,	126,	1105,	0,	13,	1.00,	'School Fees Payment For TOUR',	2200.00,	2200.00),
(622,	127,	1089,	0,	1,	1.00,	'School Fees Payment For TUITION',	8000.00,	8000.00),
(623,	127,	1090,	0,	5,	1.00,	'School Fees Payment For ACTIVITY FEE',	350.00,	350.00),
(624,	127,	1091,	0,	6,	1.00,	'School Fees Payment For FOOD & KITCHEN FACILITIES',	2800.00,	2800.00),
(625,	127,	1092,	0,	19,	1.00,	'School Fees Payment For UTILITIES',	700.00,	700.00),
(626,	127,	1093,	0,	4,	1.00,	'School Fees Payment For MILK',	2000.00,	2000.00),
(627,	128,	1083,	0,	1,	1.00,	'School Fees Payment For TUITION',	8000.00,	8000.00),
(628,	128,	1084,	0,	5,	1.00,	'School Fees Payment For ACTIVITY FEE',	350.00,	350.00),
(629,	128,	1085,	0,	6,	1.00,	'School Fees Payment For FOOD & KITCHEN FACILITIES',	2800.00,	2800.00),
(630,	128,	1086,	0,	19,	1.00,	'School Fees Payment For UTILITIES',	700.00,	700.00),
(631,	128,	1087,	0,	2,	1.00,	'School Fees Payment For TRANSPORT',	5400.00,	5400.00),
(632,	128,	1088,	0,	13,	1.00,	'School Fees Payment For TOUR',	2200.00,	2200.00),
(633,	129,	1079,	0,	1,	1.00,	'School Fees Payment For TUITION',	2500.00,	2500.00),
(634,	130,	833,	0,	1,	1.00,	'School Fees Payment For TUITION',	11000.00,	11000.00),
(635,	130,	834,	0,	5,	1.00,	'School Fees Payment For ACTIVITY FEE',	350.00,	350.00),
(636,	130,	835,	0,	6,	1.00,	'School Fees Payment For FOOD & KITCHEN FACILITIES',	2800.00,	2800.00),
(637,	130,	836,	0,	19,	1.00,	'School Fees Payment For UTILITIES',	700.00,	700.00),
(638,	130,	1124,	0,	13,	1.00,	'School Fees Payment For TOUR',	2200.00,	2200.00),
(639,	131,	1125,	0,	1,	1.00,	'School Fees Payment For TUITION',	8000.00,	8000.00),
(640,	131,	1126,	0,	5,	1.00,	'School Fees Payment For ACTIVITY FEE',	350.00,	350.00),
(641,	131,	1127,	0,	6,	1.00,	'School Fees Payment For FOOD & KITCHEN FACILITIES',	2800.00,	2800.00),
(642,	131,	1128,	0,	19,	1.00,	'School Fees Payment For UTILITIES',	700.00,	700.00),
(643,	132,	1147,	0,	1,	1.00,	'School Fees Payment For TUITION',	2500.00,	2500.00),
(644,	132,	1151,	0,	13,	1.00,	'School Fees Payment For TOUR',	2200.00,	2200.00),
(645,	133,	1142,	0,	1,	1.00,	'School Fees Payment For TUITION',	2500.00,	2500.00),
(646,	133,	1144,	0,	6,	1.00,	'School Fees Payment For FOOD & KITCHEN FACILITIES',	2500.00,	2500.00),
(647,	133,	1146,	0,	13,	1.00,	'School Fees Payment For TOUR',	2200.00,	2200.00),
(648,	134,	1129,	0,	1,	1.00,	'School Fees Payment For TUITION',	8000.00,	8000.00),
(649,	134,	1130,	0,	5,	1.00,	'School Fees Payment For ACTIVITY FEE',	350.00,	350.00),
(650,	134,	1131,	0,	6,	1.00,	'School Fees Payment For FOOD & KITCHEN FACILITIES',	2800.00,	2800.00),
(651,	134,	1132,	0,	19,	1.00,	'School Fees Payment For UTILITIES',	700.00,	700.00),
(652,	134,	1133,	0,	2,	1.00,	'School Fees Payment For TRANSPORT',	6000.00,	6000.00),
(653,	134,	1134,	0,	4,	1.00,	'School Fees Payment For MILK',	2000.00,	2000.00),
(654,	134,	1135,	0,	13,	1.00,	'School Fees Payment For TOUR',	2200.00,	2200.00),
(655,	135,	1136,	0,	1,	1.00,	'School Fees Payment For TUITION',	8000.00,	8000.00),
(656,	135,	1137,	0,	5,	1.00,	'School Fees Payment For ACTIVITY FEE',	350.00,	350.00),
(657,	135,	1138,	0,	6,	1.00,	'School Fees Payment For FOOD & KITCHEN FACILITIES',	2300.00,	2300.00),
(658,	135,	1139,	0,	19,	1.00,	'School Fees Payment For UTILITIES',	700.00,	700.00),
(659,	135,	1140,	0,	2,	1.00,	'School Fees Payment For TRANSPORT',	1000.00,	1000.00),
(660,	135,	1141,	0,	4,	1.00,	'School Fees Payment For MILK',	2000.00,	2000.00),
(661,	136,	252,	0,	1,	1.00,	'School Fees Payment For TUITION',	8000.00,	8000.00),
(662,	136,	254,	0,	6,	1.00,	'School Fees Payment For FOOD & KITCHEN FACILITIES',	1500.00,	1500.00),
(663,	136,	256,	0,	2,	1.00,	'School Fees Payment For TRANSPORT',	1000.00,	1000.00),
(664,	136,	257,	0,	4,	1.00,	'School Fees Payment For MILK',	2000.00,	2000.00),
(665,	137,	837,	0,	1,	1.00,	'School Fees Payment For TUITION',	11000.00,	11000.00),
(666,	137,	838,	0,	5,	1.00,	'School Fees Payment For ACTIVITY FEE',	350.00,	350.00),
(667,	137,	839,	0,	6,	1.00,	'School Fees Payment For FOOD & KITCHEN FACILITIES',	2800.00,	2800.00),
(668,	137,	840,	0,	19,	1.00,	'School Fees Payment For UTILITIES',	700.00,	700.00),
(669,	137,	841,	0,	2,	1.00,	'School Fees Payment For TRANSPORT',	5400.00,	5400.00),
(670,	138,	355,	0,	1,	1.00,	'School Fees Payment For TUITION',	11000.00,	11000.00),
(671,	138,	356,	0,	5,	1.00,	'School Fees Payment For ACTIVITY FEE',	350.00,	350.00),
(672,	138,	357,	0,	6,	1.00,	'School Fees Payment For FOOD & KITCHEN FACILITIES',	2800.00,	2800.00),
(673,	138,	358,	0,	19,	1.00,	'School Fees Payment For UTILITIES',	700.00,	700.00),
(674,	139,	359,	0,	1,	1.00,	'School Fees Payment For TUITION',	11000.00,	11000.00),
(675,	139,	360,	0,	5,	1.00,	'School Fees Payment For ACTIVITY FEE',	350.00,	350.00),
(676,	139,	361,	0,	6,	1.00,	'School Fees Payment For FOOD & KITCHEN FACILITIES',	2800.00,	2800.00),
(677,	139,	362,	0,	19,	1.00,	'School Fees Payment For UTILITIES',	700.00,	700.00),
(678,	139,	1153,	0,	2,	1.00,	'School Fees Payment For TRANSPORT',	2700.00,	2700.00),
(679,	140,	363,	0,	1,	1.00,	'School Fees Payment For TUITION',	11000.00,	11000.00),
(680,	140,	364,	0,	5,	1.00,	'School Fees Payment For ACTIVITY FEE',	350.00,	350.00),
(681,	140,	365,	0,	6,	1.00,	'School Fees Payment For FOOD & KITCHEN FACILITIES',	2800.00,	2800.00),
(682,	140,	366,	0,	19,	1.00,	'School Fees Payment For UTILITIES',	700.00,	700.00),
(683,	140,	367,	0,	8,	1.00,	'School Fees Payment For PIANO/SWIMMING',	2000.00,	2000.00),
(684,	140,	1154,	0,	13,	1.00,	'School Fees Payment For TOUR',	2200.00,	2200.00),
(685,	141,	368,	0,	1,	1.00,	'School Fees Payment For TUITION',	11000.00,	11000.00),
(686,	141,	369,	0,	5,	1.00,	'School Fees Payment For ACTIVITY FEE',	350.00,	350.00),
(687,	141,	370,	0,	6,	1.00,	'School Fees Payment For FOOD & KITCHEN FACILITIES',	2800.00,	2800.00),
(688,	141,	371,	0,	19,	1.00,	'School Fees Payment For UTILITIES',	700.00,	700.00),
(689,	142,	372,	0,	1,	1.00,	'School Fees Payment For TUITION',	11000.00,	11000.00),
(690,	142,	373,	0,	5,	1.00,	'School Fees Payment For ACTIVITY FEE',	350.00,	350.00),
(691,	142,	374,	0,	6,	1.00,	'School Fees Payment For FOOD & KITCHEN FACILITIES',	2800.00,	2800.00),
(692,	142,	375,	0,	19,	1.00,	'School Fees Payment For UTILITIES',	700.00,	700.00),
(693,	142,	376,	0,	2,	1.00,	'School Fees Payment For TRANSPORT',	3000.00,	3000.00),
(694,	142,	377,	0,	8,	1.00,	'School Fees Payment For PIANO/SWIMMING',	2000.00,	2000.00),
(695,	142,	1155,	0,	13,	1.00,	'School Fees Payment For TOUR',	2200.00,	2200.00),
(696,	143,	378,	0,	1,	1.00,	'School Fees Payment For TUITION',	11000.00,	11000.00),
(697,	143,	379,	0,	5,	1.00,	'School Fees Payment For ACTIVITY FEE',	350.00,	350.00),
(698,	143,	380,	0,	6,	1.00,	'School Fees Payment For FOOD & KITCHEN FACILITIES',	2800.00,	2800.00),
(699,	143,	381,	0,	19,	1.00,	'School Fees Payment For UTILITIES',	700.00,	700.00),
(700,	143,	382,	0,	4,	1.00,	'School Fees Payment For MILK',	2000.00,	2000.00),
(701,	144,	383,	0,	1,	1.00,	'School Fees Payment For TUITION',	11000.00,	11000.00),
(702,	144,	384,	0,	5,	1.00,	'School Fees Payment For ACTIVITY FEE',	350.00,	350.00),
(703,	144,	385,	0,	6,	1.00,	'School Fees Payment For FOOD & KITCHEN FACILITIES',	2800.00,	2800.00),
(704,	144,	386,	0,	19,	1.00,	'School Fees Payment For UTILITIES',	700.00,	700.00),
(705,	144,	1156,	0,	2,	1.00,	'School Fees Payment For TRANSPORT',	5400.00,	5400.00),
(706,	144,	1157,	0,	4,	1.00,	'School Fees Payment For MILK',	2000.00,	2000.00),
(707,	144,	0,	0,	15,	1.00,	'Excess Payment',	500.00,	500.00),
(708,	145,	387,	0,	1,	1.00,	'School Fees Payment For TUITION',	11000.00,	11000.00),
(709,	145,	388,	0,	5,	1.00,	'School Fees Payment For ACTIVITY FEE',	350.00,	350.00),
(710,	145,	389,	0,	6,	1.00,	'School Fees Payment For FOOD & KITCHEN FACILITIES',	2800.00,	2800.00),
(711,	145,	390,	0,	19,	1.00,	'School Fees Payment For UTILITIES',	700.00,	700.00),
(712,	145,	391,	0,	2,	1.00,	'School Fees Payment For TRANSPORT',	6000.00,	6000.00),
(713,	145,	1158,	0,	8,	1.00,	'School Fees Payment For PIANO/SWIMMING',	2000.00,	2000.00),
(714,	145,	1159,	0,	13,	1.00,	'School Fees Payment For TOUR',	2200.00,	2200.00),
(715,	146,	392,	0,	1,	1.00,	'School Fees Payment For TUITION',	11000.00,	11000.00),
(716,	146,	393,	0,	5,	1.00,	'School Fees Payment For ACTIVITY FEE',	350.00,	350.00),
(717,	146,	394,	0,	6,	1.00,	'School Fees Payment For FOOD & KITCHEN FACILITIES',	2800.00,	2800.00),
(718,	146,	395,	0,	19,	1.00,	'School Fees Payment For UTILITIES',	700.00,	700.00),
(719,	146,	396,	0,	2,	1.00,	'School Fees Payment For TRANSPORT',	5400.00,	5400.00),
(720,	146,	1160,	0,	13,	1.00,	'School Fees Payment For TOUR',	2200.00,	2200.00),
(721,	147,	397,	0,	1,	1.00,	'School Fees Payment For TUITION',	4250.00,	4250.00),
(722,	147,	398,	0,	5,	1.00,	'School Fees Payment For ACTIVITY FEE',	350.00,	350.00),
(723,	147,	399,	0,	6,	1.00,	'School Fees Payment For FOOD & KITCHEN FACILITIES',	2800.00,	2800.00),
(724,	147,	400,	0,	19,	1.00,	'School Fees Payment For UTILITIES',	700.00,	700.00),
(725,	147,	401,	0,	2,	1.00,	'School Fees Payment For TRANSPORT',	6000.00,	6000.00),
(726,	148,	402,	0,	1,	1.00,	'School Fees Payment For TUITION',	11000.00,	11000.00),
(727,	148,	403,	0,	5,	1.00,	'School Fees Payment For ACTIVITY FEE',	350.00,	350.00),
(728,	148,	404,	0,	6,	1.00,	'School Fees Payment For FOOD & KITCHEN FACILITIES',	2800.00,	2800.00),
(729,	148,	405,	0,	19,	1.00,	'School Fees Payment For UTILITIES',	700.00,	700.00),
(730,	148,	406,	0,	2,	1.00,	'School Fees Payment For TRANSPORT',	6000.00,	6000.00),
(731,	148,	407,	0,	8,	1.00,	'School Fees Payment For PIANO/SWIMMING',	2000.00,	2000.00),
(732,	148,	1161,	0,	13,	1.00,	'School Fees Payment For TOUR',	2200.00,	2200.00),
(733,	149,	408,	0,	1,	1.00,	'School Fees Payment For TUITION',	11000.00,	11000.00),
(734,	149,	409,	0,	5,	1.00,	'School Fees Payment For ACTIVITY FEE',	350.00,	350.00),
(735,	149,	410,	0,	6,	1.00,	'School Fees Payment For FOOD & KITCHEN FACILITIES',	2800.00,	2800.00),
(736,	149,	411,	0,	19,	1.00,	'School Fees Payment For UTILITIES',	700.00,	700.00),
(737,	149,	1162,	0,	13,	1.00,	'School Fees Payment For TOUR',	220.00,	220.00),
(738,	149,	1163,	0,	2,	1.00,	'School Fees Payment For TRANSPORT',	5400.00,	5400.00),
(739,	150,	412,	0,	1,	1.00,	'School Fees Payment For TUITION',	11000.00,	11000.00),
(740,	150,	413,	0,	5,	1.00,	'School Fees Payment For ACTIVITY FEE',	350.00,	350.00),
(741,	150,	414,	0,	6,	1.00,	'School Fees Payment For FOOD & KITCHEN FACILITIES',	2800.00,	2800.00),
(742,	150,	415,	0,	19,	1.00,	'School Fees Payment For UTILITIES',	700.00,	700.00),
(743,	150,	1164,	0,	4,	1.00,	'School Fees Payment For MILK',	2000.00,	2000.00),
(744,	150,	1165,	0,	13,	1.00,	'School Fees Payment For TOUR',	2200.00,	2200.00),
(745,	151,	416,	0,	1,	1.00,	'School Fees Payment For TUITION',	11000.00,	11000.00),
(746,	151,	417,	0,	5,	1.00,	'School Fees Payment For ACTIVITY FEE',	350.00,	350.00),
(747,	151,	418,	0,	6,	1.00,	'School Fees Payment For FOOD & KITCHEN FACILITIES',	2800.00,	2800.00),
(748,	151,	419,	0,	19,	1.00,	'School Fees Payment For UTILITIES',	700.00,	700.00),
(749,	151,	1168,	0,	4,	1.00,	'School Fees Payment For MILK',	2000.00,	2000.00),
(750,	151,	1169,	0,	13,	1.00,	'School Fees Payment For TOUR',	2200.00,	2200.00),
(751,	152,	420,	0,	1,	1.00,	'School Fees Payment For TUITION',	11000.00,	11000.00),
(752,	152,	421,	0,	5,	1.00,	'School Fees Payment For ACTIVITY FEE',	350.00,	350.00),
(753,	152,	422,	0,	6,	1.00,	'School Fees Payment For FOOD & KITCHEN FACILITIES',	2800.00,	2800.00),
(754,	152,	423,	0,	19,	1.00,	'School Fees Payment For UTILITIES',	700.00,	700.00),
(755,	152,	424,	0,	8,	1.00,	'School Fees Payment For PIANO/SWIMMING',	2000.00,	2000.00),
(756,	152,	1170,	0,	13,	1.00,	'School Fees Payment For TOUR',	2200.00,	2200.00),
(757,	153,	425,	0,	1,	1.00,	'School Fees Payment For TUITION',	11000.00,	11000.00),
(758,	153,	426,	0,	5,	1.00,	'School Fees Payment For ACTIVITY FEE',	350.00,	350.00),
(759,	153,	427,	0,	6,	1.00,	'School Fees Payment For FOOD & KITCHEN FACILITIES',	2800.00,	2800.00),
(760,	153,	428,	0,	19,	1.00,	'School Fees Payment For UTILITIES',	700.00,	700.00),
(761,	153,	0,	0,	15,	1.00,	'Excess Payment',	550.00,	550.00),
(762,	154,	429,	0,	1,	1.00,	'School Fees Payment For TUITION',	11000.00,	11000.00),
(763,	154,	430,	0,	5,	1.00,	'School Fees Payment For ACTIVITY FEE',	350.00,	350.00),
(764,	154,	431,	0,	6,	1.00,	'School Fees Payment For FOOD & KITCHEN FACILITIES',	2800.00,	2800.00),
(765,	154,	432,	0,	19,	1.00,	'School Fees Payment For UTILITIES',	700.00,	700.00),
(766,	154,	1171,	0,	2,	1.00,	'School Fees Payment For TRANSPORT',	2700.00,	2700.00),
(767,	154,	1172,	0,	13,	1.00,	'School Fees Payment For TOUR',	2200.00,	2200.00),
(768,	155,	433,	0,	1,	1.00,	'School Fees Payment For TUITION',	11000.00,	11000.00),
(769,	155,	434,	0,	5,	1.00,	'School Fees Payment For ACTIVITY FEE',	350.00,	350.00),
(770,	155,	435,	0,	6,	1.00,	'School Fees Payment For FOOD & KITCHEN FACILITIES',	2800.00,	2800.00),
(771,	155,	436,	0,	19,	1.00,	'School Fees Payment For UTILITIES',	700.00,	700.00),
(772,	155,	437,	0,	2,	1.00,	'School Fees Payment For TRANSPORT',	6000.00,	6000.00),
(773,	155,	438,	0,	4,	1.00,	'School Fees Payment For MILK',	2000.00,	2000.00),
(774,	155,	1173,	0,	8,	1.00,	'School Fees Payment For PIANO/SWIMMING',	2000.00,	2000.00),
(775,	155,	0,	0,	15,	1.00,	'Excess Payment',	100.00,	100.00),
(776,	156,	585,	0,	1,	1.00,	'School Fees Payment For TUITION',	11000.00,	11000.00),
(777,	156,	586,	0,	5,	1.00,	'School Fees Payment For ACTIVITY FEE',	310.00,	310.00),
(778,	156,	587,	0,	6,	1.00,	'School Fees Payment For FOOD & KITCHEN FACILITIES',	2800.00,	2800.00),
(779,	156,	588,	0,	19,	1.00,	'School Fees Payment For UTILITIES',	700.00,	700.00),
(780,	156,	1174,	0,	13,	1.00,	'School Fees Payment For TOUR',	2200.00,	2200.00),
(781,	157,	439,	0,	1,	1.00,	'School Fees Payment For TUITION',	11000.00,	11000.00),
(782,	157,	440,	0,	5,	1.00,	'School Fees Payment For ACTIVITY FEE',	350.00,	350.00),
(783,	157,	441,	0,	6,	1.00,	'School Fees Payment For FOOD & KITCHEN FACILITIES',	2800.00,	2800.00),
(784,	157,	442,	0,	19,	1.00,	'School Fees Payment For UTILITIES',	700.00,	700.00),
(785,	157,	443,	0,	2,	1.00,	'School Fees Payment For TRANSPORT',	6000.00,	6000.00),
(786,	157,	444,	0,	4,	1.00,	'School Fees Payment For MILK',	2000.00,	2000.00),
(787,	157,	445,	0,	8,	1.00,	'School Fees Payment For PIANO/SWIMMING',	2000.00,	2000.00),
(788,	157,	1175,	0,	13,	1.00,	'School Fees Payment For TOUR',	2200.00,	2200.00),
(789,	158,	446,	0,	1,	1.00,	'School Fees Payment For TUITION',	11000.00,	11000.00),
(790,	158,	447,	0,	5,	1.00,	'School Fees Payment For ACTIVITY FEE',	350.00,	350.00),
(791,	158,	448,	0,	6,	1.00,	'School Fees Payment For FOOD & KITCHEN FACILITIES',	2800.00,	2800.00),
(792,	158,	449,	0,	19,	1.00,	'School Fees Payment For UTILITIES',	700.00,	700.00),
(793,	158,	450,	0,	2,	1.00,	'School Fees Payment For TRANSPORT',	2700.00,	2700.00),
(794,	158,	451,	0,	8,	1.00,	'School Fees Payment For PIANO/SWIMMING',	2000.00,	2000.00),
(795,	158,	1176,	0,	4,	1.00,	'School Fees Payment For MILK',	2000.00,	2000.00),
(796,	158,	1177,	0,	13,	1.00,	'School Fees Payment For TOUR',	2200.00,	2000.00),
(797,	159,	452,	0,	1,	1.00,	'School Fees Payment For TUITION',	11000.00,	11000.00),
(798,	159,	453,	0,	5,	1.00,	'School Fees Payment For ACTIVITY FEE',	350.00,	350.00),
(799,	159,	454,	0,	6,	1.00,	'School Fees Payment For FOOD & KITCHEN FACILITIES',	2800.00,	2800.00),
(800,	159,	455,	0,	19,	1.00,	'School Fees Payment For UTILITIES',	700.00,	700.00),
(801,	159,	456,	0,	2,	1.00,	'School Fees Payment For TRANSPORT',	5400.00,	5400.00),
(802,	159,	1178,	0,	13,	1.00,	'School Fees Payment For TOUR',	2200.00,	2200.00),
(803,	160,	457,	0,	1,	1.00,	'School Fees Payment For TUITION',	10000.00,	10000.00),
(804,	161,	462,	0,	1,	1.00,	'School Fees Payment For TUITION',	11000.00,	11000.00),
(805,	161,	463,	0,	5,	1.00,	'School Fees Payment For ACTIVITY FEE',	350.00,	350.00),
(806,	161,	464,	0,	6,	1.00,	'School Fees Payment For FOOD & KITCHEN FACILITIES',	2800.00,	2800.00),
(807,	161,	465,	0,	19,	1.00,	'School Fees Payment For UTILITIES',	700.00,	700.00),
(808,	161,	1179,	0,	13,	1.00,	'School Fees Payment For TOUR',	2200.00,	2200.00),
(809,	162,	466,	0,	1,	1.00,	'School Fees Payment For TUITION',	11000.00,	11000.00),
(810,	162,	467,	0,	5,	1.00,	'School Fees Payment For ACTIVITY FEE',	350.00,	350.00),
(811,	162,	468,	0,	6,	1.00,	'School Fees Payment For FOOD & KITCHEN FACILITIES',	2800.00,	2800.00),
(812,	162,	469,	0,	19,	1.00,	'School Fees Payment For UTILITIES',	700.00,	700.00),
(813,	162,	470,	0,	2,	1.00,	'School Fees Payment For TRANSPORT',	6000.00,	6000.00),
(814,	163,	471,	0,	1,	1.00,	'School Fees Payment For TUITION',	11000.00,	11000.00),
(815,	163,	472,	0,	5,	1.00,	'School Fees Payment For ACTIVITY FEE',	350.00,	350.00),
(816,	163,	473,	0,	6,	1.00,	'School Fees Payment For FOOD & KITCHEN FACILITIES',	2800.00,	2800.00),
(817,	163,	474,	0,	19,	1.00,	'School Fees Payment For UTILITIES',	700.00,	700.00),
(818,	163,	475,	0,	2,	1.00,	'School Fees Payment For TRANSPORT',	4000.00,	4000.00),
(819,	164,	476,	0,	1,	1.00,	'School Fees Payment For TUITION',	11000.00,	11000.00),
(820,	164,	477,	0,	5,	1.00,	'School Fees Payment For ACTIVITY FEE',	350.00,	350.00),
(821,	164,	478,	0,	6,	1.00,	'School Fees Payment For FOOD & KITCHEN FACILITIES',	2800.00,	2800.00),
(822,	164,	479,	0,	19,	1.00,	'School Fees Payment For UTILITIES',	700.00,	700.00),
(823,	165,	481,	0,	1,	1.00,	'School Fees Payment For TUITION',	11000.00,	11000.00),
(824,	165,	483,	0,	6,	1.00,	'School Fees Payment For FOOD & KITCHEN FACILITIES',	1000.00,	1000.00),
(825,	165,	485,	0,	2,	1.00,	'School Fees Payment For TRANSPORT',	6000.00,	6000.00),
(826,	165,	1180,	0,	13,	1.00,	'School Fees Payment For TOUR',	2000.00,	2000.00),
(827,	166,	486,	0,	1,	1.00,	'School Fees Payment For TUITION',	11000.00,	11000.00),
(828,	166,	487,	0,	5,	1.00,	'School Fees Payment For ACTIVITY FEE',	350.00,	350.00),
(829,	166,	488,	0,	6,	1.00,	'School Fees Payment For FOOD & KITCHEN FACILITIES',	2800.00,	2800.00),
(830,	166,	489,	0,	19,	1.00,	'School Fees Payment For UTILITIES',	700.00,	700.00),
(831,	166,	490,	0,	2,	1.00,	'School Fees Payment For TRANSPORT',	3150.00,	3150.00),
(832,	167,	491,	0,	1,	1.00,	'School Fees Payment For TUITION',	11000.00,	11000.00),
(833,	167,	492,	0,	5,	1.00,	'School Fees Payment For ACTIVITY FEE',	350.00,	350.00),
(834,	167,	493,	0,	6,	1.00,	'School Fees Payment For FOOD & KITCHEN FACILITIES',	2800.00,	2800.00),
(835,	167,	494,	0,	19,	1.00,	'School Fees Payment For UTILITIES',	700.00,	700.00),
(836,	167,	495,	0,	2,	1.00,	'School Fees Payment For TRANSPORT',	2700.00,	2700.00),
(837,	168,	496,	0,	1,	1.00,	'School Fees Payment For TUITION',	7000.00,	7000.00),
(838,	169,	501,	0,	1,	1.00,	'School Fees Payment For TUITION',	9000.00,	9000.00),
(839,	170,	505,	0,	1,	1.00,	'School Fees Payment For TUITION',	7000.00,	7000.00),
(840,	171,	509,	0,	1,	1.00,	'School Fees Payment For TUITION',	9350.00,	9350.00),
(841,	172,	581,	0,	1,	1.00,	'School Fees Payment For TUITION',	9350.00,	9350.00),
(842,	173,	513,	0,	1,	1.00,	'School Fees Payment For TUITION',	11000.00,	11000.00),
(843,	173,	514,	0,	5,	1.00,	'School Fees Payment For ACTIVITY FEE',	350.00,	350.00),
(844,	173,	515,	0,	6,	1.00,	'School Fees Payment For FOOD & KITCHEN FACILITIES',	2800.00,	2800.00),
(845,	173,	516,	0,	19,	1.00,	'School Fees Payment For UTILITIES',	700.00,	700.00),
(846,	173,	1181,	0,	2,	1.00,	'School Fees Payment For TRANSPORT',	5400.00,	5400.00),
(847,	174,	517,	0,	1,	1.00,	'School Fees Payment For TUITION',	11000.00,	11000.00),
(848,	174,	519,	0,	6,	1.00,	'School Fees Payment For FOOD & KITCHEN FACILITIES',	580.00,	580.00),
(849,	174,	521,	0,	2,	1.00,	'School Fees Payment For TRANSPORT',	6000.00,	6000.00),
(850,	175,	522,	0,	1,	1.00,	'School Fees Payment For TUITION',	11000.00,	11000.00),
(851,	175,	523,	0,	5,	1.00,	'School Fees Payment For ACTIVITY FEE',	350.00,	350.00),
(852,	175,	524,	0,	6,	1.00,	'School Fees Payment For FOOD & KITCHEN FACILITIES',	2800.00,	2800.00),
(853,	175,	525,	0,	19,	1.00,	'School Fees Payment For UTILITIES',	700.00,	700.00),
(854,	175,	526,	0,	2,	1.00,	'School Fees Payment For TRANSPORT',	6000.00,	6000.00),
(855,	175,	1182,	0,	13,	1.00,	'School Fees Payment For TOUR',	2200.00,	2200.00),
(856,	176,	528,	0,	1,	1.00,	'School Fees Payment For TUITION',	11000.00,	11000.00),
(857,	176,	529,	0,	5,	1.00,	'School Fees Payment For ACTIVITY FEE',	350.00,	350.00),
(858,	176,	530,	0,	6,	1.00,	'School Fees Payment For FOOD & KITCHEN FACILITIES',	2800.00,	2800.00),
(859,	176,	531,	0,	19,	1.00,	'School Fees Payment For UTILITIES',	700.00,	700.00),
(860,	176,	532,	0,	4,	1.00,	'School Fees Payment For MILK',	2000.00,	2000.00),
(861,	177,	533,	0,	1,	1.00,	'School Fees Payment For TUITION',	11000.00,	11000.00),
(862,	177,	534,	0,	5,	1.00,	'School Fees Payment For ACTIVITY FEE',	350.00,	350.00),
(863,	177,	535,	0,	6,	1.00,	'School Fees Payment For FOOD & KITCHEN FACILITIES',	2800.00,	2800.00),
(864,	177,	536,	0,	19,	1.00,	'School Fees Payment For UTILITIES',	700.00,	700.00),
(865,	177,	537,	0,	2,	1.00,	'School Fees Payment For TRANSPORT',	6000.00,	6000.00),
(866,	177,	538,	0,	4,	1.00,	'School Fees Payment For MILK',	2000.00,	2000.00),
(867,	177,	539,	0,	8,	1.00,	'School Fees Payment For PIANO/SWIMMING',	2000.00,	2000.00),
(868,	178,	540,	0,	1,	1.00,	'School Fees Payment For TUITION',	11000.00,	11000.00),
(869,	178,	541,	0,	5,	1.00,	'School Fees Payment For ACTIVITY FEE',	350.00,	350.00),
(870,	178,	542,	0,	6,	1.00,	'School Fees Payment For FOOD & KITCHEN FACILITIES',	2800.00,	2800.00),
(871,	178,	543,	0,	19,	1.00,	'School Fees Payment For UTILITIES',	700.00,	700.00),
(872,	178,	544,	0,	2,	1.00,	'School Fees Payment For TRANSPORT',	3000.00,	3000.00),
(873,	178,	545,	0,	4,	1.00,	'School Fees Payment For MILK',	2000.00,	2000.00),
(874,	178,	546,	0,	8,	1.00,	'School Fees Payment For PIANO/SWIMMING',	2000.00,	2000.00),
(875,	179,	547,	0,	1,	1.00,	'School Fees Payment For TUITION',	11000.00,	11000.00),
(876,	179,	548,	0,	5,	1.00,	'School Fees Payment For ACTIVITY FEE',	350.00,	350.00),
(877,	179,	549,	0,	6,	1.00,	'School Fees Payment For FOOD & KITCHEN FACILITIES',	2800.00,	2800.00),
(878,	179,	550,	0,	19,	1.00,	'School Fees Payment For UTILITIES',	700.00,	700.00),
(879,	179,	551,	0,	2,	1.00,	'School Fees Payment For TRANSPORT',	6000.00,	6000.00),
(880,	180,	552,	0,	1,	1.00,	'School Fees Payment For TUITION',	11000.00,	11000.00),
(881,	180,	553,	0,	5,	1.00,	'School Fees Payment For ACTIVITY FEE',	350.00,	350.00),
(882,	180,	554,	0,	6,	1.00,	'School Fees Payment For FOOD & KITCHEN FACILITIES',	2800.00,	2800.00),
(883,	180,	555,	0,	19,	1.00,	'School Fees Payment For UTILITIES',	700.00,	700.00),
(884,	180,	556,	0,	2,	1.00,	'School Fees Payment For TRANSPORT',	5400.00,	5400.00),
(885,	180,	557,	0,	8,	1.00,	'School Fees Payment For PIANO/SWIMMING',	2000.00,	2000.00),
(886,	181,	558,	0,	1,	1.00,	'School Fees Payment For TUITION',	11000.00,	11000.00),
(887,	181,	559,	0,	5,	1.00,	'School Fees Payment For ACTIVITY FEE',	350.00,	350.00),
(888,	181,	560,	0,	6,	1.00,	'School Fees Payment For FOOD & KITCHEN FACILITIES',	2800.00,	2800.00),
(889,	181,	561,	0,	19,	1.00,	'School Fees Payment For UTILITIES',	700.00,	700.00),
(890,	181,	562,	0,	2,	1.00,	'School Fees Payment For TRANSPORT',	6000.00,	6000.00),
(891,	181,	1183,	0,	13,	1.00,	'School Fees Payment For TOUR',	2200.00,	2200.00),
(892,	182,	563,	0,	1,	1.00,	'School Fees Payment For TUITION',	11000.00,	11000.00),
(893,	182,	564,	0,	5,	1.00,	'School Fees Payment For ACTIVITY FEE',	350.00,	350.00),
(894,	182,	565,	0,	6,	1.00,	'School Fees Payment For FOOD & KITCHEN FACILITIES',	2800.00,	2800.00),
(895,	182,	566,	0,	19,	1.00,	'School Fees Payment For UTILITIES',	700.00,	700.00),
(896,	183,	567,	0,	1,	1.00,	'School Fees Payment For TUITION',	11000.00,	11000.00),
(897,	183,	568,	0,	5,	1.00,	'School Fees Payment For ACTIVITY FEE',	350.00,	350.00),
(898,	183,	569,	0,	6,	1.00,	'School Fees Payment For FOOD & KITCHEN FACILITIES',	2800.00,	2800.00),
(899,	183,	570,	0,	19,	1.00,	'School Fees Payment For UTILITIES',	700.00,	700.00),
(900,	183,	1184,	0,	2,	1.00,	'School Fees Payment For TRANSPORT',	2700.00,	2700.00),
(901,	184,	571,	0,	1,	1.00,	'School Fees Payment For TUITION',	11000.00,	11000.00),
(902,	184,	572,	0,	5,	1.00,	'School Fees Payment For ACTIVITY FEE',	350.00,	350.00),
(903,	184,	573,	0,	6,	1.00,	'School Fees Payment For FOOD & KITCHEN FACILITIES',	2700.00,	2700.00),
(904,	184,	574,	0,	19,	1.00,	'School Fees Payment For UTILITIES',	700.00,	700.00),
(905,	184,	1185,	0,	13,	1.00,	'School Fees Payment For TOUR',	2200.00,	2200.00),
(906,	185,	575,	0,	1,	1.00,	'School Fees Payment For TUITION',	11000.00,	11000.00),
(907,	185,	576,	0,	5,	1.00,	'School Fees Payment For ACTIVITY FEE',	350.00,	350.00),
(908,	185,	577,	0,	6,	1.00,	'School Fees Payment For FOOD & KITCHEN FACILITIES',	2800.00,	2800.00),
(909,	185,	578,	0,	19,	1.00,	'School Fees Payment For UTILITIES',	700.00,	700.00),
(910,	185,	579,	0,	2,	1.00,	'School Fees Payment For TRANSPORT',	5400.00,	5400.00),
(911,	185,	580,	0,	4,	1.00,	'School Fees Payment For MILK',	2000.00,	2000.00),
(912,	186,	1195,	0,	1,	1.00,	'School Fees Payment For TUITION',	11000.00,	11000.00),
(913,	186,	1196,	0,	5,	1.00,	'School Fees Payment For ACTIVITY FEE',	350.00,	350.00),
(914,	186,	1197,	0,	6,	1.00,	'School Fees Payment For FOOD & KITCHEN FACILITIES',	2800.00,	2800.00),
(915,	186,	1198,	0,	19,	1.00,	'School Fees Payment For UTILITIES',	700.00,	700.00),
(916,	186,	1199,	0,	2,	1.00,	'School Fees Payment For TRANSPORT',	6000.00,	6000.00),
(917,	186,	1200,	0,	13,	1.00,	'School Fees Payment For TOUR',	2200.00,	2200.00),
(918,	187,	1186,	0,	20,	1.00,	'School Fees Payment For ADMISSION',	3300.00,	3300.00),
(919,	187,	1187,	0,	1,	1.00,	'School Fees Payment For TUITION',	11000.00,	11000.00),
(920,	187,	1188,	0,	5,	1.00,	'School Fees Payment For ACTIVITY FEE',	350.00,	350.00),
(921,	187,	1189,	0,	6,	1.00,	'School Fees Payment For FOOD & KITCHEN FACILITIES',	2800.00,	2800.00),
(922,	187,	1190,	0,	19,	1.00,	'School Fees Payment For UTILITIES',	700.00,	700.00),
(923,	187,	1191,	0,	18,	1.00,	'School Fees Payment For DIARY ',	200.00,	200.00),
(924,	187,	1192,	0,	16,	1.00,	'School Fees Payment For TEXTBOOKS',	5000.00,	5000.00),
(925,	187,	1193,	0,	9,	1.00,	'School Fees Payment For SCHOOL T-SHIRT',	500.00,	500.00),
(926,	187,	1194,	0,	13,	1.00,	'School Fees Payment For TOUR',	2200.00,	2200.00),
(927,	188,	702,	0,	1,	1.00,	'School Fees Payment For TUITION',	11800.00,	11800.00),
(928,	188,	703,	0,	5,	1.00,	'School Fees Payment For ACTIVITY FEE',	350.00,	350.00),
(929,	188,	704,	0,	6,	1.00,	'School Fees Payment For FOOD & KITCHEN FACILITIES',	3500.00,	3500.00),
(930,	188,	705,	0,	19,	1.00,	'School Fees Payment For UTILITIES',	700.00,	700.00),
(931,	188,	1201,	0,	13,	1.00,	'School Fees Payment For TOUR',	6000.00,	6000.00),
(932,	189,	706,	0,	1,	1.00,	'School Fees Payment For TUITION',	11800.00,	11800.00),
(933,	189,	707,	0,	5,	1.00,	'School Fees Payment For ACTIVITY FEE',	350.00,	350.00),
(934,	189,	708,	0,	6,	1.00,	'School Fees Payment For FOOD & KITCHEN FACILITIES',	3500.00,	3500.00),
(935,	189,	709,	0,	19,	1.00,	'School Fees Payment For UTILITIES',	700.00,	700.00),
(936,	189,	710,	0,	2,	1.00,	'School Fees Payment For TRANSPORT',	6000.00,	6000.00),
(937,	189,	1202,	0,	13,	1.00,	'School Fees Payment For TOUR',	6000.00,	6000.00),
(938,	190,	711,	0,	1,	1.00,	'School Fees Payment For TUITION',	4300.00,	4300.00),
(939,	190,	713,	0,	6,	1.00,	'School Fees Payment For FOOD & KITCHEN FACILITIES',	700.00,	700.00),
(940,	191,	716,	0,	1,	1.00,	'School Fees Payment For TUITION',	3000.00,	3000.00),
(941,	192,	720,	0,	1,	1.00,	'School Fees Payment For TUITION',	4300.00,	4300.00),
(942,	192,	721,	0,	5,	1.00,	'School Fees Payment For ACTIVITY FEE',	350.00,	350.00),
(943,	192,	722,	0,	6,	1.00,	'School Fees Payment For FOOD & KITCHEN FACILITIES',	3500.00,	3500.00),
(944,	192,	723,	0,	19,	1.00,	'School Fees Payment For UTILITIES',	700.00,	700.00),
(945,	192,	1203,	0,	8,	1.00,	'School Fees Payment For PIANO/SWIMMING',	2000.00,	2000.00),
(946,	193,	724,	0,	1,	1.00,	'School Fees Payment For TUITION',	11800.00,	11800.00),
(947,	193,	725,	0,	5,	1.00,	'School Fees Payment For ACTIVITY FEE',	350.00,	350.00),
(948,	193,	726,	0,	6,	1.00,	'School Fees Payment For FOOD & KITCHEN FACILITIES',	3500.00,	3500.00),
(949,	193,	727,	0,	19,	1.00,	'School Fees Payment For UTILITIES',	700.00,	700.00),
(950,	193,	728,	0,	4,	1.00,	'School Fees Payment For MILK',	2000.00,	2000.00),
(951,	193,	1204,	0,	13,	1.00,	'School Fees Payment For TOUR',	6000.00,	6000.00),
(952,	194,	729,	0,	1,	1.00,	'School Fees Payment For TUITION',	11800.00,	11800.00),
(953,	194,	731,	0,	6,	1.00,	'School Fees Payment For FOOD & KITCHEN FACILITIES',	3200.00,	3200.00),
(954,	194,	733,	0,	2,	1.00,	'School Fees Payment For TRANSPORT',	5000.00,	5000.00),
(955,	194,	1205,	0,	13,	1.00,	'School Fees Payment For TOUR',	6000.00,	6000.00),
(956,	195,	735,	0,	1,	1.00,	'School Fees Payment For TUITION',	11800.00,	11800.00),
(957,	195,	736,	0,	5,	1.00,	'School Fees Payment For ACTIVITY FEE',	350.00,	350.00),
(958,	195,	737,	0,	6,	1.00,	'School Fees Payment For FOOD & KITCHEN FACILITIES',	3500.00,	3500.00),
(959,	195,	738,	0,	19,	1.00,	'School Fees Payment For UTILITIES',	700.00,	700.00),
(960,	195,	739,	0,	2,	1.00,	'School Fees Payment For TRANSPORT',	2700.00,	2700.00),
(961,	195,	0,	0,	15,	1.00,	'Excess Payment',	14250.00,	14250.00),
(962,	196,	740,	0,	1,	1.00,	'School Fees Payment For TUITION',	11800.00,	11800.00),
(963,	196,	741,	0,	5,	1.00,	'School Fees Payment For ACTIVITY FEE',	350.00,	350.00),
(964,	196,	742,	0,	6,	1.00,	'School Fees Payment For FOOD & KITCHEN FACILITIES',	3500.00,	3500.00),
(965,	196,	743,	0,	19,	1.00,	'School Fees Payment For UTILITIES',	700.00,	700.00),
(966,	196,	744,	0,	2,	1.00,	'School Fees Payment For TRANSPORT',	6000.00,	6000.00),
(967,	196,	1206,	0,	13,	1.00,	'School Fees Payment For TOUR',	6000.00,	6000.00),
(968,	197,	745,	0,	1,	1.00,	'School Fees Payment For TUITION',	11800.00,	11800.00),
(969,	197,	746,	0,	5,	1.00,	'School Fees Payment For ACTIVITY FEE',	350.00,	350.00),
(970,	197,	747,	0,	6,	1.00,	'School Fees Payment For FOOD & KITCHEN FACILITIES',	3500.00,	3500.00),
(971,	197,	748,	0,	19,	1.00,	'School Fees Payment For UTILITIES',	700.00,	700.00),
(972,	197,	749,	0,	2,	1.00,	'School Fees Payment For TRANSPORT',	6000.00,	6000.00),
(973,	197,	1207,	0,	13,	1.00,	'School Fees Payment For TOUR',	3200.00,	3200.00),
(974,	197,	1208,	0,	8,	1.00,	'School Fees Payment For PIANO/SWIMMING',	2000.00,	2000.00),
(975,	198,	750,	0,	1,	1.00,	'School Fees Payment For TUITION',	11800.00,	11800.00),
(976,	198,	751,	0,	5,	1.00,	'School Fees Payment For ACTIVITY FEE',	350.00,	350.00),
(977,	198,	752,	0,	6,	1.00,	'School Fees Payment For FOOD & KITCHEN FACILITIES',	3500.00,	3500.00),
(978,	198,	753,	0,	19,	1.00,	'School Fees Payment For UTILITIES',	700.00,	700.00),
(979,	199,	754,	0,	1,	1.00,	'School Fees Payment For TUITION',	11800.00,	11800.00),
(980,	199,	755,	0,	5,	1.00,	'School Fees Payment For ACTIVITY FEE',	350.00,	350.00),
(981,	199,	756,	0,	6,	1.00,	'School Fees Payment For FOOD & KITCHEN FACILITIES',	3500.00,	3500.00),
(982,	199,	757,	0,	19,	1.00,	'School Fees Payment For UTILITIES',	700.00,	700.00),
(983,	199,	758,	0,	2,	1.00,	'School Fees Payment For TRANSPORT',	4000.00,	4000.00),
(984,	200,	759,	0,	1,	1.00,	'School Fees Payment For TUITION',	11800.00,	11800.00),
(985,	200,	760,	0,	5,	1.00,	'School Fees Payment For ACTIVITY FEE',	350.00,	350.00),
(986,	200,	761,	0,	6,	1.00,	'School Fees Payment For FOOD & KITCHEN FACILITIES',	3500.00,	3500.00),
(987,	200,	762,	0,	19,	1.00,	'School Fees Payment For UTILITIES',	700.00,	700.00),
(988,	200,	763,	0,	2,	1.00,	'School Fees Payment For TRANSPORT',	5400.00,	5400.00),
(989,	200,	1209,	0,	13,	1.00,	'School Fees Payment For TOUR',	6000.00,	6000.00),
(990,	201,	764,	0,	1,	1.00,	'School Fees Payment For TUITION',	11800.00,	11800.00),
(991,	201,	765,	0,	5,	1.00,	'School Fees Payment For ACTIVITY FEE',	350.00,	350.00),
(992,	201,	766,	0,	6,	1.00,	'School Fees Payment For FOOD & KITCHEN FACILITIES',	3500.00,	3500.00),
(993,	201,	767,	0,	19,	1.00,	'School Fees Payment For UTILITIES',	700.00,	700.00),
(994,	201,	768,	0,	2,	1.00,	'School Fees Payment For TRANSPORT',	3000.00,	3000.00),
(995,	201,	769,	0,	4,	1.00,	'School Fees Payment For MILK',	2000.00,	2000.00),
(996,	201,	1210,	0,	13,	1.00,	'School Fees Payment For TOUR',	6000.00,	6000.00),
(997,	202,	1218,	0,	1,	1.00,	'School Fees Payment For TUITION',	1500.00,	1500.00),
(998,	203,	1217,	0,	13,	1.00,	'School Fees Payment For TOUR',	6000.00,	6000.00),
(999,	204,	1211,	0,	1,	1.00,	'School Fees Payment For TUITION',	11800.00,	11800.00),
(1000,	204,	1212,	0,	5,	1.00,	'School Fees Payment For ACTIVITY FEE',	350.00,	350.00),
(1001,	204,	1213,	0,	6,	1.00,	'School Fees Payment For FOOD & KITCHEN FACILITIES',	3500.00,	3500.00),
(1002,	204,	1214,	0,	19,	1.00,	'School Fees Payment For UTILITIES',	700.00,	700.00),
(1003,	204,	1215,	0,	8,	1.00,	'School Fees Payment For PIANO/SWIMMING',	2000.00,	2000.00),
(1004,	204,	1216,	0,	13,	1.00,	'School Fees Payment For TOUR',	6000.00,	6000.00),
(1005,	205,	0,	5,	0,	1.00,	'School Management System',	76000.00,	76000.00),
(1006,	206,	0,	12,	0,	1.00,	'Beans Planting',	17700.00,	17700.00),
(1007,	208,	0,	5,	0,	1.00,	'Petty Cash',	2000.00,	2000.00),
(1008,	209,	0,	12,	0,	1.00,	'Agrochemicals',	15800.00,	15800.00),
(1009,	210,	0,	12,	0,	1.00,	'Farm labour',	2400.00,	2400.00),
(1010,	211,	0,	45,	0,	1.00,	'Purchase Examinations',	8000.00,	8000.00),
(1011,	212,	0,	1,	0,	1.00,	'April Salary',	15520.00,	15520.00),
(1012,	213,	0,	12,	0,	1.00,	'Milk',	21100.00,	21100.00),
(1013,	213,	0,	12,	0,	1.00,	'Firewood splitting labour',	3100.00,	3100.00),
(1014,	213,	0,	12,	0,	1.00,	'Oduor',	3190.00,	3190.00),
(1015,	214,	0,	1,	0,	1.00,	'Bishop\'s Kitty',	40000.00,	40000.00),
(1016,	215,	0,	5,	0,	1.00,	'Nakola - Interviewer',	10000.00,	10000.00),
(1017,	216,	0,	1,	0,	1.00,	'Daisy Salary refund',	6000.00,	6000.00),
(1018,	217,	0,	26,	0,	1.00,	'Popong Token',	1500.00,	1500.00),
(1019,	218,	0,	1,	0,	1.00,	'NSSF',	29040.00,	29040.00),
(1020,	219,	0,	1,	0,	1.00,	'NHIF',	9850.00,	9850.00),
(1021,	220,	0,	12,	0,	1.00,	'Meat for April',	14270.00,	14270.00),
(1022,	221,	0,	12,	0,	1.00,	'milk supply April',	13020.00,	13020.00),
(1023,	222,	0,	26,	0,	1.00,	'2nd instalment for bill',	39815.00,	39815.00),
(1024,	223,	0,	47,	0,	1.00,	'WATER BILL',	5000.00,	5000.00),
(1025,	224,	0,	5,	0,	1.00,	'PETTY CASH',	18600.00,	18600.00),
(1026,	225,	0,	36,	0,	1.00,	'BISHOPS TRANSPORT',	10000.00,	10000.00),
(1028,	227,	0,	5,	0,	1.00,	'TONNER,ADOPTER,BULBS,FILES,GUMBOOTS',	5200.00,	5200.00),
(1029,	228,	0,	44,	0,	1.00,	'DATA BUNDLES',	1000.00,	1000.00),
(1030,	229,	0,	12,	0,	1.00,	'WATER REFIL',	605.00,	605.00),
(1031,	230,	0,	16,	0,	1.00,	'Swimming ',	4000.00,	4000.00),
(1032,	231,	0,	10,	0,	1.00,	'Singing Game &oil,  Fuel & transport',	30500.00,	30500.00),
(1033,	232,	0,	12,	0,	1.00,	'shamba weeding and vegetables',	4100.00,	4100.00),
(1034,	233,	0,	1,	0,	1.00,	'teachers appreciation',	4000.00,	4000.00),
(1035,	234,	0,	26,	0,	1.00,	'gifts',	7000.00,	7000.00),
(1036,	235,	0,	6,	0,	1.00,	'fuel',	20700.00,	20700.00),
(1037,	236,	0,	16,	0,	1.00,	'swimming bills',	4000.00,	4000.00),
(1038,	237,	0,	9,	0,	1.00,	'school milk',	21000.00,	21000.00),
(1039,	238,	0,	15,	0,	1.00,	'fridge ',	13000.00,	13000.00),
(1040,	239,	0,	5,	0,	1.00,	'stamps and stationery',	9500.00,	9500.00),
(1041,	240,	0,	12,	0,	1.00,	'market expenses',	1000.00,	1000.00),
(1042,	241,	0,	1,	0,	1.00,	'Transfer to church account for salary payment',	49000.00,	49000.00),
(1043,	242,	0,	1,	0,	1.00,	'School Salaries',	240110.00,	240110.00),
(1044,	243,	0,	1,	0,	1.00,	'Tr Eunice, Tr Boniface, mum',	37920.00,	37920.00),
(1045,	244,	0,	12,	0,	1.00,	'Ndengu & petty cash',	15500.00,	15500.00),
(1046,	245,	0,	5,	0,	1.00,	'stationery & moto...',	2600.00,	2600.00),
(1047,	246,	0,	44,	0,	1.00,	'DATA BUNDLES',	1000.00,	1000.00),
(1048,	247,	0,	12,	0,	1.00,	'milk supply May',	24710.00,	24710.00),
(1049,	248,	0,	6,	0,	1.00,	'Fuel',	30700.00,	30700.00),
(1050,	249,	0,	12,	0,	1.00,	'Shopping & Shamba',	17700.00,	17700.00),
(1051,	250,	0,	26,	0,	1.00,	'Dadys Children, bishop\'s fuel, mum',	40000.00,	40000.00),
(1052,	251,	0,	45,	0,	1.00,	'exams',	8000.00,	8000.00),
(1053,	252,	0,	12,	0,	1.00,	'Petty Cash',	3000.00,	3000.00),
(1054,	253,	0,	14,	0,	1.00,	'Gas',	1000.00,	1000.00),
(1055,	254,	0,	44,	0,	1.00,	'DATA BUNDLES',	1000.00,	1000.00),
(1056,	255,	0,	12,	0,	1.00,	'Meat supplied in May',	16830.00,	16830.00),
(1057,	256,	0,	1,	0,	1.00,	'NSSF May',	23760.00,	23760.00),
(1058,	257,	0,	1,	0,	1.00,	'NHIF May',	7750.00,	7750.00),
(1059,	258,	0,	47,	0,	1.00,	'3rd instalment bill',	39815.00,	39815.00),
(1060,	259,	0,	23,	0,	1.00,	'Ritika',	30000.00,	30000.00),
(1061,	260,	0,	26,	0,	1.00,	'Girls rent',	10000.00,	10000.00),
(1062,	261,	0,	12,	0,	1.00,	'Petty Cash',	5000.00,	5000.00),
(1063,	262,	0,	12,	0,	1.00,	'Petty Cash',	12000.00,	12000.00),
(1064,	263,	0,	12,	0,	1.00,	'shamba',	22800.00,	22800.00),
(1065,	264,	0,	39,	0,	1.00,	'Books KLB',	14220.00,	14220.00),
(1066,	265,	0,	38,	0,	1.00,	'School shopping',	55150.00,	55150.00),
(1067,	266,	0,	27,	0,	1.00,	'KPSA',	7500.00,	7500.00),
(1068,	267,	0,	6,	0,	1.00,	'Fuel both Vans',	30000.00,	30000.00),
(1069,	268,	0,	12,	0,	1.00,	'Petty Cash',	3000.00,	3000.00),
(1070,	269,	0,	26,	0,	1.00,	'Mission',	15500.00,	15500.00),
(1071,	270,	0,	12,	0,	1.00,	'Petty Cash & shamba & others',	15200.00,	15200.00),
(1072,	271,	0,	47,	0,	1.00,	'Generator fuel',	3000.00,	3000.00),
(1073,	272,	0,	9,	0,	1.00,	'school milk',	21000.00,	21000.00),
(1074,	273,	0,	34,	0,	1.00,	'Sports Day',	9500.00,	9500.00),
(1075,	274,	0,	38,	0,	1.00,	'reams of paper',	2000.00,	2000.00),
(1076,	275,	0,	15,	0,	1.00,	'Millicent uniform',	5900.00,	5900.00),
(1077,	276,	0,	6,	0,	1.00,	'Fuel',	30130.00,	30130.00),
(1078,	277,	0,	12,	0,	1.00,	'shamba',	2650.00,	2650.00),
(1079,	278,	0,	10,	0,	1.00,	'Playing items',	10000.00,	10000.00),
(1080,	279,	0,	3,	0,	1.00,	'CBC TEACHERS TRAINING',	10400.00,	10400.00),
(1081,	280,	0,	33,	0,	1.00,	'Transfer to equity school account for trip',	154400.00,	154400.00),
(1082,	281,	0,	1,	0,	1.00,	'salaries for june',	235929.00,	235929.00),
(1083,	282,	0,	1,	0,	1.00,	'Trip, part of salaries',	123300.00,	123300.00),
(1084,	283,	0,	33,	0,	1.00,	'School pupils trip to Nairobi',	112000.00,	112000.00),
(1085,	284,	0,	3,	0,	1.00,	'CBC facilitation for teacher',	10000.00,	10000.00),
(1086,	285,	0,	47,	0,	1.00,	'WATER BILL',	24600.00,	24600.00),
(1087,	286,	0,	44,	0,	1.00,	'Postal annual bill',	7725.00,	7725.00),
(1088,	287,	0,	12,	0,	1.00,	'Milk supplied in june',	17460.00,	17460.00),
(1089,	288,	0,	1,	0,	1.00,	'NSSF JUNE',	25520.00,	25520.00),
(1090,	289,	0,	1,	0,	1.00,	'NHIF JUNE',	8150.00,	8150.00),
(1091,	290,	0,	7,	0,	1.00,	'Car repairs',	35000.00,	35000.00),
(1092,	291,	0,	5,	0,	1.00,	'Pastor Florence Kashaa',	15000.00,	15000.00),
(1093,	292,	0,	6,	0,	1.00,	'Fuel',	10000.00,	10000.00),
(1094,	293,	0,	1,	0,	1.00,	'KRA PAYE',	1932.00,	1932.00),
(1095,	294,	0,	12,	0,	1.00,	'Drinking water, makaa, yeast, baking powder, office serviettes, shamba',	6830.00,	6830.00),
(1096,	295,	0,	38,	0,	1.00,	'Stationery',	6000.00,	6000.00),
(1097,	296,	0,	6,	0,	1.00,	'Fuel',	30140.00,	30140.00),
(1098,	297,	0,	44,	0,	1.00,	'Airtime',	1000.00,	1000.00),
(1099,	298,	0,	33,	0,	1.00,	'Grade 3 - 6 Tour  expenses',	142600.00,	142600.00),
(1100,	299,	0,	47,	0,	1.00,	'Power bills',	48880.00,	48880.00),
(1101,	300,	0,	21,	0,	1.00,	'purchase Lenovo Thinkpad laptop',	35000.00,	35000.00),
(1102,	301,	0,	12,	0,	1.00,	'Meat supplied in June',	25740.00,	25740.00),
(1103,	302,	0,	12,	0,	1.00,	'Agrochemicals, petty cash, Maize sieving',	11000.00,	11000.00),
(1104,	303,	0,	33,	0,	1.00,	'Trip bus fuel',	5000.00,	5000.00),
(1105,	304,	0,	26,	0,	1.00,	'EQUITY LOAN REPAYMENT',	30000.00,	30000.00),
(1106,	305,	0,	12,	0,	1.00,	'Petty Cash',	5000.00,	5000.00),
(1107,	306,	0,	47,	0,	1.00,	'brooms, detergents, leather cleaner',	4820.00,	4820.00),
(1108,	307,	0,	9,	0,	1.00,	'school milk',	10500.00,	10500.00),
(1109,	308,	0,	33,	0,	1.00,	'Drivers balance bus',	500.00,	500.00),
(1110,	309,	0,	7,	0,	1.00,	'KCD025N Service',	5000.00,	5000.00),
(1111,	310,	0,	0,	0,	1.00,	'Contra Entry: To Bank Contra Entry',	3531195.00,	3531195.00),
(1112,	311,	945,	0,	6,	1.00,	'School Fees Payment For FOOD & KITCHEN FACILITIES',	2200.00,	2200.00),
(1113,	312,	987,	0,	5,	1.00,	'School Fees Payment For ACTIVITY FEE',	350.00,	350.00),
(1114,	312,	988,	0,	6,	1.00,	'School Fees Payment For FOOD & KITCHEN FACILITIES',	1500.00,	1500.00),
(1115,	312,	989,	0,	19,	1.00,	'School Fees Payment For UTILITIES',	700.00,	700.00),
(1116,	313,	996,	0,	6,	1.00,	'School Fees Payment For FOOD & KITCHEN FACILITIES',	2000.00,	2000.00),
(1117,	314,	999,	0,	1,	1.00,	'School Fees Payment For TUITION',	8000.00,	8000.00),
(1118,	314,	1000,	0,	5,	1.00,	'School Fees Payment For ACTIVITY FEE',	350.00,	350.00),
(1119,	314,	1001,	0,	6,	1.00,	'School Fees Payment For FOOD & KITCHEN FACILITIES',	2800.00,	2800.00),
(1120,	314,	1002,	0,	19,	1.00,	'School Fees Payment For UTILITIES',	700.00,	700.00),
(1121,	315,	1007,	0,	1,	1.00,	'School Fees Payment For TUITION',	950.00,	950.00),
(1122,	315,	1008,	0,	5,	1.00,	'School Fees Payment For ACTIVITY FEE',	350.00,	350.00),
(1123,	315,	1009,	0,	6,	1.00,	'School Fees Payment For FOOD & KITCHEN FACILITIES',	2800.00,	2800.00),
(1124,	315,	1010,	0,	19,	1.00,	'School Fees Payment For UTILITIES',	700.00,	700.00),
(1125,	316,	1033,	0,	6,	1.00,	'School Fees Payment For FOOD & KITCHEN FACILITIES',	2800.00,	2800.00),
(1126,	317,	1094,	0,	20,	1.00,	'School Fees Payment For ADMISSION',	3300.00,	3300.00),
(1127,	317,	1095,	0,	1,	1.00,	'School Fees Payment For TUITION',	8000.00,	8000.00),
(1128,	317,	1096,	0,	5,	1.00,	'School Fees Payment For ACTIVITY FEE',	350.00,	350.00),
(1129,	317,	1097,	0,	6,	1.00,	'School Fees Payment For FOOD & KITCHEN FACILITIES',	2800.00,	2800.00),
(1130,	317,	1098,	0,	19,	1.00,	'School Fees Payment For UTILITIES',	700.00,	700.00),
(1131,	317,	1099,	0,	13,	1.00,	'School Fees Payment For TOUR',	2200.00,	2200.00),
(1132,	317,	1100,	0,	18,	1.00,	'School Fees Payment For DIARY ',	200.00,	200.00),
(1133,	318,	1112,	0,	4,	1.00,	'School Fees Payment For MILK',	2000.00,	2000.00),
(1134,	319,	1218,	0,	1,	1.00,	'School Fees Payment For TUITION',	5000.00,	5000.00),
(1135,	320,	322,	0,	1,	1.00,	'School Fees Payment For TUITION',	11000.00,	11000.00),
(1136,	320,	323,	0,	5,	1.00,	'School Fees Payment For ACTIVITY FEE',	350.00,	350.00),
(1137,	320,	324,	0,	6,	1.00,	'School Fees Payment For FOOD & KITCHEN FACILITIES',	2800.00,	2800.00),
(1138,	320,	325,	0,	19,	1.00,	'School Fees Payment For UTILITIES',	700.00,	700.00),
(1139,	320,	869,	0,	13,	1.00,	'School Fees Payment For TOUR',	2200.00,	2200.00),
(1140,	320,	870,	0,	4,	1.00,	'School Fees Payment For MILK',	2000.00,	2000.00),
(1141,	321,	335,	0,	1,	1.00,	'School Fees Payment For TUITION',	11000.00,	11000.00),
(1142,	321,	336,	0,	5,	1.00,	'School Fees Payment For ACTIVITY FEE',	350.00,	350.00),
(1143,	321,	337,	0,	6,	1.00,	'School Fees Payment For FOOD & KITCHEN FACILITIES',	2800.00,	2800.00),
(1144,	321,	338,	0,	19,	1.00,	'School Fees Payment For UTILITIES',	700.00,	700.00),
(1145,	321,	339,	0,	4,	1.00,	'School Fees Payment For MILK',	2000.00,	2000.00),
(1146,	321,	1222,	0,	13,	1.00,	'School Fees Payment For TOUR',	2200.00,	2200.00),
(1147,	322,	345,	0,	1,	1.00,	'School Fees Payment For TUITION',	9900.00,	9900.00),
(1148,	323,	1162,	0,	13,	1.00,	'School Fees Payment For TOUR',	1980.00,	1980.00),
(1149,	324,	1223,	0,	2,	1.00,	'School Fees Payment For TRANSPORT',	2500.00,	2500.00),
(1150,	325,	482,	0,	5,	1.00,	'School Fees Payment For ACTIVITY FEE',	300.00,	300.00),
(1151,	325,	483,	0,	6,	1.00,	'School Fees Payment For FOOD & KITCHEN FACILITIES',	1800.00,	1800.00),
(1152,	325,	484,	0,	19,	1.00,	'School Fees Payment For UTILITIES',	700.00,	700.00),
(1153,	325,	1180,	0,	13,	1.00,	'School Fees Payment For TOUR',	200.00,	200.00),
(1154,	326,	490,	0,	2,	1.00,	'School Fees Payment For TRANSPORT',	4350.00,	4350.00),
(1155,	327,	496,	0,	1,	1.00,	'School Fees Payment For TUITION',	4000.00,	4000.00),
(1156,	327,	497,	0,	5,	1.00,	'School Fees Payment For ACTIVITY FEE',	300.00,	300.00),
(1157,	327,	498,	0,	6,	1.00,	'School Fees Payment For FOOD & KITCHEN FACILITIES',	2800.00,	2800.00),
(1158,	327,	499,	0,	19,	1.00,	'School Fees Payment For UTILITIES',	700.00,	700.00),
(1159,	328,	501,	0,	1,	1.00,	'School Fees Payment For TUITION',	2000.00,	2000.00),
(1160,	328,	502,	0,	5,	1.00,	'School Fees Payment For ACTIVITY FEE',	350.00,	350.00),
(1161,	328,	503,	0,	6,	1.00,	'School Fees Payment For FOOD & KITCHEN FACILITIES',	2800.00,	2800.00),
(1162,	328,	504,	0,	19,	1.00,	'School Fees Payment For UTILITIES',	700.00,	700.00),
(1163,	329,	509,	0,	1,	1.00,	'School Fees Payment For TUITION',	1650.00,	1650.00),
(1164,	329,	510,	0,	5,	1.00,	'School Fees Payment For ACTIVITY FEE',	350.00,	350.00),
(1165,	329,	511,	0,	6,	1.00,	'School Fees Payment For FOOD & KITCHEN FACILITIES',	2800.00,	2800.00),
(1166,	329,	512,	0,	19,	1.00,	'School Fees Payment For UTILITIES',	700.00,	700.00),
(1167,	330,	518,	0,	5,	1.00,	'School Fees Payment For ACTIVITY FEE',	350.00,	350.00),
(1168,	330,	519,	0,	6,	1.00,	'School Fees Payment For FOOD & KITCHEN FACILITIES',	2220.00,	2220.00),
(1169,	330,	520,	0,	19,	1.00,	'School Fees Payment For UTILITIES',	700.00,	700.00),
(1170,	331,	581,	0,	1,	1.00,	'School Fees Payment For TUITION',	1650.00,	1650.00),
(1171,	331,	582,	0,	5,	1.00,	'School Fees Payment For ACTIVITY FEE',	50.00,	50.00),
(1172,	331,	583,	0,	6,	1.00,	'School Fees Payment For FOOD & KITCHEN FACILITIES',	2800.00,	2800.00),
(1173,	332,	598,	0,	8,	1.00,	'School Fees Payment For PIANO/SWIMMING',	2000.00,	2000.00),
(1174,	333,	645,	0,	6,	1.00,	'School Fees Payment For FOOD & KITCHEN FACILITIES',	800.00,	800.00),
(1175,	334,	668,	0,	1,	1.00,	'School Fees Payment For TUITION',	9500.00,	9500.00),
(1176,	335,	674,	0,	1,	1.00,	'School Fees Payment For TUITION',	4000.00,	4000.00),
(1177,	335,	675,	0,	5,	1.00,	'School Fees Payment For ACTIVITY FEE',	350.00,	350.00),
(1178,	335,	676,	0,	6,	1.00,	'School Fees Payment For FOOD & KITCHEN FACILITIES',	2800.00,	2800.00),
(1179,	335,	677,	0,	19,	1.00,	'School Fees Payment For UTILITIES',	700.00,	700.00),
(1180,	335,	0,	0,	15,	1.00,	'Excess Payment',	300.00,	300.00),
(1181,	336,	1207,	0,	13,	1.00,	'School Fees Payment For TOUR',	2800.00,	2800.00),
(1182,	337,	826,	0,	6,	1.00,	'School Fees Payment For FOOD & KITCHEN FACILITIES',	3000.00,	3000.00),
(1183,	338,	829,	0,	5,	1.00,	'School Fees Payment For ACTIVITY FEE',	350.00,	350.00),
(1184,	338,	830,	0,	6,	1.00,	'School Fees Payment For FOOD & KITCHEN FACILITIES',	1000.00,	1000.00),
(1185,	339,	25,	0,	1,	1.00,	'School Fees Payment For TUITION',	8000.00,	8000.00),
(1186,	339,	26,	0,	5,	1.00,	'School Fees Payment For ACTIVITY FEE',	350.00,	350.00),
(1187,	339,	27,	0,	6,	1.00,	'School Fees Payment For FOOD & KITCHEN FACILITIES',	2800.00,	2800.00),
(1188,	339,	28,	0,	19,	1.00,	'School Fees Payment For UTILITIES',	700.00,	700.00),
(1189,	339,	29,	0,	2,	1.00,	'School Fees Payment For TRANSPORT',	3000.00,	3000.00),
(1190,	339,	30,	0,	4,	1.00,	'School Fees Payment For MILK',	2000.00,	2000.00),
(1191,	340,	31,	0,	20,	1.00,	'School Fees Payment For ADMISSION',	3300.00,	3300.00),
(1192,	340,	32,	0,	1,	1.00,	'School Fees Payment For TUITION',	8000.00,	8000.00),
(1193,	340,	33,	0,	5,	1.00,	'School Fees Payment For ACTIVITY FEE',	350.00,	350.00),
(1194,	340,	34,	0,	6,	1.00,	'School Fees Payment For FOOD & KITCHEN FACILITIES',	2800.00,	2800.00),
(1195,	340,	35,	0,	19,	1.00,	'School Fees Payment For UTILITIES',	700.00,	700.00),
(1196,	340,	1224,	0,	9,	1.00,	'School Fees Payment For SCHOOL T-SHIRT',	500.00,	500.00),
(1197,	340,	1225,	0,	18,	1.00,	'School Fees Payment For DIARY ',	200.00,	200.00),
(1198,	340,	1226,	0,	13,	1.00,	'School Fees Payment For TOUR',	2200.00,	2200.00),
(1199,	341,	1227,	0,	15,	1.00,	'School Fees Payment For FUNDS RESERVE',	1000.00,	1000.00),
(1200,	342,	802,	0,	1,	1.00,	'School Fees Payment For TUITION',	5000.00,	5000.00),
(1201,	343,	303,	0,	1,	1.00,	'School Fees Payment For TUITION',	8000.00,	8000.00),
(1202,	343,	304,	0,	5,	1.00,	'School Fees Payment For ACTIVITY FEE',	350.00,	350.00),
(1203,	343,	305,	0,	6,	1.00,	'School Fees Payment For FOOD & KITCHEN FACILITIES',	2800.00,	2800.00),
(1204,	343,	306,	0,	19,	1.00,	'School Fees Payment For UTILITIES',	700.00,	700.00),
(1205,	343,	307,	0,	2,	1.00,	'School Fees Payment For TRANSPORT',	1350.00,	1350.00),
(1206,	344,	283,	0,	2,	1.00,	'School Fees Payment For TRANSPORT',	600.00,	600.00),
(1207,	345,	276,	0,	6,	1.00,	'School Fees Payment For FOOD & KITCHEN FACILITIES',	1300.00,	1300.00),
(1208,	345,	278,	0,	2,	1.00,	'School Fees Payment For TRANSPORT',	2700.00,	2700.00),
(1209,	346,	128,	0,	1,	1.00,	'School Fees Payment For TUITION',	4000.00,	4000.00),
(1210,	346,	129,	0,	5,	1.00,	'School Fees Payment For ACTIVITY FEE',	350.00,	350.00),
(1211,	346,	130,	0,	6,	1.00,	'School Fees Payment For FOOD & KITCHEN FACILITIES',	2800.00,	2800.00),
(1212,	346,	131,	0,	19,	1.00,	'School Fees Payment For UTILITIES',	700.00,	700.00),
(1213,	347,	44,	0,	1,	1.00,	'School Fees Payment For TUITION',	4000.00,	4000.00),
(1214,	348,	40,	0,	1,	1.00,	'School Fees Payment For TUITION',	8000.00,	8000.00),
(1215,	348,	41,	0,	5,	1.00,	'School Fees Payment For ACTIVITY FEE',	350.00,	350.00),
(1216,	348,	42,	0,	6,	1.00,	'School Fees Payment For FOOD & KITCHEN FACILITIES',	2800.00,	2800.00),
(1217,	348,	43,	0,	19,	1.00,	'School Fees Payment For UTILITIES',	700.00,	700.00),
(1218,	348,	1228,	0,	13,	1.00,	'School Fees Payment For TOUR',	2200.00,	2200.00),
(1219,	349,	53,	0,	1,	1.00,	'School Fees Payment For TUITION',	8000.00,	8000.00),
(1220,	349,	54,	0,	5,	1.00,	'School Fees Payment For ACTIVITY FEE',	350.00,	350.00),
(1221,	349,	55,	0,	6,	1.00,	'School Fees Payment For FOOD & KITCHEN FACILITIES',	2800.00,	2800.00),
(1222,	349,	56,	0,	19,	1.00,	'School Fees Payment For UTILITIES',	700.00,	700.00),
(1223,	350,	81,	0,	1,	1.00,	'School Fees Payment For TUITION',	1000.00,	1000.00),
(1224,	350,	82,	0,	5,	1.00,	'School Fees Payment For ACTIVITY FEE',	350.00,	350.00),
(1225,	350,	83,	0,	6,	1.00,	'School Fees Payment For FOOD & KITCHEN FACILITIES',	2800.00,	2800.00),
(1226,	350,	84,	0,	19,	1.00,	'School Fees Payment For UTILITIES',	700.00,	700.00),
(1227,	351,	95,	0,	1,	1.00,	'School Fees Payment For TUITION',	8000.00,	8000.00),
(1228,	351,	96,	0,	5,	1.00,	'School Fees Payment For ACTIVITY FEE',	350.00,	350.00),
(1229,	351,	97,	0,	6,	1.00,	'School Fees Payment For FOOD & KITCHEN FACILITIES',	2800.00,	2800.00),
(1230,	351,	98,	0,	19,	1.00,	'School Fees Payment For UTILITIES',	700.00,	700.00),
(1231,	352,	457,	0,	1,	1.00,	'School Fees Payment For TUITION',	1000.00,	1000.00),
(1232,	352,	458,	0,	5,	1.00,	'School Fees Payment For ACTIVITY FEE',	350.00,	350.00),
(1233,	352,	459,	0,	6,	1.00,	'School Fees Payment For FOOD & KITCHEN FACILITIES',	2800.00,	2800.00),
(1234,	352,	460,	0,	19,	1.00,	'School Fees Payment For UTILITIES',	700.00,	700.00),
(1235,	352,	461,	0,	2,	1.00,	'School Fees Payment For TRANSPORT',	6000.00,	6000.00),
(1236,	353,	1231,	0,	13,	1.00,	'School Fees Payment For TOUR',	6000.00,	6000.00),
(1237,	354,	1232,	0,	13,	1.00,	'School Fees Payment For TOUR',	6000.00,	6000.00),
(1238,	355,	1233,	0,	13,	1.00,	'School Fees Payment For TOUR',	6000.00,	6000.00),
(1239,	356,	1234,	0,	13,	1.00,	'School Fees Payment For TOUR',	6000.00,	6000.00),
(1240,	357,	57,	0,	1,	1.00,	'School Fees Payment For TUITION',	8000.00,	8000.00),
(1241,	357,	58,	0,	5,	1.00,	'School Fees Payment For ACTIVITY FEE',	350.00,	350.00),
(1242,	357,	59,	0,	6,	1.00,	'School Fees Payment For FOOD & KITCHEN FACILITIES',	2800.00,	2800.00),
(1243,	357,	60,	0,	19,	1.00,	'School Fees Payment For UTILITIES',	700.00,	700.00),
(1244,	357,	61,	0,	2,	1.00,	'School Fees Payment For TRANSPORT',	3000.00,	3000.00),
(1245,	357,	1235,	0,	13,	1.00,	'School Fees Payment For TOUR',	2200.00,	2200.00),
(1246,	358,	114,	0,	1,	1.00,	'School Fees Payment For TUITION',	8000.00,	8000.00),
(1247,	358,	115,	0,	5,	1.00,	'School Fees Payment For ACTIVITY FEE',	350.00,	350.00),
(1248,	358,	116,	0,	6,	1.00,	'School Fees Payment For FOOD & KITCHEN FACILITIES',	2800.00,	2800.00),
(1249,	358,	117,	0,	19,	1.00,	'School Fees Payment For UTILITIES',	700.00,	700.00),
(1250,	358,	0,	0,	15,	1.00,	'Excess Payment',	1150.00,	1150.00),
(1251,	359,	1236,	0,	20,	1.00,	'School Fees Payment For ADMISSION',	3300.00,	3300.00),
(1252,	359,	1237,	0,	18,	1.00,	'School Fees Payment For DIARY ',	200.00,	200.00),
(1253,	359,	1238,	0,	9,	1.00,	'School Fees Payment For SCHOOL T-SHIRT',	500.00,	500.00),
(1254,	360,	1239,	0,	1,	1.00,	'School Fees Payment For TUITION',	8000.00,	8000.00),
(1255,	360,	1240,	0,	5,	1.00,	'School Fees Payment For ACTIVITY FEE',	350.00,	350.00),
(1256,	360,	1241,	0,	6,	1.00,	'School Fees Payment For FOOD & KITCHEN FACILITIES',	2800.00,	2800.00),
(1257,	360,	1242,	0,	19,	1.00,	'School Fees Payment For UTILITIES',	700.00,	700.00),
(1258,	360,	1243,	0,	2,	1.00,	'School Fees Payment For TRANSPORT',	3000.00,	3000.00),
(1259,	360,	1244,	0,	13,	1.00,	'School Fees Payment For TOUR',	2200.00,	2200.00),
(1260,	361,	1245,	0,	1,	1.00,	'School Fees Payment For TUITION',	8000.00,	8000.00),
(1261,	361,	1246,	0,	5,	1.00,	'School Fees Payment For ACTIVITY FEE',	350.00,	350.00),
(1262,	361,	1247,	0,	6,	1.00,	'School Fees Payment For FOOD & KITCHEN FACILITIES',	2800.00,	2800.00),
(1263,	361,	1248,	0,	19,	1.00,	'School Fees Payment For UTILITIES',	700.00,	700.00),
(1264,	362,	1249,	0,	1,	1.00,	'School Fees Payment For TUITION',	8000.00,	8000.00),
(1265,	362,	1250,	0,	5,	1.00,	'School Fees Payment For ACTIVITY FEE',	350.00,	350.00),
(1266,	362,	1251,	0,	6,	1.00,	'School Fees Payment For FOOD & KITCHEN FACILITIES',	2800.00,	2800.00),
(1267,	362,	1252,	0,	19,	1.00,	'School Fees Payment For UTILITIES',	700.00,	700.00),
(1268,	362,	1253,	0,	2,	1.00,	'School Fees Payment For TRANSPORT',	6000.00,	6000.00),
(1269,	362,	1254,	0,	4,	1.00,	'School Fees Payment For MILK',	2000.00,	2000.00),
(1270,	362,	1255,	0,	13,	1.00,	'School Fees Payment For TOUR',	2200.00,	2200.00),
(1271,	363,	716,	0,	1,	1.00,	'School Fees Payment For TUITION',	1300.00,	1300.00),
(1272,	363,	717,	0,	5,	1.00,	'School Fees Payment For ACTIVITY FEE',	350.00,	350.00),
(1273,	363,	718,	0,	6,	1.00,	'School Fees Payment For FOOD & KITCHEN FACILITIES',	3500.00,	3500.00),
(1274,	363,	719,	0,	19,	1.00,	'School Fees Payment For UTILITIES',	700.00,	700.00),
(1275,	364,	668,	0,	1,	1.00,	'School Fees Payment For TUITION',	1000.00,	1000.00),
(1276,	365,	505,	0,	1,	1.00,	'School Fees Payment For TUITION',	4000.00,	4000.00),
(1277,	365,	506,	0,	5,	1.00,	'School Fees Payment For ACTIVITY FEE',	350.00,	350.00),
(1278,	365,	507,	0,	6,	1.00,	'School Fees Payment For FOOD & KITCHEN FACILITIES',	2800.00,	2800.00),
(1279,	365,	508,	0,	19,	1.00,	'School Fees Payment For UTILITIES',	700.00,	700.00),
(1280,	365,	1256,	0,	18,	1.00,	'School Fees Payment For DIARY ',	200.00,	200.00),
(1281,	366,	573,	0,	6,	1.00,	'School Fees Payment For FOOD & KITCHEN FACILITIES',	100.00,	100.00),
(1282,	367,	582,	0,	5,	1.00,	'School Fees Payment For ACTIVITY FEE',	300.00,	300.00),
(1283,	367,	584,	0,	19,	1.00,	'School Fees Payment For UTILITIES',	700.00,	700.00),
(1284,	368,	903,	0,	2,	1.00,	'School Fees Payment For TRANSPORT',	1650.00,	1650.00),
(1285,	369,	921,	0,	5,	1.00,	'School Fees Payment For ACTIVITY FEE',	200.00,	200.00),
(1286,	369,	922,	0,	6,	1.00,	'School Fees Payment For FOOD & KITCHEN FACILITIES',	600.00,	600.00),
(1287,	369,	923,	0,	19,	1.00,	'School Fees Payment For UTILITIES',	700.00,	700.00),
(1288,	370,	943,	0,	1,	1.00,	'School Fees Payment For TUITION',	550.00,	550.00),
(1289,	370,	944,	0,	5,	1.00,	'School Fees Payment For ACTIVITY FEE',	350.00,	350.00),
(1290,	370,	945,	0,	6,	1.00,	'School Fees Payment For FOOD & KITCHEN FACILITIES',	600.00,	600.00),
(1291,	370,	946,	0,	19,	1.00,	'School Fees Payment For UTILITIES',	700.00,	700.00),
(1292,	371,	990,	0,	1,	1.00,	'School Fees Payment For TUITION',	1000.00,	1000.00),
(1293,	371,	991,	0,	5,	1.00,	'School Fees Payment For ACTIVITY FEE',	350.00,	350.00),
(1294,	371,	992,	0,	6,	1.00,	'School Fees Payment For FOOD & KITCHEN FACILITIES',	2800.00,	2800.00),
(1295,	371,	993,	0,	19,	1.00,	'School Fees Payment For UTILITIES',	600.00,	600.00),
(1296,	372,	995,	0,	5,	1.00,	'School Fees Payment For ACTIVITY FEE',	350.00,	350.00),
(1297,	372,	996,	0,	6,	1.00,	'School Fees Payment For FOOD & KITCHEN FACILITIES',	800.00,	800.00),
(1298,	372,	997,	0,	19,	1.00,	'School Fees Payment For UTILITIES',	700.00,	700.00),
(1299,	372,	998,	0,	2,	1.00,	'School Fees Payment For TRANSPORT',	1000.00,	1000.00),
(1300,	373,	1031,	0,	1,	1.00,	'School Fees Payment For TUITION',	150.00,	150.00),
(1301,	373,	1032,	0,	5,	1.00,	'School Fees Payment For ACTIVITY FEE',	350.00,	350.00),
(1302,	373,	1034,	0,	19,	1.00,	'School Fees Payment For UTILITIES',	700.00,	700.00),
(1303,	374,	1257,	0,	13,	1.00,	'School Fees Payment For TOUR',	2200.00,	2200.00),
(1304,	375,	590,	0,	5,	1.00,	'School Fees Payment For ACTIVITY FEE',	100.00,	100.00),
(1305,	375,	591,	0,	6,	1.00,	'School Fees Payment For FOOD & KITCHEN FACILITIES',	2800.00,	2800.00),
(1306,	375,	592,	0,	19,	1.00,	'School Fees Payment For UTILITIES',	700.00,	700.00),
(1307,	376,	787,	0,	1,	1.00,	'School Fees Payment For TUITION',	25.00,	25.00),
(1308,	376,	788,	0,	5,	1.00,	'School Fees Payment For ACTIVITY FEE',	350.00,	350.00),
(1309,	376,	790,	0,	19,	1.00,	'School Fees Payment For UTILITIES',	700.00,	700.00),
(1310,	376,	791,	0,	2,	1.00,	'School Fees Payment For TRANSPORT',	6000.00,	6000.00),
(1311,	376,	1258,	0,	13,	1.00,	'School Fees Payment For TOUR',	6000.00,	6000.00),
(1312,	377,	1142,	0,	1,	1.00,	'School Fees Payment For TUITION',	250.00,	250.00),
(1313,	377,	1143,	0,	5,	1.00,	'School Fees Payment For ACTIVITY FEE',	350.00,	350.00),
(1314,	377,	1144,	0,	6,	1.00,	'School Fees Payment For FOOD & KITCHEN FACILITIES',	300.00,	300.00),
(1315,	377,	1145,	0,	19,	1.00,	'School Fees Payment For UTILITIES',	700.00,	700.00),
(1316,	377,	1152,	0,	4,	1.00,	'School Fees Payment For MILK',	2000.00,	2000.00),
(1317,	378,	712,	0,	5,	1.00,	'School Fees Payment For ACTIVITY FEE',	350.00,	350.00),
(1318,	378,	713,	0,	6,	1.00,	'School Fees Payment For FOOD & KITCHEN FACILITIES',	2800.00,	2800.00),
(1319,	378,	714,	0,	19,	1.00,	'School Fees Payment For UTILITIES',	700.00,	700.00),
(1320,	378,	715,	0,	4,	1.00,	'School Fees Payment For MILK',	2000.00,	2000.00),
(1321,	379,	975,	0,	4,	1.00,	'School Fees Payment For MILK',	2000.00,	2000.00),
(1322,	379,	976,	0,	18,	1.00,	'School Fees Payment For DIARY ',	50.00,	50.00),
(1323,	379,	977,	0,	9,	1.00,	'School Fees Payment For SCHOOL T-SHIRT',	500.00,	500.00),
(1324,	379,	978,	0,	3,	1.00,	'School Fees Payment For ADMISSION',	3000.00,	3000.00),
(1325,	380,	1079,	0,	1,	1.00,	'School Fees Payment For TUITION',	250.00,	250.00),
(1326,	380,	1080,	0,	5,	1.00,	'School Fees Payment For ACTIVITY FEE',	350.00,	350.00),
(1327,	380,	1081,	0,	6,	1.00,	'School Fees Payment For FOOD & KITCHEN FACILITIES',	2800.00,	2800.00),
(1328,	380,	1082,	0,	19,	1.00,	'School Fees Payment For UTILITIES',	700.00,	700.00),
(1329,	381,	1147,	0,	1,	1.00,	'School Fees Payment For TUITION',	250.00,	250.00),
(1330,	381,	1148,	0,	5,	1.00,	'School Fees Payment For ACTIVITY FEE',	350.00,	350.00),
(1331,	381,	1149,	0,	6,	1.00,	'School Fees Payment For FOOD & KITCHEN FACILITIES',	2800.00,	2800.00),
(1332,	381,	1150,	0,	19,	1.00,	'School Fees Payment For UTILITIES',	700.00,	700.00),
(1333,	382,	956,	0,	18,	1.00,	'School Fees Payment For DIARY ',	200.00,	200.00),
(1334,	382,	957,	0,	3,	1.00,	'School Fees Payment For ADMISSION',	50.00,	50.00),
(1335,	383,	777,	0,	6,	1.00,	'School Fees Payment For FOOD & KITCHEN FACILITIES',	2000.00,	2000.00),
(1336,	383,	0,	0,	15,	1.00,	'Excess Payment',	665.00,	665.00),
(1337,	384,	637,	0,	6,	1.00,	'School Fees Payment For FOOD & KITCHEN FACILITIES',	1625.00,	1625.00),
(1338,	384,	638,	0,	19,	1.00,	'School Fees Payment For UTILITIES',	700.00,	700.00),
(1339,	384,	0,	0,	15,	1.00,	'Excess Payment',	875.00,	875.00),
(1340,	385,	253,	0,	5,	1.00,	'School Fees Payment For ACTIVITY FEE',	350.00,	350.00),
(1341,	385,	254,	0,	6,	1.00,	'School Fees Payment For FOOD & KITCHEN FACILITIES',	1300.00,	1300.00),
(1342,	385,	255,	0,	19,	1.00,	'School Fees Payment For UTILITIES',	700.00,	700.00),
(1343,	386,	44,	0,	1,	1.00,	'School Fees Payment For TUITION',	4000.00,	4000.00),
(1344,	386,	45,	0,	5,	1.00,	'School Fees Payment For ACTIVITY FEE',	350.00,	350.00),
(1345,	386,	46,	0,	6,	1.00,	'School Fees Payment For FOOD & KITCHEN FACILITIES',	2800.00,	2800.00),
(1346,	386,	47,	0,	19,	1.00,	'School Fees Payment For UTILITIES',	700.00,	700.00),
(1347,	386,	48,	0,	2,	1.00,	'School Fees Payment For TRANSPORT',	6000.00,	6000.00),
(1348,	386,	1229,	0,	4,	1.00,	'School Fees Payment For MILK',	2000.00,	2000.00),
(1349,	387,	1101,	0,	1,	1.00,	'School Fees Payment For TUITION',	750.00,	750.00),
(1350,	387,	1102,	0,	5,	1.00,	'School Fees Payment For ACTIVITY FEE',	350.00,	350.00),
(1351,	387,	1103,	0,	6,	1.00,	'School Fees Payment For FOOD & KITCHEN FACILITIES',	600.00,	600.00),
(1352,	387,	1104,	0,	19,	1.00,	'School Fees Payment For UTILITIES',	700.00,	700.00),
(1353,	388,	1061,	0,	3,	1.00,	'School Fees Payment For ADMISSION',	1515.00,	1515.00),
(1354,	388,	1259,	0,	9,	1.00,	'School Fees Payment For SCHOOL T-SHIRT',	500.00,	500.00),
(1355,	389,	500,	0,	4,	1.00,	'School Fees Payment For MILK',	2000.00,	2000.00),
(1356,	390,	586,	0,	5,	1.00,	'School Fees Payment For ACTIVITY FEE',	40.00,	40.00),
(1357,	391,	610,	0,	1,	1.00,	'School Fees Payment For TUITION',	1500.00,	1500.00),
(1358,	392,	614,	0,	1,	1.00,	'School Fees Payment For TUITION',	250.00,	250.00),
(1359,	392,	615,	0,	5,	1.00,	'School Fees Payment For ACTIVITY FEE',	250.00,	250.00),
(1360,	392,	616,	0,	6,	1.00,	'School Fees Payment For FOOD & KITCHEN FACILITIES',	2800.00,	2800.00),
(1361,	392,	617,	0,	19,	1.00,	'School Fees Payment For UTILITIES',	700.00,	700.00),
(1362,	393,	668,	0,	1,	1.00,	'School Fees Payment For TUITION',	500.00,	500.00),
(1363,	393,	670,	0,	6,	1.00,	'School Fees Payment For FOOD & KITCHEN FACILITIES',	2800.00,	2800.00),
(1364,	393,	671,	0,	19,	1.00,	'School Fees Payment For UTILITIES',	700.00,	700.00),
(1365,	394,	693,	0,	5,	1.00,	'School Fees Payment For ACTIVITY FEE',	300.00,	300.00),
(1366,	394,	694,	0,	6,	1.00,	'School Fees Payment For FOOD & KITCHEN FACILITIES',	2800.00,	2800.00),
(1367,	394,	695,	0,	19,	1.00,	'School Fees Payment For UTILITIES',	650.00,	650.00),
(1368,	395,	730,	0,	5,	1.00,	'School Fees Payment For ACTIVITY FEE',	350.00,	350.00),
(1369,	395,	731,	0,	6,	1.00,	'School Fees Payment For FOOD & KITCHEN FACILITIES',	300.00,	300.00),
(1370,	395,	732,	0,	19,	1.00,	'School Fees Payment For UTILITIES',	700.00,	700.00),
(1371,	395,	733,	0,	2,	1.00,	'School Fees Payment For TRANSPORT',	400.00,	400.00),
(1372,	395,	734,	0,	4,	1.00,	'School Fees Payment For MILK',	2000.00,	2000.00),
(1373,	396,	794,	0,	6,	1.00,	'School Fees Payment For FOOD & KITCHEN FACILITIES',	1350.00,	1350.00),
(1374,	396,	796,	0,	2,	1.00,	'School Fees Payment For TRANSPORT',	400.00,	400.00),
(1375,	396,	797,	0,	4,	1.00,	'School Fees Payment For MILK',	2000.00,	2000.00),
(1376,	397,	816,	0,	5,	1.00,	'School Fees Payment For ACTIVITY FEE',	150.00,	150.00),
(1377,	397,	817,	0,	6,	1.00,	'School Fees Payment For FOOD & KITCHEN FACILITIES',	3500.00,	3500.00),
(1378,	397,	818,	0,	19,	1.00,	'School Fees Payment For UTILITIES',	700.00,	700.00),
(1379,	398,	39,	0,	19,	1.00,	'School Fees Payment For UTILITIES',	700.00,	700.00),
(1380,	398,	1227,	0,	15,	1.00,	'School Fees Payment For FUNDS RESERVE',	800.00,	800.00),
(1381,	399,	134,	0,	5,	1.00,	'School Fees Payment For ACTIVITY FEE',	200.00,	200.00),
(1382,	399,	135,	0,	6,	1.00,	'School Fees Payment For FOOD & KITCHEN FACILITIES',	2800.00,	2800.00),
(1383,	399,	136,	0,	19,	1.00,	'School Fees Payment For UTILITIES',	700.00,	700.00),
(1384,	400,	99,	0,	1,	1.00,	'School Fees Payment For TUITION',	500.00,	500.00),
(1385,	400,	100,	0,	5,	1.00,	'School Fees Payment For ACTIVITY FEE',	350.00,	350.00),
(1386,	400,	101,	0,	6,	1.00,	'School Fees Payment For FOOD & KITCHEN FACILITIES',	2800.00,	2800.00),
(1387,	400,	102,	0,	19,	1.00,	'School Fees Payment For UTILITIES',	700.00,	700.00),
(1388,	400,	103,	0,	2,	1.00,	'School Fees Payment For TRANSPORT',	500.00,	500.00),
(1389,	401,	183,	0,	6,	1.00,	'School Fees Payment For FOOD & KITCHEN FACILITIES',	50.00,	50.00),
(1390,	401,	185,	0,	2,	1.00,	'School Fees Payment For TRANSPORT',	5400.00,	5400.00),
(1391,	402,	1260,	0,	1,	1.00,	'School Fees Payment For TUITION',	11000.00,	11000.00),
(1392,	402,	1261,	0,	5,	1.00,	'School Fees Payment For ACTIVITY FEE',	350.00,	350.00),
(1393,	402,	1262,	0,	6,	1.00,	'School Fees Payment For FOOD & KITCHEN FACILITIES',	2800.00,	2800.00),
(1394,	402,	1263,	0,	19,	1.00,	'School Fees Payment For UTILITIES',	700.00,	700.00),
(1395,	402,	1264,	0,	4,	1.00,	'School Fees Payment For MILK',	2000.00,	2000.00),
(1396,	402,	1265,	0,	13,	1.00,	'School Fees Payment For TOUR',	2200.00,	2200.00),
(1397,	403,	1266,	0,	18,	1.00,	'School Fees Payment For DIARY ',	200.00,	200.00),
(1398,	404,	1267,	0,	2,	1.00,	'School Fees Payment For TRANSPORT',	5400.00,	5400.00),
(1399,	405,	1268,	0,	1,	1.00,	'School Fees Payment For TUITION',	5000.00,	5000.00),
(1400,	406,	1269,	0,	2,	1.00,	'School Fees Payment For TRANSPORT',	850.00,	850.00),
(1401,	407,	696,	0,	2,	1.00,	'School Fees Payment For TRANSPORT',	5400.00,	5400.00),
(1402,	407,	1270,	0,	13,	1.00,	'School Fees Payment For TOUR',	2200.00,	2200.00),
(1403,	408,	1271,	0,	9,	1.00,	'School Fees Payment For SCHOOL T-SHIRT',	500.00,	500.00),
(1404,	409,	1272,	0,	13,	1.00,	'School Fees Payment For TOUR',	6000.00,	6000.00),
(1405,	410,	1273,	0,	2,	1.00,	'School Fees Payment For TRANSPORT',	2000.00,	2000.00),
(1406,	411,	1274,	0,	13,	1.00,	'School Fees Payment For TOUR',	2200.00,	2200.00),
(1407,	411,	0,	0,	15,	1.00,	'Excess Payment',	700.00,	700.00),
(1408,	412,	1276,	0,	1,	1.00,	'School Fees Payment For TUITION',	8000.00,	8000.00),
(1409,	412,	1278,	0,	6,	1.00,	'School Fees Payment For FOOD & KITCHEN FACILITIES',	2500.00,	2500.00),
(1410,	413,	1281,	0,	9,	1.00,	'School Fees Payment For SCHOOL T-SHIRT',	150.00,	150.00),
(1411,	414,	1282,	0,	4,	1.00,	'School Fees Payment For MILK',	2000.00,	2000.00),
(1412,	415,	1283,	0,	4,	1.00,	'School Fees Payment For MILK',	2000.00,	2000.00),
(1413,	415,	0,	0,	15,	1.00,	'Excess Payment',	1270.00,	1270.00),
(1414,	416,	1284,	0,	18,	1.00,	'School Fees Payment For DIARY ',	200.00,	200.00),
(1415,	416,	1285,	0,	9,	1.00,	'School Fees Payment For SCHOOL T-SHIRT',	500.00,	500.00),
(1416,	417,	1286,	0,	13,	1.00,	'School Fees Payment For TOUR',	2200.00,	2200.00),
(1417,	418,	1287,	0,	1,	1.00,	'School Fees Payment For TUITION',	8000.00,	8000.00),
(1418,	418,	1288,	0,	5,	1.00,	'School Fees Payment For ACTIVITY FEE',	350.00,	350.00),
(1419,	418,	1289,	0,	6,	1.00,	'School Fees Payment For FOOD & KITCHEN FACILITIES',	2800.00,	2800.00),
(1420,	418,	1290,	0,	19,	1.00,	'School Fees Payment For UTILITIES',	700.00,	700.00),
(1421,	418,	1291,	0,	2,	1.00,	'School Fees Payment For TRANSPORT',	6000.00,	6000.00),
(1422,	418,	1292,	0,	4,	1.00,	'School Fees Payment For MILK',	2000.00,	2000.00),
(1423,	418,	1293,	0,	13,	1.00,	'School Fees Payment For TOUR',	2200.00,	2200.00),
(1424,	419,	0,	12,	0,	1.00,	'Wheat flour',	2840.00,	2840.00),
(1425,	420,	0,	20,	0,	1.00,	'Lockers repair',	3215.00,	3215.00),
(1426,	421,	0,	12,	0,	1.00,	'Food materials, petty cash & detergent',	13515.00,	13515.00),
(1427,	422,	0,	38,	0,	1.00,	'Black books, ream of paper',	2150.00,	2150.00),
(1428,	423,	0,	20,	0,	1.00,	'School shelves',	19600.00,	19600.00),
(1429,	424,	0,	44,	0,	1.00,	'DATA BUNDLES',	2000.00,	2000.00),
(1430,	425,	0,	6,	0,	1.00,	'Fuel',	30140.00,	30140.00),
(1431,	426,	0,	12,	0,	1.00,	'Petty Cash',	3000.00,	3000.00),
(1432,	427,	0,	5,	0,	1.00,	'Pst Florence',	2500.00,	2500.00),
(1433,	428,	0,	1,	0,	1.00,	'Salary Advance',	4600.00,	4600.00),
(1434,	429,	0,	12,	0,	1.00,	'Petty Cash',	5000.00,	5000.00),
(1435,	430,	0,	1,	0,	1.00,	'Mark',	10000.00,	10000.00),
(1436,	431,	0,	5,	0,	1.00,	'Pst Mpusia & Pst Florence',	25000.00,	25000.00),
(1437,	432,	0,	12,	0,	1.00,	'Dinner',	2850.00,	2850.00),
(1438,	433,	0,	1,	0,	1.00,	'Transfer to equity account  for July salaries',	90000.00,	90000.00),
(1439,	434,	0,	1,	0,	1.00,	'July Salaries',	248679.00,	248679.00),
(1440,	435,	0,	1,	0,	1.00,	'Mark',	10000.00,	10000.00),
(1441,	436,	0,	6,	0,	1.00,	'Fuel',	15000.00,	15000.00),
(1442,	437,	0,	20,	0,	1.00,	'Development',	4200.00,	4200.00),
(1443,	438,	0,	9,	0,	1.00,	'school milk',	4200.00,	4200.00),
(1444,	439,	0,	38,	0,	1.00,	'reams of paper',	2000.00,	2000.00),
(1445,	440,	0,	12,	0,	1.00,	'Water & handwash',	9115.00,	9115.00),
(1446,	441,	0,	32,	0,	1.00,	'Dog vaccination',	1000.00,	1000.00),
(1447,	442,	0,	25,	0,	1.00,	'End of term 2 awards',	13600.00,	13600.00),
(1448,	443,	0,	39,	0,	1.00,	'Assesment books',	37800.00,	37800.00),
(1449,	444,	0,	5,	0,	1.00,	'Bishop\'s Kitty',	10000.00,	10000.00),
(1450,	445,	0,	5,	0,	1.00,	'Pst Florence kitty',	20000.00,	20000.00),
(1451,	446,	0,	12,	0,	1.00,	'Milk supply for July',	21120.00,	21120.00),
(1452,	447,	0,	12,	0,	1.00,	'Meat supplied in July',	16910.00,	16910.00),
(1453,	448,	0,	1,	0,	1.00,	'PAYE',	1940.97,	1940.97),
(1454,	449,	0,	26,	0,	1.00,	'Power bills',	613.00,	613.00),
(1455,	450,	0,	7,	0,	1.00,	'Van tyres',	31000.00,	31000.00),
(1456,	451,	0,	6,	0,	1.00,	'Fuel for vans',	12000.00,	12000.00),
(1457,	452,	0,	6,	0,	1.00,	'Fuel',	20000.00,	20000.00),
(1458,	453,	0,	12,	0,	1.00,	'Petty Cash',	4465.00,	4465.00),
(1459,	454,	0,	5,	0,	1.00,	'Direct Loan repayment',	440356.95,	440356.95),
(1460,	455,	1295,	0,	18,	1.00,	'School Fees Payment For DIARY ',	200.00,	200.00),
(1461,	456,	1296,	0,	4,	1.00,	'School Fees Payment For MILK',	2000.00,	2000.00),
(1462,	457,	1297,	0,	4,	1.00,	'School Fees Payment For MILK',	2000.00,	2000.00),
(1463,	458,	1299,	0,	4,	1.00,	'School Fees Payment For MILK',	2000.00,	2000.00),
(1464,	459,	1298,	0,	4,	1.00,	'School Fees Payment For MILK',	2000.00,	2000.00),
(1465,	460,	1300,	0,	4,	1.00,	'School Fees Payment For MILK',	2000.00,	2000.00),
(1466,	461,	1301,	0,	4,	1.00,	'School Fees Payment For MILK',	2000.00,	2000.00),
(1467,	462,	1079,	0,	1,	1.00,	'School Fees Payment For TUITION',	-250.00,	-250.00),
(1468,	462,	1080,	0,	5,	1.00,	'School Fees Payment For ACTIVITY FEE',	-350.00,	-350.00),
(1469,	462,	1081,	0,	6,	1.00,	'School Fees Payment For FOOD & KITCHEN FACILITIES',	-2800.00,	-2800.00),
(1470,	462,	1082,	0,	19,	1.00,	'School Fees Payment For UTILITIES',	-700.00,	-700.00),
(1473,	465,	0,	0,	15,	1.00,	'Tested',	6655.00,	6655.00),
(1475,	467,	0,	0,	15,	1.00,	'Testing tooo',	1122.00,	1122.00),
(1477,	469,	0,	0,	15,	1.00,	'Hey it works',	6680.00,	6680.00),
(1478,	470,	0,	0,	15,	1.00,	'Internal Funds Transfer',	-655.00,	-655.00),
(1479,	470,	0,	0,	6,	1.00,	'Internal Funds Transfer',	655.00,	655.00),
(1480,	471,	1302,	0,	1,	1.00,	'School Fees Payment For TUITION',	8000.00,	8000.00),
(1481,	471,	1303,	0,	5,	1.00,	'School Fees Payment For ACTIVITY FEE',	350.00,	350.00),
(1482,	471,	1304,	0,	6,	1.00,	'School Fees Payment For FOOD & KITCHEN FACILITIES',	2145.00,	2145.00),
(1483,	471,	1305,	0,	19,	1.00,	'School Fees Payment For UTILITIES',	700.00,	700.00),
(1484,	472,	0,	0,	15,	1.00,	'Internal Funds Transfer',	-7000.00,	-7000.00),
(1485,	472,	0,	0,	1,	1.00,	'Internal Funds Transfer',	7000.00,	7000.00),
(1486,	473,	0,	0,	15,	1.00,	'Internal Funds Transfer',	-550.00,	-550.00),
(1487,	473,	0,	0,	19,	1.00,	'Internal Funds Transfer',	550.00,	550.00),
(1488,	474,	497,	0,	5,	1.00,	'School Fees Payment For ACTIVITY FEE',	50.00,	50.00),
(1489,	474,	0,	0,	15,	1.00,	'Excess Payment',	6540.00,	6540.00),
(1490,	475,	1309,	0,	20,	1.00,	'School Fees Payment For ADMISSION',	3300.00,	3300.00),
(1491,	475,	1310,	0,	1,	1.00,	'School Fees Payment For TUITION',	4800.00,	4800.00),
(1492,	475,	1311,	0,	5,	1.00,	'School Fees Payment For ACTIVITY FEE',	350.00,	350.00),
(1493,	475,	1312,	0,	6,	1.00,	'School Fees Payment For FOOD & KITCHEN FACILITIES',	3500.00,	3500.00),
(1494,	475,	1313,	0,	19,	1.00,	'School Fees Payment For UTILITIES',	700.00,	700.00),
(1495,	475,	0,	0,	15,	1.00,	'Excess Payment',	6000.00,	6000.00),
(1496,	476,	1284,	0,	18,	1.00,	'School Fees Payment For DIARY ',	-200.00,	-200.00),
(1497,	476,	1285,	0,	9,	1.00,	'School Fees Payment For SCHOOL T-SHIRT',	-500.00,	-500.00),
(1498,	477,	1299,	0,	4,	1.00,	'School Fees Payment For MILK',	-2000.00,	-2000.00),
(1499,	478,	0,	0,	15,	1.00,	'OP',	21111.00,	21111.00),
(1500,	479,	0,	0,	15,	1.00,	'Internal Funds Transfer',	-150.00,	-150.00),
(1501,	479,	0,	0,	1,	1.00,	'Internal Funds Transfer',	150.00,	150.00),
(1502,	480,	0,	0,	2,	1.00,	'Test',	56000.00,	56000.00),
(1503,	481,	0,	0,	15,	1.00,	'OP test',	600.00,	600.00),
(1504,	482,	0,	0,	0,	1.00,	'Contra Entry: To Cash Contra Entry',	15000.00,	15000.00),
(1505,	483,	0,	0,	0,	1.00,	'Contra Entry: To Cash Contra Entry',	25000.00,	25000.00),
(1506,	484,	1322,	0,	20,	1.00,	'School Fees Payment For ADMISSION',	3300.00,	3300.00),
(1507,	484,	1323,	0,	1,	1.00,	'School Fees Payment For TUITION',	4500.00,	4500.00),
(1508,	485,	0,	0,	0,	1.00,	'Contra Entry: To Cash Contra Entry',	-25000.00,	-25000.00),
(1509,	486,	1319,	0,	1,	1.00,	'School Fees Payment For TUITION',	7850.00,	7850.00),
(1510,	486,	1320,	0,	5,	1.00,	'School Fees Payment For ACTIVITY FEE',	350.00,	350.00),
(1511,	486,	1321,	0,	6,	1.00,	'School Fees Payment For FOOD & KITCHEN FACILITIES',	1500.00,	1500.00),
(1512,	487,	879,	0,	4,	1.00,	'School Fees Payment For MILK',	1850.00,	1850.00),
(1513,	487,	0,	0,	15,	1.00,	'Excess Payment',	3500.00,	3500.00),
(1514,	488,	0,	0,	15,	1.00,	'Internal Funds Transfer',	-2000.00,	-2000.00),
(1515,	488,	0,	0,	1,	1.00,	'Internal Funds Transfer',	2000.00,	2000.00),
(1516,	488,	0,	0,	15,	1.00,	'Internal Funds Transfer',	-350.00,	-350.00),
(1517,	488,	0,	0,	5,	1.00,	'Internal Funds Transfer',	350.00,	350.00),
(1518,	489,	1335,	0,	15,	1.00,	'School Fees Payment For FUNDS RESERVE',	14200.00,	14200.00),
(1519,	490,	0,	0,	15,	1.00,	'Overpaid',	4500.00,	4500.00),
(1520,	491,	9,	0,	1,	1.00,	'School Fees Payment For TUITION',	8000.00,	8000.00),
(1521,	491,	10,	0,	5,	1.00,	'School Fees Payment For ACTIVITY FEE',	350.00,	350.00),
(1522,	491,	11,	0,	6,	1.00,	'School Fees Payment For FOOD & KITCHEN FACILITIES',	2800.00,	2800.00),
(1523,	491,	12,	0,	19,	1.00,	'School Fees Payment For UTILITIES',	700.00,	700.00),
(1524,	491,	13,	0,	2,	1.00,	'School Fees Payment For TRANSPORT',	6000.00,	6000.00),
(1525,	491,	0,	0,	15,	1.00,	'Excess Payment',	2150.00,	2150.00),
(1526,	492,	1227,	0,	15,	1.00,	'School Fees Payment For FUNDS RESERVE',	50.00,	50.00),
(1527,	492,	36,	0,	1,	1.00,	'School Fees Payment For TUITION',	8000.00,	8000.00),
(1528,	492,	37,	0,	5,	1.00,	'School Fees Payment For ACTIVITY FEE',	350.00,	350.00),
(1529,	492,	38,	0,	6,	1.00,	'School Fees Payment For FOOD & KITCHEN FACILITIES',	2800.00,	2800.00),
(1530,	492,	0,	0,	15,	1.00,	'Excess Payment',	5300.00,	5300.00),
(1531,	493,	860,	0,	13,	1.00,	'School Fees Payment For TOUR',	200.00,	200.00),
(1532,	493,	0,	0,	15,	1.00,	'Excess Payment',	300.00,	300.00),
(1533,	494,	1336,	0,	20,	1.00,	'School Fees Payment For ADMISSION',	3300.00,	3300.00),
(1534,	494,	1337,	0,	1,	1.00,	'School Fees Payment For TUITION',	3700.00,	3700.00),
(1535,	495,	1326,	0,	15,	1.00,	'School Fees Payment For FUNDS RESERVE',	3400.00,	3400.00),
(1536,	495,	1327,	0,	1,	1.00,	'School Fees Payment For TUITION',	3100.00,	3100.00),
(1537,	496,	1331,	0,	1,	1.00,	'School Fees Payment For TUITION',	6700.00,	6700.00),
(1538,	497,	1306,	0,	1,	1.00,	'School Fees Payment For TUITION',	3500.00,	3500.00);

CREATE TABLE `transaction_method` (
  `transaction_method_id` int(20) NOT NULL AUTO_INCREMENT,
  `name` varchar(100) NOT NULL,
  `description` varchar(100) NOT NULL,
  `can_be_selected` int(5) NOT NULL DEFAULT '1',
  PRIMARY KEY (`transaction_method_id`)
) ENGINE=InnoDB DEFAULT CHARSET=latin1;

INSERT INTO `transaction_method` (`transaction_method_id`, `name`, `description`, `can_be_selected`) VALUES
(1,	'cash',	'Cash',	1),
(2,	'bank',	'Bank',	1),
(3,	'mpesa',	'M-Pesa',	1),
(4,	'funds_transfer',	'Funds Transfer',	0);

CREATE TABLE `transaction_type` (
  `transaction_type_id` int(20) NOT NULL AUTO_INCREMENT,
  `name` varchar(50) NOT NULL,
  `description` varchar(100) NOT NULL,
  `can_be_cancelled` int(5) NOT NULL DEFAULT '1' COMMENT '1=can be cancelled, 0= can''t be cancelled',
  PRIMARY KEY (`transaction_type_id`)
) ENGINE=InnoDB DEFAULT CHARSET=latin1;

INSERT INTO `transaction_type` (`transaction_type_id`, `name`, `description`, `can_be_cancelled`) VALUES
(1,	'income',	'Income',	1),
(2,	'expense',	'Expense',	1),
(3,	'contra_entry_to_bank',	'To Bank Contra Entry',	1),
(4,	'contra_entry_to_cash',	'To Cash Contra Entry',	1),
(5,	'funds_transfer',	'Funds Transfer',	0);

CREATE TABLE `transition` (
  `transition_id` int(100) NOT NULL AUTO_INCREMENT,
  `name` varchar(100) NOT NULL,
  PRIMARY KEY (`transition_id`)
) ENGINE=InnoDB DEFAULT CHARSET=latin1;

INSERT INTO `transition` (`transition_id`, `name`) VALUES
(1,	'transfer'),
(2,	'completion'),
(3,	'suspend');

CREATE TABLE `transition_detail` (
  `transition_detail_id` int(100) NOT NULL AUTO_INCREMENT,
  `transition_id` int(100) NOT NULL,
  `student_id` int(11) NOT NULL,
  `transition_date` date NOT NULL,
  `reason` varchar(200) NOT NULL,
  `status` int(5) NOT NULL DEFAULT '1',
  PRIMARY KEY (`transition_detail_id`),
  KEY `transition_id` (`transition_id`),
  KEY `student_id` (`student_id`),
  CONSTRAINT `transition_detail_ibfk_1` FOREIGN KEY (`student_id`) REFERENCES `student` (`student_id`),
  CONSTRAINT `transition_detail_ibfk_2` FOREIGN KEY (`transition_id`) REFERENCES `transition` (`transition_id`)
) ENGINE=InnoDB DEFAULT CHARSET=latin1;

INSERT INTO `transition_detail` (`transition_detail_id`, `transition_id`, `student_id`, `transition_date`, `reason`, `status`) VALUES
(1,	1,	190,	'2019-05-01',	'Transfer',	1);

CREATE TABLE `transport` (
  `transport_id` int(11) NOT NULL AUTO_INCREMENT,
  `route_name` longtext COLLATE utf8_unicode_ci NOT NULL,
  `number_of_vehicle` longtext COLLATE utf8_unicode_ci NOT NULL,
  `description` longtext COLLATE utf8_unicode_ci NOT NULL,
  `route_fare` longtext COLLATE utf8_unicode_ci NOT NULL,
  PRIMARY KEY (`transport_id`)
) ENGINE=InnoDB DEFAULT CHARSET=utf8 COLLATE=utf8_unicode_ci;

INSERT INTO `transport` (`transport_id`, `route_name`, `number_of_vehicle`, `description`, `route_fare`) VALUES
(2,	'Ewaso Ng\'iro Road One Way',	'1',	'One Way',	'3750'),
(3,	'Ewaso Ng\'iro Road Two Way',	'1',	'Two way',	'7500'),
(4,	'Olpopong\' One Way',	'1',	'One Way',	'3000'),
(5,	'Olpopong\' Two Way',	'1',	'Two way',	'6000'),
(6,	'London One Way',	'1',	'One Way',	'3000'),
(7,	'London Two Way',	'1',	'Two way',	'6000'),
(8,	'Town One way',	'1',	'One Way',	'2700'),
(9,	'Town Two way',	'1',	'Two way',	'5400'),
(10,	'Majengo One Way',	'1',	'One Way',	'2700'),
(11,	'Majengo Two Way',	'1',	'Two way',	'5400'),
(12,	'Lenana One Way',	'1',	'One Way',	'2700'),
(13,	'Lenana Two Way',	'1',	'Two way',	'5400'),
(14,	'Osilanka One way',	'1',	'One Way',	'4000'),
(15,	'Osilanka Two way',	'1',	'Two way',	'8000'),
(16,	'Father Ntaiya/ Total/ University One Way',	'1',	'One Way',	'3000'),
(17,	'Father Ntaiya/ Total/ University Two Way',	'1',	'Two way',	'6000');

CREATE TABLE `user` (
  `user_id` int(100) NOT NULL AUTO_INCREMENT,
  `firstname` varchar(50) COLLATE utf8_unicode_ci NOT NULL,
  `lastname` varchar(50) COLLATE utf8_unicode_ci NOT NULL,
  `email` varchar(100) COLLATE utf8_unicode_ci NOT NULL,
  `password` varchar(100) COLLATE utf8_unicode_ci NOT NULL,
  `phone` varchar(20) COLLATE utf8_unicode_ci NOT NULL,
  `login_type_id` tinyint(10) NOT NULL,
  `profile_id` tinyint(5) NOT NULL,
  `type_user_id` int(100) NOT NULL,
  `app_id` int(100) NOT NULL DEFAULT '2',
  `auth` tinyint(5) NOT NULL,
  PRIMARY KEY (`user_id`),
  UNIQUE KEY `email` (`email`)
) ENGINE=InnoDB DEFAULT CHARSET=utf8 COLLATE=utf8_unicode_ci;

INSERT INTO `user` (`user_id`, `firstname`, `lastname`, `email`, `password`, `phone`, `login_type_id`, `profile_id`, `type_user_id`, `app_id`, `auth`) VALUES
(1,	'Nicodemus',	'Karisa',	'nkmwambs@gmail.com',	'fbdf9989ea636d6b339fd6b85f63e06e',	'254711808071',	1,	1,	1,	10,	1),
(2,	'Livingstone',	'Onduso',	'livingstoneonduso@gmail.com',	'fbdf9989ea636d6b339fd6b85f63e06e',	'0909',	1,	1,	2,	2,	1),
(7,	'Hope',	'Shume',	'hopeshume@gmail.com',	'fbdf9989ea636d6b339fd6b85f63e06e',	'87778',	1,	3,	3,	3,	1),
(8,	'Rose',	'Nkaiwatei',	'rmuresen@gmail.com',	'c21f969b5f03d33d43e04f8f136e7682',	'+25472',	1,	1,	4,	2,	1),
(9,	'Edwin',	'Yegon',	'keystry904@gmail.com',	'c21f969b5f03d33d43e04f8f136e7682',	'+877',	1,	1,	5,	2,	1),
(10,	'Bishop',	'Solonka',	'jkashaa@gmail.com',	'c21f969b5f03d33d43e04f8f136e7682',	'',	1,	1,	6,	2,	1);

-- 2019-09-12 07:04:08
