-- Adminer 4.6.3 MySQL dump

SET NAMES utf8;
SET time_zone = '+00:00';
SET foreign_key_checks = 0;
SET sql_mode = 'NO_AUTO_VALUE_ON_ZERO';

CREATE TABLE `access` (
  `access_id` int(100) NOT NULL AUTO_INCREMENT,
  `entitlement_id` int(100) NOT NULL,
  `profile_id` int(100) NOT NULL,
  PRIMARY KEY (`access_id`),
  KEY `entitlement_id` (`entitlement_id`),
  KEY `profile_id` (`profile_id`),
  CONSTRAINT `access_ibfk_1` FOREIGN KEY (`entitlement_id`) REFERENCES `entitlement` (`entitlement_id`),
  CONSTRAINT `access_ibfk_2` FOREIGN KEY (`profile_id`) REFERENCES `profile` (`profile_id`)
) ENGINE=InnoDB DEFAULT CHARSET=latin1;

INSERT INTO `access` (`access_id`, `entitlement_id`, `profile_id`) VALUES
(28,	376,	1),
(29,	377,	1),
(35,	385,	1),
(36,	386,	1),
(37,	387,	1),
(38,	388,	1),
(39,	389,	1),
(40,	390,	1),
(41,	391,	1),
(42,	392,	1),
(43,	396,	1),
(44,	395,	1),
(47,	394,	1),
(48,	393,	1),
(49,	397,	1),
(50,	399,	1),
(51,	400,	1),
(52,	401,	1),
(53,	402,	1),
(54,	403,	1),
(55,	404,	1),
(56,	405,	1),
(91,	368,	1),
(93,	406,	1),
(94,	419,	1),
(96,	364,	1),
(97,	495,	1),
(98,	502,	1),
(99,	506,	1),
(100,	369,	1),
(101,	372,	1),
(102,	378,	1),
(104,	513,	1),
(106,	514,	1),
(107,	518,	1),
(109,	363,	1),
(110,	407,	1),
(111,	408,	1),
(112,	409,	1),
(113,	410,	1),
(114,	411,	1),
(115,	412,	1),
(116,	413,	1),
(117,	414,	1),
(118,	415,	1),
(119,	416,	1),
(120,	417,	1),
(121,	418,	1),
(122,	365,	1),
(123,	366,	1),
(124,	367,	1),
(125,	420,	1),
(126,	421,	1),
(127,	422,	1),
(128,	432,	1),
(129,	491,	1),
(130,	492,	1),
(131,	493,	1),
(132,	494,	1),
(133,	496,	1),
(134,	497,	1),
(135,	498,	1),
(136,	499,	1),
(137,	500,	1),
(138,	501,	1),
(139,	444,	1),
(140,	427,	1),
(141,	426,	1),
(142,	425,	1),
(143,	424,	1),
(144,	423,	1),
(145,	370,	1),
(146,	371,	1),
(147,	428,	1),
(148,	429,	1),
(149,	430,	1),
(150,	431,	1),
(151,	519,	1),
(153,	521,	1),
(154,	522,	1),
(156,	520,	1),
(157,	383,	1),
(158,	382,	1),
(159,	381,	1),
(160,	380,	1),
(161,	379,	1),
(162,	529,	1),
(163,	530,	1),
(164,	531,	1),
(165,	523,	1),
(166,	524,	1),
(167,	525,	1),
(168,	526,	1);

CREATE TABLE `accounts` (
  `accounts_id` int(10) NOT NULL AUTO_INCREMENT,
  `numeric_code` int(10) NOT NULL,
  `name` varchar(20) NOT NULL,
  `opening_balance` decimal(10,2) NOT NULL,
  `opening_date` date DEFAULT NULL,
  PRIMARY KEY (`accounts_id`)
) ENGINE=InnoDB DEFAULT CHARSET=latin1;

INSERT INTO `accounts` (`accounts_id`, `numeric_code`, `name`, `opening_balance`, `opening_date`) VALUES
(1,	1,	'cash',	75000.00,	'2017-03-01'),
(2,	2,	'bank',	342870.23,	'2017-03-01');

CREATE TABLE `activity` (
  `activity_id` int(100) NOT NULL AUTO_INCREMENT,
  `name` varchar(20) NOT NULL,
  `description` varchar(100) NOT NULL,
  `start_date` date NOT NULL,
  `end_date` date NOT NULL,
  `stmp` timestamp NOT NULL DEFAULT CURRENT_TIMESTAMP ON UPDATE CURRENT_TIMESTAMP,
  PRIMARY KEY (`activity_id`)
) ENGINE=InnoDB DEFAULT CHARSET=latin1;

INSERT INTO `activity` (`activity_id`, `name`, `description`, `start_date`, `end_date`, `stmp`) VALUES
(5,	'Parents Meeting',	'For all parents and classes',	'2017-11-12',	'2017-11-12',	'2017-11-12 09:33:04'),
(6,	'Prize Giving Day',	'Academic Day',	'2018-04-30',	'2018-04-30',	'2018-04-04 10:43:07'),
(7,	'Fundraising Day',	'For purchasing a school bus',	'2018-06-28',	'2018-06-28',	'2018-06-15 10:57:47'),
(8,	'Closing Day',	'Closing Day',	'2018-06-29',	'2018-06-29',	'2018-06-15 13:33:39'),
(9,	'Thanks giving day',	'All parents thanks giving day',	'2019-04-18',	'2019-04-18',	'2019-03-30 08:15:35');

CREATE TABLE `activity_attendance` (
  `activity_attendance_id` int(100) NOT NULL AUTO_INCREMENT,
  `activity_id` int(100) NOT NULL,
  `parent_id` int(11) NOT NULL,
  `expected` tinyint(5) NOT NULL,
  `attendance` int(5) NOT NULL COMMENT '0=Absent,1=Not Attending, 2=Attended',
  PRIMARY KEY (`activity_attendance_id`),
  KEY `activity_id` (`activity_id`),
  KEY `parent_id` (`parent_id`),
  CONSTRAINT `activity_attendance_ibfk_1` FOREIGN KEY (`activity_id`) REFERENCES `activity` (`activity_id`),
  CONSTRAINT `activity_attendance_ibfk_2` FOREIGN KEY (`activity_id`) REFERENCES `activity` (`activity_id`),
  CONSTRAINT `activity_attendance_ibfk_3` FOREIGN KEY (`parent_id`) REFERENCES `parent` (`parent_id`)
) ENGINE=InnoDB DEFAULT CHARSET=latin1;

INSERT INTO `activity_attendance` (`activity_attendance_id`, `activity_id`, `parent_id`, `expected`, `attendance`) VALUES
(25,	7,	1,	1,	0),
(26,	7,	3,	1,	1),
(27,	7,	4,	1,	1),
(28,	6,	1,	1,	0),
(29,	6,	4,	1,	1),
(30,	8,	4,	1,	1),
(31,	8,	2,	1,	0),
(40,	9,	1,	1,	1),
(41,	9,	2,	1,	1),
(42,	9,	3,	1,	0);

CREATE TABLE `admin` (
  `admin_id` int(11) NOT NULL AUTO_INCREMENT,
  `name` longtext CHARACTER SET utf8 COLLATE utf8_unicode_ci NOT NULL,
  `email` longtext CHARACTER SET utf8 COLLATE utf8_unicode_ci NOT NULL,
  `birthday` longtext CHARACTER SET utf8 COLLATE utf8_unicode_ci NOT NULL,
  `sex` longtext CHARACTER SET utf8 COLLATE utf8_unicode_ci NOT NULL,
  `phone` longtext CHARACTER SET utf8 COLLATE utf8_unicode_ci NOT NULL,
  `level` longtext CHARACTER SET utf8 COLLATE utf8_unicode_ci NOT NULL,
  PRIMARY KEY (`admin_id`),
  UNIQUE KEY `email` (`email`(100))
) ENGINE=InnoDB DEFAULT CHARSET=latin1;

INSERT INTO `admin` (`admin_id`, `name`, `email`, `birthday`, `sex`, `phone`, `level`) VALUES
(1,	'Nicodemus Karisa',	'nkmwambs@gmail.com',	'10/12/1980',	'male',	'0711808078',	'super'),
(2,	'Livingstone Onduso',	'livingstoneonduso@gmail.com',	'',	'male',	'0909',	'super'),
(3,	'Hope Shume',	'hopeshume@gmail.com',	'',	'female',	'87778',	'super');

CREATE TABLE `app` (
  `app_id` int(100) NOT NULL AUTO_INCREMENT,
  `app_name` varchar(20) NOT NULL,
  PRIMARY KEY (`app_id`)
) ENGINE=InnoDB DEFAULT CHARSET=latin1;

INSERT INTO `app` (`app_id`, `app_name`) VALUES
(1,	'default'),
(2,	'schoolapp2');

CREATE TABLE `attendance` (
  `attendance_id` int(11) NOT NULL AUTO_INCREMENT,
  `status` int(11) NOT NULL COMMENT '0 undefined , 1 present , 2  absent',
  `student_id` int(11) NOT NULL,
  `date` date NOT NULL,
  PRIMARY KEY (`attendance_id`),
  KEY `student_id` (`student_id`),
  CONSTRAINT `attendance_ibfk_1` FOREIGN KEY (`student_id`) REFERENCES `student` (`student_id`)
) ENGINE=InnoDB DEFAULT CHARSET=latin1;

INSERT INTO `attendance` (`attendance_id`, `status`, `student_id`, `date`) VALUES
(1,	1,	4,	'2018-04-04'),
(2,	0,	4,	'2018-04-05'),
(3,	1,	1,	'2018-04-20'),
(4,	1,	2,	'2018-04-20'),
(5,	2,	3,	'2018-04-20'),
(6,	1,	4,	'2018-06-14'),
(7,	2,	11,	'2018-06-14'),
(8,	1,	12,	'2018-06-14'),
(9,	1,	13,	'2018-06-14'),
(10,	0,	11,	'2018-07-12'),
(11,	0,	13,	'2018-07-12'),
(12,	1,	2,	'2019-03-25'),
(13,	1,	4,	'2019-03-25'),
(14,	2,	12,	'2019-03-25'),
(15,	1,	16,	'2019-04-17'),
(16,	1,	17,	'2019-04-17'),
(17,	0,	2,	'2019-04-18'),
(18,	1,	4,	'2019-04-18'),
(19,	2,	12,	'2019-04-18'),
(20,	1,	14,	'2019-04-18'),
(21,	0,	16,	'2019-04-24'),
(22,	0,	17,	'2019-04-24');

CREATE TABLE `book` (
  `book_id` int(11) NOT NULL AUTO_INCREMENT,
  `name` longtext COLLATE utf8_unicode_ci NOT NULL,
  `description` longtext COLLATE utf8_unicode_ci NOT NULL,
  `author` longtext COLLATE utf8_unicode_ci NOT NULL,
  `class_id` longtext COLLATE utf8_unicode_ci NOT NULL,
  `status` longtext COLLATE utf8_unicode_ci NOT NULL,
  `price` longtext COLLATE utf8_unicode_ci NOT NULL,
  PRIMARY KEY (`book_id`)
) ENGINE=InnoDB DEFAULT CHARSET=utf8 COLLATE=utf8_unicode_ci;


CREATE TABLE `budget` (
  `budget_id` int(100) NOT NULL AUTO_INCREMENT,
  `expense_category_id` int(11) NOT NULL,
  `description` varchar(200) NOT NULL,
  `fy` int(5) NOT NULL,
  `terms_id` int(100) NOT NULL,
  `qty` decimal(10,2) NOT NULL,
  `unitcost` decimal(10,2) NOT NULL,
  `often` int(10) NOT NULL,
  `total` decimal(10,2) NOT NULL,
  `smtp` timestamp NOT NULL DEFAULT CURRENT_TIMESTAMP ON UPDATE CURRENT_TIMESTAMP,
  PRIMARY KEY (`budget_id`),
  KEY `expense_category_id` (`expense_category_id`),
  KEY `terms_id` (`terms_id`),
  CONSTRAINT `budget_ibfk_1` FOREIGN KEY (`expense_category_id`) REFERENCES `expense_category` (`expense_category_id`),
  CONSTRAINT `budget_ibfk_2` FOREIGN KEY (`terms_id`) REFERENCES `terms` (`terms_id`)
) ENGINE=InnoDB DEFAULT CHARSET=latin1;

INSERT INTO `budget` (`budget_id`, `expense_category_id`, `description`, `fy`, `terms_id`, `qty`, `unitcost`, `often`, `total`, `smtp`) VALUES
(7,	1,	'Bus Service',	2019,	1,	2.00,	7500.00,	4,	60000.00,	'2019-05-20 16:41:06'),
(8,	5,	'Staff Salaries',	2019,	1,	15.00,	15400.00,	4,	924000.00,	'2019-05-20 17:22:08');

CREATE TABLE `budget_schedule` (
  `budget_schedule_id` int(100) NOT NULL AUTO_INCREMENT,
  `budget_id` int(100) NOT NULL,
  `month` int(10) NOT NULL,
  `amount` decimal(10,2) NOT NULL,
  `stmp` timestamp NOT NULL DEFAULT CURRENT_TIMESTAMP ON UPDATE CURRENT_TIMESTAMP,
  PRIMARY KEY (`budget_schedule_id`),
  KEY `budget_id` (`budget_id`),
  CONSTRAINT `budget_schedule_ibfk_1` FOREIGN KEY (`budget_id`) REFERENCES `budget` (`budget_id`)
) ENGINE=InnoDB DEFAULT CHARSET=latin1;

INSERT INTO `budget_schedule` (`budget_schedule_id`, `budget_id`, `month`, `amount`, `stmp`) VALUES
(73,	7,	1,	15000.00,	'2019-05-20 16:41:06'),
(74,	7,	2,	15000.00,	'2019-05-20 16:41:06'),
(75,	7,	3,	15000.00,	'2019-05-20 16:41:06'),
(76,	7,	4,	15000.00,	'2019-05-20 16:41:06'),
(77,	8,	1,	231000.00,	'2019-05-20 17:22:08'),
(78,	8,	2,	231000.00,	'2019-05-20 17:22:08'),
(79,	8,	3,	231000.00,	'2019-05-20 17:22:08'),
(80,	8,	4,	231000.00,	'2019-05-20 17:22:08');

CREATE TABLE `caregiver` (
  `caregiver_id` int(100) NOT NULL AUTO_INCREMENT,
  `parent_id` int(11) NOT NULL,
  `student_id` int(11) NOT NULL,
  PRIMARY KEY (`caregiver_id`),
  KEY `student_id` (`student_id`),
  KEY `parent_id` (`parent_id`),
  CONSTRAINT `caregiver_ibfk_1` FOREIGN KEY (`student_id`) REFERENCES `student` (`student_id`),
  CONSTRAINT `caregiver_ibfk_2` FOREIGN KEY (`parent_id`) REFERENCES `parent` (`parent_id`)
) ENGINE=InnoDB DEFAULT CHARSET=latin1;

INSERT INTO `caregiver` (`caregiver_id`, `parent_id`, `student_id`) VALUES
(12,	5,	11),
(13,	6,	11),
(14,	5,	12),
(15,	6,	12),
(21,	7,	11),
(25,	3,	4),
(26,	7,	4),
(27,	5,	13),
(28,	7,	2),
(29,	6,	16),
(30,	7,	16),
(31,	5,	18),
(32,	7,	18),
(33,	7,	19),
(36,	5,	35),
(37,	7,	35);

CREATE TABLE `cashbook` (
  `cashbook_id` int(200) NOT NULL AUTO_INCREMENT,
  `batch_number` int(200) NOT NULL,
  `t_date` date NOT NULL,
  `description` varchar(100) NOT NULL,
  `transaction_type` int(10) NOT NULL COMMENT '1=income,2=expense,3=to_bank,4=to_cash, 5 = funds transfer',
  `account` int(10) NOT NULL COMMENT '1=cash,2=bank, 3 = funds transfer',
  `amount` decimal(10,2) NOT NULL,
  `timestamp` timestamp NOT NULL DEFAULT CURRENT_TIMESTAMP ON UPDATE CURRENT_TIMESTAMP,
  PRIMARY KEY (`cashbook_id`)
) ENGINE=InnoDB DEFAULT CHARSET=latin1;


CREATE TABLE `ci_sessions` (
  `id` varchar(40) COLLATE utf8_unicode_ci NOT NULL,
  `ip_address` varchar(45) COLLATE utf8_unicode_ci NOT NULL,
  `timestamp` int(10) unsigned NOT NULL DEFAULT '0',
  `data` blob NOT NULL,
  PRIMARY KEY (`id`),
  KEY `ci_sessions_timestamp` (`timestamp`)
) ENGINE=InnoDB DEFAULT CHARSET=utf8 COLLATE=utf8_unicode_ci;

INSERT INTO `ci_sessions` (`id`, `ip_address`, `timestamp`, `data`) VALUES
('0lmcuk1m70bj4pek2sl9vpgp5thch8g1',	'::1',	1558382434,	'__ci_last_regenerate|i:1558382434;active_login|s:1:\"1\";login_user_id|s:1:\"1\";login_firstname|s:9:\"Nicodemus\";login_lastname|s:6:\"Karisa\";login_email|s:18:\"nkmwambs@gmail.com\";login_type_id|s:1:\"1\";login_profile|s:1:\"1\";login_type|s:5:\"admin\";profile_id|s:1:\"1\";type_login_user_id|s:1:\"1\";page_type|s:7:\"finance\";last_transaction_id|s:2:\"86\";'),
('204c4i6aejfia48r3ade4ibvifbumn5a',	'::1',	1558381781,	'__ci_last_regenerate|i:1558381781;active_login|s:1:\"1\";login_user_id|s:1:\"1\";login_firstname|s:9:\"Nicodemus\";login_lastname|s:6:\"Karisa\";login_email|s:18:\"nkmwambs@gmail.com\";login_type_id|s:1:\"1\";login_profile|s:1:\"1\";login_type|s:5:\"admin\";profile_id|s:1:\"1\";type_login_user_id|s:1:\"1\";page_type|s:7:\"finance\";last_transaction_id|s:2:\"86\";'),
('6h7nl4vudbmgdafnqectp6v4lbfno2l2',	'::1',	1558384416,	'__ci_last_regenerate|i:1558384416;active_login|s:1:\"1\";login_user_id|s:1:\"1\";login_firstname|s:9:\"Nicodemus\";login_lastname|s:6:\"Karisa\";login_email|s:18:\"nkmwambs@gmail.com\";login_type_id|s:1:\"1\";login_profile|s:1:\"1\";login_type|s:5:\"admin\";profile_id|s:1:\"1\";type_login_user_id|s:1:\"1\";page_type|s:7:\"finance\";last_transaction_id|s:2:\"93\";'),
('6mfgabhms74d12921vjiilc1vb8k9go5',	'::1',	1558380946,	'__ci_last_regenerate|i:1558380946;active_login|s:1:\"1\";login_user_id|s:1:\"1\";login_firstname|s:9:\"Nicodemus\";login_lastname|s:6:\"Karisa\";login_email|s:18:\"nkmwambs@gmail.com\";login_type_id|s:1:\"1\";login_profile|s:1:\"1\";login_type|s:5:\"admin\";profile_id|s:1:\"1\";type_login_user_id|s:1:\"1\";page_type|s:7:\"finance\";last_transaction_id|s:2:\"86\";'),
('8q8erghfv3vus3gta2ch455pgmka812o',	'::1',	1558382763,	'__ci_last_regenerate|i:1558382763;active_login|s:1:\"1\";login_user_id|s:1:\"1\";login_firstname|s:9:\"Nicodemus\";login_lastname|s:6:\"Karisa\";login_email|s:18:\"nkmwambs@gmail.com\";login_type_id|s:1:\"1\";login_profile|s:1:\"1\";login_type|s:5:\"admin\";profile_id|s:1:\"1\";type_login_user_id|s:1:\"1\";page_type|s:7:\"finance\";last_transaction_id|s:2:\"86\";'),
('9vnfbp67biesplp1v2csepcrfhk434ge',	'::1',	1558384816,	'__ci_last_regenerate|i:1558384816;active_login|s:1:\"1\";login_user_id|s:1:\"1\";login_firstname|s:9:\"Nicodemus\";login_lastname|s:6:\"Karisa\";login_email|s:18:\"nkmwambs@gmail.com\";login_type_id|s:1:\"1\";login_profile|s:1:\"1\";login_type|s:5:\"admin\";profile_id|s:1:\"1\";type_login_user_id|s:1:\"1\";page_type|s:7:\"finance\";last_transaction_id|s:2:\"93\";'),
('e0oigkuqpmf3vfpabrvamb5q9u52rtm4',	'::1',	1558382097,	'__ci_last_regenerate|i:1558382097;active_login|s:1:\"1\";login_user_id|s:1:\"1\";login_firstname|s:9:\"Nicodemus\";login_lastname|s:6:\"Karisa\";login_email|s:18:\"nkmwambs@gmail.com\";login_type_id|s:1:\"1\";login_profile|s:1:\"1\";login_type|s:5:\"admin\";profile_id|s:1:\"1\";type_login_user_id|s:1:\"1\";page_type|s:7:\"finance\";last_transaction_id|s:2:\"86\";'),
('gu8k07p83b3n5ecqalnj2dvgr28437qu',	'::1',	1558381351,	'__ci_last_regenerate|i:1558381351;active_login|s:1:\"1\";login_user_id|s:1:\"1\";login_firstname|s:9:\"Nicodemus\";login_lastname|s:6:\"Karisa\";login_email|s:18:\"nkmwambs@gmail.com\";login_type_id|s:1:\"1\";login_profile|s:1:\"1\";login_type|s:5:\"admin\";profile_id|s:1:\"1\";type_login_user_id|s:1:\"1\";page_type|s:7:\"finance\";last_transaction_id|s:2:\"86\";'),
('j3rl51m08lj4i9ho2c4f2pnl90fgqcql',	'::1',	1558389230,	'__ci_last_regenerate|i:1558389167;active_login|s:1:\"1\";login_user_id|s:1:\"1\";login_firstname|s:9:\"Nicodemus\";login_lastname|s:6:\"Karisa\";login_email|s:18:\"nkmwambs@gmail.com\";login_type_id|s:1:\"1\";login_profile|s:1:\"1\";login_type|s:5:\"admin\";profile_id|s:1:\"1\";type_login_user_id|s:1:\"1\";page_type|s:7:\"finance\";'),
('jv8ubve2q2hpj3emk0cbtj8ei7mravip',	'::1',	1558380633,	'__ci_last_regenerate|i:1558380633;active_login|s:1:\"1\";login_user_id|s:1:\"1\";login_firstname|s:9:\"Nicodemus\";login_lastname|s:6:\"Karisa\";login_email|s:18:\"nkmwambs@gmail.com\";login_type_id|s:1:\"1\";login_profile|s:1:\"1\";login_type|s:5:\"admin\";profile_id|s:1:\"1\";type_login_user_id|s:1:\"1\";page_type|s:7:\"finance\";last_transaction_id|s:2:\"86\";'),
('lcp83o47mkft2q6uaa033ukplbi4uoia',	'::1',	1558383149,	'__ci_last_regenerate|i:1558383149;active_login|s:1:\"1\";login_user_id|s:1:\"1\";login_firstname|s:9:\"Nicodemus\";login_lastname|s:6:\"Karisa\";login_email|s:18:\"nkmwambs@gmail.com\";login_type_id|s:1:\"1\";login_profile|s:1:\"1\";login_type|s:5:\"admin\";profile_id|s:1:\"1\";type_login_user_id|s:1:\"1\";page_type|s:7:\"finance\";last_transaction_id|s:2:\"86\";'),
('oi1uh296e3cu9265mbll14agb41h8un1',	'::1',	1558387138,	'__ci_last_regenerate|i:1558387138;'),
('pq88gbjhnn64e732kd5l6aubjveo4g0g',	'::1',	1558380270,	'__ci_last_regenerate|i:1558380270;active_login|s:1:\"1\";login_user_id|s:1:\"1\";login_firstname|s:9:\"Nicodemus\";login_lastname|s:6:\"Karisa\";login_email|s:18:\"nkmwambs@gmail.com\";login_type_id|s:1:\"1\";login_profile|s:1:\"1\";login_type|s:5:\"admin\";profile_id|s:1:\"1\";type_login_user_id|s:1:\"1\";page_type|s:7:\"finance\";last_transaction_id|s:2:\"86\";'),
('qen9k0kq35nh46dso3e0kj2bct6eb01d',	'::1',	1558389167,	'__ci_last_regenerate|i:1558389167;active_login|s:1:\"1\";login_user_id|s:1:\"1\";login_firstname|s:9:\"Nicodemus\";login_lastname|s:6:\"Karisa\";login_email|s:18:\"nkmwambs@gmail.com\";login_type_id|s:1:\"1\";login_profile|s:1:\"1\";login_type|s:5:\"admin\";profile_id|s:1:\"1\";type_login_user_id|s:1:\"1\";page_type|s:7:\"finance\";'),
('re0rptba8lk0ugn79snmcnoqlrfp0am9',	'::1',	1558391553,	'__ci_last_regenerate|i:1558391553;'),
('rgg5783naogbi805ocqkhn7n2pkg7ji3',	'::1',	1558389943,	'__ci_last_regenerate|i:1558389943;'),
('tmbnl7do2fnri541olc58stbccm9f58a',	'::1',	1558384019,	'__ci_last_regenerate|i:1558384019;active_login|s:1:\"1\";login_user_id|s:1:\"1\";login_firstname|s:9:\"Nicodemus\";login_lastname|s:6:\"Karisa\";login_email|s:18:\"nkmwambs@gmail.com\";login_type_id|s:1:\"1\";login_profile|s:1:\"1\";login_type|s:5:\"admin\";profile_id|s:1:\"1\";type_login_user_id|s:1:\"1\";page_type|s:7:\"finance\";last_transaction_id|s:2:\"86\";'),
('ulp1qpbqagmbg4jgg64pnu1f1tqe6fo8',	'::1',	1558383580,	'__ci_last_regenerate|i:1558383580;active_login|s:1:\"1\";login_user_id|s:1:\"1\";login_firstname|s:9:\"Nicodemus\";login_lastname|s:6:\"Karisa\";login_email|s:18:\"nkmwambs@gmail.com\";login_type_id|s:1:\"1\";login_profile|s:1:\"1\";login_type|s:5:\"admin\";profile_id|s:1:\"1\";type_login_user_id|s:1:\"1\";page_type|s:7:\"finance\";last_transaction_id|s:2:\"86\";'),
('vfaiu1tpj1qhl89b55f7deq3ttvnb1qb',	'::1',	1558387137,	'__ci_last_regenerate|i:1558387137;active_login|s:1:\"1\";login_user_id|s:1:\"1\";login_firstname|s:9:\"Nicodemus\";login_lastname|s:6:\"Karisa\";login_email|s:18:\"nkmwambs@gmail.com\";login_type_id|s:1:\"1\";login_profile|s:1:\"1\";login_type|s:5:\"admin\";profile_id|s:1:\"1\";type_login_user_id|s:1:\"1\";page_type|s:7:\"student\";last_transaction_id|s:2:\"93\";');

CREATE TABLE `class` (
  `class_id` int(11) NOT NULL AUTO_INCREMENT,
  `name` longtext COLLATE utf8_unicode_ci NOT NULL,
  `name_numeric` tinyint(4) NOT NULL,
  `teacher_id` int(11) NOT NULL,
  PRIMARY KEY (`class_id`),
  KEY `teacher_id` (`teacher_id`),
  CONSTRAINT `class_ibfk_1` FOREIGN KEY (`teacher_id`) REFERENCES `teacher` (`teacher_id`)
) ENGINE=InnoDB DEFAULT CHARSET=utf8 COLLATE=utf8_unicode_ci;

INSERT INTO `class` (`class_id`, `name`, `name_numeric`, `teacher_id`) VALUES
(1,	'STD Two',	5,	2),
(2,	'P Three',	6,	1),
(4,	'Class Four',	7,	2),
(5,	'Play Group',	1,	1),
(6,	'Kindergaten',	2,	2),
(7,	'Pre-School',	3,	1),
(8,	'Class One',	4,	1),
(9,	'Class Five',	8,	2),
(10,	'Class Six',	9,	2),
(11,	'Class Seven',	10,	1),
(12,	'Class Eight',	11,	2);

CREATE TABLE `class_routine` (
  `class_routine_id` int(11) NOT NULL AUTO_INCREMENT,
  `class_id` int(11) NOT NULL,
  `subject_id` int(11) NOT NULL,
  `time_start` int(11) NOT NULL,
  `time_end` int(11) NOT NULL,
  `time_start_min` int(11) NOT NULL,
  `time_end_min` int(11) NOT NULL,
  `day` longtext COLLATE utf8_unicode_ci NOT NULL,
  PRIMARY KEY (`class_routine_id`),
  KEY `class_id` (`class_id`),
  KEY `subject_id` (`subject_id`),
  CONSTRAINT `class_routine_ibfk_1` FOREIGN KEY (`class_id`) REFERENCES `class` (`class_id`),
  CONSTRAINT `class_routine_ibfk_2` FOREIGN KEY (`subject_id`) REFERENCES `subject` (`subject_id`)
) ENGINE=InnoDB DEFAULT CHARSET=utf8 COLLATE=utf8_unicode_ci;

INSERT INTO `class_routine` (`class_routine_id`, `class_id`, `subject_id`, `time_start`, `time_end`, `time_start_min`, `time_end_min`, `day`) VALUES
(1,	1,	2,	8,	8,	0,	40,	'wednesday'),
(2,	1,	3,	8,	9,	40,	30,	'wednesday'),
(3,	1,	14,	14,	14,	0,	40,	'thursday');

CREATE TABLE `class_routine_attendance` (
  `class_routine_attendance_id` int(100) NOT NULL AUTO_INCREMENT,
  `class_routine_id` int(11) NOT NULL,
  `attendance_date` date NOT NULL,
  `notes` longtext NOT NULL,
  PRIMARY KEY (`class_routine_attendance_id`),
  KEY `class_routine_id` (`class_routine_id`),
  CONSTRAINT `class_routine_attendance_ibfk_1` FOREIGN KEY (`class_routine_id`) REFERENCES `class_routine` (`class_routine_id`)
) ENGINE=InnoDB DEFAULT CHARSET=latin1;

INSERT INTO `class_routine_attendance` (`class_routine_attendance_id`, `class_routine_id`, `attendance_date`, `notes`) VALUES
(1,	2,	'2019-04-17',	'Well done'),
(2,	3,	'2019-04-18',	'Well done');

CREATE TABLE `crud` (
  `crud_id` int(100) NOT NULL AUTO_INCREMENT,
  `user_access` varchar(20) NOT NULL,
  `feature` varchar(20) NOT NULL,
  `operation` varchar(20) NOT NULL,
  PRIMARY KEY (`crud_id`)
) ENGINE=InnoDB DEFAULT CHARSET=latin1;


CREATE TABLE `document` (
  `document_id` int(11) NOT NULL AUTO_INCREMENT,
  `title` longtext COLLATE utf8_unicode_ci NOT NULL,
  `description` longtext COLLATE utf8_unicode_ci NOT NULL,
  `file_name` longtext COLLATE utf8_unicode_ci NOT NULL,
  `file_type` longtext COLLATE utf8_unicode_ci NOT NULL,
  `class_id` longtext COLLATE utf8_unicode_ci NOT NULL,
  `teacher_id` int(11) NOT NULL,
  `timestamp` longtext COLLATE utf8_unicode_ci NOT NULL,
  PRIMARY KEY (`document_id`)
) ENGINE=MyISAM DEFAULT CHARSET=utf8 COLLATE=utf8_unicode_ci;


CREATE TABLE `dormitory` (
  `dormitory_id` int(11) NOT NULL AUTO_INCREMENT,
  `name` longtext COLLATE utf8_unicode_ci NOT NULL,
  `number_of_room` longtext COLLATE utf8_unicode_ci NOT NULL,
  `description` longtext COLLATE utf8_unicode_ci NOT NULL,
  PRIMARY KEY (`dormitory_id`)
) ENGINE=InnoDB DEFAULT CHARSET=utf8 COLLATE=utf8_unicode_ci;


CREATE TABLE `entitlement` (
  `entitlement_id` int(100) NOT NULL AUTO_INCREMENT,
  `name` varchar(100) NOT NULL,
  `login_type_id` int(10) NOT NULL,
  `derivative_id` int(100) NOT NULL,
  `visibility` int(100) NOT NULL DEFAULT '1',
  PRIMARY KEY (`entitlement_id`)
) ENGINE=InnoDB DEFAULT CHARSET=latin1;

INSERT INTO `entitlement` (`entitlement_id`, `name`, `login_type_id`, `derivative_id`, `visibility`) VALUES
(363,	'dashboard',	1,	0,	1),
(364,	'student',	1,	0,	1),
(365,	'student_admission',	1,	364,	1),
(366,	'bulk_student_admission',	1,	364,	1),
(367,	'all_student_information',	1,	364,	1),
(368,	'teacher',	1,	0,	1),
(369,	'parent',	1,	0,	1),
(370,	'view_parents',	1,	369,	1),
(371,	'parents_activity',	1,	369,	1),
(372,	'classes',	1,	0,	1),
(373,	'manage_classes',	1,	372,	1),
(374,	'manage_sections',	1,	372,	1),
(375,	'subject',	1,	0,	1),
(376,	'class_routine',	1,	0,	1),
(377,	'manage_attendance',	1,	0,	1),
(378,	'examination',	1,	0,	1),
(379,	'examination_list',	1,	378,	1),
(380,	'examination_grades',	1,	378,	1),
(381,	'manage_marks',	1,	378,	1),
(382,	'send_marks_by_sms',	1,	378,	1),
(383,	'tabulation_sheet',	1,	378,	1),
(384,	'accounting',	1,	0,	1),
(385,	'fees_structure',	1,	384,	1),
(386,	'cash_book',	1,	384,	1),
(387,	'budget',	1,	384,	1),
(388,	'monthly_reconciliation',	1,	384,	1),
(389,	'financial_report',	1,	384,	1),
(390,	'fund_balance_report',	1,	384,	1),
(391,	'expense_variance_report',	1,	384,	1),
(392,	'income_variance_report',	1,	384,	1),
(393,	'library',	1,	0,	1),
(394,	'transport',	1,	0,	1),
(395,	'dormitory',	1,	0,	1),
(396,	'noticeboard',	1,	0,	1),
(397,	'messages',	1,	0,	1),
(398,	'settings',	1,	0,	1),
(399,	'general_settings',	1,	398,	1),
(400,	'sms_settings',	1,	398,	1),
(401,	'language_settings',	1,	398,	1),
(402,	'school_settings',	1,	398,	1),
(403,	'user_profiles',	1,	398,	1),
(404,	'administrator',	1,	0,	1),
(405,	'manage_accounts',	1,	0,	1),
(406,	'create_transaction',	1,	363,	1),
(407,	'student_count',	1,	363,	1),
(408,	'teachers_count',	1,	363,	1),
(409,	'parents_count',	1,	363,	1),
(410,	'today_students_attendance',	1,	363,	1),
(411,	'unpaid_invoices_count',	1,	363,	1),
(412,	'total_fees_balance',	1,	363,	1),
(413,	'total_fees_received',	1,	363,	1),
(414,	'total_invoices_cleared',	1,	363,	1),
(415,	'years_expense_to_date',	1,	363,	1),
(416,	'budget_to_date',	1,	363,	1),
(417,	'percent_class_attendance',	1,	363,	1),
(418,	'percent_lesson_covered',	1,	363,	1),
(419,	'event_schedule',	1,	363,	1),
(420,	'edit_student',	1,	364,	1),
(421,	'promote_student',	1,	364,	1),
(422,	'suspend_student',	1,	364,	1),
(423,	'promote_teacher_to_user',	1,	368,	1),
(424,	'reset_teacher_password',	1,	368,	1),
(425,	'assign_profile',	1,	368,	1),
(426,	'edit_teacher',	1,	368,	1),
(427,	'delete_teacher',	1,	368,	1),
(428,	'add_parent',	1,	369,	1),
(429,	'edit_parent',	1,	369,	1),
(430,	'delete_parent',	1,	369,	1),
(431,	'assign_beneficiary',	1,	369,	1),
(432,	'demote_student',	1,	364,	1),
(444,	'add_teacher',	1,	368,	1),
(491,	'class_numeric_1_students',	1,	364,	1),
(492,	'class_numeric_2_students',	1,	364,	1),
(493,	'class_numeric_3_students',	1,	364,	1),
(494,	'class_numeric_4_students',	1,	364,	1),
(495,	'class_numeric_5_students',	1,	364,	1),
(496,	'class_numeric_6_students',	1,	364,	1),
(497,	'class_numeric_7_students',	1,	364,	1),
(498,	'class_numeric_8_students',	1,	364,	1),
(499,	'class_numeric_9_students',	1,	364,	1),
(500,	'class_numeric_10_students',	1,	364,	1),
(501,	'class_numeric_11_students',	1,	364,	1),
(502,	'class_numeric_1_subjects',	1,	375,	1),
(503,	'class_numeric_2_subjects',	1,	375,	1),
(504,	'class_numeric_3_subjects',	1,	375,	1),
(505,	'class_numeric_4_subjects',	1,	375,	1),
(506,	'class_numeric_5_subjects',	1,	375,	1),
(507,	'class_numeric_6_subjects',	1,	375,	1),
(508,	'class_numeric_7_subjects',	1,	375,	1),
(509,	'class_numeric_8_subjects',	1,	375,	1),
(510,	'class_numeric_9_subjects',	1,	375,	1),
(511,	'class_numeric_10_subjects',	1,	375,	1),
(512,	'class_numeric_11_subjects',	1,	375,	1),
(513,	'add_class',	1,	372,	1),
(514,	'add_administrator',	1,	404,	1),
(515,	'promote_admin_to_user',	1,	404,	1),
(516,	'edit_admin',	1,	404,	1),
(517,	'delete_admin',	1,	404,	1),
(518,	'assign_profile',	1,	404,	1),
(519,	'funds_transfers',	1,	384,	1),
(520,	'take_student_payment',	1,	384,	1),
(521,	'edit_invoice',	1,	384,	1),
(522,	'delete_or_cancel_invoice',	1,	384,	1),
(523,	'take_other_income',	1,	384,	1),
(524,	'make_expense',	1,	384,	1),
(525,	'tranfer_funds',	1,	384,	1),
(526,	'raise_contra_entry',	1,	384,	1),
(527,	'edit_class',	1,	372,	1),
(528,	'delete_class',	1,	372,	1),
(529,	'delete_marks',	1,	378,	1),
(530,	'del_marks',	1,	378,	1),
(531,	'all_students',	1,	364,	1);

CREATE TABLE `exam` (
  `exam_id` int(11) NOT NULL AUTO_INCREMENT,
  `name` longtext COLLATE utf8_unicode_ci NOT NULL,
  `date` longtext COLLATE utf8_unicode_ci NOT NULL,
  `comment` longtext COLLATE utf8_unicode_ci NOT NULL,
  PRIMARY KEY (`exam_id`)
) ENGINE=InnoDB DEFAULT CHARSET=utf8 COLLATE=utf8_unicode_ci;

INSERT INTO `exam` (`exam_id`, `name`, `date`, `comment`) VALUES
(1,	'Mid Term Term one',	'04/30/2018',	'Exam'),
(2,	'Opening School Exam - Term Two 2019',	'05/16/2019',	'Opening School Exam - Term Two 2019');

CREATE TABLE `expense` (
  `expense_id` int(200) NOT NULL AUTO_INCREMENT,
  `batch_number` int(10) NOT NULL,
  `description` varchar(200) NOT NULL,
  `payee` varchar(200) NOT NULL,
  `t_date` date NOT NULL,
  `method` varchar(20) NOT NULL COMMENT '1-Cash,2-Bank, 3= Funds Transfer',
  `cheque_no` int(10) NOT NULL,
  `amount` decimal(10,2) NOT NULL,
  `cleared` tinyint(5) NOT NULL COMMENT '0-oustanding,1-cleared',
  `clearedMonth` date NOT NULL,
  `timestamp` timestamp NOT NULL DEFAULT CURRENT_TIMESTAMP ON UPDATE CURRENT_TIMESTAMP,
  PRIMARY KEY (`expense_id`)
) ENGINE=InnoDB DEFAULT CHARSET=latin1;


CREATE TABLE `expense_category` (
  `expense_category_id` int(11) NOT NULL AUTO_INCREMENT,
  `name` longtext COLLATE utf8_unicode_ci NOT NULL,
  `income_category_id` int(100) NOT NULL,
  PRIMARY KEY (`expense_category_id`),
  KEY `income_category_id` (`income_category_id`),
  CONSTRAINT `expense_category_ibfk_1` FOREIGN KEY (`income_category_id`) REFERENCES `income_categories` (`income_category_id`)
) ENGINE=InnoDB DEFAULT CHARSET=utf8 COLLATE=utf8_unicode_ci;

INSERT INTO `expense_category` (`expense_category_id`, `name`, `income_category_id`) VALUES
(1,	'Transport Expenses',	1),
(2,	'Administration',	6),
(3,	'Examination',	2),
(4,	'Miscellaneous',	3),
(5,	'Salaries',	6),
(6,	'Catering',	7),
(7,	'Firewood',	7),
(8,	'Food',	7);

CREATE TABLE `expense_details` (
  `expense_details_id` int(200) NOT NULL AUTO_INCREMENT,
  `expense_id` int(200) NOT NULL,
  `qty` int(50) NOT NULL,
  `description` varchar(200) NOT NULL,
  `unitcost` decimal(10,2) NOT NULL,
  `cost` decimal(10,2) NOT NULL,
  `expense_category_id` int(11) NOT NULL,
  PRIMARY KEY (`expense_details_id`),
  KEY `expense_id` (`expense_id`),
  KEY `expense_category_id` (`expense_category_id`),
  CONSTRAINT `expense_details_ibfk_1` FOREIGN KEY (`expense_id`) REFERENCES `expense` (`expense_id`),
  CONSTRAINT `expense_details_ibfk_2` FOREIGN KEY (`expense_category_id`) REFERENCES `expense_category` (`expense_category_id`)
) ENGINE=InnoDB DEFAULT CHARSET=latin1;


CREATE TABLE `fees_structure` (
  `fees_id` int(10) NOT NULL AUTO_INCREMENT,
  `name` longtext NOT NULL,
  `class_id` int(10) NOT NULL,
  `yr` int(10) NOT NULL,
  `term` int(10) NOT NULL,
  PRIMARY KEY (`fees_id`)
) ENGINE=InnoDB DEFAULT CHARSET=latin1;

INSERT INTO `fees_structure` (`fees_id`, `name`, `class_id`, `yr`, `term`) VALUES
(13,	'class_STD_Two_term_One_year_2019',	1,	2019,	1),
(14,	'class_STD_Two_term_Two_year_2019',	1,	2019,	2),
(15,	'class_Class_One_term_One_year_2019',	8,	2019,	1),
(16,	'class_Class_One_term_Two_year_2019',	8,	2019,	2),
(17,	'class_Class_Seven_term_Two_year_2019',	11,	2019,	1);

CREATE TABLE `fees_structure_details` (
  `detail_id` int(10) NOT NULL AUTO_INCREMENT,
  `name` longtext NOT NULL,
  `fees_id` int(10) NOT NULL,
  `income_category_id` int(100) NOT NULL,
  `amount` int(10) NOT NULL,
  PRIMARY KEY (`detail_id`),
  KEY `income_category_id` (`income_category_id`),
  KEY `fees_id` (`fees_id`),
  CONSTRAINT `fees_structure_details_ibfk_1` FOREIGN KEY (`income_category_id`) REFERENCES `income_categories` (`income_category_id`),
  CONSTRAINT `fees_structure_details_ibfk_2` FOREIGN KEY (`fees_id`) REFERENCES `fees_structure` (`fees_id`)
) ENGINE=InnoDB DEFAULT CHARSET=latin1;

INSERT INTO `fees_structure_details` (`detail_id`, `name`, `fees_id`, `income_category_id`, `amount`) VALUES
(56,	'Examination Fees',	13,	2,	2500),
(57,	'Tuition',	13,	6,	8500),
(58,	'Miscellaneous',	13,	3,	1800),
(59,	'School Trips',	13,	4,	4700),
(60,	'School Transport',	13,	1,	0),
(61,	'Examination',	14,	2,	1500),
(62,	'Tuition',	14,	6,	8700),
(63,	'Boarding Fees',	14,	7,	15000),
(64,	'Motivation Fees',	13,	8,	1500),
(65,	'Balance Brought Forward',	13,	8,	0),
(66,	'Balance b/f',	14,	8,	0),
(67,	'Balance Brought Forward',	15,	8,	0),
(68,	'Examination Fees',	15,	2,	1400),
(69,	'Tuition',	15,	6,	7500),
(70,	'School Transport',	15,	1,	0),
(71,	'Educational Trips',	15,	4,	3400),
(72,	'Boarding fees',	15,	7,	15000),
(73,	'Balance Brought Forward',	16,	8,	0),
(74,	'Examination Fees',	16,	2,	1200),
(75,	'School Transport',	16,	1,	6500),
(76,	'School Buildings Maintanance',	16,	5,	3200),
(77,	'Tuition',	16,	6,	9600),
(78,	'Boarding fees',	16,	7,	15000),
(79,	'Balance Brought Forward',	17,	8,	0),
(80,	'School Transport',	17,	1,	0),
(81,	'Tuition',	17,	6,	7800),
(82,	'Exams',	17,	2,	2100);

CREATE TABLE `grade` (
  `grade_id` int(11) NOT NULL AUTO_INCREMENT,
  `name` longtext COLLATE utf8_unicode_ci NOT NULL,
  `grade_point` longtext COLLATE utf8_unicode_ci NOT NULL,
  `mark_from` int(11) NOT NULL,
  `mark_upto` int(11) NOT NULL,
  `comment` longtext COLLATE utf8_unicode_ci NOT NULL,
  PRIMARY KEY (`grade_id`)
) ENGINE=InnoDB DEFAULT CHARSET=utf8 COLLATE=utf8_unicode_ci;

INSERT INTO `grade` (`grade_id`, `name`, `grade_point`, `mark_from`, `mark_upto`, `comment`) VALUES
(1,	'Excellent ',	'4',	80,	100,	''),
(2,	'Good',	'3',	60,	79,	''),
(3,	'Fair',	'2',	40,	59,	''),
(4,	'Poor',	'1',	0,	39,	'Poor');

CREATE TABLE `income_categories` (
  `income_category_id` int(100) NOT NULL AUTO_INCREMENT,
  `name` varchar(50) NOT NULL,
  `opening_balance` decimal(10,2) NOT NULL,
  `default_category` int(5) NOT NULL DEFAULT '0',
  PRIMARY KEY (`income_category_id`)
) ENGINE=InnoDB DEFAULT CHARSET=latin1;

INSERT INTO `income_categories` (`income_category_id`, `name`, `opening_balance`, `default_category`) VALUES
(1,	'Transport Revenue',	3500.00,	0),
(2,	'Examinations',	0.00,	0),
(3,	'Miscellaneous',	56000.00,	0),
(4,	'Academic Trips',	0.00,	0),
(5,	'Maintainance',	0.00,	0),
(6,	'Tuition',	85000.00,	0),
(7,	'Boarding Fees',	34500.00,	0),
(8,	'Other Incomes',	0.00,	1);

CREATE TABLE `invoice` (
  `invoice_id` int(11) NOT NULL AUTO_INCREMENT,
  `student_id` int(11) NOT NULL,
  `class_id` int(11) NOT NULL,
  `yr` longtext COLLATE utf8_unicode_ci NOT NULL,
  `term` longtext COLLATE utf8_unicode_ci NOT NULL,
  `amount` int(11) NOT NULL COMMENT 'fees structure amount less transport',
  `amount_due` longtext COLLATE utf8_unicode_ci NOT NULL COMMENT 'amount liable to pay plus transport',
  `amount_paid` int(100) NOT NULL,
  `balance` int(100) NOT NULL,
  `creation_timestamp` varchar(100) COLLATE utf8_unicode_ci NOT NULL,
  `status` longtext COLLATE utf8_unicode_ci NOT NULL COMMENT 'paid, excess, unpaid or cancelled',
  `carry_forward` int(11) NOT NULL DEFAULT '0',
  `transitioned` int(11) NOT NULL DEFAULT '0',
  PRIMARY KEY (`invoice_id`),
  KEY `student_id` (`student_id`),
  KEY `class_id` (`class_id`),
  CONSTRAINT `invoice_ibfk_1` FOREIGN KEY (`student_id`) REFERENCES `student` (`student_id`),
  CONSTRAINT `invoice_ibfk_2` FOREIGN KEY (`class_id`) REFERENCES `class` (`class_id`)
) ENGINE=InnoDB DEFAULT CHARSET=utf8 COLLATE=utf8_unicode_ci;

INSERT INTO `invoice` (`invoice_id`, `student_id`, `class_id`, `yr`, `term`, `amount`, `amount_due`, `amount_paid`, `balance`, `creation_timestamp`, `status`, `carry_forward`, `transitioned`) VALUES
(58,	17,	1,	'2019',	'1',	19000,	'11000',	0,	0,	'1556575200',	'excess',	0,	0),
(70,	17,	1,	'2019',	'2',	25200,	'5200',	0,	0,	'1567202400',	'unpaid',	0,	0);

CREATE TABLE `invoice_details` (
  `invoice_details_id` int(200) NOT NULL AUTO_INCREMENT,
  `invoice_id` int(200) NOT NULL,
  `detail_id` int(200) NOT NULL,
  `amount_due` int(200) NOT NULL,
  `amount_paid` int(100) NOT NULL,
  `balance` int(100) NOT NULL,
  `last_payment_id` int(100) NOT NULL,
  PRIMARY KEY (`invoice_details_id`),
  KEY `detail_id` (`detail_id`),
  KEY `invoice_id` (`invoice_id`),
  CONSTRAINT `invoice_details_ibfk_1` FOREIGN KEY (`detail_id`) REFERENCES `fees_structure_details` (`detail_id`),
  CONSTRAINT `invoice_details_ibfk_2` FOREIGN KEY (`invoice_id`) REFERENCES `invoice` (`invoice_id`)
) ENGINE=InnoDB DEFAULT CHARSET=latin1;

INSERT INTO `invoice_details` (`invoice_details_id`, `invoice_id`, `detail_id`, `amount_due`, `amount_paid`, `balance`, `last_payment_id`) VALUES
(293,	58,	56,	2500,	0,	0,	0),
(294,	58,	57,	8500,	0,	0,	0),
(328,	70,	61,	0,	0,	0,	0),
(329,	70,	62,	0,	0,	0,	0),
(330,	70,	63,	5200,	0,	0,	0);

CREATE TABLE `language` (
  `phrase_id` int(11) NOT NULL AUTO_INCREMENT,
  `phrase` longtext COLLATE utf8_unicode_ci NOT NULL,
  `english` longtext COLLATE utf8_unicode_ci NOT NULL,
  `bengali` longtext COLLATE utf8_unicode_ci NOT NULL,
  `spanish` longtext COLLATE utf8_unicode_ci NOT NULL,
  `arabic` longtext COLLATE utf8_unicode_ci NOT NULL,
  `dutch` longtext COLLATE utf8_unicode_ci NOT NULL,
  `russian` longtext COLLATE utf8_unicode_ci NOT NULL,
  `chinese` longtext COLLATE utf8_unicode_ci NOT NULL,
  `turkish` longtext COLLATE utf8_unicode_ci NOT NULL,
  `portuguese` longtext COLLATE utf8_unicode_ci NOT NULL,
  `hungarian` longtext COLLATE utf8_unicode_ci NOT NULL,
  `french` longtext COLLATE utf8_unicode_ci NOT NULL,
  `greek` longtext COLLATE utf8_unicode_ci NOT NULL,
  `german` longtext COLLATE utf8_unicode_ci NOT NULL,
  `italian` longtext COLLATE utf8_unicode_ci NOT NULL,
  `thai` longtext COLLATE utf8_unicode_ci NOT NULL,
  `urdu` longtext COLLATE utf8_unicode_ci NOT NULL,
  `hindi` longtext COLLATE utf8_unicode_ci NOT NULL,
  `latin` longtext COLLATE utf8_unicode_ci NOT NULL,
  `indonesian` longtext COLLATE utf8_unicode_ci NOT NULL,
  `japanese` longtext COLLATE utf8_unicode_ci NOT NULL,
  `korean` longtext COLLATE utf8_unicode_ci NOT NULL,
  `swahili` longtext COLLATE utf8_unicode_ci,
  `Kikuyu` longtext COLLATE utf8_unicode_ci,
  PRIMARY KEY (`phrase_id`)
) ENGINE=MyISAM DEFAULT CHARSET=utf8 COLLATE=utf8_unicode_ci;

INSERT INTO `language` (`phrase_id`, `phrase`, `english`, `bengali`, `spanish`, `arabic`, `dutch`, `russian`, `chinese`, `turkish`, `portuguese`, `hungarian`, `french`, `greek`, `german`, `italian`, `thai`, `urdu`, `hindi`, `latin`, `indonesian`, `japanese`, `korean`, `swahili`, `Kikuyu`) VALUES
(1,	'login',	'',	'',	'',	'',	'',	'',	'',	'',	'',	'',	'',	'',	'',	'',	'',	'',	'',	'',	'',	'',	'',	'',	''),
(2,	'forgot_your_password',	'',	'',	'',	'',	'',	'',	'',	'',	'',	'',	'',	'',	'',	'',	'',	'',	'',	'',	'',	'',	'',	'',	''),
(3,	'admin_dashboard',	'',	'',	'',	'',	'',	'',	'',	'',	'',	'',	'',	'',	'',	'',	'',	'',	'',	'',	'',	'',	'',	'',	''),
(4,	'dashboard',	'',	'',	'',	'',	'',	'',	'',	'',	'',	'',	'',	'',	'',	'',	'',	'',	'',	'',	'',	'',	'',	'Karibu',	''),
(5,	'student',	'',	'',	'',	'',	'',	'',	'',	'',	'',	'',	'',	'',	'',	'',	'',	'',	'',	'',	'',	'',	'',	'',	''),
(6,	'admit_student',	'',	'',	'',	'',	'',	'',	'',	'',	'',	'',	'',	'',	'',	'',	'',	'',	'',	'',	'',	'',	'',	'',	''),
(7,	'admit_bulk_student',	'',	'',	'',	'',	'',	'',	'',	'',	'',	'',	'',	'',	'',	'',	'',	'',	'',	'',	'',	'',	'',	'',	''),
(8,	'student_information',	'',	'',	'',	'',	'',	'',	'',	'',	'',	'',	'',	'',	'',	'',	'',	'',	'',	'',	'',	'',	'',	'',	''),
(9,	'teacher',	'',	'',	'',	'',	'',	'',	'',	'',	'',	'',	'',	'',	'',	'',	'',	'',	'',	'',	'',	'',	'',	'',	''),
(10,	'parents',	'',	'',	'',	'',	'',	'',	'',	'',	'',	'',	'',	'',	'',	'',	'',	'',	'',	'',	'',	'',	'',	'',	''),
(11,	'class',	'',	'',	'',	'',	'',	'',	'',	'',	'',	'',	'',	'',	'',	'',	'',	'',	'',	'',	'',	'',	'',	'',	''),
(12,	'manage_classes',	'',	'',	'',	'',	'',	'',	'',	'',	'',	'',	'',	'',	'',	'',	'',	'',	'',	'',	'',	'',	'',	'',	''),
(13,	'manage_sections',	'',	'',	'',	'',	'',	'',	'',	'',	'',	'',	'',	'',	'',	'',	'',	'',	'',	'',	'',	'',	'',	'',	''),
(14,	'subject',	'',	'',	'',	'',	'',	'',	'',	'',	'',	'',	'',	'',	'',	'',	'',	'',	'',	'',	'',	'',	'',	'',	''),
(15,	'class_routine',	'',	'',	'',	'',	'',	'',	'',	'',	'',	'',	'',	'',	'',	'',	'',	'',	'',	'',	'',	'',	'',	'',	''),
(16,	'daily_attendance',	'',	'',	'',	'',	'',	'',	'',	'',	'',	'',	'',	'',	'',	'',	'',	'',	'',	'',	'',	'',	'',	'',	''),
(17,	'exam',	'',	'',	'',	'',	'',	'',	'',	'',	'',	'',	'',	'',	'',	'',	'',	'',	'',	'',	'',	'',	'',	'',	''),
(18,	'exam_list',	'',	'',	'',	'',	'',	'',	'',	'',	'',	'',	'',	'',	'',	'',	'',	'',	'',	'',	'',	'',	'',	'',	''),
(19,	'exam_grades',	'',	'',	'',	'',	'',	'',	'',	'',	'',	'',	'',	'',	'',	'',	'',	'',	'',	'',	'',	'',	'',	'',	''),
(20,	'manage_marks',	'',	'',	'',	'',	'',	'',	'',	'',	'',	'',	'',	'',	'',	'',	'',	'',	'',	'',	'',	'',	'',	'',	''),
(21,	'send_marks_by_sms',	'',	'',	'',	'',	'',	'',	'',	'',	'',	'',	'',	'',	'',	'',	'',	'',	'',	'',	'',	'',	'',	'',	''),
(22,	'tabulation_sheet',	'',	'',	'',	'',	'',	'',	'',	'',	'',	'',	'',	'',	'',	'',	'',	'',	'',	'',	'',	'',	'',	'',	''),
(23,	'accounting',	'',	'',	'',	'',	'',	'',	'',	'',	'',	'',	'',	'',	'',	'',	'',	'',	'',	'',	'',	'',	'',	'',	''),
(24,	'fees_structure',	'',	'',	'',	'',	'',	'',	'',	'',	'',	'',	'',	'',	'',	'',	'',	'',	'',	'',	'',	'',	'',	'',	''),
(25,	'create_invoice',	'',	'',	'',	'',	'',	'',	'',	'',	'',	'',	'',	'',	'',	'',	'',	'',	'',	'',	'',	'',	'',	'',	''),
(26,	'student_payments',	'',	'',	'',	'',	'',	'',	'',	'',	'',	'',	'',	'',	'',	'',	'',	'',	'',	'',	'',	'',	'',	'',	''),
(27,	'school_expenses',	'',	'',	'',	'',	'',	'',	'',	'',	'',	'',	'',	'',	'',	'',	'',	'',	'',	'',	'',	'',	'',	'',	''),
(28,	'cash_book',	'',	'',	'',	'',	'',	'',	'',	'',	'',	'',	'',	'',	'',	'',	'',	'',	'',	'',	'',	'',	'',	'',	''),
(29,	'budget',	'',	'',	'',	'',	'',	'',	'',	'',	'',	'',	'',	'',	'',	'',	'',	'',	'',	'',	'',	'',	'',	'',	''),
(30,	'library',	'',	'',	'',	'',	'',	'',	'',	'',	'',	'',	'',	'',	'',	'',	'',	'',	'',	'',	'',	'',	'',	'',	''),
(31,	'transport',	'',	'',	'',	'',	'',	'',	'',	'',	'',	'',	'',	'',	'',	'',	'',	'',	'',	'',	'',	'',	'',	'',	''),
(32,	'dormitory',	'',	'',	'',	'',	'',	'',	'',	'',	'',	'',	'',	'',	'',	'',	'',	'',	'',	'',	'',	'',	'',	'',	''),
(33,	'noticeboard',	'',	'',	'',	'',	'',	'',	'',	'',	'',	'',	'',	'',	'',	'',	'',	'',	'',	'',	'',	'',	'',	'',	''),
(34,	'message',	'',	'',	'',	'',	'',	'',	'',	'',	'',	'',	'',	'',	'',	'',	'',	'',	'',	'',	'',	'',	'',	'',	''),
(35,	'settings',	'',	'',	'',	'',	'',	'',	'',	'',	'',	'',	'',	'',	'',	'',	'',	'',	'',	'',	'',	'',	'',	'',	''),
(36,	'general_settings',	'',	'',	'',	'',	'',	'',	'',	'',	'',	'',	'',	'',	'',	'',	'',	'',	'',	'',	'',	'',	'',	'',	''),
(37,	'sms_settings',	'',	'',	'',	'',	'',	'',	'',	'',	'',	'',	'',	'',	'',	'',	'',	'',	'',	'',	'',	'',	'',	'',	''),
(38,	'language_settings',	'',	'',	'',	'',	'',	'',	'',	'',	'',	'',	'',	'',	'',	'',	'',	'',	'',	'',	'',	'',	'',	'',	''),
(39,	'school_settings',	'',	'',	'',	'',	'',	'',	'',	'',	'',	'',	'',	'',	'',	'',	'',	'',	'',	'',	'',	'',	'',	'',	''),
(40,	'account',	'',	'',	'',	'',	'',	'',	'',	'',	'',	'',	'',	'',	'',	'',	'',	'',	'',	'',	'',	'',	'',	'',	''),
(41,	'edit_profile',	'',	'',	'',	'',	'',	'',	'',	'',	'',	'',	'',	'',	'',	'',	'',	'',	'',	'',	'',	'',	'',	'',	''),
(42,	'change_password',	'',	'',	'',	'',	'',	'',	'',	'',	'',	'',	'',	'',	'',	'',	'',	'',	'',	'',	'',	'',	'',	'',	''),
(43,	'event_schedule',	'',	'',	'',	'',	'',	'',	'',	'',	'',	'',	'',	'',	'',	'',	'',	'',	'',	'',	'',	'',	'',	'',	''),
(44,	'parent',	'',	'',	'',	'',	'',	'',	'',	'',	'',	'',	'',	'',	'',	'',	'',	'',	'',	'',	'',	'',	'',	'',	'Muciari'),
(45,	'attendance',	'',	'',	'',	'',	'',	'',	'',	'',	'',	'',	'',	'',	'',	'',	'',	'',	'',	'',	'',	'',	'',	'',	''),
(46,	'delete',	'',	'',	'',	'',	'',	'',	'',	'',	'',	'',	'',	'',	'',	'',	'',	'',	'',	'',	'',	'',	'',	'',	''),
(47,	'cancel',	'',	'',	'',	'',	'',	'',	'',	'',	'',	'',	'',	'',	'',	'',	'',	'',	'',	'',	'',	'',	'',	'',	''),
(48,	'Ok',	'',	'',	'',	'',	'',	'',	'',	'',	'',	'',	'',	'',	'',	'',	'',	'',	'',	'',	'',	'',	'',	'',	''),
(49,	'school_budget',	'',	'',	'',	'',	'',	'',	'',	'',	'',	'',	'',	'',	'',	'',	'',	'',	'',	'',	'',	'',	'',	'',	''),
(50,	'new_budget_item',	'',	'',	'',	'',	'',	'',	'',	'',	'',	'',	'',	'',	'',	'',	'',	'',	'',	'',	'',	'',	'',	'',	''),
(51,	'budget_summary',	'',	'',	'',	'',	'',	'',	'',	'',	'',	'',	'',	'',	'',	'',	'',	'',	'',	'',	'',	'',	'',	'',	''),
(52,	'budget_schedules',	'',	'',	'',	'',	'',	'',	'',	'',	'',	'',	'',	'',	'',	'',	'',	'',	'',	'',	'',	'',	'',	'',	''),
(53,	'account_',	'',	'',	'',	'',	'',	'',	'',	'',	'',	'',	'',	'',	'',	'',	'',	'',	'',	'',	'',	'',	'',	'',	''),
(54,	'select',	'',	'',	'',	'',	'',	'',	'',	'',	'',	'',	'',	'',	'',	'',	'',	'',	'',	'',	'',	'',	'',	'',	''),
(55,	'description_',	'',	'',	'',	'',	'',	'',	'',	'',	'',	'',	'',	'',	'',	'',	'',	'',	'',	'',	'',	'',	'',	'',	''),
(56,	'financial_year',	'',	'',	'',	'',	'',	'',	'',	'',	'',	'',	'',	'',	'',	'',	'',	'',	'',	'',	'',	'',	'',	'',	''),
(57,	'quantity_',	'',	'',	'',	'',	'',	'',	'',	'',	'',	'',	'',	'',	'',	'',	'',	'',	'',	'',	'',	'',	'',	'',	''),
(58,	'unit_cost',	'',	'',	'',	'',	'',	'',	'',	'',	'',	'',	'',	'',	'',	'',	'',	'',	'',	'',	'',	'',	'',	'',	''),
(59,	'how_often',	'',	'',	'',	'',	'',	'',	'',	'',	'',	'',	'',	'',	'',	'',	'',	'',	'',	'',	'',	'',	'',	'',	''),
(60,	'total_',	'',	'',	'',	'',	'',	'',	'',	'',	'',	'',	'',	'',	'',	'',	'',	'',	'',	'',	'',	'',	'',	'',	''),
(61,	'monthly_spread',	'',	'',	'',	'',	'',	'',	'',	'',	'',	'',	'',	'',	'',	'',	'',	'',	'',	'',	'',	'',	'',	'',	''),
(62,	'January',	'',	'',	'',	'',	'',	'',	'',	'',	'',	'',	'',	'',	'',	'',	'',	'',	'',	'',	'',	'',	'',	'',	''),
(63,	'February',	'',	'',	'',	'',	'',	'',	'',	'',	'',	'',	'',	'',	'',	'',	'',	'',	'',	'',	'',	'',	'',	'',	''),
(64,	'March',	'',	'',	'',	'',	'',	'',	'',	'',	'',	'',	'',	'',	'',	'',	'',	'',	'',	'',	'',	'',	'',	'',	''),
(65,	'April',	'',	'',	'',	'',	'',	'',	'',	'',	'',	'',	'',	'',	'',	'',	'',	'',	'',	'',	'',	'',	'',	'',	''),
(66,	'May',	'',	'',	'',	'',	'',	'',	'',	'',	'',	'',	'',	'',	'',	'',	'',	'',	'',	'',	'',	'',	'',	'',	''),
(67,	'June',	'',	'',	'',	'',	'',	'',	'',	'',	'',	'',	'',	'',	'',	'',	'',	'',	'',	'',	'',	'',	'',	'',	''),
(68,	'July',	'',	'',	'',	'',	'',	'',	'',	'',	'',	'',	'',	'',	'',	'',	'',	'',	'',	'',	'',	'',	'',	'',	''),
(69,	'August',	'',	'',	'',	'',	'',	'',	'',	'',	'',	'',	'',	'',	'',	'',	'',	'',	'',	'',	'',	'',	'',	'',	''),
(70,	'September',	'',	'',	'',	'',	'',	'',	'',	'',	'',	'',	'',	'',	'',	'',	'',	'',	'',	'',	'',	'',	'',	'',	''),
(71,	'October',	'',	'',	'',	'',	'',	'',	'',	'',	'',	'',	'',	'',	'',	'',	'',	'',	'',	'',	'',	'',	'',	'',	''),
(72,	'November',	'',	'',	'',	'',	'',	'',	'',	'',	'',	'',	'',	'',	'',	'',	'',	'',	'',	'',	'',	'',	'',	'',	''),
(73,	'December',	'',	'',	'',	'',	'',	'',	'',	'',	'',	'',	'',	'',	'',	'',	'',	'',	'',	'',	'',	'',	'',	'',	''),
(74,	'create',	'',	'',	'',	'',	'',	'',	'',	'',	'',	'',	'',	'',	'',	'',	'',	'',	'',	'',	'',	'',	'',	'',	''),
(75,	'clear_spread',	'',	'',	'',	'',	'',	'',	'',	'',	'',	'',	'',	'',	'',	'',	'',	'',	'',	'',	'',	'',	'',	'',	''),
(76,	'error:_account_missing',	'',	'',	'',	'',	'',	'',	'',	'',	'',	'',	'',	'',	'',	'',	'',	'',	'',	'',	'',	'',	'',	'',	''),
(77,	'error:_description_missing',	'',	'',	'',	'',	'',	'',	'',	'',	'',	'',	'',	'',	'',	'',	'',	'',	'',	'',	'',	'',	'',	'',	''),
(78,	'error:_financial_year_missing',	'',	'',	'',	'',	'',	'',	'',	'',	'',	'',	'',	'',	'',	'',	'',	'',	'',	'',	'',	'',	'',	'',	''),
(79,	'error:_quantity_missing',	'',	'',	'',	'',	'',	'',	'',	'',	'',	'',	'',	'',	'',	'',	'',	'',	'',	'',	'',	'',	'',	'',	''),
(80,	'error:_unit_cost_missing',	'',	'',	'',	'',	'',	'',	'',	'',	'',	'',	'',	'',	'',	'',	'',	'',	'',	'',	'',	'',	'',	'',	''),
(81,	'error:_frequency_missing',	'',	'',	'',	'',	'',	'',	'',	'',	'',	'',	'',	'',	'',	'',	'',	'',	'',	'',	'',	'',	'',	'',	''),
(82,	'error:_total_cost_missing',	'',	'',	'',	'',	'',	'',	'',	'',	'',	'',	'',	'',	'',	'',	'',	'',	'',	'',	'',	'',	'',	'',	''),
(83,	'error:_spread_missing',	'',	'',	'',	'',	'',	'',	'',	'',	'',	'',	'',	'',	'',	'',	'',	'',	'',	'',	'',	'',	'',	'',	''),
(84,	'error:_spread_incorrect',	'',	'',	'',	'',	'',	'',	'',	'',	'',	'',	'',	'',	'',	'',	'',	'',	'',	'',	'',	'',	'',	'',	''),
(85,	'unpaid_invoices',	'',	'',	'',	'',	'',	'',	'',	'',	'',	'',	'',	'',	'',	'',	'',	'',	'',	'',	'',	'',	'',	'',	''),
(86,	'cleared_invoices',	'',	'',	'',	'',	'',	'',	'',	'',	'',	'',	'',	'',	'',	'',	'',	'',	'',	'',	'',	'',	'',	'',	''),
(87,	'payment_history',	'',	'',	'',	'',	'',	'',	'',	'',	'',	'',	'',	'',	'',	'',	'',	'',	'',	'',	'',	'',	'',	'',	''),
(88,	'year',	'',	'',	'',	'',	'',	'',	'',	'',	'',	'',	'',	'',	'',	'',	'',	'',	'',	'',	'',	'',	'',	'',	''),
(89,	'fee_structure_total',	'',	'',	'',	'',	'',	'',	'',	'',	'',	'',	'',	'',	'',	'',	'',	'',	'',	'',	'',	'',	'',	'',	''),
(90,	'payable_amount',	'',	'',	'',	'',	'',	'',	'',	'',	'',	'',	'',	'',	'',	'',	'',	'',	'',	'',	'',	'',	'',	'',	''),
(91,	'balance',	'',	'',	'',	'',	'',	'',	'',	'',	'',	'',	'',	'',	'',	'',	'',	'',	'',	'',	'',	'',	'',	'',	''),
(92,	'date',	'',	'',	'',	'',	'',	'',	'',	'',	'',	'',	'',	'',	'',	'',	'',	'',	'',	'',	'',	'',	'',	'',	''),
(93,	'options',	'',	'',	'',	'',	'',	'',	'',	'',	'',	'',	'',	'',	'',	'',	'',	'',	'',	'',	'',	'',	'',	'',	''),
(94,	'action',	'',	'',	'',	'',	'',	'',	'',	'',	'',	'',	'',	'',	'',	'',	'',	'',	'',	'',	'',	'',	'',	'',	''),
(95,	'term',	'',	'',	'',	'',	'',	'',	'',	'',	'',	'',	'',	'',	'',	'',	'',	'',	'',	'',	'',	'',	'',	'',	''),
(96,	'method',	'',	'',	'',	'',	'',	'',	'',	'',	'',	'',	'',	'',	'',	'',	'',	'',	'',	'',	'',	'',	'',	'',	''),
(97,	'amount',	'',	'',	'',	'',	'',	'',	'',	'',	'',	'',	'',	'',	'',	'',	'',	'',	'',	'',	'',	'',	'',	'',	''),
(98,	'expenses',	'',	'',	'',	'',	'',	'',	'',	'',	'',	'',	'',	'',	'',	'',	'',	'',	'',	'',	'',	'',	'',	'',	''),
(99,	'add_new_expense',	'',	'',	'',	'',	'',	'',	'',	'',	'',	'',	'',	'',	'',	'',	'',	'',	'',	'',	'',	'',	'',	'',	''),
(100,	'title',	'',	'',	'',	'',	'',	'',	'',	'',	'',	'',	'',	'',	'',	'',	'',	'',	'',	'',	'',	'',	'',	'',	''),
(101,	'category',	'',	'',	'',	'',	'',	'',	'',	'',	'',	'',	'',	'',	'',	'',	'',	'',	'',	'',	'',	'',	'',	'',	''),
(102,	'add_expense',	'',	'',	'',	'',	'',	'',	'',	'',	'',	'',	'',	'',	'',	'',	'',	'',	'',	'',	'',	'',	'',	'',	''),
(103,	'value_required',	'',	'',	'',	'',	'',	'',	'',	'',	'',	'',	'',	'',	'',	'',	'',	'',	'',	'',	'',	'',	'',	'',	''),
(104,	'select_expense_category',	'',	'',	'',	'',	'',	'',	'',	'',	'',	'',	'',	'',	'',	'',	'',	'',	'',	'',	'',	'',	'',	'',	''),
(105,	'description',	'',	'',	'',	'',	'',	'',	'',	'',	'',	'',	'',	'',	'',	'',	'',	'',	'',	'',	'',	'',	'',	'',	''),
(106,	'cash',	'',	'',	'',	'',	'',	'',	'',	'',	'',	'',	'',	'',	'',	'',	'',	'',	'',	'',	'',	'',	'',	'',	''),
(107,	'check',	'',	'',	'',	'',	'',	'',	'',	'',	'',	'',	'',	'',	'',	'',	'',	'',	'',	'',	'',	'',	'',	'',	''),
(108,	'card',	'',	'',	'',	'',	'',	'',	'',	'',	'',	'',	'',	'',	'',	'',	'',	'',	'',	'',	'',	'',	'',	'',	''),
(109,	'School_terms',	'',	'',	'',	'',	'',	'',	'',	'',	'',	'',	'',	'',	'',	'',	'',	'',	'',	'',	'',	'',	'',	'',	''),
(110,	'add',	'',	'',	'',	'',	'',	'',	'',	'',	'',	'',	'',	'',	'',	'',	'',	'',	'',	'',	'',	'',	'',	'',	''),
(111,	'term_number',	'',	'',	'',	'',	'',	'',	'',	'',	'',	'',	'',	'',	'',	'',	'',	'',	'',	'',	'',	'',	'',	'',	''),
(112,	'terms',	'',	'',	'',	'',	'',	'',	'',	'',	'',	'',	'',	'',	'',	'',	'',	'',	'',	'',	'',	'',	'',	'',	''),
(113,	'income_categories',	'',	'',	'',	'',	'',	'',	'',	'',	'',	'',	'',	'',	'',	'',	'',	'',	'',	'',	'',	'',	'',	'',	''),
(114,	'add_new_income_category',	'',	'',	'',	'',	'',	'',	'',	'',	'',	'',	'',	'',	'',	'',	'',	'',	'',	'',	'',	'',	'',	'',	''),
(115,	'name',	'',	'',	'',	'',	'',	'',	'',	'',	'',	'',	'',	'',	'',	'',	'',	'',	'',	'',	'',	'',	'',	'',	''),
(116,	'expense_categories',	'',	'',	'',	'',	'',	'',	'',	'',	'',	'',	'',	'',	'',	'',	'',	'',	'',	'',	'',	'',	'',	'',	''),
(117,	'add_new_expense_category',	'',	'',	'',	'',	'',	'',	'',	'',	'',	'',	'',	'',	'',	'',	'',	'',	'',	'',	'',	'',	'',	'',	''),
(118,	'income_category',	'',	'',	'',	'',	'',	'',	'',	'',	'',	'',	'',	'',	'',	'',	'',	'',	'',	'',	'',	'',	'',	'',	''),
(119,	'add_expense_category',	'',	'',	'',	'',	'',	'',	'',	'',	'',	'',	'',	'',	'',	'',	'',	'',	'',	'',	'',	'',	'',	'',	''),
(120,	'data_added_successfully',	'',	'',	'',	'',	'',	'',	'',	'',	'',	'',	'',	'',	'',	'',	'',	'',	'',	'',	'',	'',	'',	'',	''),
(121,	'expense_category',	'',	'',	'',	'',	'',	'',	'',	'',	'',	'',	'',	'',	'',	'',	'',	'',	'',	'',	'',	'',	'',	'',	''),
(122,	'edit',	'',	'',	'',	'',	'',	'',	'',	'',	'',	'',	'',	'',	'',	'',	'',	'',	'',	'',	'',	'',	'',	'',	''),
(123,	'action_',	'',	'',	'',	'',	'',	'',	'',	'',	'',	'',	'',	'',	'',	'',	'',	'',	'',	'',	'',	'',	'',	'',	''),
(124,	'qty',	'',	'',	'',	'',	'',	'',	'',	'',	'',	'',	'',	'',	'',	'',	'',	'',	'',	'',	'',	'',	'',	'',	''),
(125,	'unitcost',	'',	'',	'',	'',	'',	'',	'',	'',	'',	'',	'',	'',	'',	'',	'',	'',	'',	'',	'',	'',	'',	'',	''),
(126,	'often',	'',	'',	'',	'',	'',	'',	'',	'',	'',	'',	'',	'',	'',	'',	'',	'',	'',	'',	'',	'',	'',	'',	''),
(127,	'total',	'',	'',	'',	'',	'',	'',	'',	'',	'',	'',	'',	'',	'',	'',	'',	'',	'',	'',	'',	'',	'',	'',	''),
(128,	'Jan',	'',	'',	'',	'',	'',	'',	'',	'',	'',	'',	'',	'',	'',	'',	'',	'',	'',	'',	'',	'',	'',	'',	''),
(129,	'Feb',	'',	'',	'',	'',	'',	'',	'',	'',	'',	'',	'',	'',	'',	'',	'',	'',	'',	'',	'',	'',	'',	'',	''),
(130,	'Mar',	'',	'',	'',	'',	'',	'',	'',	'',	'',	'',	'',	'',	'',	'',	'',	'',	'',	'',	'',	'',	'',	'',	''),
(131,	'Apr',	'',	'',	'',	'',	'',	'',	'',	'',	'',	'',	'',	'',	'',	'',	'',	'',	'',	'',	'',	'',	'',	'',	''),
(132,	'Jun',	'',	'',	'',	'',	'',	'',	'',	'',	'',	'',	'',	'',	'',	'',	'',	'',	'',	'',	'',	'',	'',	'',	''),
(133,	'Jul',	'',	'',	'',	'',	'',	'',	'',	'',	'',	'',	'',	'',	'',	'',	'',	'',	'',	'',	'',	'',	'',	'',	''),
(134,	'Aug',	'',	'',	'',	'',	'',	'',	'',	'',	'',	'',	'',	'',	'',	'',	'',	'',	'',	'',	'',	'',	'',	'',	''),
(135,	'Sep',	'',	'',	'',	'',	'',	'',	'',	'',	'',	'',	'',	'',	'',	'',	'',	'',	'',	'',	'',	'',	'',	'',	''),
(136,	'Oct',	'',	'',	'',	'',	'',	'',	'',	'',	'',	'',	'',	'',	'',	'',	'',	'',	'',	'',	'',	'',	'',	'',	''),
(137,	'Nov',	'',	'',	'',	'',	'',	'',	'',	'',	'',	'',	'',	'',	'',	'',	'',	'',	'',	'',	'',	'',	'',	'',	''),
(138,	'Dec',	'',	'',	'',	'',	'',	'',	'',	'',	'',	'',	'',	'',	'',	'',	'',	'',	'',	'',	'',	'',	'',	'',	''),
(139,	'edit_',	'',	'',	'',	'',	'',	'',	'',	'',	'',	'',	'',	'',	'',	'',	'',	'',	'',	'',	'',	'',	'',	'',	''),
(140,	'delete_',	'',	'',	'',	'',	'',	'',	'',	'',	'',	'',	'',	'',	'',	'',	'',	'',	'',	'',	'',	'',	'',	'',	''),
(141,	'edit_budget',	'',	'',	'',	'',	'',	'',	'',	'',	'',	'',	'',	'',	'',	'',	'',	'',	'',	'',	'',	'',	'',	'',	''),
(142,	'quantity',	'',	'',	'',	'',	'',	'',	'',	'',	'',	'',	'',	'',	'',	'',	'',	'',	'',	'',	'',	'',	'',	'',	''),
(143,	'create_single_invoice',	'',	'',	'',	'',	'',	'',	'',	'',	'',	'',	'',	'',	'',	'',	'',	'',	'',	'',	'',	'',	'',	'',	''),
(144,	'create_mass_invoice',	'',	'',	'',	'',	'',	'',	'',	'',	'',	'',	'',	'',	'',	'',	'',	'',	'',	'',	'',	'',	'',	'',	''),
(145,	'invoice_informations',	'',	'',	'',	'',	'',	'',	'',	'',	'',	'',	'',	'',	'',	'',	'',	'',	'',	'',	'',	'',	'',	'',	''),
(146,	'select_class',	'',	'',	'',	'',	'',	'',	'',	'',	'',	'',	'',	'',	'',	'',	'',	'',	'',	'',	'',	'',	'',	'',	''),
(147,	'select_class_first',	'',	'',	'',	'',	'',	'',	'',	'',	'',	'',	'',	'',	'',	'',	'',	'',	'',	'',	'',	'',	'',	'',	''),
(148,	'payment_informations',	'',	'',	'',	'',	'',	'',	'',	'',	'',	'',	'',	'',	'',	'',	'',	'',	'',	'',	'',	'',	'',	'',	''),
(149,	'total_payable',	'',	'',	'',	'',	'',	'',	'',	'',	'',	'',	'',	'',	'',	'',	'',	'',	'',	'',	'',	'',	'',	'',	''),
(150,	'enter_total_amount',	'',	'',	'',	'',	'',	'',	'',	'',	'',	'',	'',	'',	'',	'',	'',	'',	'',	'',	'',	'',	'',	'',	''),
(151,	'fee_items',	'',	'',	'',	'',	'',	'',	'',	'',	'',	'',	'',	'',	'',	'',	'',	'',	'',	'',	'',	'',	'',	'',	''),
(152,	'full_payment',	'',	'',	'',	'',	'',	'',	'',	'',	'',	'',	'',	'',	'',	'',	'',	'',	'',	'',	'',	'',	'',	'',	''),
(153,	'item',	'',	'',	'',	'',	'',	'',	'',	'',	'',	'',	'',	'',	'',	'',	'',	'',	'',	'',	'',	'',	'',	'',	''),
(154,	'fee_structure_amount',	'',	'',	'',	'',	'',	'',	'',	'',	'',	'',	'',	'',	'',	'',	'',	'',	'',	'',	'',	'',	'',	'',	''),
(155,	'amount_payable',	'',	'',	'',	'',	'',	'',	'',	'',	'',	'',	'',	'',	'',	'',	'',	'',	'',	'',	'',	'',	'',	'',	''),
(156,	'due_payment',	'',	'',	'',	'',	'',	'',	'',	'',	'',	'',	'',	'',	'',	'',	'',	'',	'',	'',	'',	'',	'',	'',	''),
(157,	'enter_payable_amount',	'',	'',	'',	'',	'',	'',	'',	'',	'',	'',	'',	'',	'',	'',	'',	'',	'',	'',	'',	'',	'',	'',	''),
(158,	'enter_payment_amount',	'',	'',	'',	'',	'',	'',	'',	'',	'',	'',	'',	'',	'',	'',	'',	'',	'',	'',	'',	'',	'',	'',	''),
(159,	'edit_invoice',	'',	'',	'',	'',	'',	'',	'',	'',	'',	'',	'',	'',	'',	'',	'',	'',	'',	'',	'',	'',	'',	'',	''),
(160,	'add_new_fees_structure',	'',	'',	'',	'',	'',	'',	'',	'',	'',	'',	'',	'',	'',	'',	'',	'',	'',	'',	'',	'',	'',	'',	''),
(161,	'add_fees_structure',	'',	'',	'',	'',	'',	'',	'',	'',	'',	'',	'',	'',	'',	'',	'',	'',	'',	'',	'',	'',	'',	'',	''),
(162,	'add_student',	'',	'',	'',	'',	'',	'',	'',	'',	'',	'',	'',	'',	'',	'',	'',	'',	'',	'',	'',	'',	'',	'',	''),
(163,	'addmission_form',	'',	'',	'',	'',	'',	'',	'',	'',	'',	'',	'',	'',	'',	'',	'',	'',	'',	'',	'',	'',	'',	'',	''),
(164,	'section',	'',	'',	'',	'',	'',	'',	'',	'',	'',	'',	'',	'',	'',	'',	'',	'',	'',	'',	'',	'',	'',	'',	''),
(165,	'roll',	'Admission Number',	'',	'',	'',	'',	'',	'',	'',	'',	'',	'',	'',	'',	'',	'',	'',	'',	'',	'',	'',	'',	'',	''),
(166,	'birthday',	'',	'',	'',	'',	'',	'',	'',	'',	'',	'',	'',	'',	'',	'',	'',	'',	'',	'',	'',	'',	'',	'',	''),
(167,	'gender',	'',	'',	'',	'',	'',	'',	'',	'',	'',	'',	'',	'',	'',	'',	'',	'',	'',	'',	'',	'',	'',	'',	''),
(168,	'male',	'',	'',	'',	'',	'',	'',	'',	'',	'',	'',	'',	'',	'',	'',	'',	'',	'',	'',	'',	'',	'',	'',	''),
(169,	'female',	'',	'',	'',	'',	'',	'',	'',	'',	'',	'',	'',	'',	'',	'',	'',	'',	'',	'',	'',	'',	'',	'',	''),
(170,	'address',	'',	'',	'',	'',	'',	'',	'',	'',	'',	'',	'',	'',	'',	'',	'',	'',	'',	'',	'',	'',	'',	'',	''),
(171,	'phone',	'',	'',	'',	'',	'',	'',	'',	'',	'',	'',	'',	'',	'',	'',	'',	'',	'',	'',	'',	'',	'',	'',	''),
(172,	'email',	'',	'',	'',	'',	'',	'',	'',	'',	'',	'',	'',	'',	'',	'',	'',	'',	'',	'',	'',	'',	'',	'',	''),
(173,	'password',	'',	'',	'',	'',	'',	'',	'',	'',	'',	'',	'',	'',	'',	'',	'',	'',	'',	'',	'',	'',	'',	'',	''),
(174,	'transport_route',	'',	'',	'',	'',	'',	'',	'',	'',	'',	'',	'',	'',	'',	'',	'',	'',	'',	'',	'',	'',	'',	'',	''),
(175,	'photo',	'',	'',	'',	'',	'',	'',	'',	'',	'',	'',	'',	'',	'',	'',	'',	'',	'',	'',	'',	'',	'',	'',	''),
(176,	'all_parents',	'',	'',	'',	'',	'',	'',	'',	'',	'',	'',	'',	'',	'',	'',	'',	'',	'',	'',	'',	'',	'',	'',	''),
(177,	'add_new_parent',	'',	'',	'',	'',	'',	'',	'',	'',	'',	'',	'',	'',	'',	'',	'',	'',	'',	'',	'',	'',	'',	'',	''),
(178,	'profession',	'',	'',	'',	'',	'',	'',	'',	'',	'',	'',	'',	'',	'',	'',	'',	'',	'',	'',	'',	'',	'',	'',	''),
(179,	'add_parent',	'',	'',	'',	'',	'',	'',	'',	'',	'',	'',	'',	'',	'',	'',	'',	'',	'',	'',	'',	'',	'',	'',	''),
(180,	'manage_class',	'',	'',	'',	'',	'',	'',	'',	'',	'',	'',	'',	'',	'',	'',	'',	'',	'',	'',	'',	'',	'',	'',	''),
(181,	'class_list',	'',	'',	'',	'',	'',	'',	'',	'',	'',	'',	'',	'',	'',	'',	'',	'',	'',	'',	'',	'',	'',	'',	''),
(182,	'add_class',	'',	'',	'',	'',	'',	'',	'',	'',	'',	'',	'',	'',	'',	'',	'',	'',	'',	'',	'',	'',	'',	'',	''),
(183,	'class_name',	'',	'',	'',	'',	'',	'',	'',	'',	'',	'',	'',	'',	'',	'',	'',	'',	'',	'',	'',	'',	'',	'',	''),
(184,	'numeric_name',	'',	'',	'',	'',	'',	'',	'',	'',	'',	'',	'',	'',	'',	'',	'',	'',	'',	'',	'',	'',	'',	'',	''),
(185,	'name_numeric',	'',	'',	'',	'',	'',	'',	'',	'',	'',	'',	'',	'',	'',	'',	'',	'',	'',	'',	'',	'',	'',	'',	''),
(186,	'manage_teacher',	'',	'',	'',	'',	'',	'',	'',	'',	'',	'',	'',	'',	'',	'',	'',	'',	'',	'',	'',	'',	'',	'',	''),
(187,	'add_new_teacher',	'',	'',	'',	'',	'',	'',	'',	'',	'',	'',	'',	'',	'',	'',	'',	'',	'',	'',	'',	'',	'',	'',	''),
(188,	'add_teacher',	'',	'',	'',	'',	'',	'',	'',	'',	'',	'',	'',	'',	'',	'',	'',	'',	'',	'',	'',	'',	'',	'',	''),
(189,	'add_new_section',	'',	'',	'',	'',	'',	'',	'',	'',	'',	'',	'',	'',	'',	'',	'',	'',	'',	'',	'',	'',	'',	'',	''),
(190,	'section_name',	'',	'',	'',	'',	'',	'',	'',	'',	'',	'',	'',	'',	'',	'',	'',	'',	'',	'',	'',	'',	'',	'',	''),
(191,	'nick_name',	'',	'',	'',	'',	'',	'',	'',	'',	'',	'',	'',	'',	'',	'',	'',	'',	'',	'',	'',	'',	'',	'',	''),
(192,	'add_section',	'',	'',	'',	'',	'',	'',	'',	'',	'',	'',	'',	'',	'',	'',	'',	'',	'',	'',	'',	'',	'',	'',	''),
(193,	'add_new_student',	'',	'',	'',	'',	'',	'',	'',	'',	'',	'',	'',	'',	'',	'',	'',	'',	'',	'',	'',	'',	'',	'',	''),
(194,	'all_students',	'',	'',	'',	'',	'',	'',	'',	'',	'',	'',	'',	'',	'',	'',	'',	'',	'',	'',	'',	'',	'',	'',	''),
(195,	'suspended_students',	'',	'',	'',	'',	'',	'',	'',	'',	'',	'',	'',	'',	'',	'',	'',	'',	'',	'',	'',	'',	'',	'',	''),
(196,	'mark_sheet',	'',	'',	'',	'',	'',	'',	'',	'',	'',	'',	'',	'',	'',	'',	'',	'',	'',	'',	'',	'',	'',	'',	''),
(197,	'profile',	'',	'',	'',	'',	'',	'',	'',	'',	'',	'',	'',	'',	'',	'',	'',	'',	'',	'',	'',	'',	'',	'',	''),
(198,	'suspend',	'',	'',	'',	'',	'',	'',	'',	'',	'',	'',	'',	'',	'',	'',	'',	'',	'',	'',	'',	'',	'',	'',	''),
(199,	'manage_daily_attendance',	'',	'',	'',	'',	'',	'',	'',	'',	'',	'',	'',	'',	'',	'',	'',	'',	'',	'',	'',	'',	'',	'',	''),
(200,	'select_date',	'',	'',	'',	'',	'',	'',	'',	'',	'',	'',	'',	'',	'',	'',	'',	'',	'',	'',	'',	'',	'',	'',	''),
(201,	'select_month',	'',	'',	'',	'',	'',	'',	'',	'',	'',	'',	'',	'',	'',	'',	'',	'',	'',	'',	'',	'',	'',	'',	''),
(202,	'select_year',	'',	'',	'',	'',	'',	'',	'',	'',	'',	'',	'',	'',	'',	'',	'',	'',	'',	'',	'',	'',	'',	'',	''),
(203,	'manage_attendance',	'',	'',	'',	'',	'',	'',	'',	'',	'',	'',	'',	'',	'',	'',	'',	'',	'',	'',	'',	'',	'',	'',	''),
(204,	'manage_transport',	'',	'',	'',	'',	'',	'',	'',	'',	'',	'',	'',	'',	'',	'',	'',	'',	'',	'',	'',	'',	'',	'',	''),
(205,	'transport_list',	'',	'',	'',	'',	'',	'',	'',	'',	'',	'',	'',	'',	'',	'',	'',	'',	'',	'',	'',	'',	'',	'',	''),
(206,	'add_transport',	'',	'',	'',	'',	'',	'',	'',	'',	'',	'',	'',	'',	'',	'',	'',	'',	'',	'',	'',	'',	'',	'',	''),
(207,	'route_name',	'',	'',	'',	'',	'',	'',	'',	'',	'',	'',	'',	'',	'',	'',	'',	'',	'',	'',	'',	'',	'',	'',	''),
(208,	'number_of_vehicle',	'',	'',	'',	'',	'',	'',	'',	'',	'',	'',	'',	'',	'',	'',	'',	'',	'',	'',	'',	'',	'',	'',	''),
(209,	'route_fare',	'',	'',	'',	'',	'',	'',	'',	'',	'',	'',	'',	'',	'',	'',	'',	'',	'',	'',	'',	'',	'',	'',	''),
(210,	'record_already_exists',	'',	'',	'',	'',	'',	'',	'',	'',	'',	'',	'',	'',	'',	'',	'',	'',	'',	'',	'',	'',	'',	'',	''),
(211,	'view_fees_structure',	'',	'',	'',	'',	'',	'',	'',	'',	'',	'',	'',	'',	'',	'',	'',	'',	'',	'',	'',	'',	'',	'',	''),
(212,	'clone_fees_structure',	'',	'',	'',	'',	'',	'',	'',	'',	'',	'',	'',	'',	'',	'',	'',	'',	'',	'',	'',	'',	'',	'',	''),
(213,	'add_item',	'',	'',	'',	'',	'',	'',	'',	'',	'',	'',	'',	'',	'',	'',	'',	'',	'',	'',	'',	'',	'',	'',	''),
(214,	'system_settings',	'',	'',	'',	'',	'',	'',	'',	'',	'',	'',	'',	'',	'',	'',	'',	'',	'',	'',	'',	'',	'',	'',	''),
(215,	'system_name',	'',	'',	'',	'',	'',	'',	'',	'',	'',	'',	'',	'',	'',	'',	'',	'',	'',	'',	'',	'',	'',	'',	''),
(216,	'system_title',	'School Name',	'',	'',	'',	'',	'',	'',	'',	'',	'',	'',	'',	'',	'',	'',	'',	'',	'',	'',	'',	'',	'',	''),
(217,	'paypal_email',	'',	'',	'',	'',	'',	'',	'',	'',	'',	'',	'',	'',	'',	'',	'',	'',	'',	'',	'',	'',	'',	'',	''),
(218,	'currency',	'',	'',	'',	'',	'',	'',	'',	'',	'',	'',	'',	'',	'',	'',	'',	'',	'',	'',	'',	'',	'',	'',	''),
(219,	'system_email',	'',	'',	'',	'',	'',	'',	'',	'',	'',	'',	'',	'',	'',	'',	'',	'',	'',	'',	'',	'',	'',	'',	''),
(220,	'language',	'',	'',	'',	'',	'',	'',	'',	'',	'',	'',	'',	'',	'',	'',	'',	'',	'',	'',	'',	'',	'',	'',	''),
(221,	'text_align',	'',	'',	'',	'',	'',	'',	'',	'',	'',	'',	'',	'',	'',	'',	'',	'',	'',	'',	'',	'',	'',	'',	''),
(222,	'save',	'',	'',	'',	'',	'',	'',	'',	'',	'',	'',	'',	'',	'',	'',	'',	'',	'',	'',	'',	'',	'',	'',	''),
(223,	'update_product',	'',	'',	'',	'',	'',	'',	'',	'',	'',	'',	'',	'',	'',	'',	'',	'',	'',	'',	'',	'',	'',	'',	''),
(224,	'file',	'',	'',	'',	'',	'',	'',	'',	'',	'',	'',	'',	'',	'',	'',	'',	'',	'',	'',	'',	'',	'',	'',	''),
(225,	'install_update',	'',	'',	'',	'',	'',	'',	'',	'',	'',	'',	'',	'',	'',	'',	'',	'',	'',	'',	'',	'',	'',	'',	''),
(226,	'theme_settings',	'',	'',	'',	'',	'',	'',	'',	'',	'',	'',	'',	'',	'',	'',	'',	'',	'',	'',	'',	'',	'',	'',	''),
(227,	'default',	'',	'',	'',	'',	'',	'',	'',	'',	'',	'',	'',	'',	'',	'',	'',	'',	'',	'',	'',	'',	'',	'',	''),
(228,	'select_theme',	'',	'',	'',	'',	'',	'',	'',	'',	'',	'',	'',	'',	'',	'',	'',	'',	'',	'',	'',	'',	'',	'',	''),
(229,	'select_a_theme_to_make_changes',	'',	'',	'',	'',	'',	'',	'',	'',	'',	'',	'',	'',	'',	'',	'',	'',	'',	'',	'',	'',	'',	'',	''),
(230,	'upload_logo',	'',	'',	'',	'',	'',	'',	'',	'',	'',	'',	'',	'',	'',	'',	'',	'',	'',	'',	'',	'',	'',	'',	''),
(231,	'upload',	'',	'',	'',	'',	'',	'',	'',	'',	'',	'',	'',	'',	'',	'',	'',	'',	'',	'',	'',	'',	'',	'',	''),
(232,	'add_term',	'',	'',	'',	'',	'',	'',	'',	'',	'',	'',	'',	'',	'',	'',	'',	'',	'',	'',	'',	'',	'',	'',	''),
(233,	'term_title',	'',	'',	'',	'',	'',	'',	'',	'',	'',	'',	'',	'',	'',	'',	'',	'',	'',	'',	'',	'',	'',	'',	''),
(234,	'add_income_category',	'',	'',	'',	'',	'',	'',	'',	'',	'',	'',	'',	'',	'',	'',	'',	'',	'',	'',	'',	'',	'',	'',	''),
(235,	'invoice_created_successfully',	'',	'',	'',	'',	'',	'',	'',	'',	'',	'',	'',	'',	'',	'',	'',	'',	'',	'',	'',	'',	'',	'',	''),
(236,	'invoice_editted_successfully',	'',	'',	'',	'',	'',	'',	'',	'',	'',	'',	'',	'',	'',	'',	'',	'',	'',	'',	'',	'',	'',	'',	''),
(237,	'take_payment',	'',	'',	'',	'',	'',	'',	'',	'',	'',	'',	'',	'',	'',	'',	'',	'',	'',	'',	'',	'',	'',	'',	''),
(238,	'view_invoice',	'',	'',	'',	'',	'',	'',	'',	'',	'',	'',	'',	'',	'',	'',	'',	'',	'',	'',	'',	'',	'',	'',	''),
(239,	'delete_invoice',	'',	'',	'',	'',	'',	'',	'',	'',	'',	'',	'',	'',	'',	'',	'',	'',	'',	'',	'',	'',	'',	'',	''),
(240,	'payment',	'',	'',	'',	'',	'',	'',	'',	'',	'',	'',	'',	'',	'',	'',	'',	'',	'',	'',	'',	'',	'',	'',	''),
(241,	'paid',	'',	'',	'',	'',	'',	'',	'',	'',	'',	'',	'',	'',	'',	'',	'',	'',	'',	'',	'',	'',	'',	'',	''),
(242,	'payment_successfull',	'',	'',	'',	'',	'',	'',	'',	'',	'',	'',	'',	'',	'',	'',	'',	'',	'',	'',	'',	'',	'',	'',	''),
(243,	'creation_date',	'',	'',	'',	'',	'',	'',	'',	'',	'',	'',	'',	'',	'',	'',	'',	'',	'',	'',	'',	'',	'',	'',	''),
(244,	'status',	'',	'',	'',	'',	'',	'',	'',	'',	'',	'',	'',	'',	'',	'',	'',	'',	'',	'',	'',	'',	'',	'',	''),
(245,	'payment_to',	'',	'',	'',	'',	'',	'',	'',	'',	'',	'',	'',	'',	'',	'',	'',	'',	'',	'',	'',	'',	'',	'',	''),
(246,	'bill_to',	'',	'',	'',	'',	'',	'',	'',	'',	'',	'',	'',	'',	'',	'',	'',	'',	'',	'',	'',	'',	'',	'',	''),
(247,	'total_amount',	'',	'',	'',	'',	'',	'',	'',	'',	'',	'',	'',	'',	'',	'',	'',	'',	'',	'',	'',	'',	'',	'',	''),
(248,	'paid_amount',	'',	'',	'',	'',	'',	'',	'',	'',	'',	'',	'',	'',	'',	'',	'',	'',	'',	'',	'',	'',	'',	'',	''),
(249,	'due',	'',	'',	'',	'',	'',	'',	'',	'',	'',	'',	'',	'',	'',	'',	'',	'',	'',	'',	'',	'',	'',	'',	''),
(250,	'invoice_breakdown',	'',	'',	'',	'',	'',	'',	'',	'',	'',	'',	'',	'',	'',	'',	'',	'',	'',	'',	'',	'',	'',	'',	''),
(251,	'payee',	'',	'',	'',	'',	'',	'',	'',	'',	'',	'',	'',	'',	'',	'',	'',	'',	'',	'',	'',	'',	'',	'',	''),
(252,	'cost',	'',	'',	'',	'',	'',	'',	'',	'',	'',	'',	'',	'',	'',	'',	'',	'',	'',	'',	'',	'',	'',	'',	''),
(253,	'add_row',	'',	'',	'',	'',	'',	'',	'',	'',	'',	'',	'',	'',	'',	'',	'',	'',	'',	'',	'',	'',	'',	'',	''),
(254,	'student_payment',	'',	'',	'',	'',	'',	'',	'',	'',	'',	'',	'',	'',	'',	'',	'',	'',	'',	'',	'',	'',	'',	'',	''),
(255,	'bank',	'',	'',	'',	'',	'',	'',	'',	'',	'',	'',	'',	'',	'',	'',	'',	'',	'',	'',	'',	'',	'',	'',	''),
(256,	'reference',	'',	'',	'',	'',	'',	'',	'',	'',	'',	'',	'',	'',	'',	'',	'',	'',	'',	'',	'',	'',	'',	'',	''),
(257,	'transaction_type',	'',	'',	'',	'',	'',	'',	'',	'',	'',	'',	'',	'',	'',	'',	'',	'',	'',	'',	'',	'',	'',	'',	''),
(258,	'income',	'',	'',	'',	'',	'',	'',	'',	'',	'',	'',	'',	'',	'',	'',	'',	'',	'',	'',	'',	'',	'',	'',	''),
(259,	'expense',	'',	'',	'',	'',	'',	'',	'',	'',	'',	'',	'',	'',	'',	'',	'',	'',	'',	'',	'',	'',	'',	'',	''),
(260,	'balance_brought_forward',	'',	'',	'',	'',	'',	'',	'',	'',	'',	'',	'',	'',	'',	'',	'',	'',	'',	'',	'',	'',	'',	'',	''),
(261,	'contra_entries',	'',	'',	'',	'',	'',	'',	'',	'',	'',	'',	'',	'',	'',	'',	'',	'',	'',	'',	'',	'',	'',	'',	''),
(262,	'new_contra_entry',	'',	'',	'',	'',	'',	'',	'',	'',	'',	'',	'',	'',	'',	'',	'',	'',	'',	'',	'',	'',	'',	'',	''),
(263,	'entry_type',	'',	'',	'',	'',	'',	'',	'',	'',	'',	'',	'',	'',	'',	'',	'',	'',	'',	'',	'',	'',	'',	'',	''),
(264,	'to_bank',	'',	'',	'',	'',	'',	'',	'',	'',	'',	'',	'',	'',	'',	'',	'',	'',	'',	'',	'',	'',	'',	'',	''),
(265,	'to_cash',	'',	'',	'',	'',	'',	'',	'',	'',	'',	'',	'',	'',	'',	'',	'',	'',	'',	'',	'',	'',	'',	'',	''),
(266,	'transact',	'',	'',	'',	'',	'',	'',	'',	'',	'',	'',	'',	'',	'',	'',	'',	'',	'',	'',	'',	'',	'',	'',	''),
(267,	'Choose',	'',	'',	'',	'',	'',	'',	'',	'',	'',	'',	'',	'',	'',	'',	'',	'',	'',	'',	'',	'',	'',	'',	''),
(268,	'edit_expense',	'',	'',	'',	'',	'',	'',	'',	'',	'',	'',	'',	'',	'',	'',	'',	'',	'',	'',	'',	'',	'',	'',	''),
(269,	'update',	'',	'',	'',	'',	'',	'',	'',	'',	'',	'',	'',	'',	'',	'',	'',	'',	'',	'',	'',	'',	'',	'',	''),
(270,	'data_updated',	'',	'',	'',	'',	'',	'',	'',	'',	'',	'',	'',	'',	'',	'',	'',	'',	'',	'',	'',	'',	'',	'',	''),
(271,	'account_balances',	'',	'',	'',	'',	'',	'',	'',	'',	'',	'',	'',	'',	'',	'',	'',	'',	'',	'',	'',	'',	'',	'',	''),
(272,	'account_opening_balances',	'',	'',	'',	'',	'',	'',	'',	'',	'',	'',	'',	'',	'',	'',	'',	'',	'',	'',	'',	'',	'',	'',	''),
(273,	'add/_Edit',	'',	'',	'',	'',	'',	'',	'',	'',	'',	'',	'',	'',	'',	'',	'',	'',	'',	'',	'',	'',	'',	'',	''),
(274,	'add/_edit',	'',	'',	'',	'',	'',	'',	'',	'',	'',	'',	'',	'',	'',	'',	'',	'',	'',	'',	'',	'',	'',	'',	''),
(275,	'add/_edit',	'',	'',	'',	'',	'',	'',	'',	'',	'',	'',	'',	'',	'',	'',	'',	'',	'',	'',	'',	'',	'',	'',	''),
(276,	'view_history',	'',	'',	'',	'',	'',	'',	'',	'',	'',	'',	'',	'',	'',	'',	'',	'',	'',	'',	'',	'',	'',	'',	''),
(277,	'add/_edit',	'',	'',	'',	'',	'',	'',	'',	'',	'',	'',	'',	'',	'',	'',	'',	'',	'',	'',	'',	'',	'',	'',	''),
(278,	'add/_edit',	'',	'',	'',	'',	'',	'',	'',	'',	'',	'',	'',	'',	'',	'',	'',	'',	'',	'',	'',	'',	'',	'',	''),
(279,	'add/_edit',	'',	'',	'',	'',	'',	'',	'',	'',	'',	'',	'',	'',	'',	'',	'',	'',	'',	'',	'',	'',	'',	'',	''),
(280,	'add/_edit',	'',	'',	'',	'',	'',	'',	'',	'',	'',	'',	'',	'',	'',	'',	'',	'',	'',	'',	'',	'',	'',	'',	''),
(281,	'add/_edit',	'',	'',	'',	'',	'',	'',	'',	'',	'',	'',	'',	'',	'',	'',	'',	'',	'',	'',	'',	'',	'',	'',	''),
(282,	'add/_edit',	'',	'',	'',	'',	'',	'',	'',	'',	'',	'',	'',	'',	'',	'',	'',	'',	'',	'',	'',	'',	'',	'',	''),
(283,	'add/_edit',	'',	'',	'',	'',	'',	'',	'',	'',	'',	'',	'',	'',	'',	'',	'',	'',	'',	'',	'',	'',	'',	'',	''),
(284,	'add/_edit',	'',	'',	'',	'',	'',	'',	'',	'',	'',	'',	'',	'',	'',	'',	'',	'',	'',	'',	'',	'',	'',	'',	''),
(285,	'add/_edit',	'',	'',	'',	'',	'',	'',	'',	'',	'',	'',	'',	'',	'',	'',	'',	'',	'',	'',	'',	'',	'',	'',	''),
(286,	'batch_number',	'',	'',	'',	'',	'',	'',	'',	'',	'',	'',	'',	'',	'',	'',	'',	'',	'',	'',	'',	'',	'',	'',	''),
(287,	'view',	'',	'',	'',	'',	'',	'',	'',	'',	'',	'',	'',	'',	'',	'',	'',	'',	'',	'',	'',	'',	'',	'',	''),
(288,	'reverse',	'',	'',	'',	'',	'',	'',	'',	'',	'',	'',	'',	'',	'',	'',	'',	'',	'',	'',	'',	'',	'',	'',	''),
(289,	'view_expense_batch',	'',	'',	'',	'',	'',	'',	'',	'',	'',	'',	'',	'',	'',	'',	'',	'',	'',	'',	'',	'',	'',	'',	''),
(290,	'expense_reversed_successful',	'',	'',	'',	'',	'',	'',	'',	'',	'',	'',	'',	'',	'',	'',	'',	'',	'',	'',	'',	'',	'',	'',	''),
(291,	'expense_reversal:_batch',	'',	'',	'',	'',	'',	'',	'',	'',	'',	'',	'',	'',	'',	'',	'',	'',	'',	'',	'',	'',	'',	'',	''),
(292,	'reversal:_batch',	'',	'',	'',	'',	'',	'',	'',	'',	'',	'',	'',	'',	'',	'',	'',	'',	'',	'',	'',	'',	'',	'',	''),
(293,	'record_reversed_successful',	'',	'',	'',	'',	'',	'',	'',	'',	'',	'',	'',	'',	'',	'',	'',	'',	'',	'',	'',	'',	'',	'',	''),
(294,	'actual_incomes',	'',	'',	'',	'',	'',	'',	'',	'',	'',	'',	'',	'',	'',	'',	'',	'',	'',	'',	'',	'',	'',	'',	''),
(295,	'receipt',	'',	'',	'',	'',	'',	'',	'',	'',	'',	'',	'',	'',	'',	'',	'',	'',	'',	'',	'',	'',	'',	'',	''),
(296,	'serial',	'',	'',	'',	'',	'',	'',	'',	'',	'',	'',	'',	'',	'',	'',	'',	'',	'',	'',	'',	'',	'',	'',	''),
(297,	'payment_receipt',	'',	'',	'',	'',	'',	'',	'',	'',	'',	'',	'',	'',	'',	'',	'',	'',	'',	'',	'',	'',	'',	'',	''),
(298,	'student_name',	'',	'',	'',	'',	'',	'',	'',	'',	'',	'',	'',	'',	'',	'',	'',	'',	'',	'',	'',	'',	'',	'',	''),
(299,	'admission_number',	'',	'',	'',	'',	'',	'',	'',	'',	'',	'',	'',	'',	'',	'',	'',	'',	'',	'',	'',	'',	'',	'',	''),
(300,	'receipt_number',	'',	'',	'',	'',	'',	'',	'',	'',	'',	'',	'',	'',	'',	'',	'',	'',	'',	'',	'',	'',	'',	'',	''),
(301,	'total_amount_due',	'',	'',	'',	'',	'',	'',	'',	'',	'',	'',	'',	'',	'',	'',	'',	'',	'',	'',	'',	'',	'',	'',	''),
(302,	'previously_paid',	'',	'',	'',	'',	'',	'',	'',	'',	'',	'',	'',	'',	'',	'',	'',	'',	'',	'',	'',	'',	'',	'',	''),
(303,	'amount_due',	'',	'',	'',	'',	'',	'',	'',	'',	'',	'',	'',	'',	'',	'',	'',	'',	'',	'',	'',	'',	'',	'',	''),
(304,	'reciept_total',	'',	'',	'',	'',	'',	'',	'',	'',	'',	'',	'',	'',	'',	'',	'',	'',	'',	'',	'',	'',	'',	'',	''),
(305,	'fees_balance',	'',	'',	'',	'',	'',	'',	'',	'',	'',	'',	'',	'',	'',	'',	'',	'',	'',	'',	'',	'',	'',	'',	''),
(306,	'receipt_total',	'',	'',	'',	'',	'',	'',	'',	'',	'',	'',	'',	'',	'',	'',	'',	'',	'',	'',	'',	'',	'',	'',	''),
(307,	'fees_due',	'',	'',	'',	'',	'',	'',	'',	'',	'',	'',	'',	'',	'',	'',	'',	'',	'',	'',	'',	'',	'',	'',	''),
(308,	'fees_paid_to_date',	'',	'',	'',	'',	'',	'',	'',	'',	'',	'',	'',	'',	'',	'',	'',	'',	'',	'',	'',	'',	'',	'',	''),
(309,	'view_receipt',	'',	'',	'',	'',	'',	'',	'',	'',	'',	'',	'',	'',	'',	'',	'',	'',	'',	'',	'',	'',	'',	'',	''),
(310,	'download_receipt',	'',	'',	'',	'',	'',	'',	'',	'',	'',	'',	'',	'',	'',	'',	'',	'',	'',	'',	'',	'',	'',	'',	''),
(311,	'manage_library_books',	'',	'',	'',	'',	'',	'',	'',	'',	'',	'',	'',	'',	'',	'',	'',	'',	'',	'',	'',	'',	'',	'',	''),
(312,	'book_list',	'',	'',	'',	'',	'',	'',	'',	'',	'',	'',	'',	'',	'',	'',	'',	'',	'',	'',	'',	'',	'',	'',	''),
(313,	'add_book',	'',	'',	'',	'',	'',	'',	'',	'',	'',	'',	'',	'',	'',	'',	'',	'',	'',	'',	'',	'',	'',	'',	''),
(314,	'book_name',	'',	'',	'',	'',	'',	'',	'',	'',	'',	'',	'',	'',	'',	'',	'',	'',	'',	'',	'',	'',	'',	'',	''),
(315,	'author',	'',	'',	'',	'',	'',	'',	'',	'',	'',	'',	'',	'',	'',	'',	'',	'',	'',	'',	'',	'',	'',	'',	''),
(316,	'price',	'',	'',	'',	'',	'',	'',	'',	'',	'',	'',	'',	'',	'',	'',	'',	'',	'',	'',	'',	'',	'',	'',	''),
(317,	'available',	'',	'',	'',	'',	'',	'',	'',	'',	'',	'',	'',	'',	'',	'',	'',	'',	'',	'',	'',	'',	'',	'',	''),
(318,	'unavailable',	'',	'',	'',	'',	'',	'',	'',	'',	'',	'',	'',	'',	'',	'',	'',	'',	'',	'',	'',	'',	'',	'',	''),
(319,	'print_receipt',	'',	'',	'',	'',	'',	'',	'',	'',	'',	'',	'',	'',	'',	'',	'',	'',	'',	'',	'',	'',	'',	'',	''),
(320,	'manage_noticeboard',	'',	'',	'',	'',	'',	'',	'',	'',	'',	'',	'',	'',	'',	'',	'',	'',	'',	'',	'',	'',	'',	'',	''),
(321,	'noticeboard_list',	'',	'',	'',	'',	'',	'',	'',	'',	'',	'',	'',	'',	'',	'',	'',	'',	'',	'',	'',	'',	'',	'',	''),
(322,	'add_noticeboard',	'',	'',	'',	'',	'',	'',	'',	'',	'',	'',	'',	'',	'',	'',	'',	'',	'',	'',	'',	'',	'',	'',	''),
(323,	'notice',	'',	'',	'',	'',	'',	'',	'',	'',	'',	'',	'',	'',	'',	'',	'',	'',	'',	'',	'',	'',	'',	'',	''),
(324,	'add_notice',	'',	'',	'',	'',	'',	'',	'',	'',	'',	'',	'',	'',	'',	'',	'',	'',	'',	'',	'',	'',	'',	'',	''),
(325,	'send_sms_to_all',	'',	'',	'',	'',	'',	'',	'',	'',	'',	'',	'',	'',	'',	'',	'',	'',	'',	'',	'',	'',	'',	'',	''),
(326,	'yes',	'',	'',	'',	'',	'',	'',	'',	'',	'',	'',	'',	'',	'',	'',	'',	'',	'',	'',	'',	'',	'',	'',	''),
(327,	'no',	'',	'',	'',	'',	'',	'',	'',	'',	'',	'',	'',	'',	'',	'',	'',	'',	'',	'',	'',	'',	'',	'',	''),
(328,	'sms_service_not_activated',	'',	'',	'',	'',	'',	'',	'',	'',	'',	'',	'',	'',	'',	'',	'',	'',	'',	'',	'',	'',	'',	'',	''),
(329,	'private_messaging',	'',	'',	'',	'',	'',	'',	'',	'',	'',	'',	'',	'',	'',	'',	'',	'',	'',	'',	'',	'',	'',	'',	''),
(330,	'messages',	'',	'',	'',	'',	'',	'',	'',	'',	'',	'',	'',	'',	'',	'',	'',	'',	'',	'',	'',	'',	'',	'',	''),
(331,	'new_message',	'',	'',	'',	'',	'',	'',	'',	'',	'',	'',	'',	'',	'',	'',	'',	'',	'',	'',	'',	'',	'',	'',	''),
(332,	'manage_profile',	'',	'',	'',	'',	'',	'',	'',	'',	'',	'',	'',	'',	'',	'',	'',	'',	'',	'',	'',	'',	'',	'',	''),
(333,	'update_profile',	'',	'',	'',	'',	'',	'',	'',	'',	'',	'',	'',	'',	'',	'',	'',	'',	'',	'',	'',	'',	'',	'',	''),
(334,	'current_password',	'',	'',	'',	'',	'',	'',	'',	'',	'',	'',	'',	'',	'',	'',	'',	'',	'',	'',	'',	'',	'',	'',	''),
(335,	'new_password',	'',	'',	'',	'',	'',	'',	'',	'',	'',	'',	'',	'',	'',	'',	'',	'',	'',	'',	'',	'',	'',	'',	''),
(336,	'confirm_new_password',	'',	'',	'',	'',	'',	'',	'',	'',	'',	'',	'',	'',	'',	'',	'',	'',	'',	'',	'',	'',	'',	'',	''),
(337,	'manage_class_routine',	'',	'',	'',	'',	'',	'',	'',	'',	'',	'',	'',	'',	'',	'',	'',	'',	'',	'',	'',	'',	'',	'',	''),
(338,	'class_routine_list',	'',	'',	'',	'',	'',	'',	'',	'',	'',	'',	'',	'',	'',	'',	'',	'',	'',	'',	'',	'',	'',	'',	''),
(339,	'add_class_routine',	'',	'',	'',	'',	'',	'',	'',	'',	'',	'',	'',	'',	'',	'',	'',	'',	'',	'',	'',	'',	'',	'',	''),
(340,	'day',	'',	'',	'',	'',	'',	'',	'',	'',	'',	'',	'',	'',	'',	'',	'',	'',	'',	'',	'',	'',	'',	'',	''),
(341,	'starting_time',	'',	'',	'',	'',	'',	'',	'',	'',	'',	'',	'',	'',	'',	'',	'',	'',	'',	'',	'',	'',	'',	'',	''),
(342,	'hour',	'',	'',	'',	'',	'',	'',	'',	'',	'',	'',	'',	'',	'',	'',	'',	'',	'',	'',	'',	'',	'',	'',	''),
(343,	'minutes',	'',	'',	'',	'',	'',	'',	'',	'',	'',	'',	'',	'',	'',	'',	'',	'',	'',	'',	'',	'',	'',	'',	''),
(344,	'ending_time',	'',	'',	'',	'',	'',	'',	'',	'',	'',	'',	'',	'',	'',	'',	'',	'',	'',	'',	'',	'',	'',	'',	''),
(345,	'manage_subject',	'',	'',	'',	'',	'',	'',	'',	'',	'',	'',	'',	'',	'',	'',	'',	'',	'',	'',	'',	'',	'',	'',	''),
(346,	'subject_list',	'',	'',	'',	'',	'',	'',	'',	'',	'',	'',	'',	'',	'',	'',	'',	'',	'',	'',	'',	'',	'',	'',	''),
(347,	'add_subject',	'',	'',	'',	'',	'',	'',	'',	'',	'',	'',	'',	'',	'',	'',	'',	'',	'',	'',	'',	'',	'',	'',	''),
(348,	'subject_name',	'',	'',	'',	'',	'',	'',	'',	'',	'',	'',	'',	'',	'',	'',	'',	'',	'',	'',	'',	'',	'',	'',	''),
(349,	'financial_report',	'',	'',	'',	'',	'',	'',	'',	'',	'',	'',	'',	'',	'',	'',	'',	'',	'',	'',	'',	'',	'',	'',	''),
(350,	'revenue_report',	'',	'',	'',	'',	'',	'',	'',	'',	'',	'',	'',	'',	'',	'',	'',	'',	'',	'',	'',	'',	'',	'',	''),
(351,	'opening_balance',	'',	'',	'',	'',	'',	'',	'',	'',	'',	'',	'',	'',	'',	'',	'',	'',	'',	'',	'',	'',	'',	'',	''),
(352,	'month_income',	'',	'',	'',	'',	'',	'',	'',	'',	'',	'',	'',	'',	'',	'',	'',	'',	'',	'',	'',	'',	'',	'',	''),
(353,	'month_expense',	'',	'',	'',	'',	'',	'',	'',	'',	'',	'',	'',	'',	'',	'',	'',	'',	'',	'',	'',	'',	'',	'',	''),
(354,	'ending_balance',	'',	'',	'',	'',	'',	'',	'',	'',	'',	'',	'',	'',	'',	'',	'',	'',	'',	'',	'',	'',	'',	'',	''),
(355,	'revenue_report_for',	'',	'',	'',	'',	'',	'',	'',	'',	'',	'',	'',	'',	'',	'',	'',	'',	'',	'',	'',	'',	'',	'',	''),
(356,	'summary_by_expense_categories',	'',	'',	'',	'',	'',	'',	'',	'',	'',	'',	'',	'',	'',	'',	'',	'',	'',	'',	'',	'',	'',	'',	''),
(357,	'summary_by_income_categories',	'',	'',	'',	'',	'',	'',	'',	'',	'',	'',	'',	'',	'',	'',	'',	'',	'',	'',	'',	'',	'',	'',	''),
(358,	'theme_selected',	'',	'',	'',	'',	'',	'',	'',	'',	'',	'',	'',	'',	'',	'',	'',	'',	'',	'',	'',	'',	'',	'',	''),
(359,	'teacher_dashboard',	'',	'',	'',	'',	'',	'',	'',	'',	'',	'',	'',	'',	'',	'',	'',	'',	'',	'',	'',	'',	'',	'',	''),
(360,	'study_material',	'',	'',	'',	'',	'',	'',	'',	'',	'',	'',	'',	'',	'',	'',	'',	'',	'',	'',	'',	'',	'',	'',	''),
(361,	'student_dashboard',	'',	'',	'',	'',	'',	'',	'',	'',	'',	'',	'',	'',	'',	'',	'',	'',	'',	'',	'',	'',	'',	'',	''),
(362,	'exam_marks',	'',	'',	'',	'',	'',	'',	'',	'',	'',	'',	'',	'',	'',	'',	'',	'',	'',	'',	'',	'',	'',	'',	''),
(363,	'school_budget_for_year',	'',	'',	'',	'',	'',	'',	'',	'',	'',	'',	'',	'',	'',	'',	'',	'',	'',	'',	'',	'',	'',	'',	''),
(364,	'school_budget_for_year_',	'',	'',	'',	'',	'',	'',	'',	'',	'',	'',	'',	'',	'',	'',	'',	'',	'',	'',	'',	'',	'',	'',	''),
(365,	'students',	'',	'',	'',	'',	'',	'',	'',	'',	'',	'',	'',	'',	'',	'',	'',	'',	'',	'',	'',	'',	'',	'',	''),
(366,	'edit_transport',	'',	'',	'',	'',	'',	'',	'',	'',	'',	'',	'',	'',	'',	'',	'',	'',	'',	'',	'',	'',	'',	'',	''),
(367,	'edit_student',	'',	'',	'',	'',	'',	'',	'',	'',	'',	'',	'',	'',	'',	'',	'',	'',	'',	'',	'',	'',	'',	'',	''),
(368,	'edit_class',	'',	'',	'',	'',	'',	'',	'',	'',	'',	'',	'',	'',	'',	'',	'',	'',	'',	'',	'',	'',	'',	'',	''),
(369,	'beneficiaries',	'',	'',	'',	'',	'',	'',	'',	'',	'',	'',	'',	'',	'',	'',	'',	'',	'',	'',	'',	'',	'',	'',	''),
(370,	'beneficiary_name',	'',	'',	'',	'',	'',	'',	'',	'',	'',	'',	'',	'',	'',	'',	'',	'',	'',	'',	'',	'',	'',	'',	''),
(371,	'edit_fees_structure',	'',	'',	'',	'',	'',	'',	'',	'',	'',	'',	'',	'',	'',	'',	'',	'',	'',	'',	'',	'',	'',	'',	''),
(372,	'data_deleted',	'',	'',	'',	'',	'',	'',	'',	'',	'',	'',	'',	'',	'',	'',	'',	'',	'',	'',	'',	'',	'',	'',	''),
(373,	'select_a_student',	'',	'',	'',	'',	'',	'',	'',	'',	'',	'',	'',	'',	'',	'',	'',	'',	'',	'',	'',	'',	'',	'',	''),
(374,	'cheque',	'',	'',	'',	'',	'',	'',	'',	'',	'',	'',	'',	'',	'',	'',	'',	'',	'',	'',	'',	'',	'',	'',	''),
(375,	'cheque_number',	'',	'',	'',	'',	'',	'',	'',	'',	'',	'',	'',	'',	'',	'',	'',	'',	'',	'',	'',	'',	'',	'',	''),
(376,	'view_parent',	'',	'',	'',	'',	'',	'',	'',	'',	'',	'',	'',	'',	'',	'',	'',	'',	'',	'',	'',	'',	'',	'',	''),
(377,	'parent_activity',	'',	'',	'',	'',	'',	'',	'',	'',	'',	'',	'',	'',	'',	'',	'',	'',	'',	'',	'',	'',	'',	'',	''),
(378,	'parents_activity',	'',	'',	'',	'',	'',	'',	'',	'',	'',	'',	'',	'',	'',	'',	'',	'',	'',	'',	'',	'',	'',	'',	''),
(379,	'add_activity',	'',	'',	'',	'',	'',	'',	'',	'',	'',	'',	'',	'',	'',	'',	'',	'',	'',	'',	'',	'',	'',	'',	''),
(380,	'activity_name',	'',	'',	'',	'',	'',	'',	'',	'',	'',	'',	'',	'',	'',	'',	'',	'',	'',	'',	'',	'',	'',	'',	''),
(381,	'start_date',	'',	'',	'',	'',	'',	'',	'',	'',	'',	'',	'',	'',	'',	'',	'',	'',	'',	'',	'',	'',	'',	'',	''),
(382,	'end_date',	'',	'',	'',	'',	'',	'',	'',	'',	'',	'',	'',	'',	'',	'',	'',	'',	'',	'',	'',	'',	'',	'',	''),
(383,	'add_parents',	'',	'',	'',	'',	'',	'',	'',	'',	'',	'',	'',	'',	'',	'',	'',	'',	'',	'',	'',	'',	'',	'',	''),
(384,	'search_parents_by',	'',	'',	'',	'',	'',	'',	'',	'',	'',	'',	'',	'',	'',	'',	'',	'',	'',	'',	'',	'',	'',	'',	''),
(385,	'All',	'',	'',	'',	'',	'',	'',	'',	'',	'',	'',	'',	'',	'',	'',	'',	'',	'',	'',	'',	'',	'',	'',	''),
(386,	'go',	'',	'',	'',	'',	'',	'',	'',	'',	'',	'',	'',	'',	'',	'',	'',	'',	'',	'',	'',	'',	'',	'',	''),
(387,	'activity_details',	'',	'',	'',	'',	'',	'',	'',	'',	'',	'',	'',	'',	'',	'',	'',	'',	'',	'',	'',	'',	'',	'',	''),
(388,	'manage_language',	'',	'',	'',	'',	'',	'',	'',	'',	'',	'',	'',	'',	'',	'',	'',	'',	'',	'',	'',	'',	'',	'',	''),
(389,	'language_list',	'',	'',	'',	'',	'',	'',	'',	'',	'',	'',	'',	'',	'',	'',	'',	'',	'',	'',	'',	'',	'',	'',	''),
(390,	'add_phrase',	'',	'',	'',	'',	'',	'',	'',	'',	'',	'',	'',	'',	'',	'',	'',	'',	'',	'',	'',	'',	'',	'',	''),
(391,	'add_language',	'',	'',	'',	'',	'',	'',	'',	'',	'',	'',	'',	'',	'',	'',	'',	'',	'',	'',	'',	'',	'',	'',	''),
(392,	'option',	'',	'',	'',	'',	'',	'',	'',	'',	'',	'',	'',	'',	'',	'',	'',	'',	'',	'',	'',	'',	'',	'',	''),
(393,	'edit_phrase',	'',	'',	'',	'',	'',	'',	'',	'',	'',	'',	'',	'',	'',	'',	'',	'',	'',	'',	'',	'',	'',	'',	''),
(394,	'delete_language',	'',	'',	'',	'',	'',	'',	'',	'',	'',	'',	'',	'',	'',	'',	'',	'',	'',	'',	'',	'',	'',	'',	''),
(395,	'phrase',	'',	'',	'',	'',	'',	'',	'',	'',	'',	'',	'',	'',	'',	'',	'',	'',	'',	'',	'',	'',	'',	'',	''),
(396,	'update_phrase',	'',	'',	'',	'',	'',	'',	'',	'',	'',	'',	'',	'',	'',	'',	'',	'',	'',	'',	'',	'',	'',	'',	''),
(397,	'add_bulk_student',	'',	'',	'',	'',	'',	'',	'',	'',	'',	'',	'',	'',	'',	'',	'',	'',	'',	'',	'',	'',	'',	'',	''),
(398,	'student_bulk_add_form',	'',	'',	'',	'',	'',	'',	'',	'',	'',	'',	'',	'',	'',	'',	'',	'',	'',	'',	'',	'',	'',	'',	''),
(399,	'select_excel_file',	'',	'',	'',	'',	'',	'',	'',	'',	'',	'',	'',	'',	'',	'',	'',	'',	'',	'',	'',	'',	'',	'',	''),
(400,	'upload_and_import',	'',	'',	'',	'',	'',	'',	'',	'',	'',	'',	'',	'',	'',	'',	'',	'',	'',	'',	'',	'',	'',	'',	''),
(401,	'service_is_disabled',	'',	'',	'',	'',	'',	'',	'',	'',	'',	'',	'',	'',	'',	'',	'',	'',	'',	'',	'',	'',	'',	'',	''),
(402,	'present',	'',	'',	'',	'',	'',	'',	'',	'',	'',	'',	'',	'',	'',	'',	'',	'',	'',	'',	'',	'',	'',	'',	''),
(403,	'manage_exam',	'',	'',	'',	'',	'',	'',	'',	'',	'',	'',	'',	'',	'',	'',	'',	'',	'',	'',	'',	'',	'',	'',	''),
(404,	'add_exam',	'',	'',	'',	'',	'',	'',	'',	'',	'',	'',	'',	'',	'',	'',	'',	'',	'',	'',	'',	'',	'',	'',	''),
(405,	'exam_name',	'',	'',	'',	'',	'',	'',	'',	'',	'',	'',	'',	'',	'',	'',	'',	'',	'',	'',	'',	'',	'',	'',	''),
(406,	'comment',	'',	'',	'',	'',	'',	'',	'',	'',	'',	'',	'',	'',	'',	'',	'',	'',	'',	'',	'',	'',	'',	'',	''),
(407,	'manage_grade',	'',	'',	'',	'',	'',	'',	'',	'',	'',	'',	'',	'',	'',	'',	'',	'',	'',	'',	'',	'',	'',	'',	''),
(408,	'grade_list',	'',	'',	'',	'',	'',	'',	'',	'',	'',	'',	'',	'',	'',	'',	'',	'',	'',	'',	'',	'',	'',	'',	''),
(409,	'add_grade',	'',	'',	'',	'',	'',	'',	'',	'',	'',	'',	'',	'',	'',	'',	'',	'',	'',	'',	'',	'',	'',	'',	''),
(410,	'grade_name',	'',	'',	'',	'',	'',	'',	'',	'',	'',	'',	'',	'',	'',	'',	'',	'',	'',	'',	'',	'',	'',	'',	''),
(411,	'grade_point',	'',	'',	'',	'',	'',	'',	'',	'',	'',	'',	'',	'',	'',	'',	'',	'',	'',	'',	'',	'',	'',	'',	''),
(412,	'mark_from',	'',	'',	'',	'',	'',	'',	'',	'',	'',	'',	'',	'',	'',	'',	'',	'',	'',	'',	'',	'',	'',	'',	''),
(413,	'mark_upto',	'',	'',	'',	'',	'',	'',	'',	'',	'',	'',	'',	'',	'',	'',	'',	'',	'',	'',	'',	'',	'',	'',	''),
(414,	'edit_grade',	'',	'',	'',	'',	'',	'',	'',	'',	'',	'',	'',	'',	'',	'',	'',	'',	'',	'',	'',	'',	'',	'',	''),
(415,	'manage_exam_marks',	'',	'',	'',	'',	'',	'',	'',	'',	'',	'',	'',	'',	'',	'',	'',	'',	'',	'',	'',	'',	'',	'',	''),
(416,	'select_exam',	'',	'',	'',	'',	'',	'',	'',	'',	'',	'',	'',	'',	'',	'',	'',	'',	'',	'',	'',	'',	'',	'',	''),
(417,	'select_subject',	'',	'',	'',	'',	'',	'',	'',	'',	'',	'',	'',	'',	'',	'',	'',	'',	'',	'',	'',	'',	'',	'',	''),
(418,	'select_an_exam',	'',	'',	'',	'',	'',	'',	'',	'',	'',	'',	'',	'',	'',	'',	'',	'',	'',	'',	'',	'',	'',	'',	''),
(419,	'select_a_class',	'',	'',	'',	'',	'',	'',	'',	'',	'',	'',	'',	'',	'',	'',	'',	'',	'',	'',	'',	'',	'',	'',	''),
(420,	'mark_obtained',	'',	'',	'',	'',	'',	'',	'',	'',	'',	'',	'',	'',	'',	'',	'',	'',	'',	'',	'',	'',	'',	'',	''),
(421,	'update_marks',	'',	'',	'',	'',	'',	'',	'',	'',	'',	'',	'',	'',	'',	'',	'',	'',	'',	'',	'',	'',	'',	'',	''),
(422,	'send_marks',	'',	'',	'',	'',	'',	'',	'',	'',	'',	'',	'',	'',	'',	'',	'',	'',	'',	'',	'',	'',	'',	'',	''),
(423,	'select_receiver',	'',	'',	'',	'',	'',	'',	'',	'',	'',	'',	'',	'',	'',	'',	'',	'',	'',	'',	'',	'',	'',	'',	''),
(424,	'view_tabulation_sheet',	'',	'',	'',	'',	'',	'',	'',	'',	'',	'',	'',	'',	'',	'',	'',	'',	'',	'',	'',	'',	'',	'',	''),
(425,	'subjects',	'',	'',	'',	'',	'',	'',	'',	'',	'',	'',	'',	'',	'',	'',	'',	'',	'',	'',	'',	'',	'',	'',	''),
(426,	'average_grade_point',	'',	'',	'',	'',	'',	'',	'',	'',	'',	'',	'',	'',	'',	'',	'',	'',	'',	'',	'',	'',	'',	'',	''),
(427,	'print_tabulation_sheet',	'',	'',	'',	'',	'',	'',	'',	'',	'',	'',	'',	'',	'',	'',	'',	'',	'',	'',	'',	'',	'',	'',	''),
(428,	'select_all',	'',	'',	'',	'',	'',	'',	'',	'',	'',	'',	'',	'',	'',	'',	'',	'',	'',	'',	'',	'',	'',	'',	''),
(429,	'select_none',	'',	'',	'',	'',	'',	'',	'',	'',	'',	'',	'',	'',	'',	'',	'',	'',	'',	'',	'',	'',	'',	'',	''),
(430,	'manage_dormitory',	'',	'',	'',	'',	'',	'',	'',	'',	'',	'',	'',	'',	'',	'',	'',	'',	'',	'',	'',	'',	'',	'',	''),
(431,	'dormitory_list',	'',	'',	'',	'',	'',	'',	'',	'',	'',	'',	'',	'',	'',	'',	'',	'',	'',	'',	'',	'',	'',	'',	''),
(432,	'add_dormitory',	'',	'',	'',	'',	'',	'',	'',	'',	'',	'',	'',	'',	'',	'',	'',	'',	'',	'',	'',	'',	'',	'',	''),
(433,	'dormitory_name',	'',	'',	'',	'',	'',	'',	'',	'',	'',	'',	'',	'',	'',	'',	'',	'',	'',	'',	'',	'',	'',	'',	''),
(434,	'number_of_room',	'',	'',	'',	'',	'',	'',	'',	'',	'',	'',	'',	'',	'',	'',	'',	'',	'',	'',	'',	'',	'',	'',	''),
(435,	'on',	'',	'',	'',	'',	'',	'',	'',	'',	'',	'',	'',	'',	'',	'',	'',	'',	'',	'',	'',	'',	'',	'',	''),
(436,	'write_new_message',	'',	'',	'',	'',	'',	'',	'',	'',	'',	'',	'',	'',	'',	'',	'',	'',	'',	'',	'',	'',	'',	'',	''),
(437,	'recipient',	'',	'',	'',	'',	'',	'',	'',	'',	'',	'',	'',	'',	'',	'',	'',	'',	'',	'',	'',	'',	'',	'',	''),
(438,	'select_a_user',	'',	'',	'',	'',	'',	'',	'',	'',	'',	'',	'',	'',	'',	'',	'',	'',	'',	'',	'',	'',	'',	'',	''),
(439,	'write_your_message',	'',	'',	'',	'',	'',	'',	'',	'',	'',	'',	'',	'',	'',	'',	'',	'',	'',	'',	'',	'',	'',	'',	''),
(440,	'send',	'',	'',	'',	'',	'',	'',	'',	'',	'',	'',	'',	'',	'',	'',	'',	'',	'',	'',	'',	'',	'',	'',	''),
(441,	'message_sent!',	'',	'',	'',	'',	'',	'',	'',	'',	'',	'',	'',	'',	'',	'',	'',	'',	'',	'',	'',	'',	'',	'',	''),
(442,	'reply_message',	'',	'',	'',	'',	'',	'',	'',	'',	'',	'',	'',	'',	'',	'',	'',	'',	'',	'',	'',	'',	'',	'',	''),
(443,	'select_a_service',	'',	'',	'',	'',	'',	'',	'',	'',	'',	'',	'',	'',	'',	'',	'',	'',	'',	'',	'',	'',	'',	'',	''),
(444,	'not_selected',	'',	'',	'',	'',	'',	'',	'',	'',	'',	'',	'',	'',	'',	'',	'',	'',	'',	'',	'',	'',	'',	'',	''),
(445,	'disabled',	'',	'',	'',	'',	'',	'',	'',	'',	'',	'',	'',	'',	'',	'',	'',	'',	'',	'',	'',	'',	'',	'',	''),
(446,	'clickatell_username',	'',	'',	'',	'',	'',	'',	'',	'',	'',	'',	'',	'',	'',	'',	'',	'',	'',	'',	'',	'',	'',	'',	''),
(447,	'clickatell_password',	'',	'',	'',	'',	'',	'',	'',	'',	'',	'',	'',	'',	'',	'',	'',	'',	'',	'',	'',	'',	'',	'',	''),
(448,	'clickatell_api_id',	'',	'',	'',	'',	'',	'',	'',	'',	'',	'',	'',	'',	'',	'',	'',	'',	'',	'',	'',	'',	'',	'',	''),
(449,	'twilio_account',	'',	'',	'',	'',	'',	'',	'',	'',	'',	'',	'',	'',	'',	'',	'',	'',	'',	'',	'',	'',	'',	'',	''),
(450,	'authentication_token',	'',	'',	'',	'',	'',	'',	'',	'',	'',	'',	'',	'',	'',	'',	'',	'',	'',	'',	'',	'',	'',	'',	''),
(451,	'registered_phone_number',	'',	'',	'',	'',	'',	'',	'',	'',	'',	'',	'',	'',	'',	'',	'',	'',	'',	'',	'',	'',	'',	'',	''),
(452,	'settings_updated',	'',	'',	'',	'',	'',	'',	'',	'',	'',	'',	'',	'',	'',	'',	'',	'',	'',	'',	'',	'',	'',	'',	''),
(453,	'download',	'',	'',	'',	'',	'',	'',	'',	'',	'',	'',	'',	'',	'',	'',	'',	'',	'',	'',	'',	'',	'',	'',	NULL),
(454,	'marksheet_for',	'',	'',	'',	'',	'',	'',	'',	'',	'',	'',	'',	'',	'',	'',	'',	'',	'',	'',	'',	'',	'',	'',	NULL),
(455,	'total_marks',	'',	'',	'',	'',	'',	'',	'',	'',	'',	'',	'',	'',	'',	'',	'',	'',	'',	'',	'',	'',	'',	'',	NULL),
(456,	'print_marksheet',	'',	'',	'',	'',	'',	'',	'',	'',	'',	'',	'',	'',	'',	'',	'',	'',	'',	'',	'',	'',	'',	'',	NULL),
(457,	'manage_invoice/payment',	'',	'',	'',	'',	'',	'',	'',	'',	'',	'',	'',	'',	'',	'',	'',	'',	'',	'',	'',	'',	'',	'',	NULL),
(458,	'invoice/payment_list',	'',	'',	'',	'',	'',	'',	'',	'',	'',	'',	'',	'',	'',	'',	'',	'',	'',	'',	'',	'',	'',	'',	NULL),
(459,	'mark_attendance',	'',	'',	'',	'',	'',	'',	'',	'',	'',	'',	'',	'',	'',	'',	'',	'',	'',	'',	'',	'',	'',	'',	NULL),
(460,	'parent_name',	'',	'',	'',	'',	'',	'',	'',	'',	'',	'',	'',	'',	'',	'',	'',	'',	'',	'',	'',	'',	'',	'',	NULL),
(461,	'mark',	'',	'',	'',	'',	'',	'',	'',	'',	'',	'',	'',	'',	'',	'',	'',	'',	'',	'',	'',	'',	'',	'',	NULL),
(462,	'attended',	'',	'',	'',	'',	'',	'',	'',	'',	'',	'',	'',	'',	'',	'',	'',	'',	'',	'',	'',	'',	'',	'',	NULL),
(463,	'absent',	'',	'',	'',	'',	'',	'',	'',	'',	'',	'',	'',	'',	'',	'',	'',	'',	'',	'',	'',	'',	'',	'',	NULL),
(464,	'not_attending',	'',	'',	'',	'',	'',	'',	'',	'',	'',	'',	'',	'',	'',	'',	'',	'',	'',	'',	'',	'',	'',	'',	NULL),
(465,	'show/mark_attendance',	'',	'',	'',	'',	'',	'',	'',	'',	'',	'',	'',	'',	'',	'',	'',	'',	'',	'',	'',	'',	'',	'',	NULL),
(466,	'show_or_mark_attendance',	'',	'',	'',	'',	'',	'',	'',	'',	'',	'',	'',	'',	'',	'',	'',	'',	'',	'',	'',	'',	'',	'',	NULL),
(467,	'teacher_list',	'',	'',	'',	'',	'',	'',	'',	'',	'',	'',	'',	'',	'',	'',	'',	'',	'',	'',	'',	'',	'',	'',	NULL),
(468,	'student_marksheet',	'',	'',	'',	'',	'',	'',	'',	'',	'',	'',	'',	'',	'',	'',	'',	'',	'',	'',	'',	'',	'',	'',	NULL),
(469,	'add_study_material',	'',	'',	'',	'',	'',	'',	'',	'',	'',	'',	'',	'',	'',	'',	'',	'',	'',	'',	'',	'',	'',	'',	NULL),
(470,	'file_type',	'',	'',	'',	'',	'',	'',	'',	'',	'',	'',	'',	'',	'',	'',	'',	'',	'',	'',	'',	'',	'',	'',	NULL),
(471,	'select_file_type',	'',	'',	'',	'',	'',	'',	'',	'',	'',	'',	'',	'',	'',	'',	'',	'',	'',	'',	'',	'',	'',	'',	NULL),
(472,	'image',	'',	'',	'',	'',	'',	'',	'',	'',	'',	'',	'',	'',	'',	'',	'',	'',	'',	'',	'',	'',	'',	'',	NULL),
(473,	'doc',	'',	'',	'',	'',	'',	'',	'',	'',	'',	'',	'',	'',	'',	'',	'',	'',	'',	'',	'',	'',	'',	'',	NULL),
(474,	'pdf',	'',	'',	'',	'',	'',	'',	'',	'',	'',	'',	'',	'',	'',	'',	'',	'',	'',	'',	'',	'',	'',	'',	NULL),
(475,	'excel',	'',	'',	'',	'',	'',	'',	'',	'',	'',	'',	'',	'',	'',	'',	'',	'',	'',	'',	'',	'',	'',	'',	NULL),
(476,	'other',	'',	'',	'',	'',	'',	'',	'',	'',	'',	'',	'',	'',	'',	'',	'',	'',	'',	'',	'',	'',	'',	'',	NULL),
(477,	'show_attendance',	'',	'',	'',	'',	'',	'',	'',	'',	'',	'',	'',	'',	'',	'',	'',	'',	'',	'',	'',	'',	'',	'',	NULL),
(478,	'parent_dashboard',	'',	'',	'',	'',	'',	'',	'',	'',	'',	'',	'',	'',	'',	'',	'',	'',	'',	'',	'',	'',	'',	'',	NULL),
(479,	'total_mark',	'',	'',	'',	'',	'',	'',	'',	'',	'',	'',	'',	'',	'',	'',	'',	'',	'',	'',	'',	'',	'',	'',	NULL),
(480,	'edit_subject',	'',	'',	'',	'',	'',	'',	'',	'',	'',	'',	'',	'',	'',	'',	'',	'',	'',	'',	'',	'',	'',	'',	NULL),
(481,	'mark_attended',	'',	'',	'',	'',	'',	'',	'',	'',	'',	'',	'',	'',	'',	'',	'',	'',	'',	'',	'',	'',	'',	'',	NULL),
(482,	'class_routine_attendance',	'',	'',	'',	'',	'',	'',	'',	'',	'',	'',	'',	'',	'',	'',	'',	'',	'',	'',	'',	'',	'',	'',	NULL),
(483,	'attendance_date',	'',	'',	'',	'',	'',	'',	'',	'',	'',	'',	'',	'',	'',	'',	'',	'',	'',	'',	'',	'',	'',	'',	NULL),
(484,	'notes',	'',	'',	'',	'',	'',	'',	'',	'',	'',	'',	'',	'',	'',	'',	'',	'',	'',	'',	'',	'',	'',	'',	NULL),
(485,	'attendance_created',	'',	'',	'',	'',	'',	'',	'',	'',	'',	'',	'',	'',	'',	'',	'',	'',	'',	'',	'',	'',	'',	'',	NULL),
(486,	'attendance_exists',	'',	'',	'',	'',	'',	'',	'',	'',	'',	'',	'',	'',	'',	'',	'',	'',	'',	'',	'',	'',	'',	'',	NULL),
(487,	'attendance_updated',	'',	'',	'',	'',	'',	'',	'',	'',	'',	'',	'',	'',	'',	'',	'',	'',	'',	'',	'',	'',	'',	'',	NULL),
(488,	'routine_date',	'',	'',	'',	'',	'',	'',	'',	'',	'',	'',	'',	'',	'',	'',	'',	'',	'',	'',	'',	'',	'',	'',	NULL),
(489,	'search_routine',	'',	'',	'',	'',	'',	'',	'',	'',	'',	'',	'',	'',	'',	'',	'',	'',	'',	'',	'',	'',	'',	'',	NULL),
(490,	'session(s)_attended_today',	'',	'',	'',	'',	'',	'',	'',	'',	'',	'',	'',	'',	'',	'',	'',	'',	'',	'',	'',	'',	'',	'',	NULL),
(491,	'no_session_attended_today',	'',	'',	'',	'',	'',	'',	'',	'',	'',	'',	'',	'',	'',	'',	'',	'',	'',	'',	'',	'',	'',	'',	NULL),
(492,	'edit_class_routine',	'',	'',	'',	'',	'',	'',	'',	'',	'',	'',	'',	'',	'',	'',	'',	'',	'',	'',	'',	'',	'',	'',	NULL),
(493,	'edit_teacher',	'',	'',	'',	'',	'',	'',	'',	'',	'',	'',	'',	'',	'',	'',	'',	'',	'',	'',	'',	'',	'',	'',	NULL),
(494,	'sex',	'',	'',	'',	'',	'',	'',	'',	'',	'',	'',	'',	'',	'',	'',	'',	'',	'',	'',	'',	'',	'',	'',	NULL),
(495,	'administrators',	'',	'',	'',	'',	'',	'',	'',	'',	'',	'',	'',	'',	'',	'',	'',	'',	'',	'',	'',	'',	'',	'',	NULL),
(496,	'manage_administrator',	'',	'',	'',	'',	'',	'',	'',	'',	'',	'',	'',	'',	'',	'',	'',	'',	'',	'',	'',	'',	'',	'',	NULL),
(497,	'add_new_administrator',	'',	'',	'',	'',	'',	'',	'',	'',	'',	'',	'',	'',	'',	'',	'',	'',	'',	'',	'',	'',	'',	'',	NULL),
(498,	'add_administrator',	'',	'',	'',	'',	'',	'',	'',	'',	'',	'',	'',	'',	'',	'',	'',	'',	'',	'',	'',	'',	'',	'',	NULL),
(499,	'relationship',	'',	'',	'',	'',	'',	'',	'',	'',	'',	'',	'',	'',	'',	'',	'',	'',	'',	'',	'',	'',	'',	'',	NULL),
(500,	'care_type',	'',	'',	'',	'',	'',	'',	'',	'',	'',	'',	'',	'',	'',	'',	'',	'',	'',	'',	'',	'',	'',	'',	NULL),
(501,	'primary',	'',	'',	'',	'',	'',	'',	'',	'',	'',	'',	'',	'',	'',	'',	'',	'',	'',	'',	'',	'',	'',	'',	NULL),
(502,	'secondary',	'',	'',	'',	'',	'',	'',	'',	'',	'',	'',	'',	'',	'',	'',	'',	'',	'',	'',	'',	'',	'',	'',	NULL),
(503,	'care_relationship',	'',	'',	'',	'',	'',	'',	'',	'',	'',	'',	'',	'',	'',	'',	'',	'',	'',	'',	'',	'',	'',	'',	NULL),
(504,	'add_relationship',	'',	'',	'',	'',	'',	'',	'',	'',	'',	'',	'',	'',	'',	'',	'',	'',	'',	'',	'',	'',	'',	'',	NULL),
(505,	'record_added',	'',	'',	'',	'',	'',	'',	'',	'',	'',	'',	'',	'',	'',	'',	'',	'',	'',	'',	'',	'',	'',	'',	NULL),
(506,	'duplicate_name',	'',	'',	'',	'',	'',	'',	'',	'',	'',	'',	'',	'',	'',	'',	'',	'',	'',	'',	'',	'',	'',	'',	NULL),
(507,	'record_deleted',	'',	'',	'',	'',	'',	'',	'',	'',	'',	'',	'',	'',	'',	'',	'',	'',	'',	'',	'',	'',	'',	'',	NULL),
(508,	'edit_relationship',	'',	'',	'',	'',	'',	'',	'',	'',	'',	'',	'',	'',	'',	'',	'',	'',	'',	'',	'',	'',	'',	'',	NULL),
(509,	'duplicate_record',	'',	'',	'',	'',	'',	'',	'',	'',	'',	'',	'',	'',	'',	'',	'',	'',	'',	'',	'',	'',	'',	'',	NULL),
(510,	'record_edited',	'',	'',	'',	'',	'',	'',	'',	'',	'',	'',	'',	'',	'',	'',	'',	'',	'',	'',	'',	'',	'',	'',	NULL),
(511,	'none',	'',	'',	'',	'',	'',	'',	'',	'',	'',	'',	'',	'',	'',	'',	'',	'',	'',	'',	'',	'',	'',	'',	NULL),
(512,	'other_caregivers',	'',	'',	'',	'',	'',	'',	'',	'',	'',	'',	'',	'',	'',	'',	'',	'',	'',	'',	'',	'',	'',	'',	NULL),
(513,	'edit_parent',	'',	'',	'',	'',	'',	'',	'',	'',	'',	'',	'',	'',	'',	'',	'',	'',	'',	'',	'',	'',	'',	'',	NULL),
(514,	'assign_beneficiary',	'',	'',	'',	'',	'',	'',	'',	'',	'',	'',	'',	'',	'',	'',	'',	'',	'',	'',	'',	'',	'',	'',	NULL),
(515,	'assign_beneficiaries',	'',	'',	'',	'',	'',	'',	'',	'',	'',	'',	'',	'',	'',	'',	'',	'',	'',	'',	'',	'',	'',	'',	NULL),
(680,	'add_profile',	'',	'',	'',	'',	'',	'',	'',	'',	'',	'',	'',	'',	'',	'',	'',	'',	'',	'',	'',	'',	'',	NULL,	NULL),
(679,	'entitlement',	'',	'',	'',	'',	'',	'',	'',	'',	'',	'',	'',	'',	'',	'',	'',	'',	'',	'',	'',	'',	'',	NULL,	NULL),
(678,	'user_profiles',	'',	'',	'',	'',	'',	'',	'',	'',	'',	'',	'',	'',	'',	'',	'',	'',	'',	'',	'',	'',	'',	NULL,	NULL),
(519,	'user_access',	'',	'',	'',	'',	'',	'',	'',	'',	'',	'',	'',	'',	'',	'',	'',	'',	'',	'',	'',	'',	'',	'',	NULL),
(520,	'feature',	'',	'',	'',	'',	'',	'',	'',	'',	'',	'',	'',	'',	'',	'',	'',	'',	'',	'',	'',	'',	'',	'',	NULL),
(521,	'read',	'',	'',	'',	'',	'',	'',	'',	'',	'',	'',	'',	'',	'',	'',	'',	'',	'',	'',	'',	'',	'',	'',	NULL),
(522,	'super_administrator',	'',	'',	'',	'',	'',	'',	'',	'',	'',	'',	'',	'',	'',	'',	'',	'',	'',	'',	'',	'',	'',	'',	NULL),
(523,	'manager',	'',	'',	'',	'',	'',	'',	'',	'',	'',	'',	'',	'',	'',	'',	'',	'',	'',	'',	'',	'',	'',	'',	NULL),
(677,	'active',	'',	'',	'',	'',	'',	'',	'',	'',	'',	'',	'',	'',	'',	'',	'',	'',	'',	'',	'',	'',	'',	NULL,	NULL),
(526,	'super_admin',	'',	'',	'',	'',	'',	'',	'',	'',	'',	'',	'',	'',	'',	'',	'',	'',	'',	'',	'',	'',	'',	'',	NULL),
(676,	'reconciliation_reports',	'',	'',	'',	'',	'',	'',	'',	'',	'',	'',	'',	'',	'',	'',	'',	'',	'',	'',	'',	'',	'',	NULL,	NULL),
(675,	'cashbook',	'',	'',	'',	'',	'',	'',	'',	'',	'',	'',	'',	'',	'',	'',	'',	'',	'',	'',	'',	'',	'',	NULL,	NULL),
(674,	'monthly_reconciliation',	'',	'',	'',	'',	'',	'',	'',	'',	'',	'',	'',	'',	'',	'',	'',	'',	'',	'',	'',	'',	'',	NULL,	NULL),
(673,	'month_editted_successfully',	'',	'',	'',	'',	'',	'',	'',	'',	'',	'',	'',	'',	'',	'',	'',	'',	'',	'',	'',	'',	'',	NULL,	NULL),
(672,	'month_closed_successfully',	'',	'',	'',	'',	'',	'',	'',	'',	'',	'',	'',	'',	'',	'',	'',	'',	'',	'',	'',	'',	'',	NULL,	NULL),
(671,	'reconciliation_statement',	'',	'',	'',	'',	'',	'',	'',	'',	'',	'',	'',	'',	'',	'',	'',	'',	'',	'',	'',	'',	'',	NULL,	NULL),
(670,	'other_income',	'',	'',	'',	'',	'',	'',	'',	'',	'',	'',	'',	'',	'',	'',	'',	'',	'',	'',	'',	'',	'',	NULL,	NULL),
(669,	'students_income',	'',	'',	'',	'',	'',	'',	'',	'',	'',	'',	'',	'',	'',	'',	'',	'',	'',	'',	'',	'',	'',	NULL,	NULL),
(668,	'cleared_outstanding',	'',	'',	'',	'',	'',	'',	'',	'',	'',	'',	'',	'',	'',	'',	'',	'',	'',	'',	'',	'',	'',	NULL,	NULL),
(667,	'outstanding_cheques',	'',	'',	'',	'',	'',	'',	'',	'',	'',	'',	'',	'',	'',	'',	'',	'',	'',	'',	'',	'',	'',	NULL,	NULL),
(666,	'cleared_in_transit',	'',	'',	'',	'',	'',	'',	'',	'',	'',	'',	'',	'',	'',	'',	'',	'',	'',	'',	'',	'',	'',	NULL,	NULL),
(665,	'deposit_in_transit',	'',	'',	'',	'',	'',	'',	'',	'',	'',	'',	'',	'',	'',	'',	'',	'',	'',	'',	'',	'',	'',	NULL,	NULL),
(664,	'bank_reconciliation',	'',	'',	'',	'',	'',	'',	'',	'',	'',	'',	'',	'',	'',	'',	'',	'',	'',	'',	'',	'',	'',	NULL,	NULL),
(549,	'activity',	'',	'',	'',	'',	'',	'',	'',	'',	'',	'',	'',	'',	'',	'',	'',	'',	'',	'',	'',	'',	'',	'',	NULL),
(550,	'grade',	'',	'',	'',	'',	'',	'',	'',	'',	'',	'',	'',	'',	'',	'',	'',	'',	'',	'',	'',	'',	'',	'',	NULL),
(551,	'contras',	'',	'',	'',	'',	'',	'',	'',	'',	'',	'',	'',	'',	'',	'',	'',	'',	'',	'',	'',	'',	'',	'',	NULL),
(552,	'invoice',	'',	'',	'',	'',	'',	'',	'',	'',	'',	'',	'',	'',	'',	'',	'',	'',	'',	'',	'',	'',	'',	'',	NULL),
(697,	'user_profile',	'',	'',	'',	'',	'',	'',	'',	'',	'',	'',	'',	'',	'',	'',	'',	'',	'',	'',	'',	'',	'',	NULL,	NULL),
(696,	'password_mismatch',	'',	'',	'',	'',	'',	'',	'',	'',	'',	'',	'',	'',	'',	'',	'',	'',	'',	'',	'',	'',	'',	NULL,	NULL),
(556,	'record',	'',	'',	'',	'',	'',	'',	'',	'',	'',	'',	'',	'',	'',	'',	'',	'',	'',	'',	'',	'',	'',	'',	NULL),
(695,	'password_updated',	'',	'',	'',	'',	'',	'',	'',	'',	'',	'',	'',	'',	'',	'',	'',	'',	'',	'',	'',	'',	'',	NULL,	NULL),
(694,	'update_password',	'',	'',	'',	'',	'',	'',	'',	'',	'',	'',	'',	'',	'',	'',	'',	'',	'',	'',	'',	'',	'',	NULL,	NULL),
(693,	'repeat_password',	'',	'',	'',	'',	'',	'',	'',	'',	'',	'',	'',	'',	'',	'',	'',	'',	'',	'',	'',	'',	'',	NULL,	NULL),
(692,	'account_updated',	'',	'',	'',	'',	'',	'',	'',	'',	'',	'',	'',	'',	'',	'',	'',	'',	'',	'',	'',	'',	'',	NULL,	NULL),
(691,	'last_name',	'',	'',	'',	'',	'',	'',	'',	'',	'',	'',	'',	'',	'',	'',	'',	'',	'',	'',	'',	'',	'',	NULL,	NULL),
(690,	'first_name',	'',	'',	'',	'',	'',	'',	'',	'',	'',	'',	'',	'',	'',	'',	'',	'',	'',	'',	'',	'',	'',	NULL,	NULL),
(689,	'promoted_user',	'',	'',	'',	'',	'',	'',	'',	'',	'',	'',	'',	'',	'',	'',	'',	'',	'',	'',	'',	'',	'',	NULL,	NULL),
(688,	'failed',	'',	'',	'',	'',	'',	'',	'',	'',	'',	'',	'',	'',	'',	'',	'',	'',	'',	'',	'',	'',	'',	NULL,	NULL),
(687,	'promote_to_user',	'',	'',	'',	'',	'',	'',	'',	'',	'',	'',	'',	'',	'',	'',	'',	'',	'',	'',	'',	'',	'',	NULL,	NULL),
(663,	'view_batch',	'',	'',	'',	'',	'',	'',	'',	'',	'',	'',	'',	'',	'',	'',	'',	'',	'',	'',	'',	'',	'',	NULL,	NULL),
(567,	'admin',	'',	'',	'',	'',	'',	'',	'',	'',	'',	'',	'',	'',	'',	'',	'',	'',	'',	'',	'',	'',	'',	'',	NULL),
(686,	'support_teacher',	'',	'',	'',	'',	'',	'',	'',	'',	'',	'',	'',	'',	'',	'',	'',	'',	'',	'',	'',	'',	'',	NULL,	NULL),
(685,	'class_teacher',	'',	'',	'',	'',	'',	'',	'',	'',	'',	'',	'',	'',	'',	'',	'',	'',	'',	'',	'',	'',	'',	NULL,	NULL),
(684,	'role',	'',	'',	'',	'',	'',	'',	'',	'',	'',	'',	'',	'',	'',	'',	'',	'',	'',	'',	'',	'',	'',	NULL,	NULL),
(662,	'crud_settings',	'',	'',	'',	'',	'',	'',	'',	'',	'',	'',	'',	'',	'',	'',	'',	'',	'',	'',	'',	'',	'',	NULL,	NULL),
(683,	'classes',	'',	'',	'',	'',	'',	'',	'',	'',	'',	'',	'',	'',	'',	'',	'',	'',	'',	'',	'',	'',	'',	NULL,	NULL),
(682,	'link_teacher',	'',	'',	'',	'',	'',	'',	'',	'',	'',	'',	'',	'',	'',	'',	'',	'',	'',	'',	'',	'',	'',	NULL,	NULL),
(681,	'link_classes',	'',	'',	'',	'',	'',	'',	'',	'',	'',	'',	'',	'',	'',	'',	'',	'',	'',	'',	'',	'',	'',	NULL,	NULL),
(584,	'settings_saved',	'',	'',	'',	'',	'',	'',	'',	'',	'',	'',	'',	'',	'',	'',	'',	'',	'',	'',	'',	'',	'',	'',	NULL),
(701,	'profile_updated',	'',	'',	'',	'',	'',	'',	'',	'',	'',	'',	'',	'',	'',	'',	'',	'',	'',	'',	'',	'',	'',	NULL,	NULL),
(606,	'level',	'',	'',	'',	'',	'',	'',	'',	'',	'',	'',	'',	'',	'',	'',	'',	'',	'',	'',	'',	'',	'',	'',	NULL),
(607,	'edit_administrator',	'',	'',	'',	'',	'',	'',	'',	'',	'',	'',	'',	'',	'',	'',	'',	'',	'',	'',	'',	'',	'',	'',	NULL),
(608,	'super',	'',	'',	'',	'',	'',	'',	'',	'',	'',	'',	'',	'',	'',	'',	'',	'',	'',	'',	'',	'',	'',	'',	NULL),
(700,	'update_failure',	'',	'',	'',	'',	'',	'',	'',	'',	'',	'',	'',	'',	'',	'',	'',	'',	'',	'',	'',	'',	'',	NULL,	NULL),
(699,	'change_profile',	'',	'',	'',	'',	'',	'',	'',	'',	'',	'',	'',	'',	'',	'',	'',	'',	'',	'',	'',	'',	'',	NULL,	NULL),
(698,	'assign_profile',	'',	'',	'',	'',	'',	'',	'',	'',	'',	'',	'',	'',	'',	'',	'',	'',	'',	'',	'',	'',	'',	NULL,	NULL),
(661,	'CRUD_settings',	'',	'',	'',	'',	'',	'',	'',	'',	'',	'',	'',	'',	'',	'',	'',	'',	'',	'',	'',	'',	'',	NULL,	NULL),
(613,	'no_items_found',	'',	'',	'',	'',	'',	'',	'',	'',	'',	'',	'',	'',	'',	'',	'',	'',	'',	'',	'',	'',	'',	'',	NULL),
(614,	'process_failure',	'',	'',	'',	'',	'',	'',	'',	'',	'',	'',	'',	'',	'',	'',	'',	'',	'',	'',	'',	'',	'',	'',	NULL),
(615,	'student_suspended',	'',	'',	'',	'',	'',	'',	'',	'',	'',	'',	'',	'',	'',	'',	'',	'',	'',	'',	'',	'',	'',	'',	NULL),
(616,	'unsuspend_',	'',	'',	'',	'',	'',	'',	'',	'',	'',	'',	'',	'',	'',	'',	'',	'',	'',	'',	'',	'',	'',	'',	NULL),
(617,	'success',	'',	'',	'',	'',	'',	'',	'',	'',	'',	'',	'',	'',	'',	'',	'',	'',	'',	'',	'',	'',	'',	'',	NULL),
(618,	'targeted_participants',	'',	'',	'',	'',	'',	'',	'',	'',	'',	'',	'',	'',	'',	'',	'',	'',	'',	'',	'',	'',	'',	'',	NULL),
(619,	'back',	'',	'',	'',	'',	'',	'',	'',	'',	'',	'',	'',	'',	'',	'',	'',	'',	'',	'',	'',	'',	'',	'',	NULL),
(620,	'print_attendance',	'',	'',	'',	'',	'',	'',	'',	'',	'',	'',	'',	'',	'',	'',	'',	'',	'',	'',	'',	'',	'',	'',	NULL),
(621,	'activity_register',	'',	'',	'',	'',	'',	'',	'',	'',	'',	'',	'',	'',	'',	'',	'',	'',	'',	'',	'',	'',	'',	'',	NULL),
(622,	'print_activty_attendance',	'',	'',	'',	'',	'',	'',	'',	'',	'',	'',	'',	'',	'',	'',	'',	'',	'',	'',	'',	'',	'',	'',	NULL),
(623,	'edit_exam',	'',	'',	'',	'',	'',	'',	'',	'',	'',	'',	'',	'',	'',	'',	'',	'',	'',	'',	'',	'',	'',	'',	NULL),
(624,	'promote_students',	'',	'',	'',	'',	'',	'',	'',	'',	'',	'',	'',	'',	'',	'',	'',	'',	'',	'',	'',	'',	'',	'',	NULL),
(625,	'promote',	'',	'',	'',	'',	'',	'',	'',	'',	'',	'',	'',	'',	'',	'',	'',	'',	'',	'',	'',	'',	'',	'',	NULL),
(626,	'demote',	'',	'',	'',	'',	'',	'',	'',	'',	'',	'',	'',	'',	'',	'',	'',	'',	'',	'',	'',	'',	'',	'',	NULL),
(627,	'invoices_created_successfully',	'',	'',	'',	'',	'',	'',	'',	'',	'',	'',	'',	'',	'',	'',	'',	'',	'',	'',	'',	'',	'',	'',	NULL),
(628,	'failed:_some_invoices_exists',	'',	'',	'',	'',	'',	'',	'',	'',	'',	'',	'',	'',	'',	'',	'',	'',	'',	'',	'',	'',	'',	'',	NULL),
(629,	'cancel_invoices',	'',	'',	'',	'',	'',	'',	'',	'',	'',	'',	'',	'',	'',	'',	'',	'',	'',	'',	'',	'',	'',	'',	NULL),
(630,	'cancelled_invoices',	'',	'',	'',	'',	'',	'',	'',	'',	'',	'',	'',	'',	'',	'',	'',	'',	'',	'',	'',	'',	'',	'',	NULL),
(631,	'cancel_invoice',	'',	'',	'',	'',	'',	'',	'',	'',	'',	'',	'',	'',	'',	'',	'',	'',	'',	'',	'',	'',	'',	'',	NULL),
(632,	'invoice_cancelled',	'',	'',	'',	'',	'',	'',	'',	'',	'',	'',	'',	'',	'',	'',	'',	'',	'',	'',	'',	'',	'',	'',	NULL),
(633,	'reclaim_invoice',	'',	'',	'',	'',	'',	'',	'',	'',	'',	'',	'',	'',	'',	'',	'',	'',	'',	'',	'',	'',	'',	'',	NULL),
(634,	'invoice_reclaimed',	'',	'',	'',	'',	'',	'',	'',	'',	'',	'',	'',	'',	'',	'',	'',	'',	'',	'',	'',	'',	'',	'',	NULL),
(635,	'invoice_information',	'',	'',	'',	'',	'',	'',	'',	'',	'',	'',	'',	'',	'',	'',	'',	'',	'',	'',	'',	'',	'',	'',	NULL),
(636,	'adjusted_amount',	'',	'',	'',	'',	'',	'',	'',	'',	'',	'',	'',	'',	'',	'',	'',	'',	'',	'',	'',	'',	'',	'',	NULL),
(637,	'invoice_amount',	'',	'',	'',	'',	'',	'',	'',	'',	'',	'',	'',	'',	'',	'',	'',	'',	'',	'',	'',	'',	'',	'',	NULL),
(638,	'amount_lesser_than_paid',	'',	'',	'',	'',	'',	'',	'',	'',	'',	'',	'',	'',	'',	'',	'',	'',	'',	'',	'',	'',	'',	'',	NULL),
(639,	'force_overpay',	'',	'',	'',	'',	'',	'',	'',	'',	'',	'',	'',	'',	'',	'',	'',	'',	'',	'',	'',	'',	'',	'',	NULL),
(640,	'edit_successful',	'',	'',	'',	'',	'',	'',	'',	'',	'',	'',	'',	'',	'',	'',	'',	'',	'',	'',	'',	'',	'',	'',	NULL),
(641,	'overpaid_invoices',	'',	'',	'',	'',	'',	'',	'',	'',	'',	'',	'',	'',	'',	'',	'',	'',	'',	'',	'',	'',	'',	'',	NULL),
(642,	'no_student_found',	'',	'',	'',	'',	'',	'',	'',	'',	'',	'',	'',	'',	'',	'',	'',	'',	'',	'',	'',	'',	'',	'',	NULL),
(643,	'add_new_income',	'',	'',	'',	'',	'',	'',	'',	'',	'',	'',	'',	'',	'',	'',	'',	'',	'',	'',	'',	'',	'',	'',	NULL),
(644,	'add_income',	'',	'',	'',	'',	'',	'',	'',	'',	'',	'',	'',	'',	'',	'',	'',	'',	'',	'',	'',	'',	'',	'',	NULL),
(645,	'view_income_batch',	'',	'',	'',	'',	'',	'',	'',	'',	'',	'',	'',	'',	'',	'',	'',	'',	'',	'',	'',	'',	'',	'',	NULL),
(646,	'overpay_notes',	'',	'',	'',	'',	'',	'',	'',	'',	'',	'',	'',	'',	'',	'',	'',	'',	'',	'',	'',	'',	'',	NULL,	NULL),
(647,	'add_note',	'',	'',	'',	'',	'',	'',	'',	'',	'',	'',	'',	'',	'',	'',	'',	'',	'',	'',	'',	'',	'',	NULL,	NULL),
(648,	'batch_number_not_existing',	'',	'',	'',	'',	'',	'',	'',	'',	'',	'',	'',	'',	'',	'',	'',	'',	'',	'',	'',	'',	'',	NULL,	NULL),
(649,	'checking...',	'',	'',	'',	'',	'',	'',	'',	'',	'',	'',	'',	'',	'',	'',	'',	'',	'',	'',	'',	'',	'',	NULL,	NULL),
(650,	'error_occurred',	'',	'',	'',	'',	'',	'',	'',	'',	'',	'',	'',	'',	'',	'',	'',	'',	'',	'',	'',	'',	'',	NULL,	NULL),
(651,	'details',	'',	'',	'',	'',	'',	'',	'',	'',	'',	'',	'',	'',	'',	'',	'',	'',	'',	'',	'',	'',	'',	NULL,	NULL),
(652,	'failure',	'',	'',	'',	'',	'',	'',	'',	'',	'',	'',	'',	'',	'',	'',	'',	'',	'',	'',	'',	'',	'',	NULL,	NULL),
(653,	'note_created',	'',	'',	'',	'',	'',	'',	'',	'',	'',	'',	'',	'',	'',	'',	'',	'',	'',	'',	'',	'',	'',	NULL,	NULL),
(654,	'paying_more_than_balance',	'',	'',	'',	'',	'',	'',	'',	'',	'',	'',	'',	'',	'',	'',	'',	'',	'',	'',	'',	'',	'',	NULL,	NULL),
(655,	'overpay',	'',	'',	'',	'',	'',	'',	'',	'',	'',	'',	'',	'',	'',	'',	'',	'',	'',	'',	'',	'',	'',	NULL,	NULL),
(656,	'invoice_amount_greater_than_to_pay_amount',	'',	'',	'',	'',	'',	'',	'',	'',	'',	'',	'',	'',	'',	'',	'',	'',	'',	'',	'',	'',	'',	NULL,	NULL),
(657,	'structure_payable',	'',	'',	'',	'',	'',	'',	'',	'',	'',	'',	'',	'',	'',	'',	'',	'',	'',	'',	'',	'',	'',	NULL,	NULL),
(658,	'structure_total_amount',	'',	'',	'',	'',	'',	'',	'',	'',	'',	'',	'',	'',	'',	'',	'',	'',	'',	'',	'',	'',	'',	NULL,	NULL),
(659,	'charge_overpay',	'',	'',	'',	'',	'',	'',	'',	'',	'',	'',	'',	'',	'',	'',	'',	'',	'',	'',	'',	'',	'',	NULL,	NULL),
(660,	'cleared_overpay_notes',	'',	'',	'',	'',	'',	'',	'',	'',	'',	'',	'',	'',	'',	'',	'',	'',	'',	'',	'',	'',	'',	NULL,	NULL),
(702,	'birthdate',	'',	'',	'',	'',	'',	'',	'',	'',	'',	'',	'',	'',	'',	'',	'',	'',	'',	'',	'',	'',	'',	NULL,	NULL),
(703,	'add_new_admin',	'',	'',	'',	'',	'',	'',	'',	'',	'',	'',	'',	'',	'',	'',	'',	'',	'',	'',	'',	'',	'',	NULL,	NULL),
(704,	'manage_administrators',	'',	'',	'',	'',	'',	'',	'',	'',	'',	'',	'',	'',	'',	'',	'',	'',	'',	'',	'',	'',	'',	NULL,	NULL),
(705,	'Manage Administrators',	'',	'',	'',	'',	'',	'',	'',	'',	'',	'',	'',	'',	'',	'',	'',	'',	'',	'',	'',	'',	'',	NULL,	NULL),
(706,	'add_add',	'',	'',	'',	'',	'',	'',	'',	'',	'',	'',	'',	'',	'',	'',	'',	'',	'',	'',	'',	'',	'',	NULL,	NULL),
(707,	'add_admin',	'',	'',	'',	'',	'',	'',	'',	'',	'',	'',	'',	'',	'',	'',	'',	'',	'',	'',	'',	'',	'',	NULL,	NULL),
(708,	'Manage Administrator',	'',	'',	'',	'',	'',	'',	'',	'',	'',	'',	'',	'',	'',	'',	'',	'',	'',	'',	'',	'',	'',	NULL,	NULL),
(709,	'UPI_number',	'',	'',	'',	'',	'',	'',	'',	'',	'',	'',	'',	'',	'',	'',	'',	'',	'',	'',	'',	'',	'',	NULL,	NULL),
(710,	'transition',	'',	'',	'',	'',	'',	'',	'',	'',	'',	'',	'',	'',	'',	'',	'',	'',	'',	'',	'',	'',	'',	NULL,	NULL),
(711,	'transition_type',	'',	'',	'',	'',	'',	'',	'',	'',	'',	'',	'',	'',	'',	'',	'',	'',	'',	'',	'',	'',	'',	NULL,	NULL),
(712,	'select_transition',	'',	'',	'',	'',	'',	'',	'',	'',	'',	'',	'',	'',	'',	'',	'',	'',	'',	'',	'',	'',	'',	NULL,	NULL),
(713,	'transition_date',	'',	'',	'',	'',	'',	'',	'',	'',	'',	'',	'',	'',	'',	'',	'',	'',	'',	'',	'',	'',	'',	NULL,	NULL),
(714,	'reason',	'',	'',	'',	'',	'',	'',	'',	'',	'',	'',	'',	'',	'',	'',	'',	'',	'',	'',	'',	'',	'',	NULL,	NULL),
(715,	'create_a_transition',	'',	'',	'',	'',	'',	'',	'',	'',	'',	'',	'',	'',	'',	'',	'',	'',	'',	'',	'',	'',	'',	NULL,	NULL),
(716,	'action_failed',	'',	'',	'',	'',	'',	'',	'',	'',	'',	'',	'',	'',	'',	'',	'',	'',	'',	'',	'',	'',	'',	NULL,	NULL),
(717,	'action_successful',	'',	'',	'',	'',	'',	'',	'',	'',	'',	'',	'',	'',	'',	'',	'',	'',	'',	'',	'',	'',	'',	NULL,	NULL),
(718,	'transitioned_students',	'',	'',	'',	'',	'',	'',	'',	'',	'',	'',	'',	'',	'',	'',	'',	'',	'',	'',	'',	'',	'',	NULL,	NULL),
(719,	'reinstate',	'',	'',	'',	'',	'',	'',	'',	'',	'',	'',	'',	'',	'',	'',	'',	'',	'',	'',	'',	'',	'',	NULL,	NULL),
(720,	'student_reinstated',	'',	'',	'',	'',	'',	'',	'',	'',	'',	'',	'',	'',	'',	'',	'',	'',	'',	'',	'',	'',	'',	NULL,	NULL),
(721,	'add_items',	'',	'',	'',	'',	'',	'',	'',	'',	'',	'',	'',	'',	'',	'',	'',	'',	'',	'',	'',	'',	'',	NULL,	NULL),
(722,	'add_multiple_items',	'',	'',	'',	'',	'',	'',	'',	'',	'',	'',	'',	'',	'',	'',	'',	'',	'',	'',	'',	'',	'',	NULL,	NULL),
(723,	'select_category',	'',	'',	'',	'',	'',	'',	'',	'',	'',	'',	'',	'',	'',	'',	'',	'',	'',	'',	'',	'',	'',	NULL,	NULL),
(724,	'Remove Row',	'',	'',	'',	'',	'',	'',	'',	'',	'',	'',	'',	'',	'',	'',	'',	'',	'',	'',	'',	'',	'',	NULL,	NULL),
(725,	'data_created',	'',	'',	'',	'',	'',	'',	'',	'',	'',	'',	'',	'',	'',	'',	'',	'',	'',	'',	'',	'',	'',	NULL,	NULL),
(726,	'message_sent',	'',	'',	'',	'',	'',	'',	'',	'',	'',	'',	'',	'',	'',	'',	'',	'',	'',	'',	'',	'',	'',	NULL,	NULL),
(727,	'session(s)_attended_this_week',	'',	'',	'',	'',	'',	'',	'',	'',	'',	'',	'',	'',	'',	'',	'',	'',	'',	'',	'',	'',	'',	NULL,	NULL),
(728,	'teachers',	'',	'',	'',	'',	'',	'',	'',	'',	'',	'',	'',	'',	'',	'',	'',	'',	'',	'',	'',	'',	'',	NULL,	NULL),
(729,	'student_collection_tally',	'',	'',	'',	'',	'',	'',	'',	'',	'',	'',	'',	'',	'',	'',	'',	'',	'',	'',	'',	'',	'',	NULL,	NULL),
(730,	'forward',	'',	'',	'',	'',	'',	'',	'',	'',	'',	'',	'',	'',	'',	'',	'',	'',	'',	'',	'',	'',	'',	NULL,	NULL),
(731,	'start_month',	'',	'',	'',	'',	'',	'',	'',	'',	'',	'',	'',	'',	'',	'',	'',	'',	'',	'',	'',	'',	'',	NULL,	NULL),
(732,	'end_month',	'',	'',	'',	'',	'',	'',	'',	'',	'',	'',	'',	'',	'',	'',	'',	'',	'',	'',	'',	'',	'',	NULL,	NULL),
(733,	'edit_term',	'',	'',	'',	'',	'',	'',	'',	'',	'',	'',	'',	'',	'',	'',	'',	'',	'',	'',	'',	'',	'',	NULL,	NULL),
(734,	'term_editted',	'',	'',	'',	'',	'',	'',	'',	'',	'',	'',	'',	'',	'',	'',	'',	'',	'',	'',	'',	'',	'',	NULL,	NULL),
(735,	'system_start_date',	'',	'',	'',	'',	'',	'',	'',	'',	'',	'',	'',	'',	'',	'',	'',	'',	'',	'',	'',	'',	'',	NULL,	NULL),
(736,	'sidebar_collapsed',	'',	'',	'',	'',	'',	'',	'',	'',	'',	'',	'',	'',	'',	'',	'',	'',	'',	'',	'',	'',	'',	NULL,	NULL),
(737,	'vote_balance_report',	'',	'',	'',	'',	'',	'',	'',	'',	'',	'',	'',	'',	'',	'',	'',	'',	'',	'',	'',	'',	'',	NULL,	NULL),
(738,	'month_balaance',	'',	'',	'',	'',	'',	'',	'',	'',	'',	'',	'',	'',	'',	'',	'',	'',	'',	'',	'',	'',	'',	NULL,	NULL),
(739,	'fund_balance',	'',	'',	'',	'',	'',	'',	'',	'',	'',	'',	'',	'',	'',	'',	'',	'',	'',	'',	'',	'',	'',	NULL,	NULL),
(740,	'variance',	'',	'',	'',	'',	'',	'',	'',	'',	'',	'',	'',	'',	'',	'',	'',	'',	'',	'',	'',	'',	'',	NULL,	NULL),
(741,	'variance_report',	'',	'',	'',	'',	'',	'',	'',	'',	'',	'',	'',	'',	'',	'',	'',	'',	'',	'',	'',	'',	'',	NULL,	NULL),
(742,	'income_projection',	'',	'',	'',	'',	'',	'',	'',	'',	'',	'',	'',	'',	'',	'',	'',	'',	'',	'',	'',	'',	'',	NULL,	NULL),
(743,	'income_projection_report',	'',	'',	'',	'',	'',	'',	'',	'',	'',	'',	'',	'',	'',	'',	'',	'',	'',	'',	'',	'',	'',	NULL,	NULL),
(744,	'income_variance',	'',	'',	'',	'',	'',	'',	'',	'',	'',	'',	'',	'',	'',	'',	'',	'',	'',	'',	'',	'',	'',	NULL,	NULL),
(745,	'expense_variance',	'',	'',	'',	'',	'',	'',	'',	'',	'',	'',	'',	'',	'',	'',	'',	'',	'',	'',	'',	'',	'',	NULL,	NULL),
(746,	'invoices',	'',	'',	'',	'',	'',	'',	'',	'',	'',	'',	'',	'',	'',	'',	'',	'',	'',	'',	'',	'',	'',	NULL,	NULL),
(747,	'all_incomes',	'',	'',	'',	'',	'',	'',	'',	'',	'',	'',	'',	'',	'',	'',	'',	'',	'',	'',	'',	'',	'',	NULL,	NULL),
(748,	'school_incomes',	'',	'',	'',	'',	'',	'',	'',	'',	'',	'',	'',	'',	'',	'',	'',	'',	'',	'',	'',	'',	'',	NULL,	NULL),
(749,	'schemes_of_work',	'',	'',	'',	'',	'',	'',	'',	'',	'',	'',	'',	'',	'',	'',	'',	'',	'',	'',	'',	'',	'',	NULL,	NULL),
(750,	'add_schemes_of_work',	'',	'',	'',	'',	'',	'',	'',	'',	'',	'',	'',	'',	'',	'',	'',	'',	'',	'',	'',	'',	'',	NULL,	NULL),
(751,	'view_schemes_of_work',	'',	'',	'',	'',	'',	'',	'',	'',	'',	'',	'',	'',	'',	'',	'',	'',	'',	'',	'',	'',	'',	NULL,	NULL),
(752,	'school',	'',	'',	'',	'',	'',	'',	'',	'',	'',	'',	'',	'',	'',	'',	'',	'',	'',	'',	'',	'',	'',	NULL,	NULL),
(753,	'week',	'',	'',	'',	'',	'',	'',	'',	'',	'',	'',	'',	'',	'',	'',	'',	'',	'',	'',	'',	'',	'',	NULL,	NULL),
(754,	'lesson',	'',	'',	'',	'',	'',	'',	'',	'',	'',	'',	'',	'',	'',	'',	'',	'',	'',	'',	'',	'',	'',	NULL,	NULL),
(755,	'strand',	'',	'',	'',	'',	'',	'',	'',	'',	'',	'',	'',	'',	'',	'',	'',	'',	'',	'',	'',	'',	'',	NULL,	NULL),
(756,	'sub_strand',	'',	'',	'',	'',	'',	'',	'',	'',	'',	'',	'',	'',	'',	'',	'',	'',	'',	'',	'',	'',	'',	NULL,	NULL),
(757,	'specific_learning_outcomes',	'',	'',	'',	'',	'',	'',	'',	'',	'',	'',	'',	'',	'',	'',	'',	'',	'',	'',	'',	'',	'',	NULL,	NULL),
(758,	'key_inquiry_question',	'',	'',	'',	'',	'',	'',	'',	'',	'',	'',	'',	'',	'',	'',	'',	'',	'',	'',	'',	'',	'',	NULL,	NULL),
(759,	'learning_experiences',	'',	'',	'',	'',	'',	'',	'',	'',	'',	'',	'',	'',	'',	'',	'',	'',	'',	'',	'',	'',	'',	NULL,	NULL),
(760,	'learning_resources',	'',	'',	'',	'',	'',	'',	'',	'',	'',	'',	'',	'',	'',	'',	'',	'',	'',	'',	'',	'',	'',	NULL,	NULL),
(761,	'assessment',	'',	'',	'',	'',	'',	'',	'',	'',	'',	'',	'',	'',	'',	'',	'',	'',	'',	'',	'',	'',	'',	NULL,	NULL),
(762,	'add_record',	'',	'',	'',	'',	'',	'',	'',	'',	'',	'',	'',	'',	'',	'',	'',	'',	'',	'',	'',	'',	'',	NULL,	NULL),
(763,	'scheme_record',	'',	'',	'',	'',	'',	'',	'',	'',	'',	'',	'',	'',	'',	'',	'',	'',	'',	'',	'',	'',	'',	NULL,	NULL),
(764,	'add_scheme_detail',	'',	'',	'',	'',	'',	'',	'',	'',	'',	'',	'',	'',	'',	'',	'',	'',	'',	'',	'',	'',	'',	NULL,	NULL),
(765,	'scheme_detail',	'',	'',	'',	'',	'',	'',	'',	'',	'',	'',	'',	'',	'',	'',	'',	'',	'',	'',	'',	'',	'',	NULL,	NULL),
(766,	'created',	'',	'',	'',	'',	'',	'',	'',	'',	'',	'',	'',	'',	'',	'',	'',	'',	'',	'',	'',	'',	'',	NULL,	NULL),
(767,	'lesson_plan',	'',	'',	'',	'',	'',	'',	'',	'',	'',	'',	'',	'',	'',	'',	'',	'',	'',	'',	'',	'',	'',	NULL,	NULL),
(768,	'planned_date',	'',	'',	'',	'',	'',	'',	'',	'',	'',	'',	'',	'',	'',	'',	'',	'',	'',	'',	'',	'',	'',	NULL,	NULL),
(769,	'core_competences',	'',	'',	'',	'',	'',	'',	'',	'',	'',	'',	'',	'',	'',	'',	'',	'',	'',	'',	'',	'',	'',	NULL,	NULL),
(770,	'introduction',	'',	'',	'',	'',	'',	'',	'',	'',	'',	'',	'',	'',	'',	'',	'',	'',	'',	'',	'',	'',	'',	NULL,	NULL),
(771,	'lesson_development',	'',	'',	'',	'',	'',	'',	'',	'',	'',	'',	'',	'',	'',	'',	'',	'',	'',	'',	'',	'',	'',	NULL,	NULL),
(772,	'conclusion',	'',	'',	'',	'',	'',	'',	'',	'',	'',	'',	'',	'',	'',	'',	'',	'',	'',	'',	'',	'',	'',	NULL,	NULL),
(773,	'summary',	'',	'',	'',	'',	'',	'',	'',	'',	'',	'',	'',	'',	'',	'',	'',	'',	'',	'',	'',	'',	'',	NULL,	NULL),
(774,	'class_roll',	'',	'',	'',	'',	'',	'',	'',	'',	'',	'',	'',	'',	'',	'',	'',	'',	'',	'',	'',	'',	'',	NULL,	NULL),
(775,	'reflection',	'',	'',	'',	'',	'',	'',	'',	'',	'',	'',	'',	'',	'',	'',	'',	'',	'',	'',	'',	'',	'',	NULL,	NULL),
(776,	'create_a_lesson_plan',	'',	'',	'',	'',	'',	'',	'',	'',	'',	'',	'',	'',	'',	'',	'',	'',	'',	'',	'',	'',	'',	NULL,	NULL),
(777,	'add_lesson_plan',	'',	'',	'',	'',	'',	'',	'',	'',	'',	'',	'',	'',	'',	'',	'',	'',	'',	'',	'',	'',	'',	NULL,	NULL),
(778,	'values',	'',	'',	'',	'',	'',	'',	'',	'',	'',	'',	'',	'',	'',	'',	'',	'',	'',	'',	'',	'',	'',	NULL,	NULL),
(779,	'PCIs',	'',	'',	'',	'',	'',	'',	'',	'',	'',	'',	'',	'',	'',	'',	'',	'',	'',	'',	'',	'',	'',	NULL,	NULL),
(780,	'core_competencies,values,PCIs',	'',	'',	'',	'',	'',	'',	'',	'',	'',	'',	'',	'',	'',	'',	'',	'',	'',	'',	'',	'',	'',	NULL,	NULL),
(781,	'edit_lesson_plan',	'',	'',	'',	'',	'',	'',	'',	'',	'',	'',	'',	'',	'',	'',	'',	'',	'',	'',	'',	'',	'',	NULL,	NULL),
(782,	'core_competencies',	'',	'',	'',	'',	'',	'',	'',	'',	'',	'',	'',	'',	'',	'',	'',	'',	'',	'',	'',	'',	'',	NULL,	NULL),
(783,	'time',	'',	'',	'',	'',	'',	'',	'',	'',	'',	'',	'',	'',	'',	'',	'',	'',	'',	'',	'',	'',	'',	NULL,	NULL),
(784,	'organization_of_learning',	'',	'',	'',	'',	'',	'',	'',	'',	'',	'',	'',	'',	'',	'',	'',	'',	'',	'',	'',	'',	'',	NULL,	NULL),
(785,	'reflection_on_the_lesson',	'',	'',	'',	'',	'',	'',	'',	'',	'',	'',	'',	'',	'',	'',	'',	'',	'',	'',	'',	'',	'',	NULL,	NULL),
(786,	'signing_off',	'',	'',	'',	'',	'',	'',	'',	'',	'',	'',	'',	'',	'',	'',	'',	'',	'',	'',	'',	'',	'',	NULL,	NULL),
(787,	'signed_off_by',	'',	'',	'',	'',	'',	'',	'',	'',	'',	'',	'',	'',	'',	'',	'',	'',	'',	'',	'',	'',	'',	NULL,	NULL),
(788,	'signed_off_date',	'',	'',	'',	'',	'',	'',	'',	'',	'',	'',	'',	'',	'',	'',	'',	'',	'',	'',	'',	'',	'',	NULL,	NULL),
(789,	'list_schemes_of_work',	'',	'',	'',	'',	'',	'',	'',	'',	'',	'',	'',	'',	'',	'',	'',	'',	'',	'',	'',	'',	'',	NULL,	NULL),
(790,	'add_details',	'',	'',	'',	'',	'',	'',	'',	'',	'',	'',	'',	'',	'',	'',	'',	'',	'',	'',	'',	'',	'',	NULL,	NULL),
(791,	'view_full_scheme',	'',	'',	'',	'',	'',	'',	'',	'',	'',	'',	'',	'',	'',	'',	'',	'',	'',	'',	'',	'',	'',	NULL,	NULL),
(792,	'create_a_transaction',	'',	'',	'',	'',	'',	'',	'',	'',	'',	'',	'',	'',	'',	'',	'',	'',	'',	'',	'',	'',	'',	NULL,	NULL),
(793,	'create_transaction',	'',	'',	'',	'',	'',	'',	'',	'',	'',	'',	'',	'',	'',	'',	'',	'',	'',	'',	'',	'',	'',	NULL,	NULL),
(794,	'serial_number',	'',	'',	'',	'',	'',	'',	'',	'',	'',	'',	'',	'',	'',	'',	'',	'',	'',	'',	'',	'',	'',	NULL,	NULL),
(795,	'transition_status',	'',	'',	'',	'',	'',	'',	'',	'',	'',	'',	'',	'',	'',	'',	'',	'',	'',	'',	'',	'',	'',	NULL,	NULL),
(796,	'inactive',	'',	'',	'',	'',	'',	'',	'',	'',	'',	'',	'',	'',	'',	'',	'',	'',	'',	'',	'',	'',	'',	NULL,	NULL),
(797,	'cash_balance',	'',	'',	'',	'',	'',	'',	'',	'',	'',	'',	'',	'',	'',	'',	'',	'',	'',	'',	'',	'',	'',	NULL,	NULL),
(798,	'start_cash_balance',	'',	'',	'',	'',	'',	'',	'',	'',	'',	'',	'',	'',	'',	'',	'',	'',	'',	'',	'',	'',	'',	NULL,	NULL),
(799,	'edit_admin',	'',	'',	'',	'',	'',	'',	'',	'',	'',	'',	'',	'',	'',	'',	'',	'',	'',	'',	'',	'',	'',	NULL,	NULL),
(800,	'income_list',	'',	'',	'',	'',	'',	'',	'',	'',	'',	'',	'',	'',	'',	'',	'',	'',	'',	'',	'',	'',	'',	NULL,	NULL),
(801,	'expense_list',	'',	'',	'',	'',	'',	'',	'',	'',	'',	'',	'',	'',	'',	'',	'',	'',	'',	'',	'',	'',	'',	NULL,	NULL),
(802,	'student_fees_receipt',	'',	'',	'',	'',	'',	'',	'',	'',	'',	'',	'',	'',	'',	'',	'',	'',	'',	'',	'',	'',	'',	NULL,	NULL),
(803,	'other_income_receipt',	'',	'',	'',	'',	'',	'',	'',	'',	'',	'',	'',	'',	'',	'',	'',	'',	'',	'',	'',	'',	'',	NULL,	NULL),
(804,	'funds_transfer',	'',	'',	'',	'',	'',	'',	'',	'',	'',	'',	'',	'',	'',	'',	'',	'',	'',	'',	'',	'',	'',	NULL,	NULL),
(805,	'contra_entry',	'',	'',	'',	'',	'',	'',	'',	'',	'',	'',	'',	'',	'',	'',	'',	'',	'',	'',	'',	'',	'',	NULL,	NULL),
(806,	'from',	'',	'',	'',	'',	'',	'',	'',	'',	'',	'',	'',	'',	'',	'',	'',	'',	'',	'',	'',	'',	'',	NULL,	NULL),
(807,	'to',	'',	'',	'',	'',	'',	'',	'',	'',	'',	'',	'',	'',	'',	'',	'',	'',	'',	'',	'',	'',	'',	NULL,	NULL),
(808,	'funds_transferred_successfully',	'',	'',	'',	'',	'',	'',	'',	'',	'',	'',	'',	'',	'',	'',	'',	'',	'',	'',	'',	'',	'',	NULL,	NULL),
(809,	'funds_transfers',	'',	'',	'',	'',	'',	'',	'',	'',	'',	'',	'',	'',	'',	'',	'',	'',	'',	'',	'',	'',	'',	NULL,	NULL),
(810,	'print_voucher',	'',	'',	'',	'',	'',	'',	'',	'',	'',	'',	'',	'',	'',	'',	'',	'',	'',	'',	'',	'',	'',	NULL,	NULL),
(811,	'voucher',	'',	'',	'',	'',	'',	'',	'',	'',	'',	'',	'',	'',	'',	'',	'',	'',	'',	'',	'',	'',	'',	NULL,	NULL),
(812,	'account_from',	'',	'',	'',	'',	'',	'',	'',	'',	'',	'',	'',	'',	'',	'',	'',	'',	'',	'',	'',	'',	'',	NULL,	NULL),
(813,	'account_to',	'',	'',	'',	'',	'',	'',	'',	'',	'',	'',	'',	'',	'',	'',	'',	'',	'',	'',	'',	'',	'',	NULL,	NULL),
(814,	'transfer_date',	'',	'',	'',	'',	'',	'',	'',	'',	'',	'',	'',	'',	'',	'',	'',	'',	'',	'',	'',	'',	'',	NULL,	NULL),
(815,	'transfer_to',	'',	'',	'',	'',	'',	'',	'',	'',	'',	'',	'',	'',	'',	'',	'',	'',	'',	'',	'',	'',	'',	NULL,	NULL),
(816,	'fees_carry_forward_category',	'',	'',	'',	'',	'',	'',	'',	'',	'',	'',	'',	'',	'',	'',	'',	'',	'',	'',	'',	'',	'',	NULL,	NULL),
(817,	'deleted_failed',	'',	'',	'',	'',	'',	'',	'',	'',	'',	'',	'',	'',	'',	'',	'',	'',	'',	'',	'',	'',	'',	NULL,	NULL),
(818,	'search',	'',	'',	'',	'',	'',	'',	'',	'',	'',	'',	'',	'',	'',	'',	'',	'',	'',	'',	'',	'',	'',	NULL,	NULL),
(819,	'search_text_here',	'',	'',	'',	'',	'',	'',	'',	'',	'',	'',	'',	'',	'',	'',	'',	'',	'',	'',	'',	'',	'',	NULL,	NULL),
(820,	'search_results',	'',	'',	'',	'',	'',	'',	'',	'',	'',	'',	'',	'',	'',	'',	'',	'',	'',	'',	'',	'',	'',	NULL,	NULL),
(821,	'fy',	'',	'',	'',	'',	'',	'',	'',	'',	'',	'',	'',	'',	'',	'',	'',	'',	'',	'',	'',	'',	'',	NULL,	NULL),
(822,	'smtp',	'',	'',	'',	'',	'',	'',	'',	'',	'',	'',	'',	'',	'',	'',	'',	'',	'',	'',	'',	'',	'',	NULL,	NULL),
(823,	't_date',	'',	'',	'',	'',	'',	'',	'',	'',	'',	'',	'',	'',	'',	'',	'',	'',	'',	'',	'',	'',	'',	NULL,	NULL),
(824,	'timestamp',	'',	'',	'',	'',	'',	'',	'',	'',	'',	'',	'',	'',	'',	'',	'',	'',	'',	'',	'',	'',	'',	NULL,	NULL),
(825,	'relationship_id',	'',	'',	'',	'',	'',	'',	'',	'',	'',	'',	'',	'',	'',	'',	'',	'',	'',	'',	'',	'',	'',	NULL,	NULL),
(826,	'religion',	'',	'',	'',	'',	'',	'',	'',	'',	'',	'',	'',	'',	'',	'',	'',	'',	'',	'',	'',	'',	'',	NULL,	NULL),
(827,	'blood_group',	'',	'',	'',	'',	'',	'',	'',	'',	'',	'',	'',	'',	'',	'',	'',	'',	'',	'',	'',	'',	'',	NULL,	NULL),
(828,	'father_name',	'',	'',	'',	'',	'',	'',	'',	'',	'',	'',	'',	'',	'',	'',	'',	'',	'',	'',	'',	'',	'',	NULL,	NULL),
(829,	'mother_name',	'',	'',	'',	'',	'',	'',	'',	'',	'',	'',	'',	'',	'',	'',	'',	'',	'',	'',	'',	'',	'',	NULL,	NULL),
(830,	'class_id',	'',	'',	'',	'',	'',	'',	'',	'',	'',	'',	'',	'',	'',	'',	'',	'',	'',	'',	'',	'',	'',	NULL,	NULL),
(831,	'section_id',	'',	'',	'',	'',	'',	'',	'',	'',	'',	'',	'',	'',	'',	'',	'',	'',	'',	'',	'',	'',	'',	NULL,	NULL),
(832,	'parent_id',	'',	'',	'',	'',	'',	'',	'',	'',	'',	'',	'',	'',	'',	'',	'',	'',	'',	'',	'',	'',	'',	NULL,	NULL),
(833,	'transport_id',	'',	'',	'',	'',	'',	'',	'',	'',	'',	'',	'',	'',	'',	'',	'',	'',	'',	'',	'',	'',	'',	NULL,	NULL),
(834,	'dormitory_id',	'',	'',	'',	'',	'',	'',	'',	'',	'',	'',	'',	'',	'',	'',	'',	'',	'',	'',	'',	'',	'',	NULL,	NULL),
(835,	'dormitory_room_number',	'',	'',	'',	'',	'',	'',	'',	'',	'',	'',	'',	'',	'',	'',	'',	'',	'',	'',	'',	'',	'',	NULL,	NULL),
(836,	'yr',	'',	'',	'',	'',	'',	'',	'',	'',	'',	'',	'',	'',	'',	'',	'',	'',	'',	'',	'',	'',	'',	NULL,	NULL),
(837,	'amount_paid',	'',	'',	'',	'',	'',	'',	'',	'',	'',	'',	'',	'',	'',	'',	'',	'',	'',	'',	'',	'',	'',	NULL,	NULL),
(838,	'creation_timestamp',	'',	'',	'',	'',	'',	'',	'',	'',	'',	'',	'',	'',	'',	'',	'',	'',	'',	'',	'',	'',	'',	NULL,	NULL),
(839,	'carry_forward',	'',	'',	'',	'',	'',	'',	'',	'',	'',	'',	'',	'',	'',	'',	'',	'',	'',	'',	'',	'',	'',	NULL,	NULL),
(840,	'transitioned',	'',	'',	'',	'',	'',	'',	'',	'',	'',	'',	'',	'',	'',	'',	'',	'',	'',	'',	'',	'',	'',	NULL,	NULL),
(841,	'invoice_count',	'',	'',	'',	'',	'',	'',	'',	'',	'',	'',	'',	'',	'',	'',	'',	'',	'',	'',	'',	'',	'',	NULL,	NULL),
(842,	'data_not_deleted',	'',	'',	'',	'',	'',	'',	'',	'',	'',	'',	'',	'',	'',	'',	'',	'',	'',	'',	'',	'',	'',	NULL,	NULL),
(843,	'delete_mark',	'',	'',	'',	'',	'',	'',	'',	'',	'',	'',	'',	'',	'',	'',	'',	'',	'',	'',	'',	'',	'',	NULL,	NULL),
(844,	'finished',	'',	'',	'',	'',	'',	'',	'',	'',	'',	'',	'',	'',	'',	'',	'',	'',	'',	'',	'',	'',	'',	NULL,	NULL),
(845,	'data_deleted_successfully',	'',	'',	'',	'',	'',	'',	'',	'',	'',	'',	'',	'',	'',	'',	'',	'',	'',	'',	'',	'',	'',	NULL,	NULL),
(846,	'students_information',	'',	'',	'',	'',	'',	'',	'',	'',	'',	'',	'',	'',	'',	'',	'',	'',	'',	'',	'',	'',	'',	NULL,	NULL),
(847,	'school_fees_payment_for_',	'',	'',	'',	'',	'',	'',	'',	'',	'',	'',	'',	'',	'',	'',	'',	'',	'',	'',	'',	'',	'',	NULL,	NULL),
(848,	'payment_failed',	'',	'',	'',	'',	'',	'',	'',	'',	'',	'',	'',	'',	'',	'',	'',	'',	'',	'',	'',	'',	'',	NULL,	NULL),
(849,	'actual_paid',	'',	'',	'',	'',	'',	'',	'',	'',	'',	'',	'',	'',	'',	'',	'',	'',	'',	'',	'',	'',	'',	NULL,	NULL),
(850,	'delete_failed',	'',	'',	'',	'',	'',	'',	'',	'',	'',	'',	'',	'',	'',	'',	'',	'',	'',	'',	'',	'',	'',	NULL,	NULL),
(851,	'overpayment',	'',	'',	'',	'',	'',	'',	'',	'',	'',	'',	'',	'',	'',	'',	'',	'',	'',	'',	'',	'',	'',	NULL,	NULL),
(852,	'excess_payment',	'',	'',	'',	'',	'',	'',	'',	'',	'',	'',	'',	'',	'',	'',	'',	'',	'',	'',	'',	'',	'',	NULL,	NULL),
(853,	'actual_amount',	'',	'',	'',	'',	'',	'',	'',	'',	'',	'',	'',	'',	'',	'',	'',	'',	'',	'',	'',	'',	'',	NULL,	NULL),
(854,	'internal_funds_transfer',	'',	'',	'',	'',	'',	'',	'',	'',	'',	'',	'',	'',	'',	'',	'',	'',	'',	'',	'',	'',	'',	NULL,	NULL),
(855,	'system_generated',	'',	'',	'',	'',	'',	'',	'',	'',	'',	'',	'',	'',	'',	'',	'',	'',	'',	'',	'',	'',	'',	NULL,	NULL),
(856,	'print_transaction',	'',	'',	'',	'',	'',	'',	'',	'',	'',	'',	'',	'',	'',	'',	'',	'',	'',	'',	'',	'',	'',	NULL,	NULL),
(857,	'transaction_method',	'',	'',	'',	'',	'',	'',	'',	'',	'',	'',	'',	'',	'',	'',	'',	'',	'',	'',	'',	'',	'',	NULL,	NULL),
(858,	'transaction_breakdown',	'',	'',	'',	'',	'',	'',	'',	'',	'',	'',	'',	'',	'',	'',	'',	'',	'',	'',	'',	'',	'',	NULL,	NULL),
(859,	'total_cost',	'',	'',	'',	'',	'',	'',	'',	'',	'',	'',	'',	'',	'',	'',	'',	'',	'',	'',	'',	'',	'',	NULL,	NULL),
(860,	'select_term',	'',	'',	'',	'',	'',	'',	'',	'',	'',	'',	'',	'',	'',	'',	'',	'',	'',	'',	'',	'',	'',	NULL,	NULL),
(861,	'invoice_number',	'',	'',	'',	'',	'',	'',	'',	'',	'',	'',	'',	'',	'',	'',	'',	'',	'',	'',	'',	'',	'',	NULL,	NULL),
(862,	'invoice_term',	'',	'',	'',	'',	'',	'',	'',	'',	'',	'',	'',	'',	'',	'',	'',	'',	'',	'',	'',	'',	'',	NULL,	NULL),
(863,	'invoice_year',	'',	'',	'',	'',	'',	'',	'',	'',	'',	'',	'',	'',	'',	'',	'',	'',	'',	'',	'',	'',	'',	NULL,	NULL),
(864,	'payment_from',	'',	'',	'',	'',	'',	'',	'',	'',	'',	'',	'',	'',	'',	'',	'',	'',	'',	'',	'',	'',	'',	NULL,	NULL),
(865,	'instance_of',	'',	'',	'',	'',	'',	'',	'',	'',	'',	'',	'',	'',	'',	'',	'',	'',	'',	'',	'',	'',	'',	NULL,	NULL);

CREATE TABLE `lesson_plan` (
  `lesson_plan_id` int(100) NOT NULL AUTO_INCREMENT,
  `scheme_id` int(100) NOT NULL,
  `planned_date` date NOT NULL,
  `attendance_date` date DEFAULT NULL,
  `class_routine_id` int(11) DEFAULT NULL,
  `roll` int(100) NOT NULL,
  `core_competencies` longtext NOT NULL,
  `introduction` longtext NOT NULL,
  `lesson_development` longtext NOT NULL,
  `conclusion` longtext NOT NULL,
  `summary` longtext NOT NULL,
  `reflection` longtext,
  `signed_off_by` int(100) DEFAULT NULL,
  `signed_off_date` date DEFAULT NULL,
  `createdby` int(100) NOT NULL,
  `lastmodifiedby` int(100) NOT NULL,
  `createddate` datetime NOT NULL,
  `lastmodifieddate` timestamp NOT NULL DEFAULT CURRENT_TIMESTAMP ON UPDATE CURRENT_TIMESTAMP,
  PRIMARY KEY (`lesson_plan_id`),
  KEY `scheme_id` (`scheme_id`),
  KEY `createdby` (`createdby`),
  KEY `lastmodifiedby` (`lastmodifiedby`),
  KEY `signed_off_by` (`signed_off_by`),
  CONSTRAINT `lesson_plan_ibfk_1` FOREIGN KEY (`scheme_id`) REFERENCES `scheme` (`scheme_id`),
  CONSTRAINT `lesson_plan_ibfk_4` FOREIGN KEY (`createdby`) REFERENCES `user` (`user_id`),
  CONSTRAINT `lesson_plan_ibfk_5` FOREIGN KEY (`lastmodifiedby`) REFERENCES `user` (`user_id`),
  CONSTRAINT `lesson_plan_ibfk_6` FOREIGN KEY (`signed_off_by`) REFERENCES `user` (`user_id`)
) ENGINE=InnoDB DEFAULT CHARSET=latin1;

INSERT INTO `lesson_plan` (`lesson_plan_id`, `scheme_id`, `planned_date`, `attendance_date`, `class_routine_id`, `roll`, `core_competencies`, `introduction`, `lesson_development`, `conclusion`, `summary`, `reflection`, `signed_off_by`, `signed_off_date`, `createdby`, `lastmodifiedby`, `createddate`, `lastmodifieddate`) VALUES
(5,	1,	'2019-05-22',	'2019-04-24',	1,	42,	'Taking turns in watering flowerbeds promotes the values of caring for plants, responsibility and respect for one another.  ',	'Learners are guided to watch age appropriate media on watering flowers to develop interest and curiosity in watering flowerbeds or study photographs/newspaper cuttings showing watering flowerbeds',	'Step 1: Learners to suggest reasons for watering flowers \r\nStep 2:  Using the key inquiry questions, synthesize learners, responses on when and how to water flowers \r\n Step 3: Teacher to demonstrate watering flowerbeds \r\nStep 4: Learners practice watering flowerbeds at school. ',	' Keenly observe and guide learners on the procedure of watering flowerbeds \r\n Learners carry out related activities in the workbook ',	'Some of the plants in our surroundings are flowers. Flowers need water to grow. We can take care of plants by watering the flowerbeds.',	'Happy to have taught this. See this! ',	NULL,	NULL,	1,	1,	'2019-04-25 02:27:40',	'2019-04-25 02:17:02');

CREATE TABLE `login_type` (
  `login_type_id` int(100) NOT NULL AUTO_INCREMENT,
  `name` varchar(10) NOT NULL,
  PRIMARY KEY (`login_type_id`)
) ENGINE=InnoDB DEFAULT CHARSET=latin1;

INSERT INTO `login_type` (`login_type_id`, `name`) VALUES
(1,	'admin'),
(2,	'teacher'),
(3,	'student'),
(4,	'parent');

CREATE TABLE `mark` (
  `mark_id` int(11) NOT NULL AUTO_INCREMENT,
  `student_id` int(11) NOT NULL,
  `subject_id` int(11) NOT NULL,
  `class_id` int(11) NOT NULL,
  `exam_id` int(11) NOT NULL,
  `mark_obtained` int(11) NOT NULL DEFAULT '0',
  `mark_total` int(11) NOT NULL DEFAULT '100',
  `comment` longtext COLLATE utf8_unicode_ci NOT NULL,
  PRIMARY KEY (`mark_id`),
  KEY `student_id` (`student_id`),
  KEY `subject_id` (`subject_id`),
  KEY `class_id` (`class_id`),
  KEY `exam_id` (`exam_id`),
  CONSTRAINT `mark_ibfk_1` FOREIGN KEY (`student_id`) REFERENCES `student` (`student_id`),
  CONSTRAINT `mark_ibfk_2` FOREIGN KEY (`subject_id`) REFERENCES `subject` (`subject_id`),
  CONSTRAINT `mark_ibfk_3` FOREIGN KEY (`class_id`) REFERENCES `class` (`class_id`),
  CONSTRAINT `mark_ibfk_4` FOREIGN KEY (`exam_id`) REFERENCES `exam` (`exam_id`)
) ENGINE=InnoDB DEFAULT CHARSET=utf8 COLLATE=utf8_unicode_ci;

INSERT INTO `mark` (`mark_id`, `student_id`, `subject_id`, `class_id`, `exam_id`, `mark_obtained`, `mark_total`, `comment`) VALUES
(1,	4,	1,	2,	1,	72,	100,	'Good Work'),
(5,	4,	7,	2,	1,	60,	100,	'Good'),
(6,	11,	7,	2,	1,	65,	100,	'Good'),
(7,	12,	7,	2,	1,	82,	100,	'Excellent'),
(8,	13,	7,	2,	1,	71,	100,	'Very Good'),
(9,	11,	1,	2,	1,	0,	100,	''),
(10,	12,	1,	2,	1,	0,	100,	''),
(11,	13,	1,	2,	1,	0,	100,	''),
(14,	14,	8,	9,	2,	44,	100,	'Needs Improvemnet'),
(15,	4,	8,	9,	2,	75,	100,	'Excellent'),
(16,	12,	8,	9,	2,	82,	100,	'Excellent'),
(17,	4,	9,	9,	2,	77,	100,	'Well done'),
(18,	12,	9,	9,	2,	81,	100,	'Good'),
(19,	14,	9,	9,	2,	65,	100,	'Fair'),
(20,	4,	10,	9,	2,	89,	100,	'Good'),
(21,	12,	10,	9,	2,	77,	100,	'Well done'),
(22,	14,	10,	9,	2,	86,	100,	'Good'),
(23,	4,	11,	9,	2,	72,	100,	'Well done'),
(24,	12,	11,	9,	2,	68,	100,	'Good work'),
(25,	14,	11,	9,	2,	86,	100,	'Keep it up'),
(26,	4,	12,	9,	2,	56,	100,	'Fair'),
(27,	12,	12,	9,	2,	74,	100,	'Good'),
(28,	14,	12,	9,	2,	69,	100,	'Good'),
(29,	4,	13,	9,	2,	88,	100,	'Well done'),
(30,	12,	13,	9,	2,	77,	100,	'Good'),
(31,	14,	13,	9,	2,	64,	100,	'Good'),
(32,	4,	8,	9,	1,	72,	100,	'Good'),
(33,	12,	8,	9,	1,	65,	100,	'Well done'),
(34,	14,	8,	9,	1,	81,	100,	'Good'),
(35,	4,	9,	9,	1,	62,	100,	'Good'),
(36,	12,	9,	9,	1,	89,	100,	'Well done'),
(37,	14,	9,	9,	1,	52,	100,	'fair'),
(38,	4,	10,	9,	1,	74,	100,	'Good'),
(39,	12,	10,	9,	1,	98,	100,	'Excellent'),
(40,	14,	10,	9,	1,	52,	100,	'Fair'),
(41,	4,	11,	9,	1,	64,	100,	'Good'),
(42,	12,	11,	9,	1,	86,	100,	'Excellent'),
(43,	14,	11,	9,	1,	71,	100,	'Good'),
(44,	4,	12,	9,	1,	82,	100,	'Good'),
(45,	12,	12,	9,	1,	94,	100,	'Excellent'),
(46,	14,	12,	9,	1,	68,	100,	'Good'),
(47,	4,	13,	9,	1,	68,	100,	'Good'),
(48,	12,	13,	9,	1,	82,	100,	'Excellent'),
(49,	14,	13,	9,	1,	66,	100,	'Good'),
(78,	16,	2,	1,	1,	34,	100,	''),
(79,	17,	2,	1,	1,	55,	100,	''),
(80,	32,	2,	1,	1,	75,	100,	''),
(81,	33,	2,	1,	1,	77,	100,	'');

CREATE TABLE `message` (
  `message_id` int(11) NOT NULL AUTO_INCREMENT,
  `message_thread_code` longtext NOT NULL,
  `message` longtext NOT NULL,
  `sender` longtext NOT NULL,
  `timestamp` longtext NOT NULL,
  `read_status` int(11) NOT NULL DEFAULT '0' COMMENT '0 unread 1 read',
  PRIMARY KEY (`message_id`)
) ENGINE=MyISAM DEFAULT CHARSET=latin1;

INSERT INTO `message` (`message_id`, `message_thread_code`, `message`, `sender`, `timestamp`, `read_status`) VALUES
(1,	'8cbce2aa38abde1',	'Hey',	'admin-1',	'1522852035',	0),
(2,	'd41d8cd98f00b20',	'Welocme here',	'admin-1',	'1553505210',	0);

CREATE TABLE `message_thread` (
  `message_thread_id` int(11) NOT NULL AUTO_INCREMENT,
  `message_thread_code` longtext COLLATE utf8_unicode_ci NOT NULL,
  `sender` longtext COLLATE utf8_unicode_ci NOT NULL,
  `reciever` longtext COLLATE utf8_unicode_ci NOT NULL,
  `last_message_timestamp` longtext COLLATE utf8_unicode_ci NOT NULL,
  PRIMARY KEY (`message_thread_id`)
) ENGINE=InnoDB DEFAULT CHARSET=utf8 COLLATE=utf8_unicode_ci;

INSERT INTO `message_thread` (`message_thread_id`, `message_thread_code`, `sender`, `reciever`, `last_message_timestamp`) VALUES
(1,	'8cbce2aa38abde1',	'admin-1',	'parent-3',	''),
(2,	'd41d8cd98f00b20',	'admin-1',	'student-1',	'');

CREATE TABLE `noticeboard` (
  `notice_id` int(11) NOT NULL AUTO_INCREMENT,
  `notice_title` longtext COLLATE utf8_unicode_ci NOT NULL,
  `notice` longtext COLLATE utf8_unicode_ci NOT NULL,
  `create_timestamp` int(11) NOT NULL,
  PRIMARY KEY (`notice_id`)
) ENGINE=MyISAM DEFAULT CHARSET=utf8 COLLATE=utf8_unicode_ci;

INSERT INTO `noticeboard` (`notice_id`, `notice_title`, `notice`, `create_timestamp`) VALUES
(1,	'Academic Day',	'Academic Day',	1524002400);

CREATE TABLE `opening_balance` (
  `opening_balance_id` int(50) NOT NULL AUTO_INCREMENT,
  `income_category_id` int(50) NOT NULL,
  `amount` decimal(10,2) NOT NULL,
  PRIMARY KEY (`opening_balance_id`)
) ENGINE=InnoDB DEFAULT CHARSET=latin1;

INSERT INTO `opening_balance` (`opening_balance_id`, `income_category_id`, `amount`) VALUES
(1,	1,	407870.23),
(2,	5,	543765.10);

CREATE TABLE `other_payment_details` (
  `other_payment_details_id` int(200) NOT NULL AUTO_INCREMENT,
  `payment_id` int(11) NOT NULL,
  `qty` int(50) NOT NULL,
  `description` varchar(200) NOT NULL,
  `unitcost` decimal(10,2) NOT NULL,
  `cost` decimal(10,2) NOT NULL,
  `income_category_id` int(100) NOT NULL,
  PRIMARY KEY (`other_payment_details_id`),
  KEY `payment_id` (`payment_id`),
  KEY `income_category_id` (`income_category_id`),
  CONSTRAINT `other_payment_details_ibfk_1` FOREIGN KEY (`payment_id`) REFERENCES `payment` (`payment_id`),
  CONSTRAINT `other_payment_details_ibfk_2` FOREIGN KEY (`income_category_id`) REFERENCES `income_categories` (`income_category_id`)
) ENGINE=InnoDB DEFAULT CHARSET=latin1;


CREATE TABLE `overpay` (
  `overpay_id` int(100) NOT NULL AUTO_INCREMENT,
  `student_id` int(100) NOT NULL,
  `transaction_id` int(100) NOT NULL,
  `amount` int(10) NOT NULL,
  `amount_due` int(10) NOT NULL,
  `description` longtext NOT NULL,
  `status` varchar(10) NOT NULL DEFAULT 'active' COMMENT 'active,cleared',
  `creation_timestamp` timestamp NOT NULL DEFAULT CURRENT_TIMESTAMP ON UPDATE CURRENT_TIMESTAMP,
  PRIMARY KEY (`overpay_id`),
  KEY `student_id` (`student_id`),
  KEY `income_id` (`transaction_id`),
  CONSTRAINT `overpay_ibfk_1` FOREIGN KEY (`student_id`) REFERENCES `student` (`student_id`),
  CONSTRAINT `overpay_ibfk_2` FOREIGN KEY (`transaction_id`) REFERENCES `transaction` (`transaction_id`)
) ENGINE=InnoDB DEFAULT CHARSET=latin1;

INSERT INTO `overpay` (`overpay_id`, `student_id`, `transaction_id`, `amount`, `amount_due`, `description`, `status`, `creation_timestamp`) VALUES
(10,	17,	62,	20000,	0,	'Excess payment',	'cleared',	'2019-05-20 12:59:45');

CREATE TABLE `parent` (
  `parent_id` int(11) NOT NULL AUTO_INCREMENT,
  `name` longtext COLLATE utf8_unicode_ci NOT NULL,
  `email` longtext COLLATE utf8_unicode_ci NOT NULL,
  `phone` longtext COLLATE utf8_unicode_ci NOT NULL,
  `address` longtext COLLATE utf8_unicode_ci NOT NULL,
  `relationship_id` int(100) NOT NULL,
  `care_type` varchar(20) COLLATE utf8_unicode_ci NOT NULL,
  `profession` longtext COLLATE utf8_unicode_ci NOT NULL,
  `status` int(5) NOT NULL DEFAULT '1',
  PRIMARY KEY (`parent_id`),
  KEY `relationship_id` (`relationship_id`),
  CONSTRAINT `parent_ibfk_1` FOREIGN KEY (`relationship_id`) REFERENCES `relationship` (`relationship_id`)
) ENGINE=InnoDB DEFAULT CHARSET=utf8 COLLATE=utf8_unicode_ci;

INSERT INTO `parent` (`parent_id`, `name`, `email`, `phone`, `address`, `relationship_id`, `care_type`, `profession`, `status`) VALUES
(1,	'Mulandi Kyalo',	'JMulandi1@gmail.com',	'0711808071',	'Nairobi',	1,	'primary',	'Businessman',	1),
(2,	'Mwambire Karisa',	'mwambire2017@gmail.com',	'072267525',	'Kiserian',	5,	'primary',	'Teacher',	1),
(3,	'Maina Maina',	'MEgelan@gmail.com',	'07124345654',	'80 Ngong',	3,	'secondary',	'Teacher',	1),
(4,	'John Njugo',	'JNjugo2017@gmail.com',	'0711876542',	'1056 Karen Nairobi',	1,	'primary',	'Driver',	1),
(5,	'Mary Otieno',	'MOtieno12@gmail.com',	'0711909076',	'54 Malindi',	2,	'secondary',	'Business Woman',	1),
(6,	'Hellen Kamau',	'HKamau@yahoo.com',	'0711876542',	'45 Nairobi',	6,	'secondary',	'Air Hostess',	1),
(7,	'Bitange Joseph',	'BJosey@gmail.com',	'',	'',	5,	'secondary',	'Journalist',	1),
(8,	'Martina Chengo Garama',	'machess@gmail.com',	'075787578',	'80788',	2,	'primary',	'Air Hostess',	1),
(9,	'Lilian Njeru',	'lnjeru@gmail.com',	'0711635873',	'Nairobi',	2,	'primary',	'Teacher',	1);

CREATE TABLE `payment` (
  `payment_id` int(11) NOT NULL AUTO_INCREMENT,
  `t_date` date NOT NULL,
  `batch_number` int(10) NOT NULL,
  `serial` int(10) NOT NULL,
  `invoice_id` int(11) NOT NULL,
  `payee` varchar(50) COLLATE utf8_unicode_ci NOT NULL,
  `description` varchar(100) COLLATE utf8_unicode_ci NOT NULL,
  `method` longtext COLLATE utf8_unicode_ci NOT NULL COMMENT '1-Cash,2-Bank, 3= Funds Transfer',
  `payment_type` int(5) NOT NULL COMMENT '1-student fees income,2-other incomes, 3 = funds transfer',
  `amount` longtext COLLATE utf8_unicode_ci NOT NULL,
  `cleared` tinyint(5) NOT NULL COMMENT '0-Uncleared,1-Cleared',
  `clearedMonth` date NOT NULL,
  `timestamp` longtext COLLATE utf8_unicode_ci NOT NULL,
  PRIMARY KEY (`payment_id`)
) ENGINE=InnoDB DEFAULT CHARSET=utf8 COLLATE=utf8_unicode_ci;


CREATE TABLE `profile` (
  `profile_id` int(100) NOT NULL AUTO_INCREMENT,
  `name` varchar(100) NOT NULL,
  `login_type_id` int(10) NOT NULL,
  `description` varchar(100) NOT NULL,
  PRIMARY KEY (`profile_id`)
) ENGINE=InnoDB DEFAULT CHARSET=latin1;

INSERT INTO `profile` (`profile_id`, `name`, `login_type_id`, `description`) VALUES
(1,	'Super Admin',	1,	'System Main Administrator'),
(2,	'None Class Teachers',	2,	'None Class Teachers'),
(3,	'Secretary',	1,	'Admin Sec');

CREATE TABLE `reconcile` (
  `reconcile_id` int(100) NOT NULL AUTO_INCREMENT,
  `statement_amount` decimal(10,2) NOT NULL,
  `month` date NOT NULL,
  `timestamp` timestamp NOT NULL DEFAULT CURRENT_TIMESTAMP ON UPDATE CURRENT_TIMESTAMP,
  PRIMARY KEY (`reconcile_id`)
) ENGINE=InnoDB DEFAULT CHARSET=latin1;

INSERT INTO `reconcile` (`reconcile_id`, `statement_amount`, `month`, `timestamp`) VALUES
(1,	392270.23,	'2019-04-30',	'2019-05-20 19:08:00');

CREATE TABLE `relationship` (
  `relationship_id` int(100) NOT NULL AUTO_INCREMENT,
  `name` varchar(50) NOT NULL,
  PRIMARY KEY (`relationship_id`)
) ENGINE=InnoDB DEFAULT CHARSET=latin1;

INSERT INTO `relationship` (`relationship_id`, `name`) VALUES
(1,	'Father'),
(2,	'Mother'),
(3,	'Brother'),
(4,	'Sister'),
(5,	'Uncle'),
(6,	'Aunt');

CREATE TABLE `scheme` (
  `scheme_id` int(100) NOT NULL AUTO_INCREMENT,
  `scheme_header_id` int(100) NOT NULL,
  `week` int(10) NOT NULL,
  `lesson` int(10) NOT NULL,
  `strand` longtext NOT NULL,
  `sub_strand` longtext NOT NULL,
  `learning_outcomes` longtext NOT NULL,
  `inquiry_question` longtext NOT NULL,
  `learning_experiences` longtext NOT NULL,
  `learning_resources` longtext NOT NULL,
  `assessment` longtext NOT NULL,
  `createdby` int(100) NOT NULL,
  `lastmodifiedby` int(100) NOT NULL,
  `createddate` datetime NOT NULL,
  `lastmodifieddate` timestamp NOT NULL DEFAULT CURRENT_TIMESTAMP ON UPDATE CURRENT_TIMESTAMP,
  PRIMARY KEY (`scheme_id`),
  KEY `scheme_header_id` (`scheme_header_id`),
  KEY `createdby` (`createdby`),
  KEY `lastmodifiedby` (`lastmodifiedby`),
  CONSTRAINT `scheme_ibfk_1` FOREIGN KEY (`scheme_header_id`) REFERENCES `scheme_header` (`scheme_header_id`),
  CONSTRAINT `scheme_ibfk_2` FOREIGN KEY (`createdby`) REFERENCES `user` (`user_id`),
  CONSTRAINT `scheme_ibfk_3` FOREIGN KEY (`lastmodifiedby`) REFERENCES `user` (`user_id`)
) ENGINE=InnoDB DEFAULT CHARSET=latin1;

INSERT INTO `scheme` (`scheme_id`, `scheme_header_id`, `week`, `lesson`, `strand`, `sub_strand`, `learning_outcomes`, `inquiry_question`, `learning_experiences`, `learning_resources`, `assessment`, `createdby`, `lastmodifiedby`, `createddate`, `lastmodifieddate`) VALUES
(1,	3,	1,	1,	'Care for the environment',	'Caring for plants - watering flower beds',	'By the end of the sub-strand, the learner should be able to: \r\na) Identify the best time of the day to water a flowerbed within the school compound.  \r\nb) Water flower beds appropriately within the school compound.  \r\nc) Demonstrate willingness to water a flowerbed within the school compound.',	'1)When do we water flowers \r\n2)How should we water flowerbeds    ',	'-Learners to suggest reasons for watering flowers \r\n-Learners are guided to watch age appropriate media on watering flowers        ',	' Watering can \r\n Sprinkler \r\n Hose pipe \r\n Improvised watering can \r\n Bucket ',	'Observing the procedure of watering flowers             ',	1,	1,	'2019-04-25 12:24:57',	'2019-04-25 00:07:32'),
(2,	3,	1,	2,	'Care for the environment',	'Caring for plants - watering flower beds ',	' Water flower beds appropriately within the school environment.                        ',	'N/A',	'-In groups, learners to identify things used for watering flowers (watering can, sprinkler, hose pipe, bucket, improvised watering can).     ',	'Watering can Sprinkler Hose pipe Improvised watering can, bucket     ',	'Observing the procedure of watering flowers           ',	1,	1,	'2019-04-25 12:39:40',	'2019-04-24 22:39:40'),
(3,	4,	1,	2,	'Numbers ',	'Number Concept',	'By the end of the sub-strand, the\r\nlearner should be able to:\r\na) sort and group objects\r\naccording to different attributes\r\nwithin the classroom,\r\nb) pair and match objects in the\r\nenvironment,\r\nc) order and sequence objects in\r\nascending and descending\r\norder,\r\nd) make patterns using real\r\nobjects,\r\ne) recite number names in order\r\nup to 50,\r\nf) represent numbers 1-30 using\r\nconcrete objects,\r\ng) demonstrate through counting\r\nthat a group in all situations has\r\nonly one count,\r\nh) appreciate the use of sorting\r\nand grouping items in day to\r\nday activities.',	'1) How can we find\r\nout which group\r\nhas more objects\r\nthan another?\r\n2) How can we\r\ngroup items?',	'? Learners in pairs/groups to collect different types of\r\nsafe objects.\r\n? Learners in pairs/groups to sort objects with same\r\nattribute and group them together.\r\n? Learners to play digital games involving sorting and\r\ngrouping according to different attributes.\r\n? Learners in pairs/groups to pair and match objectsto\r\nestablish equal to, more than and less than.\r\n? Learners to order objects according to size from\r\nsmallest to biggest and vice versa.\r\n? Learners to make patterns using real objects.\r\n? Learners to recite number names up to 50.\r\n? Learners to represent numbers 1-30 using concrete\r\nobjects as well as their body parts.\r\n? Learners to demonstrate that any given group has\r\nonly one count.\r\n? Learner in pairs/groups to collect and sort litter in\r\nthe environment and put it in various groups\r\naccording to an attribute of their choice and give\r\nreasons for the grouping.\r\n? Learners in pairs/groups could assist in arranging,\r\nedible items like fruits, cabbages according to size\r\nand colour in the school store.\r\n? Learners could visit a market for them to observe\r\nthe sorting and grouping of fruits and vegetables',	'Counting balls',	'Student can count',	1,	1,	'2019-04-25 08:28:27',	'2019-04-25 18:28:27');

CREATE TABLE `scheme_header` (
  `scheme_header_id` int(100) NOT NULL AUTO_INCREMENT,
  `class_id` int(100) NOT NULL,
  `subject_id` int(100) NOT NULL,
  `term_id` int(100) NOT NULL,
  `year` int(4) NOT NULL,
  `createdby` int(100) NOT NULL,
  `lastmodifiedby` int(100) NOT NULL,
  `createddate` datetime NOT NULL,
  `lastmodifieddate` timestamp NOT NULL DEFAULT CURRENT_TIMESTAMP ON UPDATE CURRENT_TIMESTAMP,
  PRIMARY KEY (`scheme_header_id`),
  KEY `class_id` (`class_id`),
  KEY `subject_id` (`subject_id`),
  KEY `term_id` (`term_id`),
  KEY `createdby` (`createdby`),
  KEY `lastmodifiedby` (`lastmodifiedby`),
  CONSTRAINT `scheme_header_ibfk_1` FOREIGN KEY (`class_id`) REFERENCES `class` (`class_id`),
  CONSTRAINT `scheme_header_ibfk_2` FOREIGN KEY (`subject_id`) REFERENCES `subject` (`subject_id`),
  CONSTRAINT `scheme_header_ibfk_3` FOREIGN KEY (`term_id`) REFERENCES `terms` (`terms_id`),
  CONSTRAINT `scheme_header_ibfk_4` FOREIGN KEY (`createdby`) REFERENCES `user` (`user_id`),
  CONSTRAINT `scheme_header_ibfk_5` FOREIGN KEY (`lastmodifiedby`) REFERENCES `user` (`user_id`)
) ENGINE=InnoDB DEFAULT CHARSET=latin1;

INSERT INTO `scheme_header` (`scheme_header_id`, `class_id`, `subject_id`, `term_id`, `year`, `createdby`, `lastmodifiedby`, `createddate`, `lastmodifieddate`) VALUES
(3,	1,	2,	2,	2019,	1,	1,	'2019-04-24 11:35:34',	'2019-04-24 21:35:34'),
(4,	1,	2,	1,	2019,	1,	1,	'2019-04-25 08:23:15',	'2019-04-25 18:23:15');

CREATE TABLE `section` (
  `section_id` int(11) NOT NULL AUTO_INCREMENT,
  `name` longtext COLLATE utf8_unicode_ci NOT NULL,
  `nick_name` longtext COLLATE utf8_unicode_ci NOT NULL,
  `class_id` int(11) NOT NULL,
  `teacher_id` int(11) NOT NULL,
  PRIMARY KEY (`section_id`),
  KEY `class_id` (`class_id`),
  KEY `teacher_id` (`teacher_id`),
  CONSTRAINT `section_ibfk_1` FOREIGN KEY (`class_id`) REFERENCES `class` (`class_id`),
  CONSTRAINT `section_ibfk_2` FOREIGN KEY (`teacher_id`) REFERENCES `teacher` (`teacher_id`)
) ENGINE=InnoDB DEFAULT CHARSET=utf8 COLLATE=utf8_unicode_ci;

INSERT INTO `section` (`section_id`, `name`, `nick_name`, `class_id`, `teacher_id`) VALUES
(1,	'Judah',	'Judah',	2,	1),
(2,	'Siloam',	'Siloam',	2,	1),
(3,	'Eastern',	'E',	1,	2),
(5,	'West',	'W',	1,	1),
(6,	'David',	'David',	9,	2),
(7,	'Joseph',	'Joseph',	9,	1);

CREATE TABLE `settings` (
  `settings_id` int(11) NOT NULL AUTO_INCREMENT,
  `type` longtext CHARACTER SET utf8 COLLATE utf8_unicode_ci NOT NULL,
  `description` longtext CHARACTER SET utf8 COLLATE utf8_unicode_ci NOT NULL,
  PRIMARY KEY (`settings_id`)
) ENGINE=MyISAM DEFAULT CHARSET=latin1;

INSERT INTO `settings` (`settings_id`, `type`, `description`) VALUES
(1,	'system_name',	'School Management System'),
(2,	'system_title',	'KPV Academy'),
(3,	'address',	'80-80200 Malindi'),
(4,	'phone',	'254764837462'),
(5,	'paypal_email',	'admin@techsys.com'),
(6,	'currency',	'Kes.'),
(7,	'system_email',	'mwambirenicodemus2017@gmail.com'),
(20,	'active_sms_service',	'disabled'),
(11,	'language',	'english'),
(12,	'text_align',	'left-to-right'),
(13,	'clickatell_user',	''),
(14,	'clickatell_password',	''),
(15,	'clickatell_api_id',	''),
(16,	'skin_colour',	'red'),
(17,	'twilio_account_sid',	''),
(18,	'twilio_auth_token',	''),
(19,	'twilio_sender_phone_number',	''),
(21,	'system_start_date',	'2019-04-01'),
(22,	'version',	'2019040100'),
(23,	'sidebar-collapsed',	'no');

CREATE TABLE `student` (
  `student_id` int(11) NOT NULL AUTO_INCREMENT,
  `name` varchar(100) CHARACTER SET utf8 COLLATE utf8_unicode_ci NOT NULL,
  `birthday` longtext CHARACTER SET utf8 COLLATE utf8_unicode_ci NOT NULL,
  `sex` varchar(10) CHARACTER SET utf8 COLLATE utf8_unicode_ci NOT NULL,
  `religion` varchar(20) CHARACTER SET utf8 COLLATE utf8_unicode_ci NOT NULL,
  `blood_group` varchar(5) CHARACTER SET utf8 COLLATE utf8_unicode_ci NOT NULL,
  `address` varchar(100) CHARACTER SET utf8 COLLATE utf8_unicode_ci NOT NULL,
  `phone` varchar(20) CHARACTER SET utf8 COLLATE utf8_unicode_ci NOT NULL,
  `email` varchar(50) CHARACTER SET utf8 COLLATE utf8_unicode_ci NOT NULL,
  `class_id` int(11) NOT NULL,
  `section_id` int(10) NOT NULL,
  `parent_id` int(100) NOT NULL,
  `roll` longtext CHARACTER SET utf8 COLLATE utf8_unicode_ci NOT NULL,
  `upi_number` varchar(50) CHARACTER SET utf8 COLLATE utf8_unicode_ci NOT NULL,
  `transport_id` int(10) NOT NULL,
  `dormitory_id` int(50) NOT NULL,
  `dormitory_room_number` longtext CHARACTER SET utf8 COLLATE utf8_unicode_ci NOT NULL,
  `active` int(5) NOT NULL DEFAULT '1',
  PRIMARY KEY (`student_id`),
  UNIQUE KEY `roll` (`roll`(20)),
  KEY `class_id` (`class_id`),
  CONSTRAINT `student_ibfk_1` FOREIGN KEY (`class_id`) REFERENCES `class` (`class_id`)
) ENGINE=InnoDB DEFAULT CHARSET=latin1;

INSERT INTO `student` (`student_id`, `name`, `birthday`, `sex`, `religion`, `blood_group`, `address`, `phone`, `email`, `class_id`, `section_id`, `parent_id`, `roll`, `upi_number`, `transport_id`, `dormitory_id`, `dormitory_room_number`, `active`) VALUES
(1,	'James Mulandi',	'0000-00-00',	'male',	'',	'',	'Nairobi',	'',	'nkmwambs@gmail.com',	2,	0,	1,	'VGS/01/2017',	'',	0,	0,	'',	1),
(2,	'Nicodemus Karisa',	'0000-00-00',	'male',	'',	'',	'Kiserian',	'0722654372',	'mwambirekarisa@gmail.com',	10,	0,	2,	'VGC/24/2017',	'',	1,	0,	'',	1),
(3,	'Joyce Ted',	'0000-00-00',	'',	'',	'',	'2',	'0722654376',	'nkmwambs@gmail.com',	4,	0,	1,	'VGS/242/2017',	'',	0,	0,	'',	1),
(4,	'Beatrice Maina',	'0000-00-00',	'female',	'',	'',	'50',	'0770978233',	'MEgelan@gmail.com',	9,	1,	3,	'BM/12/2018',	'',	1,	0,	'',	1),
(11,	'Ben Karanja',	'0000-00-00',	'male',	'',	'',	'',	'',	'',	4,	1,	4,	'34242',	'',	0,	0,	'',	1),
(12,	'Brian Njogu',	'0000-00-00',	'',	'',	'',	'',	'',	'',	9,	2,	4,	'32423',	'',	0,	0,	'',	1),
(13,	'Blessing Mvera',	'0000-00-00',	'female',	'',	'',	'1945 Karen Nairobi',	'0711909076',	'nkmwambs@gmail.com',	4,	2,	2,	'24542',	'',	0,	0,	'',	0),
(14,	'Mapenzi Karani',	'0000-00-00',	'female',	'',	'',	'7672',	'711897242',	'm.karani@gmail.com',	9,	0,	0,	'543342',	'',	0,	0,	'',	1),
(15,	'James Baya',	'0000-00-00',	'male',	'',	'',	'542',	'723447845',	'j.baya@gmail.com',	4,	0,	0,	'533234',	'',	0,	0,	'',	0),
(16,	'Victor Amani',	'0000-00-00',	'male',	'',	'',	'Kiserian',	'0711808063',	'nkmwambs@gmail.com',	1,	3,	2,	'BBS/2019/20',	'78273',	1,	0,	'',	1),
(17,	'Hellen Juma',	'0000-00-00',	'female',	'',	'',	'Karen',	'0726728432',	'nkarisa@gmail.com',	1,	5,	9,	'BSS/2019/201',	'424234',	1,	0,	'',	1),
(18,	'Fiona Kalume',	'0000-00-00',	'female',	'',	'',	'Konza',	'',	'',	5,	0,	8,	'KPA/2019/121',	'93421',	0,	0,	'',	0),
(19,	'Joshua Kaleli',	'0000-00-00',	'male',	'',	'',	'',	'',	'',	12,	0,	2,	'KPA/2000/065',	'23423',	0,	0,	'',	1),
(32,	'Zack Milele',	'43020',	'male',	'',	'',	'Nairobi',	'',	'',	1,	0,	1,	'KPV/2019/769',	'',	1,	0,	'',	1),
(33,	'Erustus Baraza',	'42056',	'male',	'',	'',	'Nairobi',	'',	'',	1,	0,	0,	'KPV/2019/775',	'',	0,	0,	'',	1),
(34,	'Emma John',	'',	'female',	'',	'',	'',	'',	'',	8,	0,	9,	'BSS/354',	'34335',	0,	0,	'',	1),
(35,	'Miriam Karo',	'',	'female',	'',	'',	'',	'',	'',	5,	0,	9,	'5678',	'8968',	0,	0,	'',	1),
(36,	'Belinda Mukori',	'02/03/2009',	'male',	'',	'',	'',	'',	'',	11,	0,	1,	'76852',	'906897',	1,	0,	'',	1);

CREATE TABLE `student_payment_details` (
  `student_payment_details_id` int(200) NOT NULL AUTO_INCREMENT,
  `payment_id` int(11) NOT NULL,
  `detail_id` int(10) NOT NULL,
  `amount` int(100) NOT NULL,
  `t_date` date NOT NULL,
  PRIMARY KEY (`student_payment_details_id`),
  KEY `payment_id` (`payment_id`),
  KEY `detail_id` (`detail_id`),
  CONSTRAINT `student_payment_details_ibfk_1` FOREIGN KEY (`payment_id`) REFERENCES `payment` (`payment_id`),
  CONSTRAINT `student_payment_details_ibfk_2` FOREIGN KEY (`detail_id`) REFERENCES `fees_structure_details` (`detail_id`)
) ENGINE=InnoDB DEFAULT CHARSET=latin1;


CREATE TABLE `subject` (
  `subject_id` int(11) NOT NULL AUTO_INCREMENT,
  `name` longtext COLLATE utf8_unicode_ci NOT NULL,
  `class_id` int(11) NOT NULL,
  `teacher_id` int(11) NOT NULL,
  PRIMARY KEY (`subject_id`)
) ENGINE=InnoDB DEFAULT CHARSET=utf8 COLLATE=utf8_unicode_ci;

INSERT INTO `subject` (`subject_id`, `name`, `class_id`, `teacher_id`) VALUES
(1,	'English',	2,	1),
(2,	'Maths',	1,	1),
(3,	'English',	1,	2),
(4,	'Science',	1,	2),
(6,	'Swahili',	1,	1),
(7,	'Swahili',	2,	1),
(8,	'English',	9,	1),
(9,	'Mathematics',	9,	4),
(10,	'Seahili',	9,	1),
(11,	'Social Studies',	9,	3),
(12,	'Science',	9,	2),
(13,	'French',	9,	3),
(14,	'CRE',	1,	3);

CREATE TABLE `teacher` (
  `teacher_id` int(11) NOT NULL AUTO_INCREMENT,
  `name` longtext COLLATE utf8_unicode_ci NOT NULL,
  `birthday` longtext COLLATE utf8_unicode_ci NOT NULL,
  `sex` longtext COLLATE utf8_unicode_ci NOT NULL,
  `religion` longtext COLLATE utf8_unicode_ci NOT NULL,
  `blood_group` longtext COLLATE utf8_unicode_ci NOT NULL,
  `address` longtext COLLATE utf8_unicode_ci NOT NULL,
  `phone` longtext COLLATE utf8_unicode_ci NOT NULL,
  `email` longtext COLLATE utf8_unicode_ci NOT NULL,
  `status` int(2) NOT NULL DEFAULT '1',
  PRIMARY KEY (`teacher_id`)
) ENGINE=InnoDB DEFAULT CHARSET=utf8 COLLATE=utf8_unicode_ci;

INSERT INTO `teacher` (`teacher_id`, `name`, `birthday`, `sex`, `religion`, `blood_group`, `address`, `phone`, `email`, `status`) VALUES
(1,	'Patty Kamau Karanja',	'02/23/1981',	'female',	'',	'',	'Nairobi',	'07206876543',	'purityKamau2018@gmail.com',	1),
(2,	'Macmillan Ben ',	'06/12/1979',	'male',	'',	'',	'122 Nairobi',	'0728367826',	'macben@gmail.com',	1);

CREATE TABLE `terms` (
  `terms_id` int(100) NOT NULL AUTO_INCREMENT,
  `term_number` int(5) NOT NULL,
  `name` varchar(100) NOT NULL,
  `start_month` int(2) NOT NULL,
  `end_month` int(2) NOT NULL,
  PRIMARY KEY (`terms_id`)
) ENGINE=InnoDB DEFAULT CHARSET=latin1;

INSERT INTO `terms` (`terms_id`, `term_number`, `name`, `start_month`, `end_month`) VALUES
(1,	1,	'One',	1,	4),
(2,	2,	'Two',	5,	8),
(3,	3,	'Three',	9,	12);

CREATE TABLE `transaction` (
  `transaction_id` int(100) NOT NULL AUTO_INCREMENT,
  `t_date` date NOT NULL,
  `batch_number` varchar(20) NOT NULL,
  `invoice_id` int(100) NOT NULL,
  `description` varchar(200) NOT NULL,
  `payee` varchar(100) NOT NULL,
  `transaction_type_id` int(20) NOT NULL,
  `transaction_method_id` int(20) NOT NULL COMMENT '1-Cash, 2-Bank',
  `cheque_no` int(10) NOT NULL,
  `amount` decimal(10,2) NOT NULL,
  `cleared` int(5) NOT NULL COMMENT '0-oustanding,1-cleared',
  `clearedMonth` date NOT NULL,
  `createddate` datetime NOT NULL,
  `createdby` int(100) NOT NULL,
  `lastmodifieddate` timestamp NOT NULL DEFAULT CURRENT_TIMESTAMP ON UPDATE CURRENT_TIMESTAMP,
  `lastmodifiedby` int(100) NOT NULL,
  PRIMARY KEY (`transaction_id`),
  KEY `transaction_type_id` (`transaction_type_id`),
  KEY `transaction_method_id` (`transaction_method_id`),
  CONSTRAINT `transaction_ibfk_1` FOREIGN KEY (`transaction_type_id`) REFERENCES `transaction_type` (`transaction_type_id`),
  CONSTRAINT `transaction_ibfk_2` FOREIGN KEY (`transaction_method_id`) REFERENCES `transaction_method` (`transaction_method_id`)
) ENGINE=InnoDB DEFAULT CHARSET=latin1;

INSERT INTO `transaction` (`transaction_id`, `t_date`, `batch_number`, `invoice_id`, `description`, `payee`, `transaction_type_id`, `transaction_method_id`, `cheque_no`, `amount`, `cleared`, `clearedMonth`, `createddate`, `createdby`, `lastmodifieddate`, `lastmodifiedby`) VALUES
(62,	'2019-04-01',	'190401',	58,	'Fees with Excess',	'Ken',	1,	2,	0,	31000.00,	1,	'2019-04-30',	'0000-00-00 00:00:00',	1,	'2019-05-20 18:59:18',	1),
(79,	'2019-04-01',	'190402',	0,	'Internal Funds Transfer',	'System Generated',	5,	4,	0,	0.00,	0,	'0000-00-00',	'2019-05-20 02:59:45',	1,	'2019-05-20 12:59:45',	1),
(80,	'2019-04-02',	'190403',	70,	'Fees Payment',	'Joan',	1,	1,	0,	2500.00,	0,	'0000-00-00',	'0000-00-00 00:00:00',	1,	'2019-05-20 13:02:17',	1),
(81,	'2019-04-02',	'190404',	0,	'Sale of Vegetables and Eggs',	'Uma Groceries',	1,	1,	0,	6775.00,	0,	'0000-00-00',	'0000-00-00 00:00:00',	1,	'2019-05-20 14:00:24',	1),
(82,	'2019-04-03',	'190405',	0,	'Purchase of fuel and service',	'Kobil Service Station',	2,	1,	0,	8075.00,	0,	'0000-00-00',	'0000-00-00 00:00:00',	1,	'2019-05-20 14:09:34',	1),
(83,	'2019-04-04',	'190406',	0,	'Internal Funds Transfer',	'System Generated',	5,	4,	0,	0.00,	0,	'0000-00-00',	'2019-05-20 04:39:22',	1,	'2019-05-20 14:39:22',	1),
(84,	'2019-04-04',	'190407',	0,	'Internal Funds Transfer',	'System Generated',	5,	4,	0,	0.00,	0,	'0000-00-00',	'2019-05-20 04:43:59',	1,	'2019-05-20 14:43:59',	1),
(85,	'2019-04-05',	'190408',	0,	'Internal Funds Transfer',	'System Generated',	5,	4,	0,	0.00,	0,	'0000-00-00',	'2019-05-20 04:45:19',	1,	'2019-05-20 14:45:19',	1),
(86,	'2019-04-05',	'190409',	0,	'Funds Transfer: Monthly policy funds transfers',	'System Generated',	5,	4,	0,	0.00,	0,	'0000-00-00',	'2019-05-20 04:47:19',	1,	'2019-05-20 14:47:19',	1),
(87,	'2019-04-05',	'190410',	0,	'Bank Withdrawal',	'System Generated',	4,	4,	0,	25000.00,	0,	'0000-00-00',	'2019-04-05 00:00:00',	1,	'2019-05-20 15:05:39',	1),
(88,	'2019-04-08',	'190411',	0,	'Cash deposit to bank',	'System Generated',	3,	4,	0,	95000.00,	0,	'0000-00-00',	'2019-04-08 00:00:00',	1,	'2019-05-20 15:08:24',	1),
(90,	'2019-04-08',	'190412',	0,	'Activity Fees',	'Various Students',	1,	2,	0,	3000.00,	0,	'0000-00-00',	'2019-04-08 00:00:00',	1,	'2019-05-20 18:58:08',	1),
(91,	'2019-04-09',	'190413',	0,	'Contractor Wages',	'Contractors',	2,	2,	1,	52400.00,	0,	'0000-00-00',	'0000-00-00 00:00:00',	1,	'2019-05-20 19:05:43',	1),
(92,	'2019-05-01',	'190501',	70,	'School Fees',	'Linet',	1,	1,	0,	1200.00,	0,	'0000-00-00',	'0000-00-00 00:00:00',	1,	'2019-05-20 19:09:08',	1),
(93,	'2019-05-01',	'190502',	0,	'Funds Transfer: Resolving over transfer in transport',	'System Generated',	5,	4,	0,	0.00,	0,	'0000-00-00',	'2019-05-20 10:29:11',	1,	'2019-05-20 20:29:11',	1),
(94,	'2019-05-02',	'190503',	0,	'Electricity Bill',	'KPLC',	2,	1,	0,	800.00,	0,	'0000-00-00',	'0000-00-00 00:00:00',	1,	'2019-05-20 20:35:23',	1);

CREATE TABLE `transaction_detail` (
  `transaction_detail_id` int(100) NOT NULL AUTO_INCREMENT,
  `transaction_id` int(100) NOT NULL,
  `invoice_details_id` int(200) NOT NULL,
  `expense_category_id` int(100) NOT NULL,
  `income_category_id` int(100) NOT NULL,
  `qty` decimal(10,2) NOT NULL,
  `detail_description` varchar(100) NOT NULL,
  `unitcost` decimal(10,2) NOT NULL,
  `cost` decimal(10,2) NOT NULL,
  PRIMARY KEY (`transaction_detail_id`),
  KEY `transaction_id` (`transaction_id`),
  CONSTRAINT `transaction_detail_ibfk_1` FOREIGN KEY (`transaction_id`) REFERENCES `transaction` (`transaction_id`)
) ENGINE=InnoDB DEFAULT CHARSET=latin1;

INSERT INTO `transaction_detail` (`transaction_detail_id`, `transaction_id`, `invoice_details_id`, `expense_category_id`, `income_category_id`, `qty`, `detail_description`, `unitcost`, `cost`) VALUES
(120,	62,	293,	0,	2,	1.00,	'School Fees Payment For Examinations',	2500.00,	2500.00),
(121,	62,	294,	0,	6,	1.00,	'School Fees Payment For Tuition',	8500.00,	8500.00),
(122,	62,	0,	0,	8,	1.00,	'Excess Payment',	20000.00,	20000.00),
(155,	79,	0,	0,	8,	1.00,	'Internal Funds Transfer',	-1500.00,	-1500.00),
(156,	79,	0,	0,	2,	1.00,	'Internal Funds Transfer',	1500.00,	1500.00),
(157,	79,	0,	0,	8,	1.00,	'Internal Funds Transfer',	-8700.00,	-8700.00),
(158,	79,	0,	0,	6,	1.00,	'Internal Funds Transfer',	8700.00,	8700.00),
(159,	79,	0,	0,	8,	1.00,	'Internal Funds Transfer',	-9800.00,	-9800.00),
(160,	79,	0,	0,	7,	1.00,	'Internal Funds Transfer',	9800.00,	9800.00),
(161,	80,	330,	0,	7,	1.00,	'School Fees Payment For Boarding Fees',	2500.00,	2500.00),
(162,	81,	0,	0,	3,	15.00,	'Bundles of Kales',	35.00,	525.00),
(163,	81,	0,	0,	8,	25.00,	'Trays of eggs',	250.00,	6250.00),
(164,	82,	0,	1,	0,	15.00,	'Liters of diesel',	105.00,	1575.00),
(165,	82,	0,	1,	0,	1.00,	'Service',	6500.00,	6500.00),
(166,	83,	0,	0,	6,	1.00,	'Internal Funds Transfer',	-21400.00,	-21400.00),
(167,	83,	0,	0,	8,	1.00,	'Internal Funds Transfer',	21400.00,	21400.00),
(168,	84,	0,	0,	1,	1.00,	'Internal Funds Transfer',	-45000.00,	-45000.00),
(169,	84,	0,	0,	8,	1.00,	'Internal Funds Transfer',	45000.00,	45000.00),
(170,	85,	0,	0,	3,	1.00,	'Internal Funds Transfer',	-6200.00,	-6200.00),
(171,	85,	0,	0,	8,	1.00,	'Internal Funds Transfer',	6200.00,	6200.00),
(172,	86,	0,	0,	4,	1.00,	'Funds Transfer: Monthly policy funds transfers',	-5400.00,	-5400.00),
(173,	86,	0,	0,	8,	1.00,	'Funds Transfer: Monthly policy funds transfers',	5400.00,	5400.00),
(174,	87,	0,	0,	0,	1.00,	'Contra Entry: To Cash Contra Entry',	25000.00,	25000.00),
(175,	88,	0,	0,	0,	1.00,	'Contra Entry: To Bank Contra Entry',	95000.00,	95000.00),
(177,	90,	0,	0,	4,	1.00,	'Patrick',	1500.00,	1500.00),
(178,	90,	0,	0,	4,	1.00,	'James',	1500.00,	1500.00),
(179,	91,	0,	5,	0,	1.00,	'Wages',	52400.00,	52400.00),
(180,	92,	330,	0,	7,	1.00,	'School Fees Payment For Boarding Fees',	1200.00,	1200.00),
(181,	93,	0,	0,	8,	1.00,	'Funds Transfer: Resolving over transfer in transport',	-46000.00,	-46000.00),
(182,	93,	0,	0,	1,	1.00,	'Funds Transfer: Resolving over transfer in transport',	46000.00,	46000.00),
(183,	94,	0,	2,	0,	1.00,	'Bill',	800.00,	800.00);

CREATE TABLE `transaction_method` (
  `transaction_method_id` int(20) NOT NULL AUTO_INCREMENT,
  `name` varchar(100) NOT NULL,
  `description` varchar(100) NOT NULL,
  `can_be_selected` int(5) NOT NULL DEFAULT '1',
  PRIMARY KEY (`transaction_method_id`)
) ENGINE=InnoDB DEFAULT CHARSET=latin1;

INSERT INTO `transaction_method` (`transaction_method_id`, `name`, `description`, `can_be_selected`) VALUES
(1,	'cash',	'Cash',	1),
(2,	'bank',	'Bank',	1),
(3,	'mpesa',	'M-Pesa',	1),
(4,	'funds_transfer',	'Funds Transfer',	0);

CREATE TABLE `transaction_type` (
  `transaction_type_id` int(20) NOT NULL AUTO_INCREMENT,
  `name` varchar(50) NOT NULL,
  `description` varchar(100) NOT NULL,
  PRIMARY KEY (`transaction_type_id`)
) ENGINE=InnoDB DEFAULT CHARSET=latin1;

INSERT INTO `transaction_type` (`transaction_type_id`, `name`, `description`) VALUES
(1,	'income',	'Income'),
(2,	'expense',	'Expense'),
(3,	'contra_entry_to_bank',	'To Bank Contra Entry'),
(4,	'contra_entry_to_cash',	'To Cash Contra Entry'),
(5,	'funds_transfer',	'Funds Transfer');

CREATE TABLE `transition` (
  `transition_id` int(100) NOT NULL AUTO_INCREMENT,
  `name` varchar(100) NOT NULL,
  PRIMARY KEY (`transition_id`)
) ENGINE=InnoDB DEFAULT CHARSET=latin1;

INSERT INTO `transition` (`transition_id`, `name`) VALUES
(1,	'transfer'),
(2,	'completion'),
(3,	'suspend');

CREATE TABLE `transition_detail` (
  `transition_detail_id` int(100) NOT NULL AUTO_INCREMENT,
  `transition_id` int(100) NOT NULL,
  `student_id` int(11) NOT NULL,
  `transition_date` date NOT NULL,
  `reason` varchar(200) NOT NULL,
  `status` int(5) NOT NULL DEFAULT '1',
  PRIMARY KEY (`transition_detail_id`),
  KEY `transition_id` (`transition_id`),
  KEY `student_id` (`student_id`),
  CONSTRAINT `transition_detail_ibfk_1` FOREIGN KEY (`student_id`) REFERENCES `student` (`student_id`),
  CONSTRAINT `transition_detail_ibfk_2` FOREIGN KEY (`transition_id`) REFERENCES `transition` (`transition_id`)
) ENGINE=InnoDB DEFAULT CHARSET=latin1;


CREATE TABLE `transport` (
  `transport_id` int(11) NOT NULL AUTO_INCREMENT,
  `route_name` longtext COLLATE utf8_unicode_ci NOT NULL,
  `number_of_vehicle` longtext COLLATE utf8_unicode_ci NOT NULL,
  `description` longtext COLLATE utf8_unicode_ci NOT NULL,
  `route_fare` longtext COLLATE utf8_unicode_ci NOT NULL,
  PRIMARY KEY (`transport_id`)
) ENGINE=InnoDB DEFAULT CHARSET=utf8 COLLATE=utf8_unicode_ci;

INSERT INTO `transport` (`transport_id`, `route_name`, `number_of_vehicle`, `description`, `route_fare`) VALUES
(1,	'Ngong Road',	'KBX 541V',	'Ngong to Vet Area',	'12500');

CREATE TABLE `user` (
  `user_id` int(100) NOT NULL AUTO_INCREMENT,
  `firstname` varchar(50) COLLATE utf8_unicode_ci NOT NULL,
  `lastname` varchar(50) COLLATE utf8_unicode_ci NOT NULL,
  `email` varchar(100) COLLATE utf8_unicode_ci NOT NULL,
  `password` varchar(100) COLLATE utf8_unicode_ci NOT NULL,
  `phone` varchar(20) COLLATE utf8_unicode_ci NOT NULL,
  `login_type_id` tinyint(10) NOT NULL,
  `profile_id` tinyint(5) NOT NULL,
  `type_user_id` int(100) NOT NULL,
  `app_id` int(100) NOT NULL DEFAULT '1',
  `auth` tinyint(5) NOT NULL,
  PRIMARY KEY (`user_id`),
  UNIQUE KEY `email` (`email`)
) ENGINE=InnoDB DEFAULT CHARSET=utf8 COLLATE=utf8_unicode_ci;

INSERT INTO `user` (`user_id`, `firstname`, `lastname`, `email`, `password`, `phone`, `login_type_id`, `profile_id`, `type_user_id`, `app_id`, `auth`) VALUES
(1,	'Nicodemus',	'Karisa',	'nkmwambs@gmail.com',	'fbdf9989ea636d6b339fd6b85f63e06e',	'254711808071',	1,	1,	1,	2,	1),
(2,	'Livingstone',	'Onduso',	'livingstoneonduso@gmail.com',	'fbdf9989ea636d6b339fd6b85f63e06e',	'0909',	1,	1,	2,	1,	1),
(7,	'Hope',	'Shume',	'hopeshume@gmail.com',	'd41d8cd98f00b204e9800998ecf8427e',	'87778',	1,	3,	3,	1,	1);

-- 2019-05-20 22:43:49
